[{"level": "1", "n": "", "type": "其他", "text": "雲蹤考", "head": "GA014n0012_p0327a02"}, {"level": "2", "n": "", "type": "其他", "text": "唐", "head": "GA014n0012_p0327a03"}, {"level": "3", "n": "", "type": "其他", "text": "寶掌千歲和尚", "head": "GA014n0012_p0327a04"}, {"level": "3", "n": "", "type": "其他", "text": "白寂然法師", "head": "GA014n0012_p0328a06"}, {"level": "3", "n": "", "type": "其他", "text": "紀禪師", "head": "GA014n0012_p0329a04"}, {"level": "2", "n": "", "type": "其他", "text": "宋", "head": "GA014n0012_p0329a08"}, {"level": "3", "n": "", "type": "其他", "text": "文用菴主", "head": "GA014n0012_p0329a09"}, {"level": "3", "n": "", "type": "其他", "text": "智圓禪師", "head": "GA014n0012_p0330a04"}, {"level": "3", "n": "", "type": "其他", "text": "牧菴忠禪師", "head": "GA014n0012_p0330a09"}, {"level": "3", "n": "", "type": "其他", "text": "自得暉禪師", "head": "GA014n0012_p0332a01"}, {"level": "3", "n": "", "type": "其他", "text": "明慧禪師", "head": "GA014n0012_p0333a01"}, {"level": "3", "n": "", "type": "其他", "text": "元衡平禪師", "head": "GA014n0012_p0333a05"}, {"level": "3", "n": "", "type": "其他", "text": "景蒙禪師", "head": "GA014n0012_p0335a07"}, {"level": "3", "n": "", "type": "其他", "text": "松源嶽禪師", "head": "GA014n0012_p0336a07"}, {"level": "3", "n": "", "type": "其他", "text": "南書記", "head": "GA014n0012_p0338a04"}, {"level": "3", "n": "", "type": "其他", "text": "宏監寺", "head": "GA014n0012_p0338a08"}, {"level": "3", "n": "", "type": "其他", "text": "石窗恭禪師", "head": "GA014n0012_p0339a03"}, {"level": "3", "n": "", "type": "其他", "text": "隰州僧哲魁", "head": "GA014n0012_p0340a03"}, {"level": "3", "n": "", "type": "其他", "text": "笑翁堪禪師", "head": "GA014n0012_p0341a02"}, {"level": "3", "n": "", "type": "其他", "text": "東山源禪師", "head": "GA014n0012_p0342a04"}, {"level": "3", "n": "", "type": "其他", "text": "芝巖洪禪師", "head": "GA014n0012_p0342a08"}, {"level": "3", "n": "", "type": "其他", "text": "偃溪聞禪師", "head": "GA014n0012_p0343a03"}, {"level": "3", "n": "", "type": "其他", "text": "千光西禪師", "head": "GA014n0012_p0343a07"}, {"level": "3", "n": "", "type": "其他", "text": "圓證知客", "head": "GA014n0012_p0344a08"}, {"level": "3", "n": "", "type": "其他", "text": "橫川珙禪師", "head": "GA014n0012_p0345a02"}, {"level": "3", "n": "", "type": "其他", "text": "荊叟珏禪師", "head": "GA014n0012_p0346a03"}, {"level": "3", "n": "", "type": "其他", "text": "虛舟度禪師", "head": "GA014n0012_p0346a08"}, {"level": "3", "n": "", "type": "其他", "text": "一菴諲禪師", "head": "GA014n0012_p0347a01"}, {"level": "3", "n": "", "type": "其他", "text": "無鏡徹禪師", "head": "GA014n0012_p0347a03"}, {"level": "2", "n": "", "type": "其他", "text": "元", "head": "GA014n0012_p0347a06"}, {"level": "3", "n": "", "type": "其他", "text": "圓上人", "head": "GA014n0012_p0347a07"}, {"level": "3", "n": "", "type": "其他", "text": "孤峰德禪師", "head": "GA014n0012_p0348a06"}, {"level": "3", "n": "", "type": "其他", "text": "玉溪珉禪師", "head": "GA014n0012_p0349a07"}, {"level": "3", "n": "", "type": "其他", "text": "竺田霖禪師", "head": "GA014n0012_p0350a09"}, {"level": "3", "n": "", "type": "其他", "text": "無作述禪師", "head": "GA014n0012_p0351a07"}, {"level": "3", "n": "", "type": "其他", "text": "實菴隱禪師", "head": "GA014n0012_p0352a05"}, {"level": "3", "n": "", "type": "其他", "text": "瑞首座", "head": "GA014n0012_p0355a01"}, {"level": "3", "n": "", "type": "其他", "text": "古鼎銘禪師", "head": "GA014n0012_p0355a09"}, {"level": "3", "n": "", "type": "其他", "text": "無印證禪師", "head": "GA014n0012_p0356a05"}, {"level": "3", "n": "", "type": "其他", "text": "言侍者", "head": "GA014n0012_p0357a08"}, {"level": "3", "n": "", "type": "其他", "text": "妙淨禪師", "head": "GA014n0012_p0358a03"}, {"level": "3", "n": "", "type": "其他", "text": "幻菴住首座", "head": "GA014n0012_p0358a09"}, {"level": "3", "n": "", "type": "其他", "text": "大基丕禪師", "head": "GA014n0012_p0359a05"}, {"level": "3", "n": "", "type": "其他", "text": "呆菴莊禪師", "head": "GA014n0012_p0359a08"}, {"level": "3", "n": "", "type": "其他", "text": "恕中慍禪師", "head": "GA014n0012_p0361a06"}, {"level": "3", "n": "", "type": "其他", "text": "覺藏主", "head": "GA014n0012_p0363a03"}, {"level": "3", "n": "", "type": "其他", "text": "印書記", "head": "GA014n0012_p0364a07"}, {"level": "3", "n": "", "type": "其他", "text": "證侍者", "head": "GA014n0012_p0365a05"}, {"level": "3", "n": "", "type": "其他", "text": "安禪人", "head": "GA014n0012_p0366a01"}, {"level": "3", "n": "", "type": "其他", "text": "政書記", "head": "GA014n0012_p0366a05"}, {"level": "3", "n": "", "type": "其他", "text": "諾禪人", "head": "GA014n0012_p0367a04"}, {"level": "3", "n": "", "type": "其他", "text": "腴侍者", "head": "GA014n0012_p0368a02"}, {"level": "3", "n": "", "type": "其他", "text": "少曇瑞禪師", "head": "GA014n0012_p0368a07"}, {"level": "3", "n": "", "type": "其他", "text": "默中唯西堂", "head": "GA014n0012_p0371a01"}, {"level": "3", "n": "", "type": "其他", "text": "雪巖欽禪師", "head": "GA014n0012_p0371a04"}, {"level": "2", "n": "", "type": "其他", "text": "明", "head": "GA014n0012_p0371a07"}, {"level": "3", "n": "", "type": "其他", "text": "素禪師", "head": "GA014n0012_p0371a08"}, {"level": "3", "n": "", "type": "其他", "text": "鳳頭祖師", "head": "GA014n0012_p0372a02"}, {"level": "3", "n": "", "type": "其他", "text": "太初原禪師", "head": "GA014n0012_p0374a01"}, {"level": "3", "n": "", "type": "其他", "text": "即菴禪師", "head": "GA014n0012_p0374a06"}, {"level": "3", "n": "", "type": "其他", "text": "懶牧覺禪師", "head": "GA014n0012_p0374a09"}, {"level": "3", "n": "", "type": "其他", "text": "古音琴禪師", "head": "GA014n0012_p0375a03"}, {"level": "3", "n": "", "type": "其他", "text": "懷讓禪師", "head": "GA014n0012_p0375a08"}, {"level": "3", "n": "", "type": "其他", "text": "靜菴寧禪師", "head": "GA014n0012_p0376a06"}, {"level": "3", "n": "", "type": "其他", "text": "啟禪師", "head": "GA014n0012_p0378a09"}, {"level": "2", "n": "", "type": "其他", "text": "國朝", "head": "GA014n0012_p0379a05"}, {"level": "3", "n": "", "type": "其他", "text": "明幻禪師", "head": "GA014n0012_p0379a06"}, {"level": "3", "n": "", "type": "其他", "text": "疊山禪師", "head": "GA014n0012_p0380a01"}, {"level": "3", "n": "", "type": "其他", "text": "明介西堂", "head": "GA014n0012_p0381a05"}, {"level": "3", "n": "", "type": "其他", "text": "蓮因首座", "head": "GA014n0012_p0382a08"}, {"level": "1", "n": "", "type": "其他", "text": "法要考", "head": "GA014n0012_p0385a02"}, {"level": "2", "n": "", "type": "其他", "text": "唐", "head": "GA014n0012_p0385a04"}, {"level": "3", "n": "", "type": "其他", "text": "咸啟禪師", "head": "GA014n0012_p0385a05"}, {"level": "2", "n": "", "type": "其他", "text": "宋", "head": "GA014n0012_p0387a08"}, {"level": "3", "n": "", "type": "其他", "text": "懷清禪師", "head": "GA014n0012_p0387a09"}, {"level": "3", "n": "", "type": "其他", "text": "瑞新禪師", "head": "GA014n0012_p0388a06"}, {"level": "3", "n": "", "type": "其他", "text": "清簡禪師", "head": "GA014n0012_p0389a08"}, {"level": "3", "n": "", "type": "其他", "text": "清遂禪師", "head": "GA014n0012_p0390a02"}, {"level": "3", "n": "", "type": "其他", "text": "澹交禪師", "head": "GA014n0012_p0390a07"}, {"level": "3", "n": "", "type": "其他", "text": "可齊禪師", "head": "GA014n0012_p0391a05"}, {"level": "3", "n": "", "type": "其他", "text": "惟白禪師", "head": "GA014n0012_p0392a08"}, {"level": "3", "n": "", "type": "其他", "text": "普交禪師", "head": "GA014n0012_p0393a08"}, {"level": "3", "n": "", "type": "其他", "text": "宏智禪師", "head": "GA014n0012_p0394a07"}, {"level": "3", "n": "", "type": "其他", "text": "法為禪師", "head": "GA014n0012_p0405a07"}, {"level": "3", "n": "", "type": "其他", "text": "宗珏禪師", "head": "GA014n0012_p0406a04"}, {"level": "3", "n": "", "type": "其他", "text": "應菴華禪師", "head": "GA014n0012_p0407a01"}, {"level": "3", "n": "", "type": "其他", "text": "慈航樸禪師", "head": "GA014n0012_p0415a07"}, {"level": "3", "n": "", "type": "其他", "text": "無用全禪師", "head": "GA014n0012_p0417a08"}, {"level": "3", "n": "", "type": "其他", "text": "密菴傑禪師", "head": "GA014n0012_p0419a02"}, {"level": "3", "n": "", "type": "其他", "text": "雪菴瑾禪師", "head": "GA014n0012_p0423a02"}, {"level": "3", "n": "", "type": "其他", "text": "息菴觀禪師", "head": "GA014n0012_p0424a04"}, {"level": "3", "n": "", "type": "其他", "text": "癡鈍頴禪師", "head": "GA014n0012_p0425a03"}, {"level": "3", "n": "", "type": "其他", "text": "無際派禪師", "head": "GA014n0012_p0425a06"}, {"level": "3", "n": "", "type": "其他", "text": "浙翁琰禪師", "head": "GA014n0012_p0427a03"}, {"level": "3", "n": "", "type": "其他", "text": "天目禮禪師", "head": "GA014n0012_p0428a01"}, {"level": "3", "n": "", "type": "其他", "text": "枯禪鏡禪師", "head": "GA014n0012_p0432a05"}, {"level": "3", "n": "", "type": "其他", "text": "弁山阡禪師", "head": "GA014n0012_p0434a04"}, {"level": "3", "n": "", "type": "其他", "text": "癡絕沖禪師", "head": "GA014n0012_p0435a04"}, {"level": "3", "n": "", "type": "其他", "text": "石帆衍禪師", "head": "GA014n0012_p0440a05"}, {"level": "3", "n": "", "type": "其他", "text": "怪石奇禪師", "head": "GA014n0012_p0440a09"}, {"level": "3", "n": "", "type": "其他", "text": "止泓鑒禪師", "head": "GA014n0012_p0442a02"}, {"level": "3", "n": "", "type": "其他", "text": "石門來禪師", "head": "GA014n0012_p0443a07"}, {"level": "3", "n": "", "type": "其他", "text": "別山智禪師", "head": "GA014n0012_p0444a01"}, {"level": "3", "n": "", "type": "其他", "text": "西巖惠禪師", "head": "GA014n0012_p0444a08"}, {"level": "3", "n": "", "type": "其他", "text": "簡翁敬禪師", "head": "GA014n0012_p0446a08"}, {"level": "2", "n": "", "type": "其他", "text": "元", "head": "GA014n0012_p0447a04"}, {"level": "3", "n": "", "type": "其他", "text": "環溪一禪師", "head": "GA014n0012_p0447a05"}, {"level": "3", "n": "", "type": "其他", "text": "月坡明禪師", "head": "GA014n0012_p0448a01"}, {"level": "3", "n": "", "type": "其他", "text": "如淨禪師", "head": "GA014n0012_p0449a01"}, {"level": "3", "n": "", "type": "其他", "text": "雲外岫禪師", "head": "GA014n0012_p0451a01"}, {"level": "3", "n": "", "type": "其他", "text": "了堂一禪師", "head": "GA014n0012_p0453a08"}, {"level": "2", "n": "", "type": "序", "text": "後序", "head": "GA014n0012_p0456a08"}, {"level": "1", "n": "", "type": "其他", "text": "塔像考", "head": "GA014n0012_p0461a02"}, {"level": "2", "n": "", "type": "其他", "text": "多寶塔", "head": "GA014n0012_p0461a03"}, {"level": "2", "n": "", "type": "其他", "text": "七佛塔", "head": "GA014n0012_p0461a08"}, {"level": "2", "n": "", "type": "其他", "text": "石奇雲：七佛塔偈", "head": "GA014n0012_p0462a06"}, {"level": "2", "n": "", "type": "其他", "text": "山幢褱：七佛塔偈", "head": "GA014n0012_p0462a08"}, {"level": "2", "n": "", "type": "其他", "text": "鎮蟒塔", "head": "GA014n0012_p0463a01"}, {"level": "2", "n": "", "type": "其他", "text": "白塔", "head": "GA014n0012_p0463a04"}, {"level": "2", "n": "", "type": "其他", "text": "青塔", "head": "GA014n0012_p0463a05"}, {"level": "2", "n": "", "type": "其他", "text": "舍利塔", "head": "GA014n0012_p0463a07"}, {"level": "3", "n": "", "type": "其他", "text": "概述", "head": "GA014n0012_p0463a07"}, {"level": "3", "n": "", "type": "其他", "text": "楊實：舍利塔詩", "head": "GA014n0012_p0463a07"}, {"level": "2", "n": "", "type": "其他", "text": "三塔", "head": "GA014n0012_p0463a09"}, {"level": "2", "n": "", "type": "其他", "text": "普同塔", "head": "GA014n0012_p0464a02"}, {"level": "2", "n": "", "type": "其他", "text": "開山義興祖師塔", "head": "GA014n0012_p0464a04"}, {"level": "3", "n": "", "type": "其他", "text": "概述", "head": "GA014n0012_p0464a04"}, {"level": "3", "n": "", "type": "其他", "text": "釋道忞：義興祖師塔銘", "head": "GA014n0012_p0464a05"}, {"level": "3", "n": "", "type": "其他", "text": "又：懷開山興禪師詩", "head": "GA014n0012_p0466a02"}, {"level": "3", "n": "", "type": "其他", "text": "又：題像贊", "head": "GA014n0012_p0466a03"}, {"level": "3", "n": "", "type": "其他", "text": "古閩弘峻贊", "head": "GA014n0012_p0466a05"}, {"level": "3", "n": "", "type": "其他", "text": "巨靈融贊", "head": "GA014n0012_p0466a08"}, {"level": "3", "n": "", "type": "其他", "text": "毛奇齡：重構塔亭頌", "head": "GA014n0012_p0467a01"}, {"level": "3", "n": "", "type": "其他", "text": "侯官雲客高兆跋", "head": "GA014n0012_p0468a02"}, {"level": "3", "n": "", "type": "其他", "text": "附釋德介：重豎塔詩", "head": "GA014n0012_p0469a04"}, {"level": "2", "n": "", "type": "其他", "text": "曇粹禪師塔", "head": "GA014n0012_p0470a02"}, {"level": "2", "n": "", "type": "其他", "text": "法璿禪師塔", "head": "GA014n0012_p0470a05"}, {"level": "2", "n": "", "type": "其他", "text": "清閑禪師塔", "head": "GA014n0012_p0470a06"}, {"level": "2", "n": "", "type": "其他", "text": "勅賜壽相塔", "head": "GA014n0012_p0470a07"}, {"level": "2", "n": "", "type": "其他", "text": "咸啟禪師塔", "head": "GA014n0012_p0471a01"}, {"level": "2", "n": "", "type": "其他", "text": "清簡禪師塔", "head": "GA014n0012_p0471a02"}, {"level": "2", "n": "", "type": "其他", "text": "宋孝宗皇帝：題師遺像", "head": "GA014n0012_p0471a03"}, {"level": "2", "n": "", "type": "其他", "text": "利章禪師塔", "head": "GA014n0012_p0471a05"}, {"level": "2", "n": "", "type": "其他", "text": "可齊禪師塔", "head": "GA014n0012_p0471a06"}, {"level": "2", "n": "", "type": "其他", "text": "佛國禪師塔", "head": "GA014n0012_p0471a07"}, {"level": "2", "n": "", "type": "其他", "text": "普交禪師塔", "head": "GA014n0012_p0471a09"}, {"level": "3", "n": "", "type": "其他", "text": "概述", "head": "GA014n0012_p0471a09"}, {"level": "3", "n": "", "type": "其他", "text": "黃龜年：普交禪師塔銘", "head": "GA014n0012_p0471a09"}, {"level": "2", "n": "", "type": "其他", "text": "勅賜妙光塔", "head": "GA014n0012_p0475a02"}, {"level": "3", "n": "", "type": "其他", "text": "周葵：妙光塔銘", "head": "GA014n0012_p0475a03"}, {"level": "3", "n": "", "type": "其他", "text": "大慧杲：題宏智禪師像贊", "head": "GA014n0012_p0479a08"}, {"level": "3", "n": "", "type": "其他", "text": "放翁陸游贊", "head": "GA014n0012_p0480a03"}, {"level": "3", "n": "", "type": "其他", "text": "南堂欲贊", "head": "GA014n0012_p0480a04"}, {"level": "3", "n": "", "type": "其他", "text": "祭宏智禪師", "head": "GA014n0012_p0480a06"}, {"level": "3", "n": "", "type": "其他", "text": "原良祭文", "head": "GA014n0012_p0481a02"}, {"level": "3", "n": "", "type": "其他", "text": "山翁忞贊", "head": "GA014n0012_p0481a05"}, {"level": "2", "n": "", "type": "其他", "text": "法為禪師塔", "head": "GA014n0012_p0481a07"}, {"level": "2", "n": "", "type": "其他", "text": "應菴華禪師塔", "head": "GA014n0012_p0481a08"}, {"level": "3", "n": "", "type": "其他", "text": "概述", "head": "GA014n0012_p0481a08"}, {"level": "3", "n": "", "type": "其他", "text": "李浩：應菴華禪師塔銘", "head": "GA014n0012_p0481a08"}, {"level": "3", "n": "", "type": "其他", "text": "又祭師文", "head": "GA014n0012_p0485a06"}, {"level": "3", "n": "", "type": "其他", "text": "自題像", "head": "GA014n0012_p0486a05"}, {"level": "3", "n": "", "type": "其他", "text": "密菴傑贊", "head": "GA014n0012_p0486a06"}, {"level": "3", "n": "", "type": "其他", "text": "東石禮贊", "head": "GA014n0012_p0486a08"}, {"level": "3", "n": "", "type": "其他", "text": "滅翁禮贊", "head": "GA014n0012_p0486a09"}, {"level": "3", "n": "", "type": "其他", "text": "天如則贊", "head": "GA014n0012_p0487a01"}, {"level": "3", "n": "", "type": "其他", "text": "南堂欲贊", "head": "GA014n0012_p0487a04"}, {"level": "3", "n": "", "type": "其他", "text": "又：禮塔偈", "head": "GA014n0012_p0487a06"}, {"level": "3", "n": "", "type": "其他", "text": "中峰本贊", "head": "GA014n0012_p0487a07"}, {"level": "3", "n": "", "type": "其他", "text": "恕中慍贊", "head": "GA014n0012_p0487a08"}, {"level": "3", "n": "", "type": "其他", "text": "弘覺忞贊", "head": "GA014n0012_p0488a01"}, {"level": "3", "n": "", "type": "其他", "text": "牧雲門：禮塔偈", "head": "GA014n0012_p0488a04"}, {"level": "2", "n": "", "type": "其他", "text": "慈航朴禪師塔", "head": "GA014n0012_p0488a05"}, {"level": "2", "n": "", "type": "其他", "text": "密菴傑禪師塔", "head": "GA014n0012_p0488a06"}, {"level": "3", "n": "", "type": "其他", "text": "概述", "head": "GA014n0012_p0488a06"}, {"level": "3", "n": "", "type": "其他", "text": "約菴張直閣畫師頂相請贊", "head": "GA014n0012_p0488a09"}, {"level": "3", "n": "", "type": "其他", "text": "東石：題像贊", "head": "GA014n0012_p0489a02"}, {"level": "3", "n": "", "type": "其他", "text": "中峰本贊", "head": "GA014n0012_p0489a03"}, {"level": "3", "n": "", "type": "其他", "text": "弘覺忞贊", "head": "GA014n0012_p0489a04"}, {"level": "3", "n": "", "type": "其他", "text": "牧雲門：禮塔偈", "head": "GA014n0012_p0489a07"}, {"level": "3", "n": "", "type": "其他", "text": "塩梅鼎：禮塔偈", "head": "GA014n0012_p0489a08"}, {"level": "2", "n": "", "type": "其他", "text": "無用全禪師塔", "head": "GA014n0012_p0489a09"}, {"level": "3", "n": "", "type": "其他", "text": "概述", "head": "GA014n0012_p0489a09"}, {"level": "3", "n": "", "type": "其他", "text": "錢象祖：無用全禪師塔銘", "head": "GA014n0012_p0489a09"}, {"level": "2", "n": "", "type": "其他", "text": "雪菴瑾禪師塔", "head": "GA014n0012_p0492a08"}, {"level": "2", "n": "", "type": "其他", "text": "海門齊禪師塔", "head": "GA014n0012_p0493a02"}, {"level": "2", "n": "", "type": "其他", "text": "無際派禪師塔", "head": "GA014n0012_p0493a03"}, {"level": "2", "n": "", "type": "其他", "text": "虛菴敞禪師塔", "head": "GA014n0012_p0493a04"}, {"level": "3", "n": "", "type": "其他", "text": "概述", "head": "GA014n0012_p0493a04"}, {"level": "3", "n": "", "type": "其他", "text": "千光西：禮塔偈", "head": "GA014n0012_p0493a05"}, {"level": "2", "n": "", "type": "其他", "text": "天目禮禪師舍利塔", "head": "GA014n0012_p0493a06"}, {"level": "3", "n": "", "type": "其他", "text": "概述", "head": "GA014n0012_p0493a06"}, {"level": "3", "n": "", "type": "其他", "text": "釋法照：天目禪師祭文", "head": "GA014n0012_p0493a07"}, {"level": "3", "n": "", "type": "其他", "text": "天台德雲：天目禪師行狀", "head": "GA014n0012_p0494a01"}, {"level": "3", "n": "", "type": "其他", "text": "自題像", "head": "GA014n0012_p0496a01"}, {"level": "3", "n": "", "type": "其他", "text": "東石：禮塔", "head": "GA014n0012_p0496a03"}, {"level": "3", "n": "", "type": "其他", "text": "南堂欲：題像贊", "head": "GA014n0012_p0496a04"}, {"level": "2", "n": "", "type": "其他", "text": "晦巖光禪師舍利塔", "head": "GA014n0012_p0496a05"}, {"level": "2", "n": "", "type": "其他", "text": "枯禪鏡禪師塔", "head": "GA014n0012_p0496a06"}, {"level": "3", "n": "", "type": "其他", "text": "概述", "head": "GA014n0012_p0496a06"}, {"level": "3", "n": "", "type": "其他", "text": "愚谷智：禮塔偈", "head": "GA014n0012_p0496a07"}, {"level": "2", "n": "", "type": "其他", "text": "西江謀禪師塔", "head": "GA014n0012_p0496a08"}, {"level": "2", "n": "", "type": "其他", "text": "弁山阡禪師塔", "head": "GA014n0012_p0497a02"}, {"level": "2", "n": "", "type": "其他", "text": "癡絕冲禪師塔", "head": "GA014n0012_p0497a03"}, {"level": "3", "n": "", "type": "其他", "text": "概述", "head": "GA014n0012_p0497a03"}, {"level": "3", "n": "", "type": "其他", "text": "趙若琚：癡絕冲禪師行狀", "head": "GA014n0012_p0497a03"}, {"level": "3", "n": "", "type": "其他", "text": "石室輝：癡絕和尚祭文", "head": "GA014n0012_p0499a07"}, {"level": "2", "n": "", "type": "其他", "text": "石門來禪師塔", "head": "GA014n0012_p0500a07"}, {"level": "2", "n": "", "type": "其他", "text": "別山智禪師塔", "head": "GA014n0012_p0500a08"}, {"level": "3", "n": "", "type": "其他", "text": "概述", "head": "GA014n0012_p0500a08"}, {"level": "3", "n": "", "type": "其他", "text": "文復之：別山智禪師塔銘", "head": "GA014n0012_p0500a08"}, {"level": "2", "n": "", "type": "其他", "text": "西巖惠禪師塔", "head": "GA014n0012_p0505a03"}, {"level": "3", "n": "", "type": "其他", "text": "概述", "head": "GA014n0012_p0505a03"}, {"level": "3", "n": "", "type": "其他", "text": "雪窗光：禮塔偈", "head": "GA014n0012_p0505a04"}, {"level": "2", "n": "", "type": "其他", "text": "東巖日禪師塔", "head": "GA014n0012_p0505a05"}, {"level": "3", "n": "", "type": "其他", "text": "概述", "head": "GA014n0012_p0505a05"}, {"level": "3", "n": "", "type": "其他", "text": "袁桷：東巖日禪師塔銘", "head": "GA014n0012_p0505a06"}, {"level": "3", "n": "", "type": "其他", "text": "中峰本：題師像贊", "head": "GA014n0012_p0507a08"}, {"level": "2", "n": "", "type": "其他", "text": "竺西坦禪師塔", "head": "GA014n0012_p0508a01"}, {"level": "3", "n": "", "type": "其他", "text": "概述", "head": "GA014n0012_p0508a01"}, {"level": "3", "n": "", "type": "其他", "text": "月江印：題師像贊", "head": "GA014n0012_p0508a02"}, {"level": "2", "n": "", "type": "其他", "text": "雲外岫禪師塔", "head": "GA014n0012_p0508a05"}, {"level": "3", "n": "", "type": "其他", "text": "概述", "head": "GA014n0012_p0508a05"}, {"level": "3", "n": "", "type": "其他", "text": "中峰本：題師像贊", "head": "GA014n0012_p0508a07"}, {"level": "2", "n": "", "type": "其他", "text": "龍門膺禪師塔", "head": "GA014n0012_p0508a09"}, {"level": "2", "n": "", "type": "其他", "text": "孚中信禪師髮爪塔", "head": "GA014n0012_p0509a02"}, {"level": "3", "n": "", "type": "其他", "text": "概述", "head": "GA014n0012_p0509a02"}, {"level": "3", "n": "", "type": "其他", "text": "宋濂：孚中信禪師髮爪塔銘", "head": "GA014n0012_p0509a04"}, {"level": "2", "n": "", "type": "其他", "text": "雪窗光禪師塔", "head": "GA014n0012_p0514a05"}, {"level": "3", "n": "", "type": "其他", "text": "概述", "head": "GA014n0012_p0514a05"}, {"level": "3", "n": "", "type": "其他", "text": "危素：雪窗光禪師塔銘", "head": "GA014n0012_p0514a05"}, {"level": "3", "n": "", "type": "其他", "text": "恕中慍：雪窗禪師像贊", "head": "GA014n0012_p0518a01"}, {"level": "2", "n": "", "type": "其他", "text": "原明良禪師塔", "head": "GA014n0012_p0518a03"}, {"level": "2", "n": "", "type": "其他", "text": "木菴聰禪師塔", "head": "GA014n0012_p0518a04"}, {"level": "2", "n": "", "type": "其他", "text": "壽巖昌禪師塔", "head": "GA014n0012_p0518a05"}, {"level": "2", "n": "", "type": "其他", "text": "仁叟懷禪師塔", "head": "GA014n0012_p0519a03"}, {"level": "2", "n": "", "type": "其他", "text": "雲莊慶禪師塔", "head": "GA014n0012_p0519a04"}, {"level": "3", "n": "", "type": "其他", "text": "概述", "head": "GA014n0012_p0519a04"}, {"level": "3", "n": "", "type": "其他", "text": "竺菴冏：祭師文", "head": "GA014n0012_p0519a05"}, {"level": "2", "n": "", "type": "其他", "text": "天泉淵禪師塔", "head": "GA014n0012_p0519a09"}, {"level": "2", "n": "", "type": "其他", "text": "曦菴暟禪師塔", "head": "GA014n0012_p0520a01"}, {"level": "2", "n": "", "type": "其他", "text": "無傳嗣禪師塔", "head": "GA014n0012_p0520a02"}, {"level": "2", "n": "", "type": "其他", "text": "大用機禪師塔", "head": "GA014n0012_p0520a03"}, {"level": "2", "n": "", "type": "其他", "text": "性空習禪師塔", "head": "GA014n0012_p0520a04"}, {"level": "2", "n": "", "type": "其他", "text": "圓愷禪師塔", "head": "GA014n0012_p0520a05"}, {"level": "3", "n": "", "type": "其他", "text": "概述", "head": "GA014n0012_p0520a05"}, {"level": "3", "n": "", "type": "其他", "text": "黃毓祺：修祖塔記", "head": "GA014n0012_p0520a06"}, {"level": "3", "n": "", "type": "其他", "text": "東谷菴十尊宿像", "head": "GA014n0012_p0522a03"}, {"level": "2", "n": "", "type": "其他", "text": "勅賜慧定禪師密雲悟和尚塔", "head": "GA014n0012_p0522a08"}, {"level": "3", "n": "", "type": "其他", "text": "概述", "head": "GA014n0012_p0522a08"}, {"level": "3", "n": "", "type": "其他", "text": "錢謙益：密雲悟禪師塔銘", "head": "GA014n0012_p0522a09"}, {"level": "3", "n": "", "type": "其他", "text": "徐之垣：密雲悟禪師塔銘", "head": "GA014n0012_p0528a07"}, {"level": "3", "n": "", "type": "其他", "text": "雪嶠信：上供法語", "head": "GA014n0012_p0535a03"}, {"level": "3", "n": "", "type": "其他", "text": "又挽詩", "head": "GA014n0012_p0535a06"}, {"level": "3", "n": "", "type": "其他", "text": "山茨際：和韻輓詩", "head": "GA014n0012_p0535a08"}, {"level": "3", "n": "", "type": "其他", "text": "靈章蘊：祭師文", "head": "GA014n0012_p0536a01"}, {"level": "3", "n": "", "type": "其他", "text": "弘覺忞：欽賜密雲悟和尚像，奉旨題贊", "head": "GA014n0012_p0536a08"}, {"level": "3", "n": "", "type": "其他", "text": "黃端伯：題像贊", "head": "GA014n0012_p0538a06"}, {"level": "3", "n": "", "type": "其他", "text": "破山明：題師贊", "head": "GA014n0012_p0539a01"}, {"level": "3", "n": "", "type": "其他", "text": "費隱容：三周拈香語", "head": "GA014n0012_p0539a03"}, {"level": "3", "n": "", "type": "其他", "text": "箬菴問：題像贊", "head": "GA014n0012_p0539a05"}, {"level": "3", "n": "", "type": "其他", "text": "三宜盂：題像贊", "head": "GA014n0012_p0539a07"}, {"level": "3", "n": "", "type": "其他", "text": "石奇雲：題師贊", "head": "GA014n0012_p0539a09"}, {"level": "3", "n": "", "type": "其他", "text": "牧雲門：題師贊", "head": "GA014n0012_p0540a02"}, {"level": "3", "n": "", "type": "其他", "text": "林野奇：晦日語", "head": "GA014n0012_p0540a04"}, {"level": "2", "n": "", "type": "其他", "text": "弘覺國師壽藏衣鉢塔", "head": "GA014n0012_p0540a07"}, {"level": "3", "n": "", "type": "其他", "text": "概述", "head": "GA014n0012_p0540a07"}, {"level": "3", "n": "", "type": "其他", "text": "西嵓隱詩", "head": "GA014n0012_p0540a07"}, {"level": "3", "n": "", "type": "其他", "text": "張立廉：弘覺國師壽塔銘", "head": "GA014n0012_p0541a03"}, {"level": "3", "n": "", "type": "其他", "text": "弘覺國師藏真骨塔銘", "head": "GA014n0012_p0541a08"}, {"level": "3", "n": "", "type": "其他", "text": "黃毓祺：題像贊", "head": "GA014n0012_p0543a04"}, {"level": "2", "n": "", "type": "其他", "text": "費隱容禪師塔", "head": "GA014n0012_p0543a08"}, {"level": "2", "n": "", "type": "其他", "text": "牧雲門禪師舍利塔", "head": "GA014n0012_p0544a01"}, {"level": "2", "n": "", "type": "其他", "text": "林野奇禪師塔", "head": "GA014n0012_p0544a02"}, {"level": "3", "n": "", "type": "其他", "text": "概述", "head": "GA014n0012_p0544a02"}, {"level": "3", "n": "", "type": "其他", "text": "釋道忞：林野奇禪師塔銘", "head": "GA014n0012_p0544a02"}, {"level": "3", "n": "", "type": "其他", "text": "錢光繡：禮塔偈", "head": "GA014n0012_p0548a06"}, {"level": "3", "n": "", "type": "其他", "text": "牧雲門：題像贊", "head": "GA014n0012_p0548a07"}, {"level": "2", "n": "", "type": "其他", "text": "浮石賢禪師塔", "head": "GA014n0012_p0548a08"}, {"level": "2", "n": "", "type": "其他", "text": "遠菴,禪師塔", "head": "GA014n0012_p0548a09"}, {"level": "2", "n": "", "type": "其他", "text": "山曉晳禪師塔", "head": "GA014n0012_p0549a01"}, {"level": "3", "n": "", "type": "其他", "text": "概述", "head": "GA014n0012_p0549a01"}, {"level": "3", "n": "", "type": "其他", "text": "李仙根：山曉晳禪師塔銘", "head": "GA014n0012_p0549a01"}, {"level": "3", "n": "", "type": "其他", "text": "鄮山周容：題像贊", "head": "GA014n0012_p0554a04"}, {"level": "3", "n": "", "type": "其他", "text": "證山周斯盛贊", "head": "GA014n0012_p0554a06"}, {"level": "2", "n": "", "type": "其他", "text": "天嶽晝禪師塔", "head": "GA014n0012_p0554a08"}, {"level": "2", "n": "", "type": "其他", "text": "柏堂靜禪師塔", "head": "GA014n0012_p0555a04"}, {"level": "2", "n": "", "type": "其他", "text": "慰弘盛禪師塔", "head": "GA014n0012_p0555a05"}, {"level": "1", "n": "", "type": "其他", "text": "表貽考上", "head": "GA014n0012_p0557a02"}, {"level": "2", "n": "", "type": "序", "text": "張商英：佛國禪師文殊指南圖贊序", "head": "GA014n0012_p0557a03"}, {"level": "2", "n": "", "type": "序", "text": "趙令衿：敕諡宏智禪師後錄序", "head": "GA014n0012_p0557a08"}, {"level": "2", "n": "", "type": "其他", "text": "知禮：答子凝禪師書", "head": "GA014n0012_p0560a03"}, {"level": "2", "n": "", "type": "其他", "text": "附：子凝師與法智師第一書", "head": "GA014n0012_p0560a07"}, {"level": "2", "n": "", "type": "其他", "text": "第二書", "head": "GA014n0012_p0561a02"}, {"level": "2", "n": "", "type": "其他", "text": "第三書", "head": "GA014n0012_p0561a04"}, {"level": "2", "n": "", "type": "其他", "text": "張孝祥：〈宏智禪師銘碑〉後跋", "head": "GA014n0012_p0561a07"}, {"level": "2", "n": "", "type": "其他", "text": "雪竇顯：送僧歸天童偈", "head": "GA014n0012_p0562a01"}, {"level": "2", "n": "", "type": "其他", "text": "雲門偃禪師至天童機緣", "head": "GA014n0012_p0562a02"}, {"level": "2", "n": "", "type": "其他", "text": "虎丘隆禪師示應菴徒偈", "head": "GA014n0012_p0562a04"}, {"level": "2", "n": "", "type": "其他", "text": "大慧杲禪師過天童，請上堂", "head": "GA014n0012_p0562a06"}, {"level": "2", "n": "", "type": "其他", "text": "又：覺和上遺書至，上堂", "head": "GA014n0012_p0563a05"}, {"level": "2", "n": "", "type": "序", "text": "嚴康朝：應菴禪師語錄序", "head": "GA014n0012_p0563a08"}, {"level": "2", "n": "", "type": "序", "text": "陸游：無用禪師語錄序", "head": "GA014n0012_p0564a02"}, {"level": "2", "n": "", "type": "序", "text": "了菴清欲跋", "head": "GA014n0012_p0564a07"}, {"level": "2", "n": "", "type": "序", "text": "張鎡：密菴禪師語錄序", "head": "GA014n0012_p0565a04"}, {"level": "2", "n": "", "type": "序", "text": "尤諳：癡絕禪師語錄序", "head": "GA014n0012_p0565a08"}, {"level": "2", "n": "", "type": "序", "text": "尤焴：天目禪師語錄序", "head": "GA014n0012_p0566a04"}, {"level": "2", "n": "", "type": "其他", "text": "幻菴住首座：呈應菴和上偈", "head": "GA014n0012_p0567a01"}, {"level": "2", "n": "", "type": "其他", "text": "無文燦：代諸山勸請西嵓惠禪師住天童寺疏", "head": "GA014n0012_p0567a03"}, {"level": "2", "n": "", "type": "其他", "text": "希叟曇禪師：寄天目禮禪師偈", "head": "GA014n0012_p0567a07"}, {"level": "2", "n": "", "type": "其他", "text": "石室瑛禪師：謝平石禪師問疾偈", "head": "GA014n0012_p0567a09"}, {"level": "2", "n": "", "type": "其他", "text": "古林茂禪師：寄密菴太師祖像，與斷江師兄偈", "head": "GA014n0012_p0568a02"}, {"level": "2", "n": "", "type": "其他", "text": "石田薰：送禪者參天童偈", "head": "GA014n0012_p0568a04"}, {"level": "2", "n": "", "type": "其他", "text": "栯堂益禪師：讀密菴禪師語偈", "head": "GA014n0012_p0568a06"}, {"level": "2", "n": "", "type": "其他", "text": "橫川珙禪師：天目和尚晦日拈香語", "head": "GA014n0012_p0568a08"}, {"level": "2", "n": "", "type": "其他", "text": "又：天童月坡和尚遺書至，上堂", "head": "GA014n0012_p0569a02"}, {"level": "2", "n": "", "type": "其他", "text": "又：天童止泓和尚至，上堂", "head": "GA014n0012_p0569a04"}, {"level": "2", "n": "", "type": "其他", "text": "恕中慍禪師：謝天童藏主，上堂", "head": "GA014n0012_p0569a06"}, {"level": "2", "n": "", "type": "其他", "text": "笑隱訢：癡絕禪師書〈山谷煎茶賦〉後跋", "head": "GA014n0012_p0570a01"}, {"level": "2", "n": "", "type": "其他", "text": "又：和宏智禪師偈", "head": "GA014n0012_p0570a09"}, {"level": "2", "n": "", "type": "其他", "text": "雪巖欽：演上人歸江陵，出無準、癡絕二和尚法語跋", "head": "GA014n0012_p0571a01"}, {"level": "2", "n": "", "type": "其他", "text": "了菴欲：〈應菴和尚送密菴和尚偈卷〉後跋", "head": "GA014n0012_p0571a09"}, {"level": "2", "n": "", "type": "其他", "text": "又：癡絕翁所賡白雲端祖山居偈，忠藏主求和詩", "head": "GA014n0012_p0572a02"}, {"level": "2", "n": "", "type": "其他", "text": "又：〈五尊宿真迹〉後跋", "head": "GA014n0012_p0572a06"}, {"level": "2", "n": "", "type": "其他", "text": "又：〈密菴和上墨迹〉跋", "head": "GA014n0012_p0572a09"}, {"level": "2", "n": "", "type": "其他", "text": "元叟端：癡絕所書〈草堂法師示道璋書〉授其徒惠派跋", "head": "GA014n0012_p0573a04"}, {"level": "2", "n": "", "type": "其他", "text": "中峰本：〈天目禪師墨迹〉跋", "head": "GA014n0012_p0573a09"}, {"level": "2", "n": "", "type": "其他", "text": "千巖長：〈癡絕和尚答啟霞書〉跋", "head": "GA014n0012_p0574a03"}, {"level": "2", "n": "", "type": "序", "text": "宋濂：雪窗禪師語錄序", "head": "GA014n0012_p0574a07"}, {"level": "2", "n": "", "type": "其他", "text": "袁士元：送孚中禪師住龍翔詩", "head": "GA014n0012_p0576a06"}, {"level": "2", "n": "", "type": "其他", "text": "劉基：和天童左菴良公見寄詩", "head": "GA014n0012_p0577a01"}, {"level": "2", "n": "", "type": "其他", "text": "止菴祥：春雪，有懷湛然禪師詩", "head": "GA014n0012_p0577a03"}, {"level": "2", "n": "", "type": "其他", "text": "用彰俊：癡絕和尚室中舉「如何是佛」，荊叟下語云「爛東瓜」頌", "head": "GA014n0012_p0577a05"}, {"level": "2", "n": "", "type": "其他", "text": "楚石琦禪師：寄孚中和上偈", "head": "GA014n0012_p0577a07"}, {"level": "2", "n": "", "type": "其他", "text": "無虛讓：北京送啟公歸天童詩", "head": "GA014n0012_p0577a09"}, {"level": "2", "n": "", "type": "其他", "text": "朗初慧：天童有感詩", "head": "GA014n0012_p0578a02"}, {"level": "2", "n": "", "type": "其他", "text": "空波灝：送友入太白山詩", "head": "GA014n0012_p0578a04"}, {"level": "2", "n": "", "type": "其他", "text": "雪嶠信禪師至天童，眾請上堂", "head": "GA014n0012_p0578a06"}, {"level": "2", "n": "", "type": "其他", "text": "天隱修禪師：和密雲兄偈", "head": "GA014n0012_p0579a02"}, {"level": "2", "n": "", "type": "其他", "text": "大覺琇禪師：和天童普明禪師〈牧牛頌〉", "head": "GA014n0012_p0579a09"}, {"level": "2", "n": "", "type": "其他", "text": "（附）月坡禪師：題〈十牛頌〉", "head": "GA014n0012_p0580a05"}, {"level": "3", "n": "", "type": "其他", "text": "引", "head": "GA014n0012_p0580a05"}, {"level": "3", "n": "", "type": "其他", "text": "未牧", "head": "GA014n0012_p0580a08"}, {"level": "3", "n": "", "type": "其他", "text": "初調", "head": "GA014n0012_p0580a08"}, {"level": "3", "n": "", "type": "其他", "text": "受制", "head": "GA014n0012_p0580a09"}, {"level": "3", "n": "", "type": "其他", "text": "回首", "head": "GA014n0012_p0581a01"}, {"level": "3", "n": "", "type": "其他", "text": "馴伏", "head": "GA014n0012_p0581a02"}, {"level": "3", "n": "", "type": "其他", "text": "無礙", "head": "GA014n0012_p0581a03"}, {"level": "3", "n": "", "type": "其他", "text": "任運", "head": "GA014n0012_p0581a03"}, {"level": "3", "n": "", "type": "其他", "text": "相忘", "head": "GA014n0012_p0581a04"}, {"level": "3", "n": "", "type": "其他", "text": "獨照", "head": "GA014n0012_p0581a05"}, {"level": "3", "n": "", "type": "其他", "text": "雙泯", "head": "GA014n0012_p0581a06"}, {"level": "2", "n": "", "type": "其他", "text": "譚貞默：謁密雲和尚偈", "head": "GA014n0012_p0581a08"}, {"level": "2", "n": "", "type": "其他", "text": "劉志斌：題獅子柏呈密雲和上偈", "head": "GA014n0012_p0582a01"}, {"level": "2", "n": "", "type": "序", "text": "黃端伯：密雲禪師語錄序", "head": "GA014n0012_p0582a04"}, {"level": "2", "n": "", "type": "序", "text": "又：禪燈世譜序", "head": "GA014n0012_p0583a05"}, {"level": "2", "n": "", "type": "其他", "text": "陶寅齡：太白山天童寺賦", "head": "GA014n0012_p0585a01"}, {"level": "2", "n": "", "type": "序", "text": "馮元奮：天童寺志序", "head": "GA014n0012_p0587a09"}, {"level": "2", "n": "", "type": "其他", "text": "張廷賓：兩入天童記", "head": "GA014n0012_p0589a04"}, {"level": "2", "n": "", "type": "序", "text": "姜,：壬申志序", "head": "GA014n0012_p0592a04"}, {"level": "2", "n": "", "type": "其他", "text": "方震孺：呈密和尚偈", "head": "GA014n0012_p0593a04"}, {"level": "2", "n": "", "type": "其他", "text": "韋克振：密雲和尚道行碑詞", "head": "GA014n0012_p0593a07"}, {"level": "2", "n": "", "type": "序", "text": "錢謙益：山翁禪師文集序", "head": "GA014n0012_p0597a03"}, {"level": "2", "n": "", "type": "序", "text": "又：嘯堂初集序", "head": "GA014n0012_p0599a08"}, {"level": "2", "n": "", "type": "其他", "text": "姚宗文：呈林野和上書并偈", "head": "GA014n0012_p0600a05"}, {"level": "1", "n": "", "type": "其他", "text": "表貽考下", "head": "GA014n0012_p0601a02"}, {"level": "2", "n": "", "type": "其他", "text": "霓菴鎮國公：答弘覺禪師書", "head": "GA014n0012_p0601a02"}, {"level": "2", "n": "", "type": "其他", "text": "又", "head": "GA014n0012_p0602a04"}, {"level": "2", "n": "", "type": "其他", "text": "吳上谷：送弘覺和上還天童詩", "head": "GA014n0012_p0603a03"}, {"level": "2", "n": "", "type": "其他", "text": "龔鼎孳：送天童正句侍者還山，兼簡山翁木老和上詩", "head": "GA014n0012_p0603a07"}, {"level": "2", "n": "", "type": "其他", "text": "又：率同人送山曉和上馳驛還山詩", "head": "GA014n0012_p0604a01"}, {"level": "2", "n": "", "type": "其他", "text": "嚴沆和", "head": "GA014n0012_p0604a05"}, {"level": "2", "n": "", "type": "其他", "text": "釋今釋：〈三尊宿手書〉後跋", "head": "GA014n0012_p0604a07"}, {"level": "2", "n": "", "type": "其他", "text": "又：〈書費禪師遺囑〉後跋", "head": "GA014n0012_p0605a05"}, {"level": "2", "n": "", "type": "其他", "text": "孫廷銓：同馮易齋少宰過訪山曉和上詩", "head": "GA014n0012_p0606a06"}, {"level": "2", "n": "", "type": "其他", "text": "胡介：送嘯堂和上還天童詩", "head": "GA014n0012_p0607a01"}, {"level": "2", "n": "", "type": "其他", "text": "韋人鳳：寄嘯和尚詩", "head": "GA014n0012_p0607a04"}, {"level": "2", "n": "", "type": "序", "text": "王仕雲：百城集序", "head": "GA014n0012_p0607a06"}, {"level": "2", "n": "", "type": "序", "text": "王庭：懶齋別集序", "head": "GA014n0012_p0610a01"}, {"level": "2", "n": "", "type": "序", "text": "朱一是：懶齋集序", "head": "GA014n0012_p0610a09"}, {"level": "2", "n": "", "type": "序", "text": "王熙：宗門寶積錄序", "head": "GA014n0012_p0612a03"}, {"level": "2", "n": "", "type": "序", "text": "張立廉：寶積錄序", "head": "GA014n0012_p0614a04"}, {"level": "2", "n": "", "type": "其他", "text": "尤侗：御書記", "head": "GA014n0012_p0616a03"}, {"level": "2", "n": "", "type": "其他", "text": "徐元文跋", "head": "GA014n0012_p0617a09"}, {"level": "2", "n": "", "type": "序", "text": "又：寶積錄序", "head": "GA014n0012_p0618a05"}, {"level": "2", "n": "", "type": "其他", "text": "王爾祿：呈林野和尚相見偈", "head": "GA014n0012_p0620a02"}, {"level": "2", "n": "", "type": "其他", "text": "破山明禪師：埽塔偈", "head": "GA014n0012_p0621a02"}, {"level": "2", "n": "", "type": "其他", "text": "萬如微禪師：密雲和尚訃至，上堂", "head": "GA014n0012_p0621a04"}, {"level": "2", "n": "", "type": "其他", "text": "古雪喆禪師：天童悟先師晦日，上堂", "head": "GA014n0012_p0621a08"}, {"level": "2", "n": "", "type": "其他", "text": "石奇雲禪師：天童埽塔，請上堂", "head": "GA014n0012_p0622a05"}, {"level": "2", "n": "", "type": "其他", "text": "又：天童費和上至雪竇，上堂", "head": "GA014n0012_p0623a04"}, {"level": "2", "n": "", "type": "其他", "text": "鹿門西禪師：寄答費隱和尚詩", "head": "GA014n0012_p0623a06"}, {"level": "2", "n": "", "type": "其他", "text": "靈章蘊：寄山翁和尚詩", "head": "GA014n0012_p0623a08"}, {"level": "2", "n": "", "type": "其他", "text": "法幢幟禪師：埽塔，命師上堂", "head": "GA014n0012_p0624a01"}, {"level": "2", "n": "", "type": "其他", "text": "鄧漢儀：酬張明府還額詩", "head": "GA014n0012_p0625a08"}, {"level": "2", "n": "", "type": "其他", "text": "王玉書：前題詩", "head": "GA014n0012_p0626a01"}, {"level": "2", "n": "", "type": "其他", "text": "仇奠邦：前題詩", "head": "GA014n0012_p0626a03"}, {"level": "2", "n": "", "type": "其他", "text": "高宇泰：前題詩", "head": "GA014n0012_p0626a05"}, {"level": "2", "n": "", "type": "其他", "text": "徐鳳垣：前題詩", "head": "GA014n0012_p0626a07"}, {"level": "2", "n": "", "type": "其他", "text": "張瑤芝：前題詩", "head": "GA014n0012_p0626a09"}, {"level": "2", "n": "", "type": "其他", "text": "張鶯：前題詩", "head": "GA014n0012_p0627a02"}, {"level": "2", "n": "", "type": "其他", "text": "聞性道：前題詩", "head": "GA014n0012_p0627a04"}, {"level": "2", "n": "", "type": "其他", "text": "朱釴：錢蟄菴約入天童不果詩", "head": "GA014n0012_p0627a06"}, {"level": "2", "n": "", "type": "其他", "text": "陸鋆：浴佛辰謁嘯公詩", "head": "GA014n0012_p0627a08"}, {"level": "2", "n": "", "type": "序", "text": "錢光繡：東谷二集序", "head": "GA014n0012_p0628a01"}, {"level": "2", "n": "", "type": "其他", "text": "張幼學：出山，寄遠和尚詩", "head": "GA014n0012_p0629a05"}, {"level": "2", "n": "", "type": "其他", "text": "晦山顯：寄懷遠菴和尚詩", "head": "GA014n0012_p0629a09"}, {"level": "2", "n": "", "type": "序", "text": "金之俊：山曉禪師奏對錄序", "head": "GA014n0012_p0630a02"}, {"level": "2", "n": "", "type": "序", "text": "徐乾學：崇正錄序", "head": "GA014n0012_p0631a05"}, {"level": "2", "n": "", "type": "其他", "text": "洪圖光：未得入山晒經，寄呈嘯公詩", "head": "GA014n0012_p0632a08"}, {"level": "2", "n": "", "type": "其他", "text": "任辰旦：答贈山曉和上詩", "head": "GA014n0012_p0633a01"}, {"level": "2", "n": "", "type": "其他", "text": "姜宸英：寄山曉和上詩", "head": "GA014n0012_p0633a03"}, {"level": "2", "n": "", "type": "其他", "text": "邵似歐：寄嘯和上詩", "head": "GA014n0012_p0633a05"}, {"level": "2", "n": "", "type": "其他", "text": "周容：寄懷山公詩", "head": "GA014n0012_p0633a08"}, {"level": "2", "n": "", "type": "其他", "text": "傅攀龍：京邸寄山公詩", "head": "GA014n0012_p0634a02"}, {"level": "2", "n": "", "type": "序", "text": "黃宗羲：直木堂詩集序", "head": "GA014n0012_p0634a04"}, {"level": "2", "n": "", "type": "序", "text": "毛際可：直木堂詩集序", "head": "GA014n0012_p0636a02"}, {"level": "2", "n": "", "type": "序", "text": "李鄴嗣：寒泉子詩序", "head": "GA014n0012_p0636a08"}, {"level": "2", "n": "", "type": "其他", "text": "又：入太白，呈嘯堂和上詩", "head": "GA014n0012_p0637a09"}, {"level": "2", "n": "", "type": "其他", "text": "又：諸公招入太白，不赴，臥讀寒泉子詩", "head": "GA014n0012_p0638a03"}, {"level": "2", "n": "", "type": "其他", "text": "董道權：入天童，投贈嘯堂和尚詩", "head": "GA014n0012_p0638a05"}, {"level": "2", "n": "", "type": "其他", "text": "董孫符：阻雪，呈嘯和尚詩", "head": "GA014n0012_p0638a09"}, {"level": "2", "n": "", "type": "其他", "text": "方氏紫霄：入山詩", "head": "GA014n0012_p0639a09"}, {"level": "2", "n": "", "type": "其他", "text": "宋犖：贈天岳和尚詩", "head": "GA014n0012_p0640a05"}, {"level": "2", "n": "", "type": "其他", "text": "胡獻徵：入山賦贈詩", "head": "GA014n0012_p0640a09"}, {"level": "2", "n": "", "type": "序", "text": "勞之辨：募脩天童弘法寺序", "head": "GA014n0012_p0641a04"}, {"level": "2", "n": "", "type": "其他", "text": "周章泰詩", "head": "GA014n0012_p0643a02"}, {"level": "2", "n": "", "type": "其他", "text": "傅維祖：出山，呈偉公詩", "head": "GA014n0012_p0643a04"}, {"level": "2", "n": "", "type": "其他", "text": "王有慶：訪偉公，入天童詩", "head": "GA014n0012_p0643a06"}, {"level": "2", "n": "", "type": "其他", "text": "楊虬：宿天童寺詩", "head": "GA014n0012_p0643a08"}, {"level": "2", "n": "", "type": "其他", "text": "釋正芳：和遜亭原韻詩", "head": "GA014n0012_p0644a01"}, {"level": "2", "n": "", "type": "其他", "text": "王一辰：題玲瓏巖詩", "head": "GA014n0012_p0644a03"}, {"level": "2", "n": "", "type": "其他", "text": "王純緯：用杜工部韻詩", "head": "GA014n0012_p0644a05"}, {"level": "2", "n": "", "type": "其他", "text": "楊虬：山中呈偉公詩", "head": "GA014n0012_p0644a07"}, {"level": "1", "n": "", "type": "其他", "text": "轄麗考", "head": "GA014n0012_p0647a02"}, {"level": "2", "n": "", "type": "其他", "text": "佛隴寺", "head": "GA014n0012_p0647a03"}, {"level": "3", "n": "", "type": "其他", "text": "概述", "head": "GA014n0012_p0647a03"}, {"level": "3", "n": "", "type": "其他", "text": "宋濂：興修記", "head": "GA014n0012_p0647a06"}, {"level": "2", "n": "", "type": "其他", "text": "盤山寺", "head": "GA014n0012_p0649a07"}, {"level": "3", "n": "", "type": "其他", "text": "概述", "head": "GA014n0012_p0649a07"}, {"level": "3", "n": "", "type": "其他", "text": "德介：同友人訪盤山佛隴廢寺詩", "head": "GA014n0012_p0650a01"}, {"level": "2", "n": "", "type": "其他", "text": "二靈寺", "head": "GA014n0012_p0650a03"}, {"level": "3", "n": "", "type": "其他", "text": "概述", "head": "GA014n0012_p0650a03"}, {"level": "3", "n": "", "type": "其他", "text": "戴良：二靈山房記", "head": "GA014n0012_p0651a01"}, {"level": "3", "n": "", "type": "序", "text": "陳錫嘏：復興二靈序", "head": "GA014n0012_p0653a02"}, {"level": "3", "n": "", "type": "其他", "text": "姜宸英：二靈山房記", "head": "GA014n0012_p0654a07"}, {"level": "3", "n": "", "type": "其他", "text": "知和海尊者", "head": "GA014n0012_p0656a07"}, {"level": "3", "n": "", "type": "其他", "text": "王安石：登二靈山詩", "head": "GA014n0012_p0658a01"}, {"level": "3", "n": "", "type": "其他", "text": "張商英：訪二靈詩", "head": "GA014n0012_p0658a03"}, {"level": "3", "n": "", "type": "其他", "text": "竺元道：題天目弔和菴主偈", "head": "GA014n0012_p0658a05"}, {"level": "3", "n": "", "type": "其他", "text": "象潭泳：訪和公故居偈", "head": "GA014n0012_p0658a07"}, {"level": "3", "n": "", "type": "其他", "text": "古鼎銘：住山詩", "head": "GA014n0012_p0658a09"}, {"level": "3", "n": "", "type": "其他", "text": "恕中慍：題光明室詩", "head": "GA014n0012_p0659a01"}, {"level": "3", "n": "", "type": "其他", "text": "吳志諄詩", "head": "GA014n0012_p0659a05"}, {"level": "3", "n": "", "type": "其他", "text": "烏斯道：遊山詩", "head": "GA014n0012_p0659a07"}, {"level": "3", "n": "", "type": "其他", "text": "王自華詩", "head": "GA014n0012_p0659a09"}, {"level": "3", "n": "", "type": "其他", "text": "張忱詩", "head": "GA014n0012_p0660a02"}, {"level": "2", "n": "", "type": "其他", "text": "珠山寺", "head": "GA014n0012_p0660a04"}, {"level": "2", "n": "", "type": "其他", "text": "長庚樓", "head": "GA014n0012_p0660a06"}, {"level": "3", "n": "", "type": "其他", "text": "概述", "head": "GA014n0012_p0660a06"}, {"level": "3", "n": "", "type": "其他", "text": "汪禮約詩", "head": "GA014n0012_p0660a08"}, {"level": "3", "n": "", "type": "其他", "text": "周應冶：題能公壁詩", "head": "GA014n0012_p0661a01"}, {"level": "3", "n": "", "type": "其他", "text": "方伊蒿：宿長庚詩", "head": "GA014n0012_p0661a04"}, {"level": "3", "n": "", "type": "其他", "text": "張美確詩", "head": "GA014n0012_p0661a06"}, {"level": "2", "n": "", "type": "其他", "text": "古松居", "head": "GA014n0012_p0661a08"}, {"level": "2", "n": "", "type": "其他", "text": "娑羅軒", "head": "GA014n0012_p0661a09"}, {"level": "2", "n": "", "type": "其他", "text": "畊雲堂", "head": "GA014n0012_p0662a01"}, {"level": "3", "n": "", "type": "其他", "text": "概述", "head": "GA014n0012_p0662a01"}, {"level": "3", "n": "", "type": "其他", "text": "密雲和尚：示若愚廣禪人偈", "head": "GA014n0012_p0662a03"}, {"level": "3", "n": "", "type": "其他", "text": "丘竹樓：宿上退居，同友人分韻詩", "head": "GA014n0012_p0662a04"}, {"level": "3", "n": "", "type": "其他", "text": "周鄮山（容）：夜坐山寮詩", "head": "GA014n0012_p0662a06"}, {"level": "2", "n": "", "type": "其他", "text": "下退居", "head": "GA014n0012_p0662a08"}, {"level": "3", "n": "", "type": "其他", "text": "概述", "head": "GA014n0012_p0662a08"}, {"level": "3", "n": "", "type": "其他", "text": "陸四峯：題壁詩", "head": "GA014n0012_p0663a01"}, {"level": "3", "n": "", "type": "其他", "text": "顧祖訓詩", "head": "GA014n0012_p0663a03"}, {"level": "2", "n": "", "type": "其他", "text": "東谷菴", "head": "GA014n0012_p0663a05"}, {"level": "3", "n": "", "type": "其他", "text": "概述", "head": "GA014n0012_p0663a05"}, {"level": "3", "n": "", "type": "其他", "text": "了菴：送曙藏主禮宏智祖塔偈", "head": "GA014n0012_p0664a01"}, {"level": "3", "n": "", "type": "其他", "text": "德千：禮妙光塔，讀無盡燈碑詩", "head": "GA014n0012_p0664a03"}, {"level": "3", "n": "", "type": "其他", "text": "林時對詩", "head": "GA014n0012_p0664a05"}, {"level": "3", "n": "", "type": "其他", "text": "聞性道詩", "head": "GA014n0012_p0664a06"}, {"level": "3", "n": "", "type": "其他", "text": "明貫詩", "head": "GA014n0012_p0664a08"}, {"level": "2", "n": "", "type": "其他", "text": "壽相菴", "head": "GA014n0012_p0664a09"}, {"level": "2", "n": "", "type": "其他", "text": "佛國菴", "head": "GA014n0012_p0665a01"}, {"level": "2", "n": "", "type": "其他", "text": "堆雲菴", "head": "GA014n0012_p0665a02"}, {"level": "2", "n": "", "type": "其他", "text": "中峰菴", "head": "GA014n0012_p0665a03"}, {"level": "3", "n": "", "type": "其他", "text": "概述", "head": "GA014n0012_p0665a03"}, {"level": "3", "n": "", "type": "其他", "text": "宏智覺：中峰夜坐詩", "head": "GA014n0012_p0665a05"}, {"level": "3", "n": "", "type": "其他", "text": "林時躍詩", "head": "GA014n0012_p0665a07"}, {"level": "3", "n": "", "type": "其他", "text": "張瑤芝和", "head": "GA014n0012_p0665a09"}, {"level": "3", "n": "", "type": "其他", "text": "董道權和", "head": "GA014n0012_p0666a02"}, {"level": "3", "n": "", "type": "其他", "text": "張起宗：天然閣懷嘯公詩", "head": "GA014n0012_p0666a04"}, {"level": "3", "n": "", "type": "其他", "text": "胡德邁：疊秀軒呈嘯公詩", "head": "GA014n0012_p0666a06"}, {"level": "2", "n": "", "type": "其他", "text": "伏翠菴", "head": "GA014n0012_p0666a08"}, {"level": "3", "n": "", "type": "其他", "text": "概述", "head": "GA014n0012_p0666a08"}, {"level": "3", "n": "", "type": "其他", "text": "李文胤：伏翠山房記", "head": "GA014n0012_p0667a01"}, {"level": "3", "n": "", "type": "其他", "text": "嘯堂晳：題于石書記默齋說", "head": "GA014n0012_p0668a06"}, {"level": "3", "n": "", "type": "其他", "text": "黃宗炎：默齋詩", "head": "GA014n0012_p0669a03"}, {"level": "3", "n": "", "type": "其他", "text": "徐鳳垣詩", "head": "GA014n0012_p0669a09"}, {"level": "3", "n": "", "type": "其他", "text": "錢光繡詩", "head": "GA014n0012_p0670a02"}, {"level": "3", "n": "", "type": "其他", "text": "高斗權詩", "head": "GA014n0012_p0670a04"}, {"level": "3", "n": "", "type": "其他", "text": "周容詩", "head": "GA014n0012_p0670a06"}, {"level": "3", "n": "", "type": "其他", "text": "張鴻儒詩", "head": "GA014n0012_p0670a08"}, {"level": "3", "n": "", "type": "其他", "text": "左臣黃詩", "head": "GA014n0012_p0671a01"}, {"level": "3", "n": "", "type": "其他", "text": "張士塤詩", "head": "GA014n0012_p0671a03"}, {"level": "3", "n": "", "type": "其他", "text": "徐勍詩", "head": "GA014n0012_p0671a05"}, {"level": "3", "n": "", "type": "其他", "text": "陸鋆詩", "head": "GA014n0012_p0671a07"}, {"level": "3", "n": "", "type": "其他", "text": "張起宗詩", "head": "GA014n0012_p0671a09"}, {"level": "3", "n": "", "type": "其他", "text": "萬斯備詩", "head": "GA014n0012_p0672a02"}, {"level": "3", "n": "", "type": "其他", "text": "謝為霖詩", "head": "GA014n0012_p0672a04"}, {"level": "3", "n": "", "type": "其他", "text": "胡德邁詩", "head": "GA014n0012_p0672a06"}, {"level": "3", "n": "", "type": "其他", "text": "戎澄詩", "head": "GA014n0012_p0672a08"}, {"level": "3", "n": "", "type": "其他", "text": "張錫璜詩", "head": "GA014n0012_p0673a01"}, {"level": "3", "n": "", "type": "其他", "text": "李暾詩", "head": "GA014n0012_p0673a07"}, {"level": "3", "n": "", "type": "其他", "text": "本,詩", "head": "GA014n0012_p0673a09"}, {"level": "3", "n": "", "type": "其他", "text": "真樸詩", "head": "GA014n0012_p0674a02"}, {"level": "3", "n": "", "type": "其他", "text": "元盛：默齋詩", "head": "GA014n0012_p0674a04"}, {"level": "3", "n": "", "type": "其他", "text": "等月：默齋詩", "head": "GA014n0012_p0674a07"}, {"level": "2", "n": "", "type": "其他", "text": "東蒙堂", "head": "GA014n0012_p0675a02"}, {"level": "2", "n": "", "type": "其他", "text": "西蒙堂", "head": "GA014n0012_p0675a03"}, {"level": "3", "n": "", "type": "其他", "text": "概述", "head": "GA014n0012_p0675a03"}, {"level": "3", "n": "", "type": "其他", "text": "舒亶詩", "head": "GA014n0012_p0675a04"}, {"level": "2", "n": "", "type": "其他", "text": "普同塔院", "head": "GA014n0012_p0675a06"}, {"level": "2", "n": "", "type": "其他", "text": "南山塔院", "head": "GA014n0012_p0675a07"}, {"level": "3", "n": "", "type": "其他", "text": "概述", "head": "GA014n0012_p0675a07"}, {"level": "3", "n": "", "type": "其他", "text": "馮斐：禮塔詩", "head": "GA014n0012_p0676a02"}, {"level": "3", "n": "", "type": "其他", "text": "牧雲門：宿塔院詩", "head": "GA014n0012_p0676a05"}, {"level": "3", "n": "", "type": "其他", "text": "兀菴源：禮塔詩", "head": "GA014n0012_p0676a08"}, {"level": "3", "n": "", "type": "其他", "text": "蛤菴圜：禮塔詩", "head": "GA014n0012_p0677a01"}, {"level": "3", "n": "", "type": "其他", "text": "嘯堂晳：諸同門禮祖翁塔，就宿塔院話舊詩", "head": "GA014n0012_p0677a03"}, {"level": "2", "n": "", "type": "其他", "text": "幻智菴", "head": "GA014n0012_p0677a06"}, {"level": "3", "n": "", "type": "其他", "text": "概述", "head": "GA014n0012_p0677a06"}, {"level": "3", "n": "", "type": "其他", "text": "楊明詩", "head": "GA014n0012_p0677a07"}, {"level": "3", "n": "", "type": "其他", "text": "遠菴,詩", "head": "GA014n0012_p0677a09"}, {"level": "3", "n": "", "type": "其他", "text": "行其詩", "head": "GA014n0012_p0678a01"}, {"level": "2", "n": "", "type": "其他", "text": "新菴", "head": "GA014n0012_p0678a02"}, {"level": "2", "n": "", "type": "其他", "text": "青塔菴", "head": "GA014n0012_p0678a03"}, {"level": "2", "n": "", "type": "其他", "text": "白塔菴", "head": "GA014n0012_p0678a04"}, {"level": "2", "n": "", "type": "其他", "text": "新田菴", "head": "GA014n0012_p0678a05"}, {"level": "2", "n": "", "type": "其他", "text": "天華菴", "head": "GA014n0012_p0678a06"}, {"level": "2", "n": "", "type": "其他", "text": "雲居菴", "head": "GA014n0012_p0678a07"}, {"level": "3", "n": "", "type": "其他", "text": "概述", "head": "GA014n0012_p0678a07"}, {"level": "3", "n": "", "type": "其他", "text": "遠菴,詩", "head": "GA014n0012_p0678a08"}, {"level": "3", "n": "", "type": "其他", "text": "附：德介詩", "head": "GA014n0012_p0679a01"}, {"level": "3", "n": "", "type": "其他", "text": "張美確詩", "head": "GA014n0012_p0679a03"}, {"level": "2", "n": "", "type": "其他", "text": "大雲菴", "head": "GA014n0012_p0679a04"}, {"level": "3", "n": "", "type": "其他", "text": "概述", "head": "GA014n0012_p0679a04"}, {"level": "3", "n": "", "type": "其他", "text": "楊明詩", "head": "GA014n0012_p0679a05"}, {"level": "3", "n": "", "type": "其他", "text": "張美言詩", "head": "GA014n0012_p0679a07"}, {"level": "2", "n": "", "type": "其他", "text": "太白菴", "head": "GA014n0012_p0679a09"}, {"level": "3", "n": "", "type": "其他", "text": "概述", "head": "GA014n0012_p0679a09"}, {"level": "3", "n": "", "type": "其他", "text": "舒亶詩", "head": "GA014n0012_p0680a01"}, {"level": "2", "n": "", "type": "其他", "text": "西歸菴", "head": "GA014n0012_p0680a02"}, {"level": "2", "n": "", "type": "其他", "text": "桂花菴", "head": "GA014n0012_p0680a03"}, {"level": "2", "n": "", "type": "其他", "text": "歸來菴", "head": "GA014n0012_p0680a04"}, {"level": "3", "n": "", "type": "其他", "text": "概述", "head": "GA014n0012_p0680a04"}, {"level": "3", "n": "", "type": "其他", "text": "吳之振詩", "head": "GA014n0012_p0680a08"}, {"level": "3", "n": "", "type": "其他", "text": "呂懿謀", "head": "GA014n0012_p0681a01"}, {"level": "3", "n": "", "type": "其他", "text": "鄭梁詩", "head": "GA014n0012_p0681a03"}, {"level": "3", "n": "", "type": "其他", "text": "宋琦詩", "head": "GA014n0012_p0681a05"}, {"level": "3", "n": "", "type": "其他", "text": "向往詩", "head": "GA014n0012_p0681a07"}, {"level": "3", "n": "", "type": "其他", "text": "金燦詩", "head": "GA014n0012_p0681a09"}, {"level": "3", "n": "", "type": "其他", "text": "陸鳴臯詩", "head": "GA014n0012_p0682a02"}, {"level": "3", "n": "", "type": "其他", "text": "金梧詩", "head": "GA014n0012_p0682a04"}, {"level": "3", "n": "", "type": "其他", "text": "馮聘詩", "head": "GA014n0012_p0682a06"}, {"level": "3", "n": "", "type": "其他", "text": "卓長齡詩", "head": "GA014n0012_p0682a08"}, {"level": "3", "n": "", "type": "其他", "text": "卓允基詩", "head": "GA014n0012_p0683a01"}, {"level": "3", "n": "", "type": "其他", "text": "金以遴詩", "head": "GA014n0012_p0683a03"}, {"level": "3", "n": "", "type": "其他", "text": "呂度詩", "head": "GA014n0012_p0683a05"}, {"level": "3", "n": "", "type": "其他", "text": "邵嘉客詩", "head": "GA014n0012_p0683a07"}, {"level": "3", "n": "", "type": "其他", "text": "黃茂芳詩", "head": "GA014n0012_p0683a09"}, {"level": "3", "n": "", "type": "其他", "text": "吉英逢詩", "head": "GA014n0012_p0684a02"}, {"level": "3", "n": "", "type": "其他", "text": "王元洲詩", "head": "GA014n0012_p0684a04"}, {"level": "3", "n": "", "type": "其他", "text": "謝緒章詩", "head": "GA014n0012_p0684a06"}, {"level": "3", "n": "", "type": "其他", "text": "鄭性詩", "head": "GA014n0012_p0684a08"}, {"level": "3", "n": "", "type": "其他", "text": "萬承勳詩", "head": "GA014n0012_p0685a01"}, {"level": "3", "n": "", "type": "其他", "text": "張起宗：宿晚雲樓詩", "head": "GA014n0012_p0685a03"}, {"level": "3", "n": "", "type": "其他", "text": "董孫符：宿晚雲樓詩", "head": "GA014n0012_p0685a05"}, {"level": "3", "n": "", "type": "其他", "text": "董胡駿：集歸來菴，限韻詩", "head": "GA014n0012_p0685a07"}, {"level": "3", "n": "", "type": "其他", "text": "李暾：過歸來菴，限韻詩", "head": "GA014n0012_p0686a04"}, {"level": "3", "n": "", "type": "其他", "text": "張錫璜：前題詩", "head": "GA014n0012_p0686a07"}, {"level": "3", "n": "", "type": "其他", "text": "柴梓廷：前題詩", "head": "GA014n0012_p0687a01"}, {"level": "3", "n": "", "type": "其他", "text": "張錫璁：前題詩", "head": "GA014n0012_p0687a04"}, {"level": "3", "n": "", "type": "其他", "text": "元乘：歸來菴詩", "head": "GA014n0012_p0687a07"}, {"level": "3", "n": "", "type": "其他", "text": "又：埽塔後作詩", "head": "GA014n0012_p0687a09"}, {"level": "2", "n": "", "type": "其他", "text": "方嶺菴", "head": "GA014n0012_p0688a04"}, {"level": "3", "n": "", "type": "其他", "text": "概述", "head": "GA014n0012_p0688a04"}, {"level": "3", "n": "", "type": "其他", "text": "聞性道詩", "head": "GA014n0012_p0688a05"}, {"level": "2", "n": "", "type": "其他", "text": "清隱菴", "head": "GA014n0012_p0688a07"}, {"level": "2", "n": "", "type": "其他", "text": "指南菴", "head": "GA014n0012_p0688a08"}, {"level": "2", "n": "", "type": "其他", "text": "檀峯菴", "head": "GA014n0012_p0688a09"}, {"level": "3", "n": "", "type": "其他", "text": "概述", "head": "GA014n0012_p0688a09"}, {"level": "3", "n": "", "type": "其他", "text": "元燈詩", "head": "GA014n0012_p0689a02"}, {"level": "3", "n": "", "type": "其他", "text": "德介詩", "head": "GA014n0012_p0689a04"}, {"level": "2", "n": "", "type": "其他", "text": "小白嶺菴", "head": "GA014n0012_p0689a06"}, {"level": "3", "n": "", "type": "其他", "text": "概述", "head": "GA014n0012_p0689a06"}, {"level": "3", "n": "", "type": "其他", "text": "牧雲門詩", "head": "GA014n0012_p0689a07"}, {"level": "3", "n": "", "type": "其他", "text": "張起宗詩", "head": "GA014n0012_p0689a08"}, {"level": "3", "n": "", "type": "其他", "text": "遠菴,詩", "head": "GA014n0012_p0690a01"}, {"level": "2", "n": "", "type": "其他", "text": "太平菴", "head": "GA014n0012_p0690a02"}, {"level": "2", "n": "", "type": "其他", "text": "真際菴", "head": "GA014n0012_p0690a03"}, {"level": "3", "n": "", "type": "其他", "text": "概述", "head": "GA014n0012_p0690a03"}, {"level": "3", "n": "", "type": "其他", "text": "張鴻儒詩", "head": "GA014n0012_p0690a04"}, {"level": "2", "n": "", "type": "其他", "text": "攔路菴", "head": "GA014n0012_p0690a06"}, {"level": "3", "n": "", "type": "其他", "text": "概述", "head": "GA014n0012_p0690a06"}, {"level": "3", "n": "", "type": "其他", "text": "密雲悟：題額偈", "head": "GA014n0012_p0690a07"}, {"level": "3", "n": "", "type": "其他", "text": "石奇雲和", "head": "GA014n0012_p0690a08"}, {"level": "3", "n": "", "type": "其他", "text": "牧雲門詩", "head": "GA014n0012_p0690a09"}, {"level": "3", "n": "", "type": "其他", "text": "山幢懷和", "head": "GA014n0012_p0691a01"}, {"level": "2", "n": "", "type": "其他", "text": "天童下院", "head": "GA014n0012_p0691a02"}, {"level": "2", "n": "", "type": "其他", "text": "甬東下院", "head": "GA014n0012_p0691a03"}, {"level": "2", "n": "", "type": "其他", "text": "莊產", "head": "GA014n0012_p0691a04"}, {"level": "3", "n": "", "type": "其他", "text": "金田莊", "head": "GA014n0012_p0691a04"}, {"level": "3", "n": "", "type": "其他", "text": "小白莊", "head": "GA014n0012_p0691a05"}, {"level": "3", "n": "", "type": "其他", "text": "鄮國莊", "head": "GA014n0012_p0691a06"}, {"level": "3", "n": "", "type": "其他", "text": "三山莊", "head": "GA014n0012_p0691a07"}, {"level": "3", "n": "", "type": "其他", "text": "福林莊", "head": "GA014n0012_p0691a08"}, {"level": "3", "n": "", "type": "其他", "text": "增益莊", "head": "GA014n0012_p0691a09"}, {"level": "3", "n": "", "type": "其他", "text": "保成莊", "head": "GA014n0012_p0692a01"}, {"level": "4", "n": "", "type": "其他", "text": "概述", "head": "GA014n0012_p0692a01"}, {"level": "4", "n": "", "type": "其他", "text": "宏智覺：治塗田詩", "head": "GA014n0012_p0692a02"}, {"level": "3", "n": "", "type": "其他", "text": "大冥莊", "head": "GA014n0012_p0692a04"}, {"level": "3", "n": "", "type": "其他", "text": "舟山天童莊", "head": "GA014n0012_p0692a05"}, {"level": "3", "n": "", "type": "其他", "text": "金地莊", "head": "GA014n0012_p0692a06"}, {"level": "3", "n": "", "type": "其他", "text": "盤山莊", "head": "GA014n0012_p0692a07"}, {"level": "3", "n": "", "type": "其他", "text": "牧峰莊　鼈山莊", "head": "GA014n0012_p0692a08"}, {"level": "4", "n": "", "type": "其他", "text": "概述", "head": "GA014n0012_p0692a09"}, {"level": "4", "n": "", "type": "其他", "text": "佛真文懿大師．前天台山國清景德禪寺住持．沙門曇噩撰：萬佛塗田記", "head": "GA014n0012_p0693a02"}, {"level": "3", "n": "", "type": "其他", "text": "甬東戒願庫", "head": "GA014n0012_p0695a01"}, {"level": "3", "n": "", "type": "其他", "text": "五鄉庫", "head": "GA014n0012_p0695a02"}, {"level": "3", "n": "", "type": "其他", "text": "攔路庫", "head": "GA014n0012_p0695a03"}, {"level": "2", "n": "", "type": "其他", "text": "法產", "head": "GA014n0012_p0695a04"}, {"level": "3", "n": "", "type": "其他", "text": "概述", "head": "GA014n0012_p0695a04"}, {"level": "3", "n": "", "type": "其他", "text": "陳樹勣：法產記", "head": "GA014n0012_p0695a07"}, {"level": "3", "n": "", "type": "序", "text": "韋克振：天童砧基冊序", "head": "GA014n0012_p0698a07"}, {"level": "3", "n": "", "type": "其他", "text": "王爾祿：不役碑記", "head": "GA014n0012_p0699a08"}, {"level": "3", "n": "", "type": "序", "text": "楊之枘：自運免徭序", "head": "GA014n0012_p0702a02"}, {"level": "3", "n": "", "type": "其他", "text": "許弘勳：免徭記", "head": "GA014n0012_p0704a01"}, {"level": "1", "n": "", "type": "其他", "text": "附餘考", "head": "GA014n0012_p0707a02"}, {"level": "2", "n": "", "type": "其他", "text": "漏沙鍋", "head": "GA014n0012_p0707a03"}, {"level": "2", "n": "", "type": "其他", "text": "鬼谷子祠", "head": "GA014n0012_p0707a05"}, {"level": "2", "n": "", "type": "其他", "text": "石棊枰", "head": "GA014n0012_p0707a09"}, {"level": "2", "n": "", "type": "其他", "text": "太白廟", "head": "GA014n0012_p0708a05"}, {"level": "2", "n": "", "type": "其他", "text": "錢丞相", "head": "GA014n0012_p0708a08"}, {"level": "2", "n": "", "type": "其他", "text": "李侍郎", "head": "GA014n0012_p0709a03"}, {"level": "2", "n": "", "type": "其他", "text": "張侍郎約齋居士鎡", "head": "GA014n0012_p0709a08"}, {"level": "2", "n": "", "type": "其他", "text": "續文獻通考", "head": "GA014n0012_p0710a03"}, {"level": "2", "n": "", "type": "其他", "text": "杜墓", "head": "GA014n0012_p0710a09"}, {"level": "2", "n": "", "type": "其他", "text": "錢松窗", "head": "GA014n0012_p0711a05"}, {"level": "2", "n": "", "type": "其他", "text": "元移剌楚材晉卿", "head": "GA014n0012_p0711a08"}, {"level": "2", "n": "", "type": "其他", "text": "應菴華禪師：答翔鳳山顯忠資福詮長老書", "head": "GA014n0012_p0712a06"}, {"level": "2", "n": "", "type": "其他", "text": "了菴欲禪師：癡絕和尚書「應菴祖師法語」跋", "head": "GA014n0012_p0713a07"}, {"level": "2", "n": "", "type": "其他", "text": "又：追和滅翁祖梅屋偈", "head": "GA014n0012_p0714a02"}, {"level": "2", "n": "", "type": "其他", "text": "雲外岫禪師：《禪宗頌古聯珠通集》後跋", "head": "GA014n0012_p0714a04"}, {"level": "2", "n": "", "type": "其他", "text": "東雲佛海禪師：《千巖和上語》後跋", "head": "GA014n0012_p0714a08"}, {"level": "2", "n": "", "type": "其他", "text": "密雲悟禪師：〈天童中峰菴、佛果應菴兩祖語偈碑〉跋", "head": "GA014n0012_p0715a02"}, {"level": "2", "n": "", "type": "其他", "text": "附：佛果勤禪師示隆知藏法語碑", "head": "GA014n0012_p0716a01"}, {"level": "2", "n": "", "type": "其他", "text": "又：應菴禪師〈送傑侍者偈〉", "head": "GA014n0012_p0717a08"}, {"level": "2", "n": "", "type": "其他", "text": "牧雲門禪師：〈天童、雲門、永覺、佛日四尊宿墨蹟〉跋", "head": "GA014n0012_p0717a09"}, {"level": "2", "n": "", "type": "其他", "text": "二十里松", "head": "GA014n0012_p0718a07"}, {"level": "2", "n": "", "type": "其他", "text": "天童新伽藍周公傳", "head": "GA014n0012_p0719a03"}, {"level": "2", "n": "", "type": "其他", "text": "黃海岸", "head": "GA014n0012_p0721a07"}, {"level": "2", "n": "", "type": "其他", "text": "黃介子", "head": "GA014n0012_p0722a05"}, {"level": "2", "n": "", "type": "其他", "text": "有喜堂", "head": "GA014n0012_p0723a07"}]