[{"level": "1", "n": "1", "type": "品", "text": "1 請問品", "head": "T18n0893c_p0663b06"}, {"level": "1", "n": "2", "type": "品", "text": "2 分別阿闍梨相品", "head": "T18n0893c_p0664c27"}, {"level": "1", "n": "3", "type": "品", "text": "3 分別持誦相品", "head": "T18n0893c_p0665a21"}, {"level": "1", "n": "4", "type": "品", "text": "4 分別同伴品", "head": "T18n0893c_p0665b14"}, {"level": "1", "n": "5", "type": "品", "text": "5 擇處品", "head": "T18n0893c_p0666a02"}, {"level": "1", "n": "6", "type": "品", "text": "6 持真言法品", "head": "T18n0893c_p0666b08"}, {"level": "1", "n": "7", "type": "品", "text": "7 供養花品", "head": "T18n0893c_p0668c09"}, {"level": "1", "n": "8", "type": "品", "text": "8 塗香藥品", "head": "T18n0893c_p0669c04"}, {"level": "1", "n": "9", "type": "品", "text": "9 分別燒香品", "head": "T18n0893c_p0670a29"}, {"level": "1", "n": "10", "type": "品", "text": "10 燃燈法品", "head": "T18n0893c_p0670c16"}, {"level": "1", "n": "11", "type": "品", "text": "11 獻食品", "head": "T18n0893c_p0671a15"}, {"level": "1", "n": "12", "type": "品", "text": "12 分別悉地時分品", "head": "T18n0893c_p0673a04"}, {"level": "1", "n": "13", "type": "品", "text": "13 圓備成就品", "head": "T18n0893c_p0673b13"}, {"level": "1", "n": "14", "type": "品", "text": "14 奉請成就品", "head": "T18n0893c_p0674a02"}, {"level": "1", "n": "15", "type": "品", "text": "15 補闕少法品", "head": "T18n0893c_p0674c29"}, {"level": "1", "n": "16", "type": "品", "text": "16 被偷成物卻徵法品", "head": "T18n0893c_p0678c02"}, {"level": "1", "n": "17", "type": "品", "text": "17 成就具支法品", "head": "T18n0893c_p0680b12"}, {"level": "1", "n": "18", "type": "品", "text": "18 分別成就品", "head": "T18n0893c_p0681b02"}, {"level": "1", "n": "19", "type": "品", "text": "19 奉請品", "head": "T18n0893c_p0681c25"}, {"level": "1", "n": "20", "type": "品", "text": "20 供養品", "head": "T18n0893c_p0682b28"}, {"level": "1", "n": "21", "type": "品", "text": "21 增威品", "head": "T18n0893c_p0686c11"}, {"level": "1", "n": "22", "type": "品", "text": "22 本尊灌頂品", "head": "T18n0893c_p0687a08"}, {"level": "1", "n": "23", "type": "品", "text": "23 祈請品", "head": "T18n0893c_p0687a24"}, {"level": "1", "n": "24", "type": "品", "text": "24 受真言品", "head": "T18n0893c_p0687c08"}, {"level": "1", "n": "25", "type": "品", "text": "25 滿足真言品", "head": "T18n0893c_p0688a20"}, {"level": "1", "n": "26", "type": "品", "text": "26 增力品", "head": "T18n0893c_p0688b07"}, {"level": "1", "n": "27", "type": "品", "text": "27 護摩品", "head": "T18n0893c_p0688b19"}, {"level": "1", "n": "28", "type": "品", "text": "28 備物品", "head": "T18n0893c_p0689a15"}, {"level": "1", "n": "29", "type": "品", "text": "29 成諸物相品", "head": "T18n0893c_p0689b05"}, {"level": "1", "n": "30", "type": "品", "text": "30 取物品", "head": "T18n0893c_p0689c25"}, {"level": "1", "n": "31", "type": "品", "text": "31 淨物品", "head": "T18n0893c_p0690a06"}, {"level": "1", "n": "32", "type": "品", "text": "32 物量品", "head": "T18n0893c_p0690a17"}, {"level": "1", "n": "33", "type": "品", "text": "33 灌頂壇品", "head": "T18n0893c_p0690b07"}, {"level": "1", "n": "34", "type": "品", "text": "34 光物品", "head": "T18n0893c_p0691b01"}]