[{"level": "1", "n": "1", "type": "分", "text": "1 安住一切如來三摩地大曼拏羅分", "head": "T18n0885_p0469c21"}, {"level": "1", "n": "2", "type": "分", "text": "2 菩提心分", "head": "T18n0885_p0472a08"}, {"level": "1", "n": "3", "type": "分", "text": "3 金剛莊嚴三摩地分", "head": "T18n0885_p0472c13"}, {"level": "1", "n": "4", "type": "分", "text": "4 一切如來心曼拏羅分", "head": "T18n0885_p0473b05"}, {"level": "1", "n": "5", "type": "分", "text": "5 一切明句行分", "head": "T18n0885_p0473c24"}, {"level": "1", "n": "6", "type": "分", "text": "6 身語心加持分", "head": "T18n0885_p0474b14"}, {"level": "1", "n": "7", "type": "分", "text": "7 祕密精妙行分", "head": "T18n0885_p0475b20"}, {"level": "1", "n": "8", "type": "分", "text": "8 甘露三昧分", "head": "T18n0885_p0476b27"}, {"level": "1", "n": "9", "type": "分", "text": "9 最上清淨真實三昧分", "head": "T18n0885_p0477a29"}, {"level": "1", "n": "10", "type": "分", "text": "10 觀察一切如來心分", "head": "T18n0885_p0478a24"}, {"level": "1", "n": "11", "type": "分", "text": "11 一切如來真實三昧最上持明大士分", "head": "T18n0885_p0479a11"}, {"level": "1", "n": "12", "type": "分", "text": "12 一切如來金剛相應三昧最上成就分", "head": "T18n0885_p0481a08"}, {"level": "1", "n": "13", "type": "分", "text": "13 金剛相應莊嚴三昧真實觀想正智三摩地分", "head": "T18n0885_p0483a27"}, {"level": "1", "n": "14", "type": "分", "text": "14 身語心未曾有大明句召尾日林毘多王最勝三摩地分", "head": "T18n0885_p0488a21"}, {"level": "1", "n": "15", "type": "分", "text": "15 一切心真實金剛出生三昧分", "head": "T18n0885_p0493b02"}, {"level": "1", "n": "16", "type": "分", "text": "16 一切曼拏羅成就金剛現證菩提分", "head": "T18n0885_p0497b17"}, {"level": "1", "n": "17", "type": "分", "text": "17 一切如來三昧法金剛加持王分", "head": "T18n0885_p0500c08"}, {"level": "1", "n": "18", "type": "分", "text": "18 宣說一切祕密行金剛加持分", "head": "T18n0885_p0506a06"}]