[{"level": "1", "n": "1", "type": "品", "text": "1 律分品", "head": "T18n0895a_p0719a06"}, {"level": "1", "n": "2", "type": "品", "text": "2 分別處所分品", "head": "T18n0895a_p0720b24"}, {"level": "1", "n": "3", "type": "品", "text": "3 除障分品", "head": "T18n0895a_p0722a11"}, {"level": "1", "n": "4", "type": "品", "text": "4 分別金剛杵及藥證驗分品", "head": "T18n0895a_p0723a07"}, {"level": "1", "n": "5", "type": "品", "text": "5 分別成就相分品", "head": "T18n0895a_p0725a20"}, {"level": "1", "n": "6", "type": "品", "text": "6 念誦真言軌則觀像印等夢證分品", "head": "T18n0895a_p0726a19"}, {"level": "1", "n": "7", "type": "品", "text": "7 悉地相分品", "head": "T18n0895a_p0726c29"}, {"level": "1", "n": "8", "type": "品", "text": "8 下缽私那分品", "head": "T18n0895a_p0728a15"}, {"level": "1", "n": "9", "type": "品", "text": "9 分別遮難分品", "head": "T18n0895a_p0728c29"}, {"level": "1", "n": "10", "type": "品", "text": "10 分別道分品", "head": "T18n0895a_p0730a18"}, {"level": "1", "n": "11", "type": "品", "text": "11 分別諸部分品", "head": "T18n0895a_p0731b26"}, {"level": "1", "n": "12", "type": "品", "text": "12 分別八法分品", "head": "T18n0895a_p0732b06"}]