[{"level": "1", "n": "1", "type": "會", "text": "1 供養方便會", "head": "T18n0852b_p0127b07"}, {"level": "1", "n": "2", "type": "品", "text": "2 菩提幢密印標幟祕密漫荼羅法品", "head": "T18n0852b_p0129a17"}, {"level": "1", "n": "3", "type": "會", "text": "6 第六會", "head": "T18n0852b_p0132a18"}, {"level": "1", "n": "4", "type": "會", "text": "2 第二會", "head": "T18n0852b_p0132c16"}, {"level": "1", "n": "5", "type": "會", "text": "3 第三會", "head": "T18n0852b_p0133a15"}, {"level": "1", "n": "6", "type": "會", "text": "8 第八會", "head": "T18n0852b_p0133c29"}, {"level": "1", "n": "7", "type": "會", "text": "9 第九會", "head": "T18n0852b_p0134b22"}, {"level": "1", "n": "9", "type": "會", "text": "10 第十會", "head": "T18n0852b_p0135a18"}, {"level": "1", "n": "10", "type": "會", "text": "11 第十一會", "head": "T18n0852b_p0135b18"}]