[{"level": "1", "n": "1", "type": "分", "text": "1 影像分", "head": "T18n0887_p0514b12"}, {"level": "1", "n": "2", "type": "分", "text": "2 智部三摩地分", "head": "T18n0887_p0516c25"}, {"level": "1", "n": "3", "type": "分", "text": "3 真實攝部三摩地分", "head": "T18n0887_p0518a15"}, {"level": "1", "n": "4", "type": "分", "text": "4 法部三摩地分", "head": "T18n0887_p0519b14"}, {"level": "1", "n": "5", "type": "分", "text": "5 迦摩部三摩地分", "head": "T18n0887_p0520a23"}, {"level": "1", "n": "6", "type": "分", "text": "6 三昧最上智一切成就分", "head": "T18n0887_p0520c06"}, {"level": "1", "n": "7", "type": "分", "text": "7 一切佛甚深祕密供養分", "head": "T18n0887_p0521a05"}, {"level": "1", "n": "8", "type": "分", "text": "8 一切如來智證最上祕密分", "head": "T18n0887_p0522a13"}, {"level": "1", "n": "9", "type": "分", "text": "9 金剛薩埵一切祕密三昧分", "head": "T18n0887_p0522c08"}, {"level": "1", "n": "10", "type": "分", "text": "10 一切三昧成就禪定曼拏羅分", "head": "T18n0887_p0523b26"}, {"level": "1", "n": "11", "type": "分", "text": "11 大禪定分", "head": "T18n0887_p0524a02"}, {"level": "1", "n": "12", "type": "分", "text": "12 出生大禪定分", "head": "T18n0887_p0525b14"}, {"level": "1", "n": "13", "type": "分", "text": "13 勝大明教最初事業分", "head": "T18n0887_p0525c22"}, {"level": "1", "n": "14", "type": "分", "text": "14 辦事分", "head": "T18n0887_p0526c20"}, {"level": "1", "n": "15", "type": "分", "text": "15 大遍照如來一切大明金剛出生分", "head": "T18n0887_p0527a04"}, {"level": "1", "n": "16", "type": "分", "text": "16 一切大明三昧分", "head": "T18n0887_p0532b04"}, {"level": "1", "n": "17", "type": "分", "text": "17 一切如來一切大明遣魔分", "head": "T18n0887_p0532b22"}, {"level": "1", "n": "18", "type": "分", "text": "18 一切如來祕密金剛薩埵承事分", "head": "T18n0887_p0532c09"}, {"level": "1", "n": "19", "type": "分", "text": "19 一切如來大明如意寶分", "head": "T18n0887_p0533b07"}, {"level": "1", "n": "20", "type": "分", "text": "20 集一切大明三摩地分", "head": "T18n0887_p0535a12"}, {"level": "1", "n": "21", "type": "分", "text": "21 一切如來身語心清淨自性金剛大智分", "head": "T18n0887_p0536a16"}]