[{"level": "1", "n": "1", "type": "分", "text": "1 伴侶分", "head": "T18n0895b_p0735b08"}, {"level": "1", "n": "2", "type": "分", "text": "2 分別處所分", "head": "T18n0895b_p0736a03"}, {"level": "1", "n": "3", "type": "分", "text": "3 法相分", "head": "T18n0895b_p0736c25"}, {"level": "1", "n": "4", "type": "分", "text": "4 分別金剛杵分", "head": "T18n0895b_p0737c07"}, {"level": "1", "n": "5", "type": "分", "text": "5 分別成就相分", "head": "T18n0895b_p0739a29"}, {"level": "1", "n": "6", "type": "分", "text": "6 漸近悉地持誦相分", "head": "T18n0895b_p0740c09"}, {"level": "1", "n": "7", "type": "分", "text": "8 下缽私那分", "head": "T18n0895b_p0742a06"}, {"level": "1", "n": "8", "type": "分", "text": "9 分別遮難分", "head": "T18n0895b_p0742c13"}, {"level": "1", "n": "9", "type": "分", "text": "10 分別護摩分", "head": "T18n0895b_p0743a07"}, {"level": "1", "n": "10", "type": "分", "text": "11 分別聖道分", "head": "T18n0895b_p0743b04"}, {"level": "1", "n": "11", "type": "分", "text": "12 分別諸部分", "head": "T18n0895b_p0744b07"}, {"level": "1", "n": "12", "type": "分", "text": "13 分別八法分", "head": "T18n0895b_p0745a06"}]