[{"level": "1", "n": "", "type": "序", "text": "佛說陀羅尼集經翻譯序", "head": "T18n0901_p0785a03"}, {"level": "1", "n": "1", "type": "品", "text": "1 釋迦佛頂三昧陀羅尼品", "head": "T18n0901_p0785b10"}, {"level": "2", "n": "1", "type": "其他", "text": "1 釋迦佛頂身印", "head": "T18n0901_p0786b05"}, {"level": "2", "n": "2", "type": "其他", "text": "2 佛頂破魔結界降伏印咒", "head": "T18n0901_p0787c05"}, {"level": "2", "n": "3", "type": "其他", "text": "3 佛頂奉請印", "head": "T18n0901_p0788a19"}, {"level": "2", "n": "4", "type": "其他", "text": "4 蓮華捧足印咒", "head": "T18n0901_p0788a26"}, {"level": "2", "n": "5", "type": "其他", "text": "5 座印", "head": "T18n0901_p0788b02"}, {"level": "2", "n": "6", "type": "其他", "text": "6 金剛藏菩薩印咒", "head": "T18n0901_p0788b09"}, {"level": "2", "n": "7", "type": "其他", "text": "7 十一面觀世音菩薩印咒", "head": "T18n0901_p0788b18"}, {"level": "2", "n": "8", "type": "其他", "text": "8 大三昧敕語結界印咒", "head": "T18n0901_p0788c04"}, {"level": "2", "n": "9", "type": "其他", "text": "9 那謨悉羯囉印咒", "head": "T18n0901_p0789a21"}, {"level": "2", "n": "10", "type": "其他", "text": "10 數珠印", "head": "T18n0901_p0789b27"}, {"level": "2", "n": "11", "type": "其他", "text": "11 佛頂頭印", "head": "T18n0901_p0789c17"}, {"level": "2", "n": "12", "type": "其他", "text": "12 佛頂轉法輪印咒", "head": "T18n0901_p0789c25"}, {"level": "2", "n": "13", "type": "其他", "text": "13 帝殊囉施金輪印咒", "head": "T18n0901_p0790a07"}, {"level": "2", "n": "14", "type": "其他", "text": "14 又帝殊羅施金輪佛頂心法印咒", "head": "T18n0901_p0790a16"}, {"level": "2", "n": "15", "type": "其他", "text": "金輪佛頂像法", "head": "T18n0901_p0790a22"}, {"level": "2", "n": "16", "type": "其他", "text": "15 放白光明佛頂印", "head": "T18n0901_p0790c18"}, {"level": "2", "n": "17", "type": "其他", "text": "16 又有白光明佛頂印", "head": "T18n0901_p0790c23"}, {"level": "2", "n": "18", "type": "其他", "text": "17 若那斫迦羅印咒", "head": "T18n0901_p0791b08"}, {"level": "2", "n": "19", "type": "其他", "text": "18 若奴瑟儞沙印咒", "head": "T18n0901_p0791b22"}, {"level": "2", "n": "20", "type": "其他", "text": "19 迦黎沙舍尼印咒", "head": "T18n0901_p0791b28"}, {"level": "2", "n": "21", "type": "其他", "text": "20 阿跋囉質多印咒", "head": "T18n0901_p0791c08"}, {"level": "2", "n": "22", "type": "其他", "text": "21 釋迦牟尼佛懺悔法印咒", "head": "T18n0901_p0791c18"}, {"level": "2", "n": "23", "type": "其他", "text": "22 佛頂刀印咒", "head": "T18n0901_p0791c26"}, {"level": "2", "n": "24", "type": "其他", "text": "23 佛頂索印咒", "head": "T18n0901_p0792b02"}, {"level": "2", "n": "25", "type": "其他", "text": "24 佛頂縛鬼印咒", "head": "T18n0901_p0792b11"}, {"level": "2", "n": "26", "type": "其他", "text": "25 釋迦佛眼印咒", "head": "T18n0901_p0792b27"}, {"level": "2", "n": "27", "type": "其他", "text": "26 釋迦佛印", "head": "T18n0901_p0792c08"}, {"level": "2", "n": "28", "type": "其他", "text": "27 釋迦佛印", "head": "T18n0901_p0792c11"}, {"level": "2", "n": "29", "type": "其他", "text": "28 釋迦佛印", "head": "T18n0901_p0792c13"}, {"level": "2", "n": "30", "type": "其他", "text": "29 斫迦囉跋囉底印咒", "head": "T18n0901_p0792c17"}, {"level": "2", "n": "31", "type": "其他", "text": "30 佛斫迦羅法印", "head": "T18n0901_p0792c21"}, {"level": "2", "n": "32", "type": "其他", "text": "31 如來施眾生無畏法印咒", "head": "T18n0901_p0792c26"}, {"level": "2", "n": "33", "type": "其他", "text": "32 一字佛頂法咒", "head": "T18n0901_p0793a04"}, {"level": "2", "n": "34", "type": "其他", "text": "佛頂八肘壇法", "head": "T18n0901_p0793a25"}, {"level": "2", "n": "35", "type": "其他", "text": "金剛地印法", "head": "T18n0901_p0794a15"}, {"level": "2", "n": "36", "type": "其他", "text": "七日作法", "head": "T18n0901_p0794c10"}, {"level": "2", "n": "37", "type": "其他", "text": "畫一切佛頂像法", "head": "T18n0901_p0795a23"}, {"level": "2", "n": "38", "type": "其他", "text": "1 薩婆菩陀烏瑟膩沙印咒", "head": "T18n0901_p0796a13"}, {"level": "2", "n": "39", "type": "其他", "text": "2 釋迦佛心印咒", "head": "T18n0901_p0796a25"}, {"level": "2", "n": "40", "type": "其他", "text": "3 又佛心印咒", "head": "T18n0901_p0796b07"}, {"level": "2", "n": "41", "type": "其他", "text": "4 又佛心印咒", "head": "T18n0901_p0796b22"}, {"level": "2", "n": "42", "type": "其他", "text": "5 又佛心印", "head": "T18n0901_p0796c06"}, {"level": "2", "n": "43", "type": "其他", "text": "6 一切佛心印咒", "head": "T18n0901_p0796c27"}, {"level": "2", "n": "44", "type": "其他", "text": "7 又一切佛心印咒", "head": "T18n0901_p0797a21"}, {"level": "2", "n": "45", "type": "其他", "text": "8 一切佛小心印", "head": "T18n0901_p0797b10"}, {"level": "2", "n": "46", "type": "其他", "text": "9 一切佛眼印咒", "head": "T18n0901_p0797b27"}, {"level": "2", "n": "47", "type": "其他", "text": "10 佛眉間白毫相印咒", "head": "T18n0901_p0797c06"}, {"level": "2", "n": "48", "type": "其他", "text": "11 佛牙印咒", "head": "T18n0901_p0797c19"}, {"level": "2", "n": "49", "type": "其他", "text": "12 又一切佛眼印咒", "head": "T18n0901_p0797c27"}, {"level": "2", "n": "50", "type": "其他", "text": "13 佛跋折囉止一切毒蟲印咒", "head": "T18n0901_p0798a05"}, {"level": "2", "n": "51", "type": "其他", "text": "14 又佛跋折囉印咒", "head": "T18n0901_p0798a19"}, {"level": "2", "n": "52", "type": "其他", "text": "15 又一切佛跋折囉印咒", "head": "T18n0901_p0798b01"}, {"level": "2", "n": "53", "type": "其他", "text": "16 一切佛棒印咒", "head": "T18n0901_p0798b11"}, {"level": "2", "n": "54", "type": "其他", "text": "17 一切佛刀刺一切鬼印咒", "head": "T18n0901_p0798b18"}, {"level": "2", "n": "55", "type": "其他", "text": "18 淨王佛頂印咒", "head": "T18n0901_p0798b27"}, {"level": "2", "n": "56", "type": "其他", "text": "19 缽頭摩婆皤娑佛頂印咒", "head": "T18n0901_p0798c16"}, {"level": "2", "n": "57", "type": "其他", "text": "20 毘摩羅婆皤娑佛印咒", "head": "T18n0901_p0798c20"}, {"level": "2", "n": "58", "type": "其他", "text": "21 囉怛那尸緊雞佛印咒", "head": "T18n0901_p0798c26"}, {"level": "2", "n": "59", "type": "其他", "text": "22 毘婆尸佛印咒", "head": "T18n0901_p0799a04"}, {"level": "2", "n": "60", "type": "其他", "text": "23 因陀囉達婆闍佛印咒", "head": "T18n0901_p0799a11"}, {"level": "2", "n": "61", "type": "其他", "text": "24 北方相德佛頂印咒", "head": "T18n0901_p0799a17"}, {"level": "2", "n": "62", "type": "其他", "text": "25 藥師琉璃光佛印咒", "head": "T18n0901_p0799a24"}, {"level": "2", "n": "63", "type": "其他", "text": "26 續驗灌頂印咒", "head": "T18n0901_p0799c25"}, {"level": "2", "n": "64", "type": "其他", "text": "1 阿彌陀佛大思惟經說序分", "head": "T18n0901_p0800a03"}, {"level": "2", "n": "65", "type": "其他", "text": "1 阿彌陀佛身印", "head": "T18n0901_p0801a25"}, {"level": "2", "n": "66", "type": "其他", "text": "2 阿彌陀佛大心印", "head": "T18n0901_p0801b01"}, {"level": "2", "n": "67", "type": "其他", "text": "3 阿彌陀護身結界印", "head": "T18n0901_p0801b11"}, {"level": "2", "n": "68", "type": "其他", "text": "4 阿彌陀坐禪印", "head": "T18n0901_p0801b14"}, {"level": "2", "n": "69", "type": "其他", "text": "5 阿彌陀佛滅罪印", "head": "T18n0901_p0801b23"}, {"level": "2", "n": "70", "type": "其他", "text": "6 阿彌陀佛心印", "head": "T18n0901_p0801c07"}, {"level": "2", "n": "71", "type": "其他", "text": "7 文殊師利印咒", "head": "T18n0901_p0801c14"}, {"level": "2", "n": "72", "type": "其他", "text": "8 十一面觀世音印咒", "head": "T18n0901_p0801c19"}, {"level": "2", "n": "73", "type": "其他", "text": "9 大勢至菩薩印咒", "head": "T18n0901_p0801c25"}, {"level": "2", "n": "74", "type": "其他", "text": "10 又大勢至菩薩印", "head": "T18n0901_p0802a05"}, {"level": "2", "n": "75", "type": "其他", "text": "11 又一大勢至印", "head": "T18n0901_p0802a09"}, {"level": "2", "n": "76", "type": "其他", "text": "12 阿彌陀佛頂印", "head": "T18n0901_p0802b04"}, {"level": "2", "n": "77", "type": "其他", "text": "13 阿彌陀佛輪印", "head": "T18n0901_p0802b12"}, {"level": "2", "n": "78", "type": "其他", "text": "14 阿彌陀佛療病法印", "head": "T18n0901_p0802c14"}, {"level": "1", "n": "2", "type": "品", "text": "佛說作數珠法相品", "head": "T18n0901_p0802c20"}, {"level": "2", "n": "1", "type": "其他", "text": "大輪金剛陀羅尼", "head": "T18n0901_p0803b11"}, {"level": "1", "n": "3", "type": "品", "text": "佛說跋折囉功能法相品", "head": "T18n0901_p0803b24"}, {"level": "2", "n": "1", "type": "其他", "text": "作跋折囉并功德法", "head": "T18n0901_p0803c17"}, {"level": "2", "n": "2", "type": "其他", "text": "般若波羅蜜多大心經", "head": "T18n0901_p0804c15"}, {"level": "2", "n": "3", "type": "其他", "text": "畫大般若像法", "head": "T18n0901_p0805a29"}, {"level": "2", "n": "4", "type": "其他", "text": "1 般若身印", "head": "T18n0901_p0805c19"}, {"level": "2", "n": "5", "type": "其他", "text": "2 般若來印", "head": "T18n0901_p0805c23"}, {"level": "2", "n": "6", "type": "其他", "text": "3 般若去印", "head": "T18n0901_p0805c26"}, {"level": "2", "n": "7", "type": "其他", "text": "4 般若心印", "head": "T18n0901_p0806a04"}, {"level": "2", "n": "8", "type": "其他", "text": "5 般若大心印", "head": "T18n0901_p0806a07"}, {"level": "2", "n": "9", "type": "其他", "text": "6 般若頭印", "head": "T18n0901_p0806a10"}, {"level": "2", "n": "10", "type": "其他", "text": "7 般若縛魔印", "head": "T18n0901_p0806a13"}, {"level": "2", "n": "11", "type": "其他", "text": "8 般若伏魔印", "head": "T18n0901_p0806a18"}, {"level": "2", "n": "12", "type": "其他", "text": "9 般若奢摩他印", "head": "T18n0901_p0806a22"}, {"level": "2", "n": "13", "type": "其他", "text": "10 般若奢摩他四禪印", "head": "T18n0901_p0806a27"}, {"level": "2", "n": "14", "type": "其他", "text": "11 般若懺悔印", "head": "T18n0901_p0806b04"}, {"level": "2", "n": "15", "type": "其他", "text": "12 般若無盡藏印咒", "head": "T18n0901_p0806b11"}, {"level": "2", "n": "16", "type": "其他", "text": "13 般若使者印", "head": "T18n0901_p0806c21"}, {"level": "2", "n": "17", "type": "其他", "text": "14 大般若波羅蜜多陀羅尼", "head": "T18n0901_p0806c26"}, {"level": "2", "n": "18", "type": "其他", "text": "15 般若波羅蜜多聰明陀羅尼", "head": "T18n0901_p0807a22"}, {"level": "2", "n": "19", "type": "其他", "text": "16 般若大心陀羅尼", "head": "T18n0901_p0807b19"}, {"level": "2", "n": "20", "type": "其他", "text": "17 般若心陀羅尼", "head": "T18n0901_p0807b27"}, {"level": "2", "n": "21", "type": "其他", "text": "18 般若聞持不忘陀羅尼", "head": "T18n0901_p0807c03"}, {"level": "2", "n": "22", "type": "其他", "text": "19 又般若小心陀羅尼", "head": "T18n0901_p0807c07"}, {"level": "2", "n": "23", "type": "其他", "text": "般若壇法", "head": "T18n0901_p0808a04"}, {"level": "2", "n": "24", "type": "其他", "text": "20 請十六藥叉大將真言", "head": "T18n0901_p0809b09"}, {"level": "2", "n": "25", "type": "其他", "text": "甘露軍茶利辟除尾那夜迦法印真言", "head": "T18n0901_p0810a12"}, {"level": "2", "n": "26", "type": "其他", "text": "結地界法印真言", "head": "T18n0901_p0810a23"}, {"level": "2", "n": "27", "type": "其他", "text": "結四方界法印真言", "head": "T18n0901_p0810b05"}, {"level": "2", "n": "28", "type": "其他", "text": "結虛空界法印真言", "head": "T18n0901_p0810b12"}, {"level": "2", "n": "29", "type": "其他", "text": "十一面觀世音神咒經", "head": "T18n0901_p0812b14"}, {"level": "2", "n": "30", "type": "其他", "text": "1 十一面三昧印", "head": "T18n0901_p0816c08"}, {"level": "2", "n": "31", "type": "其他", "text": "2 身印", "head": "T18n0901_p0816c16"}, {"level": "2", "n": "32", "type": "其他", "text": "3 大心印咒", "head": "T18n0901_p0817a01"}, {"level": "2", "n": "33", "type": "其他", "text": "4 小心印咒", "head": "T18n0901_p0817a11"}, {"level": "2", "n": "34", "type": "其他", "text": "5 闍吒印咒", "head": "T18n0901_p0817a28"}, {"level": "2", "n": "35", "type": "其他", "text": "6 華座印咒", "head": "T18n0901_p0817b16"}, {"level": "2", "n": "36", "type": "其他", "text": "7 觀世音護身印咒", "head": "T18n0901_p0817b26"}, {"level": "2", "n": "37", "type": "其他", "text": "8 婆羅跢印咒", "head": "T18n0901_p0817c10"}, {"level": "2", "n": "38", "type": "其他", "text": "9 觀世音檀陀印咒", "head": "T18n0901_p0818a04"}, {"level": "2", "n": "39", "type": "其他", "text": "10 觀世音甘露印咒", "head": "T18n0901_p0818b04"}, {"level": "2", "n": "40", "type": "其他", "text": "11 掐數珠印", "head": "T18n0901_p0818c15"}, {"level": "2", "n": "41", "type": "其他", "text": "12 君馳印咒", "head": "T18n0901_p0818c22"}, {"level": "2", "n": "42", "type": "其他", "text": "13 十果報印咒", "head": "T18n0901_p0819a06"}, {"level": "2", "n": "43", "type": "其他", "text": "14 闍夜印", "head": "T18n0901_p0819b18"}, {"level": "2", "n": "44", "type": "其他", "text": "15 羯瑟那自那印咒", "head": "T18n0901_p0819b25"}, {"level": "2", "n": "45", "type": "其他", "text": "16 檀那波羅蜜多印咒", "head": "T18n0901_p0819c09"}, {"level": "2", "n": "46", "type": "其他", "text": "17 觀世音輪印咒", "head": "T18n0901_p0819c21"}, {"level": "2", "n": "47", "type": "其他", "text": "18 觀世音華鬘印咒", "head": "T18n0901_p0820a05"}, {"level": "2", "n": "48", "type": "其他", "text": "19 觀世音槊印咒", "head": "T18n0901_p0820a21"}, {"level": "2", "n": "49", "type": "其他", "text": "20 鴦俱舍印咒", "head": "T18n0901_p0820b05"}, {"level": "2", "n": "50", "type": "其他", "text": "21 觀世音罥索印", "head": "T18n0901_p0820b22"}, {"level": "2", "n": "51", "type": "其他", "text": "22 觀世音商佉印咒", "head": "T18n0901_p0820c02"}, {"level": "2", "n": "52", "type": "其他", "text": "23 什皤羅印咒", "head": "T18n0901_p0820c24"}, {"level": "2", "n": "53", "type": "其他", "text": "24 觀世音大心印咒", "head": "T18n0901_p0821a07"}, {"level": "2", "n": "54", "type": "其他", "text": "25 觀世音散華印咒", "head": "T18n0901_p0821a29"}, {"level": "2", "n": "55", "type": "其他", "text": "26 禮拜印咒", "head": "T18n0901_p0821c27"}, {"level": "2", "n": "56", "type": "其他", "text": "27 毘社富囉迦印", "head": "T18n0901_p0822a15"}, {"level": "2", "n": "57", "type": "其他", "text": "28 毘居唎多印", "head": "T18n0901_p0822a20"}, {"level": "2", "n": "58", "type": "其他", "text": "29 離羅印", "head": "T18n0901_p0822a26"}, {"level": "2", "n": "59", "type": "其他", "text": "30 婆羊揭唎印", "head": "T18n0901_p0822b04"}, {"level": "2", "n": "60", "type": "其他", "text": "31 娑馱印", "head": "T18n0901_p0822b10"}, {"level": "2", "n": "61", "type": "其他", "text": "32 阿嚕陀囉印", "head": "T18n0901_p0822b17"}, {"level": "2", "n": "62", "type": "其他", "text": "33 特崩沙尼印", "head": "T18n0901_p0822b25"}, {"level": "2", "n": "63", "type": "其他", "text": "34 闇耶印", "head": "T18n0901_p0822c03"}, {"level": "2", "n": "64", "type": "其他", "text": "35 毘闍耶印", "head": "T18n0901_p0822c10"}, {"level": "2", "n": "65", "type": "其他", "text": "36 阿目多印", "head": "T18n0901_p0822c23"}, {"level": "2", "n": "66", "type": "其他", "text": "37 阿波羅質多印", "head": "T18n0901_p0823a08"}, {"level": "2", "n": "67", "type": "其他", "text": "38 魔羅栖那波囉末陀儞印", "head": "T18n0901_p0823a17"}, {"level": "2", "n": "68", "type": "其他", "text": "39 咥哩首羅印咒", "head": "T18n0901_p0823a28"}, {"level": "2", "n": "69", "type": "其他", "text": "40 觀世音索印", "head": "T18n0901_p0823b14"}, {"level": "2", "n": "70", "type": "其他", "text": "41 觀世音母印", "head": "T18n0901_p0823b19"}, {"level": "2", "n": "71", "type": "其他", "text": "42 觀世音母娑羅跢印", "head": "T18n0901_p0823c03"}, {"level": "2", "n": "72", "type": "其他", "text": "43 摩訶摩羅印", "head": "T18n0901_p0823c05"}, {"level": "2", "n": "73", "type": "其他", "text": "44 觀世音檀陀印", "head": "T18n0901_p0823c13"}, {"level": "2", "n": "74", "type": "其他", "text": "45 觀世音君馳印咒", "head": "T18n0901_p0823c19"}, {"level": "2", "n": "75", "type": "其他", "text": "46 鴦俱舍印", "head": "T18n0901_p0823c27"}, {"level": "2", "n": "76", "type": "其他", "text": "47 般那摩印", "head": "T18n0901_p0824a03"}, {"level": "2", "n": "77", "type": "其他", "text": "48 跋折囉母瑟知印", "head": "T18n0901_p0824a06"}, {"level": "2", "n": "78", "type": "其他", "text": "49 阿叉摩羅印亦名跢賒波囉蜜多印", "head": "T18n0901_p0824a10"}, {"level": "2", "n": "79", "type": "其他", "text": "50 阿彌陀佛印咒", "head": "T18n0901_p0824a18"}, {"level": "2", "n": "80", "type": "其他", "text": "51 釋迦牟尼佛眼印咒", "head": "T18n0901_p0824a27"}, {"level": "2", "n": "81", "type": "其他", "text": "52 地天印咒", "head": "T18n0901_p0824b03"}, {"level": "2", "n": "82", "type": "其他", "text": "1 千轉觀世音菩薩心印咒", "head": "T18n0901_p0825c16"}, {"level": "2", "n": "83", "type": "其他", "text": "2 又千轉印咒", "head": "T18n0901_p0825c24"}, {"level": "2", "n": "84", "type": "其他", "text": "3 觀世音母身法印", "head": "T18n0901_p0826c10"}, {"level": "2", "n": "85", "type": "其他", "text": "4 觀世音母心印咒", "head": "T18n0901_p0826c22"}, {"level": "2", "n": "86", "type": "其他", "text": "5 持一切觀世音菩薩三昧印咒", "head": "T18n0901_p0827a03"}, {"level": "2", "n": "87", "type": "其他", "text": "6 觀世音菩薩隨心印咒", "head": "T18n0901_p0827a10"}, {"level": "2", "n": "88", "type": "其他", "text": "7 又有隨心觀世音印", "head": "T18n0901_p0827b09"}, {"level": "2", "n": "89", "type": "其他", "text": "8 隨心觀世音祈一切願印", "head": "T18n0901_p0827b12"}, {"level": "2", "n": "90", "type": "其他", "text": "9 十二臂觀世音菩薩身印咒", "head": "T18n0901_p0827b26"}, {"level": "2", "n": "91", "type": "其他", "text": "10 觀世音菩薩不空罥索身印咒", "head": "T18n0901_p0827c07"}, {"level": "2", "n": "92", "type": "其他", "text": "11 觀世音菩薩不空罥索口法印", "head": "T18n0901_p0827c19"}, {"level": "2", "n": "93", "type": "其他", "text": "12 觀世音菩薩不空罥索牙法印", "head": "T18n0901_p0827c26"}, {"level": "2", "n": "94", "type": "其他", "text": "13 觀世音菩薩不空罥索心中心咒", "head": "T18n0901_p0828a10"}, {"level": "2", "n": "95", "type": "其他", "text": "畫觀世音菩薩像法", "head": "T18n0901_p0828a18"}, {"level": "1", "n": "4", "type": "品", "text": "觀世音毘俱知菩薩三昧法印咒品", "head": "T18n0901_p0829a01"}, {"level": "2", "n": "1", "type": "其他", "text": "1 毘俱知大身法印咒", "head": "T18n0901_p0829a16"}, {"level": "2", "n": "2", "type": "其他", "text": "2 毘俱知大心咒", "head": "T18n0901_p0829b06"}, {"level": "2", "n": "3", "type": "其他", "text": "3 毘俱知中大心咒", "head": "T18n0901_p0829b09"}, {"level": "2", "n": "4", "type": "其他", "text": "4 毘俱知小心咒", "head": "T18n0901_p0829b12"}, {"level": "2", "n": "5", "type": "其他", "text": "5 毘俱知中小心咒", "head": "T18n0901_p0829b14"}, {"level": "2", "n": "6", "type": "其他", "text": "6 請毘俱知來咒", "head": "T18n0901_p0829b16"}, {"level": "2", "n": "7", "type": "其他", "text": "7 毘俱知一切用咒", "head": "T18n0901_p0829b18"}, {"level": "2", "n": "8", "type": "其他", "text": "8 毘俱知頂咒", "head": "T18n0901_p0829b21"}, {"level": "2", "n": "9", "type": "其他", "text": "9 毘俱知香鑪法印咒", "head": "T18n0901_p0829b25"}, {"level": "2", "n": "10", "type": "其他", "text": "10 毘俱知香水法印咒", "head": "T18n0901_p0829c04"}, {"level": "2", "n": "11", "type": "其他", "text": "11 毘俱知護身法印咒", "head": "T18n0901_p0829c11"}, {"level": "2", "n": "12", "type": "其他", "text": "12 毘俱知結地。界法印咒", "head": "T18n0901_p0829c16"}, {"level": "2", "n": "13", "type": "其他", "text": "13 毘俱知結四方界法印咒", "head": "T18n0901_p0829c24"}, {"level": "2", "n": "14", "type": "其他", "text": "14 毘俱知結上方界法印咒", "head": "T18n0901_p0830a03"}, {"level": "2", "n": "15", "type": "其他", "text": "毘俱知師子座法印", "head": "T18n0901_p0830a12"}, {"level": "2", "n": "16", "type": "其他", "text": "毘俱知歡喜法印", "head": "T18n0901_p0830a16"}, {"level": "2", "n": "17", "type": "其他", "text": "毘俱知供養法印", "head": "T18n0901_p0830a23"}, {"level": "2", "n": "18", "type": "其他", "text": "毘俱知隨心法印", "head": "T18n0901_p0830a28"}, {"level": "2", "n": "19", "type": "其他", "text": "毘俱知施與一切食法印", "head": "T18n0901_p0830b05"}, {"level": "2", "n": "20", "type": "其他", "text": "毘俱知華供養法印咒", "head": "T18n0901_p0830b11"}, {"level": "2", "n": "21", "type": "其他", "text": "毘俱知香供養咒", "head": "T18n0901_p0830b19"}, {"level": "2", "n": "22", "type": "其他", "text": "毘俱知滅罪咒", "head": "T18n0901_p0830b22"}, {"level": "2", "n": "23", "type": "其他", "text": "毘俱知萬里結界供養咒", "head": "T18n0901_p0830b28"}, {"level": "2", "n": "24", "type": "其他", "text": "毘俱知作壇泥地供養咒", "head": "T18n0901_p0830c05"}, {"level": "1", "n": "5", "type": "品", "text": "毘俱知菩薩降魔印咒法品", "head": "T18n0901_p0830c10"}, {"level": "2", "n": "1", "type": "其他", "text": "毘俱知法甲咒", "head": "T18n0901_p0830c11"}, {"level": "2", "n": "2", "type": "其他", "text": "毘俱知法弩咒", "head": "T18n0901_p0830c14"}, {"level": "2", "n": "3", "type": "其他", "text": "毘俱知法左射咒", "head": "T18n0901_p0830c16"}, {"level": "2", "n": "4", "type": "其他", "text": "毘俱知法右射咒", "head": "T18n0901_p0830c18"}, {"level": "2", "n": "5", "type": "其他", "text": "毘俱知法箭咒", "head": "T18n0901_p0830c20"}, {"level": "2", "n": "6", "type": "其他", "text": "毘俱知解一切外道及諸法事等結界咒", "head": "T18n0901_p0830c22"}, {"level": "2", "n": "7", "type": "其他", "text": "毘俱知斫迦羅法印", "head": "T18n0901_p0830c28"}, {"level": "2", "n": "8", "type": "其他", "text": "毘俱知跋折囉法印", "head": "T18n0901_p0831a02"}, {"level": "2", "n": "9", "type": "其他", "text": "毘俱知打一切鬼法印", "head": "T18n0901_p0831a06"}, {"level": "2", "n": "10", "type": "其他", "text": "毘俱知三眼法印", "head": "T18n0901_p0831a11"}, {"level": "2", "n": "11", "type": "其他", "text": "毘俱知掐數珠法印咒", "head": "T18n0901_p0831a19"}, {"level": "2", "n": "12", "type": "其他", "text": "毘俱知捻灰法印咒", "head": "T18n0901_p0831a27"}, {"level": "2", "n": "13", "type": "其他", "text": "毘俱知發遣一切去法印咒", "head": "T18n0901_p0831b06"}, {"level": "1", "n": "6", "type": "品", "text": "毘俱知菩薩使者法印品", "head": "T18n0901_p0831b15"}, {"level": "2", "n": "1", "type": "其他", "text": "使者缽囉塔摩咒", "head": "T18n0901_p0831b19"}, {"level": "2", "n": "2", "type": "其他", "text": "使者缽囉薩那咒", "head": "T18n0901_p0831b22"}, {"level": "2", "n": "3", "type": "其他", "text": "使者上方結界法咒", "head": "T18n0901_p0831c05"}, {"level": "2", "n": "4", "type": "其他", "text": "又結界咒", "head": "T18n0901_p0831c07"}, {"level": "2", "n": "5", "type": "其他", "text": "使者頭法咒", "head": "T18n0901_p0831c11"}, {"level": "2", "n": "6", "type": "其他", "text": "使者頂法咒", "head": "T18n0901_p0831c13"}, {"level": "2", "n": "7", "type": "其他", "text": "使者眼法咒", "head": "T18n0901_p0831c15"}, {"level": "2", "n": "8", "type": "其他", "text": "使者口法咒", "head": "T18n0901_p0831c17"}, {"level": "2", "n": "9", "type": "其他", "text": "使者心法咒", "head": "T18n0901_p0831c19"}, {"level": "2", "n": "10", "type": "其他", "text": "使者弓法咒", "head": "T18n0901_p0831c21"}, {"level": "2", "n": "11", "type": "其他", "text": "使者箭法咒", "head": "T18n0901_p0831c23"}, {"level": "2", "n": "12", "type": "其他", "text": "使者棓法咒", "head": "T18n0901_p0831c25"}, {"level": "2", "n": "13", "type": "其他", "text": "小心咒", "head": "T18n0901_p0832a01"}, {"level": "2", "n": "14", "type": "其他", "text": "毘俱知菩薩阿唎茶法印咒", "head": "T18n0901_p0832a03"}, {"level": "1", "n": "7", "type": "品", "text": "毘俱知救病法壇品", "head": "T18n0901_p0832a17"}, {"level": "2", "n": "1", "type": "其他", "text": "毘俱知菩薩咒功能", "head": "T18n0901_p0832b15"}, {"level": "2", "n": "2", "type": "其他", "text": "畫毘俱知像法", "head": "T18n0901_p0832c12"}, {"level": "1", "n": "8", "type": "品", "text": "何耶揭唎婆觀世音菩薩法印咒品", "head": "T18n0901_p0833c05"}, {"level": "2", "n": "1", "type": "其他", "text": "1 馬頭護身結界法印咒", "head": "T18n0901_p0833c07"}, {"level": "2", "n": "2", "type": "其他", "text": "2 馬頭大法身印咒", "head": "T18n0901_p0833c20"}, {"level": "2", "n": "3", "type": "其他", "text": "3 馬頭法心印咒", "head": "T18n0901_p0834a04"}, {"level": "2", "n": "4", "type": "其他", "text": "4 馬頭頭法印咒", "head": "T18n0901_p0834a17"}, {"level": "2", "n": "5", "type": "其他", "text": "5 馬頭頂法印咒", "head": "T18n0901_p0834a27"}, {"level": "2", "n": "6", "type": "其他", "text": "6 馬頭口法印咒", "head": "T18n0901_p0834b05"}, {"level": "2", "n": "7", "type": "其他", "text": "7 馬頭牙法印咒", "head": "T18n0901_p0834b12"}, {"level": "2", "n": "8", "type": "其他", "text": "8 馬頭觀世音菩薩乞食法印咒", "head": "T18n0901_p0834c02"}, {"level": "2", "n": "9", "type": "其他", "text": "9 馬頭觀世音菩薩解禁刀法印咒", "head": "T18n0901_p0834c06"}, {"level": "2", "n": "10", "type": "其他", "text": "10 馬頭療病法印咒", "head": "T18n0901_p0834c10"}, {"level": "2", "n": "11", "type": "其他", "text": "11 馬頭觀世音菩薩大咒", "head": "T18n0901_p0834c18"}, {"level": "2", "n": "12", "type": "其他", "text": "12 又馬頭別大咒", "head": "T18n0901_p0835c22"}, {"level": "2", "n": "13", "type": "其他", "text": "13 縛毘那夜迦咒", "head": "T18n0901_p0836c06"}, {"level": "2", "n": "14", "type": "其他", "text": "12 又一咒法", "head": "T18n0901_p0836c16"}, {"level": "2", "n": "15", "type": "其他", "text": "13 又一咒法", "head": "T18n0901_p0836c24"}, {"level": "2", "n": "16", "type": "其他", "text": "14 發遣馬頭觀世音印咒", "head": "T18n0901_p0837a02"}, {"level": "2", "n": "17", "type": "其他", "text": "畫作像法", "head": "T18n0901_p0837a09"}, {"level": "2", "n": "18", "type": "其他", "text": "作何耶揭唎婆像法", "head": "T18n0901_p0837c19"}, {"level": "2", "n": "19", "type": "其他", "text": "馬頭觀世音菩薩受法壇", "head": "T18n0901_p0838a17"}, {"level": "1", "n": "9", "type": "品", "text": "諸大菩薩法會印咒品", "head": "T18n0901_p0838b27"}, {"level": "2", "n": "1", "type": "其他", "text": "1 大勢至菩薩法身印", "head": "T18n0901_p0838b28"}, {"level": "2", "n": "2", "type": "其他", "text": "2 又大勢至菩薩法印咒", "head": "T18n0901_p0838c03"}, {"level": "2", "n": "3", "type": "其他", "text": "3 文殊師利菩薩法印咒", "head": "T18n0901_p0838c15"}, {"level": "2", "n": "4", "type": "其他", "text": "4 彌勒菩薩法印咒", "head": "T18n0901_p0839b25"}, {"level": "2", "n": "5", "type": "其他", "text": "5 又彌勒菩薩法身印咒", "head": "T18n0901_p0839c01"}, {"level": "2", "n": "6", "type": "其他", "text": "6 地藏菩薩法身印咒", "head": "T18n0901_p0839c10"}, {"level": "2", "n": "7", "type": "其他", "text": "7 又地藏菩薩印", "head": "T18n0901_p0839c16"}, {"level": "2", "n": "8", "type": "其他", "text": "8 普賢菩薩法身印咒", "head": "T18n0901_p0839c23"}, {"level": "2", "n": "9", "type": "其他", "text": "9 普賢菩薩為坐禪人卻神鬼魔咒", "head": "T18n0901_p0840a06"}, {"level": "2", "n": "10", "type": "其他", "text": "10 見普賢菩薩咒", "head": "T18n0901_p0840a17"}, {"level": "2", "n": "11", "type": "其他", "text": "11 普賢菩薩滅罪咒", "head": "T18n0901_p0840b08"}, {"level": "2", "n": "12", "type": "其他", "text": "12 虛空藏菩薩法身印咒", "head": "T18n0901_p0840b16"}, {"level": "2", "n": "13", "type": "其他", "text": "13 又虛空藏菩薩咒水咒", "head": "T18n0901_p0840c01"}, {"level": "1", "n": "10", "type": "品", "text": "1 佛說金剛藏大威神力三昧法印咒品", "head": "T18n0901_p0841a05"}, {"level": "2", "n": "1", "type": "其他", "text": "畫金剛藏菩薩像法", "head": "T18n0901_p0841b25"}, {"level": "2", "n": "2", "type": "其他", "text": "1 金剛囉闍一切見法印咒", "head": "T18n0901_p0842c02"}, {"level": "2", "n": "3", "type": "其他", "text": "2 金剛藏大心法印咒", "head": "T18n0901_p0842c09"}, {"level": "2", "n": "4", "type": "其他", "text": "3 金剛藏結界法印咒", "head": "T18n0901_p0843a01"}, {"level": "2", "n": "5", "type": "其他", "text": "4 金剛藏法身法印", "head": "T18n0901_p0843a16"}, {"level": "2", "n": "6", "type": "其他", "text": "5 金剛藏心法印咒", "head": "T18n0901_p0843a24"}, {"level": "2", "n": "7", "type": "其他", "text": "6 金剛藏散華法印咒", "head": "T18n0901_p0843b02"}, {"level": "2", "n": "8", "type": "其他", "text": "7 金剛藏吉唎法印咒", "head": "T18n0901_p0843b09"}, {"level": "2", "n": "9", "type": "其他", "text": "8 金剛藏咒王印咒", "head": "T18n0901_p0843b28"}, {"level": "2", "n": "10", "type": "其他", "text": "9 金剛藏大身法印咒", "head": "T18n0901_p0843c10"}, {"level": "2", "n": "11", "type": "其他", "text": "10 金剛藏頭法印", "head": "T18n0901_p0844a17"}, {"level": "2", "n": "12", "type": "其他", "text": "11 金剛藏頂法印", "head": "T18n0901_p0844a23"}, {"level": "2", "n": "13", "type": "其他", "text": "12 金剛藏口法印", "head": "T18n0901_p0844b06"}, {"level": "2", "n": "14", "type": "其他", "text": "13 金剛藏跋折囉法印咒", "head": "T18n0901_p0844b29"}, {"level": "2", "n": "15", "type": "其他", "text": "14 金剛藏縛法印", "head": "T18n0901_p0844c05"}, {"level": "2", "n": "16", "type": "其他", "text": "15 金剛藏箭法印咒", "head": "T18n0901_p0844c10"}, {"level": "2", "n": "17", "type": "其他", "text": "16 金剛藏槊法印咒", "head": "T18n0901_p0844c22"}, {"level": "2", "n": "18", "type": "其他", "text": "17 金剛藏刀法印", "head": "T18n0901_p0845a01"}, {"level": "2", "n": "19", "type": "其他", "text": "18 金剛藏可吒傍伽印咒", "head": "T18n0901_p0845a06"}, {"level": "1", "n": "11", "type": "品", "text": "2 金剛藏眷屬法印咒品", "head": "T18n0901_p0845b02"}, {"level": "2", "n": "1", "type": "其他", "text": "19 金剛摩磨雞法印咒", "head": "T18n0901_p0845b03"}, {"level": "2", "n": "2", "type": "其他", "text": "20 摩磨雞法幢印", "head": "T18n0901_p0845b11"}, {"level": "2", "n": "3", "type": "其他", "text": "21 摩磨雞戟印", "head": "T18n0901_p0845b15"}, {"level": "2", "n": "4", "type": "其他", "text": "22 金剛母瑟羝法印咒", "head": "T18n0901_p0845b19"}, {"level": "2", "n": "5", "type": "其他", "text": "23 金剛商迦羅大心法印咒", "head": "T18n0901_p0845c25"}, {"level": "2", "n": "6", "type": "其他", "text": "24 又商迦羅心法咒", "head": "T18n0901_p0846a17"}, {"level": "2", "n": "7", "type": "其他", "text": "25 商迦羅小心法印咒", "head": "T18n0901_p0846a27"}, {"level": "2", "n": "8", "type": "其他", "text": "26 商迦羅法身印", "head": "T18n0901_p0846b07"}, {"level": "2", "n": "9", "type": "其他", "text": "27 商迦羅頭法印", "head": "T18n0901_p0846b14"}, {"level": "2", "n": "10", "type": "其他", "text": "28 商迦羅鎖法印", "head": "T18n0901_p0846b20"}, {"level": "2", "n": "11", "type": "其他", "text": "29 商迦羅療病法印", "head": "T18n0901_p0846b25"}, {"level": "2", "n": "12", "type": "其他", "text": "30 商迦羅縛一切鬼法印", "head": "T18n0901_p0846c01"}, {"level": "2", "n": "13", "type": "其他", "text": "31 商迦羅大結界法印", "head": "T18n0901_p0846c08"}, {"level": "2", "n": "14", "type": "其他", "text": "32 商迦羅罥索法印", "head": "T18n0901_p0846c16"}, {"level": "2", "n": "15", "type": "其他", "text": "33 金剛商迦羅大咒", "head": "T18n0901_p0846c19"}, {"level": "2", "n": "16", "type": "其他", "text": "34 金剛央俱施法身印咒", "head": "T18n0901_p0848a27"}, {"level": "2", "n": "17", "type": "其他", "text": "35 央俱施口法印", "head": "T18n0901_p0848b13"}, {"level": "2", "n": "18", "type": "其他", "text": "36 央俱施牙法印", "head": "T18n0901_p0848b22"}, {"level": "2", "n": "19", "type": "其他", "text": "37 央俱施鉤法印", "head": "T18n0901_p0848b29"}, {"level": "2", "n": "20", "type": "其他", "text": "38 央俱施索法印", "head": "T18n0901_p0848c08"}, {"level": "2", "n": "21", "type": "其他", "text": "39 央俱施口印", "head": "T18n0901_p0848c15"}, {"level": "2", "n": "22", "type": "其他", "text": "40 央俱施療病法印大咒", "head": "T18n0901_p0848c23"}, {"level": "2", "n": "23", "type": "其他", "text": "41 金剛隨心身法印咒", "head": "T18n0901_p0849b05"}, {"level": "2", "n": "24", "type": "其他", "text": "42 金剛隨心擲鬼法印", "head": "T18n0901_p0849b14"}, {"level": "2", "n": "25", "type": "其他", "text": "43 金剛隨心輪法印", "head": "T18n0901_p0849b17"}, {"level": "2", "n": "26", "type": "其他", "text": "44 金剛隨心槊法印", "head": "T18n0901_p0849b19"}, {"level": "2", "n": "27", "type": "其他", "text": "45 金剛隨心降魔法印", "head": "T18n0901_p0849b22"}, {"level": "2", "n": "28", "type": "其他", "text": "46 金剛隨心縛鬼法印咒", "head": "T18n0901_p0849c01"}, {"level": "2", "n": "29", "type": "其他", "text": "47 金剛隨心大法身印咒", "head": "T18n0901_p0849c10"}, {"level": "2", "n": "30", "type": "其他", "text": "48 金剛隨心療一切難伏鬼病大法身印", "head": "T18n0901_p0850b07"}, {"level": "2", "n": "31", "type": "其他", "text": "49 金剛大瞋結界法身印", "head": "T18n0901_p0850b18"}, {"level": "2", "n": "32", "type": "其他", "text": "50 金剛隨心大瞋法身印", "head": "T18n0901_p0850b26"}, {"level": "2", "n": "33", "type": "其他", "text": "51 金剛藏密號法印咒", "head": "T18n0901_p0850c08"}, {"level": "2", "n": "34", "type": "其他", "text": "52 金剛隨心大惡都身印", "head": "T18n0901_p0850c23"}, {"level": "2", "n": "35", "type": "其他", "text": "53 都身印", "head": "T18n0901_p0850c29"}, {"level": "2", "n": "36", "type": "其他", "text": "54 身印", "head": "T18n0901_p0851a07"}, {"level": "2", "n": "37", "type": "其他", "text": "55 又召請隨心印", "head": "T18n0901_p0851a13"}, {"level": "2", "n": "38", "type": "其他", "text": "56 棒印", "head": "T18n0901_p0851a16"}, {"level": "2", "n": "39", "type": "其他", "text": "57 捉疰印", "head": "T18n0901_p0851a19"}, {"level": "2", "n": "40", "type": "其他", "text": "金剛藏受法壇", "head": "T18n0901_p0851a23"}, {"level": "1", "n": "12", "type": "品", "text": "金剛阿蜜哩多軍茶利菩薩自在神力咒印品", "head": "T18n0901_p0851c11"}, {"level": "2", "n": "1", "type": "其他", "text": "1 軍茶利香鑪法印", "head": "T18n0901_p0852b03"}, {"level": "2", "n": "2", "type": "其他", "text": "2 軍茶利香水法印", "head": "T18n0901_p0852b11"}, {"level": "2", "n": "3", "type": "其他", "text": "3 軍茶利護身法印", "head": "T18n0901_p0852b16"}, {"level": "2", "n": "4", "type": "其他", "text": "4 軍茶利辟除毘那夜迦法印咒", "head": "T18n0901_p0852c07"}, {"level": "2", "n": "5", "type": "其他", "text": "5 軍茶利金剛一字降魔王印咒", "head": "T18n0901_p0852c25"}, {"level": "2", "n": "6", "type": "其他", "text": "6 軍茶利結地界法印咒", "head": "T18n0901_p0853a04"}, {"level": "2", "n": "7", "type": "其他", "text": "7 軍茶利結四方界法印咒", "head": "T18n0901_p0853a18"}, {"level": "2", "n": "8", "type": "其他", "text": "8 軍茶利結虛空界法印咒", "head": "T18n0901_p0853a27"}, {"level": "2", "n": "9", "type": "其他", "text": "9 軍茶利身法印", "head": "T18n0901_p0853b28"}, {"level": "2", "n": "10", "type": "其他", "text": "10 軍茶利香花供養法印", "head": "T18n0901_p0853c06"}, {"level": "2", "n": "11", "type": "其他", "text": "11 軍茶利飲食供養法印", "head": "T18n0901_p0853c15"}, {"level": "2", "n": "12", "type": "其他", "text": "12 軍茶利燈法印咒", "head": "T18n0901_p0853c22"}, {"level": "2", "n": "13", "type": "其他", "text": "13 軍茶利頭法印", "head": "T18n0901_p0853c29"}, {"level": "2", "n": "14", "type": "其他", "text": "14 軍茶利頂法印", "head": "T18n0901_p0854a05"}, {"level": "2", "n": "15", "type": "其他", "text": "15 軍茶利牙法印咒", "head": "T18n0901_p0854a13"}, {"level": "2", "n": "16", "type": "其他", "text": "16 軍茶利跋折囉總印", "head": "T18n0901_p0854a29"}, {"level": "2", "n": "17", "type": "其他", "text": "17 軍茶利大心咒", "head": "T18n0901_p0854b28"}, {"level": "2", "n": "18", "type": "其他", "text": "18 軍茶利中心法咒", "head": "T18n0901_p0854c03"}, {"level": "2", "n": "19", "type": "其他", "text": "19 軍茶利小心法咒", "head": "T18n0901_p0854c06"}, {"level": "2", "n": "20", "type": "其他", "text": "20 軍茶利大護身印", "head": "T18n0901_p0854c16"}, {"level": "2", "n": "21", "type": "其他", "text": "21 軍茶利大瞋法身印", "head": "T18n0901_p0855a01"}, {"level": "2", "n": "22", "type": "其他", "text": "22 軍茶利大降魔法身印", "head": "T18n0901_p0855a13"}, {"level": "2", "n": "23", "type": "其他", "text": "23 軍茶利三眼大法身印", "head": "T18n0901_p0855a21"}, {"level": "2", "n": "24", "type": "其他", "text": "24 軍茶利大法咒", "head": "T18n0901_p0855b04"}, {"level": "2", "n": "25", "type": "其他", "text": "25 又軍茶利大咒", "head": "T18n0901_p0855c07"}, {"level": "2", "n": "26", "type": "其他", "text": "26 軍茶利三摩耶結大界法印咒", "head": "T18n0901_p0856a14"}, {"level": "2", "n": "27", "type": "其他", "text": "27 軍茶利使者法印咒", "head": "T18n0901_p0856b07"}, {"level": "2", "n": "28", "type": "其他", "text": "軍茶利金剛受法壇", "head": "T18n0901_p0856b16"}, {"level": "2", "n": "29", "type": "其他", "text": "軍茶利金剛救病法壇", "head": "T18n0901_p0857c02"}, {"level": "2", "n": "30", "type": "其他", "text": "1 跋折囉吒訶娑身印咒", "head": "T18n0901_p0859a01"}, {"level": "2", "n": "31", "type": "其他", "text": "2 護身印", "head": "T18n0901_p0859a08"}, {"level": "2", "n": "32", "type": "其他", "text": "3 結界印", "head": "T18n0901_p0859a11"}, {"level": "2", "n": "33", "type": "其他", "text": "4 辟除毘那夜迦印", "head": "T18n0901_p0859a16"}, {"level": "2", "n": "34", "type": "其他", "text": "5 跋折囉吒訶娑大咒", "head": "T18n0901_p0859a19"}, {"level": "1", "n": "13", "type": "品", "text": "金剛烏樞沙摩法印咒品", "head": "T18n0901_p0860c05"}, {"level": "2", "n": "1", "type": "其他", "text": "1 烏樞沙摩護身法印咒", "head": "T18n0901_p0860c06"}, {"level": "2", "n": "2", "type": "其他", "text": "2 烏樞沙摩身印咒", "head": "T18n0901_p0860c17"}, {"level": "2", "n": "3", "type": "其他", "text": "3 烏樞沙摩結界法印咒", "head": "T18n0901_p0861b06"}, {"level": "2", "n": "4", "type": "其他", "text": "4 烏樞沙摩歡喜法印咒", "head": "T18n0901_p0861b19"}, {"level": "2", "n": "5", "type": "其他", "text": "5 烏樞沙摩供養法印咒", "head": "T18n0901_p0861c03"}, {"level": "2", "n": "6", "type": "其他", "text": "6 烏樞沙摩治鬼病印咒", "head": "T18n0901_p0861c12"}, {"level": "2", "n": "7", "type": "其他", "text": "7 烏樞沙摩跋折囉法印咒", "head": "T18n0901_p0861c24"}, {"level": "2", "n": "8", "type": "其他", "text": "8 烏樞沙摩擲法印咒", "head": "T18n0901_p0862a19"}, {"level": "2", "n": "9", "type": "其他", "text": "9 烏樞沙摩罥索法印咒", "head": "T18n0901_p0862b09"}, {"level": "2", "n": "10", "type": "其他", "text": "10 烏樞沙摩輪法印咒", "head": "T18n0901_p0862b17"}, {"level": "2", "n": "11", "type": "其他", "text": "11 烏樞沙摩大身斧法印咒", "head": "T18n0901_p0862b27"}, {"level": "2", "n": "12", "type": "其他", "text": "12 烏樞沙摩槊法印咒", "head": "T18n0901_p0862c10"}, {"level": "2", "n": "13", "type": "其他", "text": "13 烏樞沙摩頭法印咒", "head": "T18n0901_p0863a07"}, {"level": "2", "n": "14", "type": "其他", "text": "14 烏樞沙摩頂法印咒", "head": "T18n0901_p0863a13"}, {"level": "2", "n": "15", "type": "其他", "text": "15 烏樞沙摩口法印", "head": "T18n0901_p0863a18"}, {"level": "2", "n": "16", "type": "其他", "text": "16 烏樞沙摩跋折囉母瑟知法印咒", "head": "T18n0901_p0863a24"}, {"level": "2", "n": "17", "type": "其他", "text": "17 烏樞沙摩解穢法印", "head": "T18n0901_p0863b03"}, {"level": "2", "n": "18", "type": "其他", "text": "18 散華咒", "head": "T18n0901_p0863b20"}, {"level": "2", "n": "19", "type": "其他", "text": "19 烏樞沙摩大咒", "head": "T18n0901_p0863b24"}, {"level": "2", "n": "20", "type": "其他", "text": "20 畫烏樞沙摩像法咒", "head": "T18n0901_p0864a18"}, {"level": "2", "n": "21", "type": "其他", "text": "21 烏樞沙摩金剛供養壇結四方界法咒", "head": "T18n0901_p0864c02"}, {"level": "2", "n": "22", "type": "其他", "text": "22 火結界咒", "head": "T18n0901_p0864c08"}, {"level": "2", "n": "23", "type": "其他", "text": "23 咒水和粉泥咒", "head": "T18n0901_p0864c15"}, {"level": "2", "n": "24", "type": "其他", "text": "24 咒水咒", "head": "T18n0901_p0864c20"}, {"level": "2", "n": "25", "type": "其他", "text": "25 滅除罪咒", "head": "T18n0901_p0864c23"}, {"level": "2", "n": "26", "type": "其他", "text": "26 咒索咒", "head": "T18n0901_p0864c28"}, {"level": "2", "n": "27", "type": "其他", "text": "27 咒跋折囉咒", "head": "T18n0901_p0865a02"}, {"level": "2", "n": "28", "type": "其他", "text": "28 火結界咒", "head": "T18n0901_p0865a06"}, {"level": "2", "n": "29", "type": "其他", "text": "29 大結界咒", "head": "T18n0901_p0865a11"}, {"level": "2", "n": "30", "type": "其他", "text": "30 咒白粉咒", "head": "T18n0901_p0865a27"}, {"level": "2", "n": "31", "type": "其他", "text": "31 咒赤粉咒", "head": "T18n0901_p0865b01"}, {"level": "2", "n": "32", "type": "其他", "text": "32 咒黃粉咒", "head": "T18n0901_p0865b03"}, {"level": "2", "n": "33", "type": "其他", "text": "33 咒青粉咒", "head": "T18n0901_p0865b05"}, {"level": "2", "n": "34", "type": "其他", "text": "34 咒黑粉咒", "head": "T18n0901_p0865b07"}, {"level": "2", "n": "35", "type": "其他", "text": "35 烏樞沙摩喚使者法印咒", "head": "T18n0901_p0865b28"}, {"level": "2", "n": "36", "type": "其他", "text": "36 嗚樞沙摩咒水洒面咒", "head": "T18n0901_p0865c06"}, {"level": "2", "n": "37", "type": "其他", "text": "37 烏樞沙摩止啼咒", "head": "T18n0901_p0865c10"}, {"level": "2", "n": "38", "type": "其他", "text": "38 烏樞沙摩調突瑟吒咒", "head": "T18n0901_p0865c18"}, {"level": "2", "n": "39", "type": "其他", "text": "39 烏樞沙摩率都提咒", "head": "T18n0901_p0865c29"}, {"level": "2", "n": "40", "type": "其他", "text": "40 烏樞沙摩調伏咒", "head": "T18n0901_p0866a05"}, {"level": "2", "n": "41", "type": "其他", "text": "41 烏樞沙摩那瑜伽咒", "head": "T18n0901_p0866a11"}, {"level": "2", "n": "42", "type": "其他", "text": "42 烏樞沙摩目佉槃陀那咒", "head": "T18n0901_p0866a22"}, {"level": "2", "n": "43", "type": "其他", "text": "烏樞沙摩咒法功能", "head": "T18n0901_p0866a28"}, {"level": "1", "n": "14", "type": "品", "text": "烏樞沙摩金剛法印咒品", "head": "T18n0901_p0866c27"}, {"level": "2", "n": "1", "type": "其他", "text": "1 大青面金剛咒法大咒", "head": "T18n0901_p0866c28"}, {"level": "2", "n": "2", "type": "其他", "text": "2 藥叉心咒", "head": "T18n0901_p0867c14"}, {"level": "2", "n": "3", "type": "其他", "text": "3 藥叉立身印咒", "head": "T18n0901_p0867c22"}, {"level": "2", "n": "4", "type": "其他", "text": "4 喚羅剎身印", "head": "T18n0901_p0868a05"}, {"level": "2", "n": "5", "type": "其他", "text": "5 藥叉鉤印", "head": "T18n0901_p0868a08"}, {"level": "2", "n": "6", "type": "其他", "text": "6 藥叉火輪印", "head": "T18n0901_p0868a12"}, {"level": "2", "n": "7", "type": "其他", "text": "7 藥叉身印", "head": "T18n0901_p0868a16"}, {"level": "2", "n": "8", "type": "其他", "text": "8 藥叉追天鬼印", "head": "T18n0901_p0868a21"}, {"level": "2", "n": "9", "type": "其他", "text": "9 降伏魔印", "head": "T18n0901_p0868a25"}, {"level": "2", "n": "10", "type": "其他", "text": "10 歡喜咒", "head": "T18n0901_p0868b02"}, {"level": "2", "n": "11", "type": "其他", "text": "11 弓印", "head": "T18n0901_p0868b07"}, {"level": "2", "n": "12", "type": "其他", "text": "12 箭印", "head": "T18n0901_p0868b11"}, {"level": "2", "n": "13", "type": "其他", "text": "13 大弩印", "head": "T18n0901_p0868b16"}, {"level": "2", "n": "14", "type": "其他", "text": "14 刀印", "head": "T18n0901_p0868b20"}, {"level": "2", "n": "15", "type": "其他", "text": "15 縛大力鬼印", "head": "T18n0901_p0868b24"}, {"level": "2", "n": "16", "type": "其他", "text": "16 食印", "head": "T18n0901_p0868b27"}, {"level": "2", "n": "17", "type": "其他", "text": "17 牙印", "head": "T18n0901_p0868c01"}, {"level": "2", "n": "18", "type": "其他", "text": "畫五藥叉像法", "head": "T18n0901_p0868c24"}, {"level": "2", "n": "19", "type": "其他", "text": "解穢咒", "head": "T18n0901_p0869b17"}, {"level": "2", "n": "20", "type": "其他", "text": "佛說摩利支天經一卷", "head": "T18n0901_p0869b25"}, {"level": "2", "n": "21", "type": "其他", "text": "奉請摩利支天咒", "head": "T18n0901_p0870a21"}, {"level": "2", "n": "22", "type": "其他", "text": "1 身印", "head": "T18n0901_p0870b24"}, {"level": "2", "n": "23", "type": "其他", "text": "2 頭印", "head": "T18n0901_p0870b29"}, {"level": "2", "n": "24", "type": "其他", "text": "3 頂印", "head": "T18n0901_p0870c03"}, {"level": "2", "n": "25", "type": "其他", "text": "4 護身印", "head": "T18n0901_p0870c09"}, {"level": "2", "n": "26", "type": "其他", "text": "5 歡喜印", "head": "T18n0901_p0870c12"}, {"level": "2", "n": "27", "type": "其他", "text": "6 摩奴印", "head": "T18n0901_p0870c16"}, {"level": "2", "n": "28", "type": "其他", "text": "7 使者印", "head": "T18n0901_p0870c24"}, {"level": "2", "n": "29", "type": "其他", "text": "功德天法一卷", "head": "T18n0901_p0874b25"}, {"level": "2", "n": "30", "type": "其他", "text": "2 功德天華身印", "head": "T18n0901_p0875a12"}, {"level": "2", "n": "31", "type": "其他", "text": "3 功德天結界印", "head": "T18n0901_p0875a19"}, {"level": "2", "n": "32", "type": "其他", "text": "4 功德天施珍寶印", "head": "T18n0901_p0875a24"}, {"level": "2", "n": "33", "type": "其他", "text": "5 功德天施一切鬼神種種飲食印", "head": "T18n0901_p0875a28"}, {"level": "2", "n": "34", "type": "其他", "text": "6 功德天花座印", "head": "T18n0901_p0875b03"}, {"level": "2", "n": "35", "type": "其他", "text": "7 功德天下食印", "head": "T18n0901_p0875b08"}, {"level": "2", "n": "36", "type": "其他", "text": "8 功德天令療病家鬧印", "head": "T18n0901_p0875b13"}, {"level": "2", "n": "37", "type": "其他", "text": "9 功德天心印", "head": "T18n0901_p0875b18"}, {"level": "2", "n": "38", "type": "其他", "text": "10 功德天供養印", "head": "T18n0901_p0875b22"}, {"level": "2", "n": "39", "type": "其他", "text": "11 功德天歡喜印", "head": "T18n0901_p0875b27"}, {"level": "2", "n": "40", "type": "其他", "text": "12 又功德天心印", "head": "T18n0901_p0875c07"}, {"level": "2", "n": "41", "type": "其他", "text": "功德天像法", "head": "T18n0901_p0876a05"}, {"level": "1", "n": "15", "type": "品", "text": "諸天等獻佛助成三昧法印咒品", "head": "T18n0901_p0877b07"}, {"level": "2", "n": "1", "type": "其他", "text": "1 大梵摩天法印咒", "head": "T18n0901_p0877c06"}, {"level": "2", "n": "2", "type": "其他", "text": "2 帝釋天法印咒", "head": "T18n0901_p0877c27"}, {"level": "2", "n": "3", "type": "其他", "text": "3 摩醯首羅天法印咒", "head": "T18n0901_p0878a09"}, {"level": "2", "n": "4", "type": "其他", "text": "4 摩醯首羅天求馬古印咒", "head": "T18n0901_p0878a24"}, {"level": "2", "n": "5", "type": "其他", "text": "5 東方提頭賴吒天王法印咒", "head": "T18n0901_p0878b19"}, {"level": "2", "n": "6", "type": "其他", "text": "6 南方毘嚕陀迦天王法印咒", "head": "T18n0901_p0878b26"}, {"level": "2", "n": "7", "type": "其他", "text": "7 西方毘嚕博叉天王法印咒", "head": "T18n0901_p0878c02"}, {"level": "2", "n": "8", "type": "其他", "text": "8 北方毘沙門天王法印咒", "head": "T18n0901_p0878c09"}, {"level": "2", "n": "9", "type": "其他", "text": "9 又四天王通心印咒", "head": "T18n0901_p0878c23"}, {"level": "2", "n": "10", "type": "其他", "text": "10 又四天王通心印咒", "head": "T18n0901_p0879a02"}, {"level": "2", "n": "11", "type": "其他", "text": "四天王像法", "head": "T18n0901_p0879a13"}, {"level": "2", "n": "12", "type": "其他", "text": "11 日天法印咒", "head": "T18n0901_p0879b05"}, {"level": "2", "n": "13", "type": "其他", "text": "12 日天子供養印", "head": "T18n0901_p0879b13"}, {"level": "2", "n": "14", "type": "其他", "text": "13 月天法印咒", "head": "T18n0901_p0879b18"}, {"level": "2", "n": "15", "type": "其他", "text": "14 星宿天法印咒", "head": "T18n0901_p0879b26"}, {"level": "2", "n": "16", "type": "其他", "text": "15 地天法印咒", "head": "T18n0901_p0879c09"}, {"level": "2", "n": "17", "type": "其他", "text": "16 火天法印咒", "head": "T18n0901_p0879c19"}, {"level": "2", "n": "18", "type": "其他", "text": "17 火天子助咒師天驗印", "head": "T18n0901_p0880a04"}, {"level": "2", "n": "19", "type": "其他", "text": "18 閻羅王法身印咒", "head": "T18n0901_p0880a07"}, {"level": "2", "n": "20", "type": "其他", "text": "19 一切龍王法身印咒", "head": "T18n0901_p0880a15"}, {"level": "2", "n": "21", "type": "其他", "text": "20 又有龍王法身印", "head": "T18n0901_p0880a20"}, {"level": "2", "n": "22", "type": "其他", "text": "21 五方龍王華座印", "head": "T18n0901_p0880b03"}, {"level": "2", "n": "23", "type": "其他", "text": "22 五方龍王牙印", "head": "T18n0901_p0880b08"}, {"level": "2", "n": "24", "type": "其他", "text": "祈雨法壇", "head": "T18n0901_p0880b12"}, {"level": "2", "n": "25", "type": "其他", "text": "23 那羅延天身印咒", "head": "T18n0901_p0880c29"}, {"level": "2", "n": "26", "type": "其他", "text": "24 那羅延天無邊力印", "head": "T18n0901_p0881a06"}, {"level": "2", "n": "27", "type": "其他", "text": "25 乾闥婆身印咒", "head": "T18n0901_p0881a11"}, {"level": "2", "n": "28", "type": "其他", "text": "26 緊那羅身印咒", "head": "T18n0901_p0881a18"}, {"level": "2", "n": "29", "type": "其他", "text": "27 摩呼囉伽身印咒", "head": "T18n0901_p0881a24"}, {"level": "2", "n": "30", "type": "其他", "text": "28 摩訶摩喻唎印身咒", "head": "T18n0901_p0881a29"}, {"level": "2", "n": "31", "type": "其他", "text": "30 摩訶摩喻利集天眾印第二十九師子王呼召咒法", "head": "T18n0901_p0881b09"}, {"level": "2", "n": "32", "type": "其他", "text": "31 師子王護界印咒", "head": "T18n0901_p0881b19"}, {"level": "2", "n": "33", "type": "其他", "text": "32 伽嚕茶呼召印咒", "head": "T18n0901_p0881b25"}, {"level": "2", "n": "34", "type": "其他", "text": "33 大辯天神王呼召印咒", "head": "T18n0901_p0881c03"}, {"level": "2", "n": "35", "type": "其他", "text": "34 焰摩檀陀呼召印咒法", "head": "T18n0901_p0881c09"}, {"level": "2", "n": "36", "type": "其他", "text": "35 水天呼召印咒", "head": "T18n0901_p0881c15"}, {"level": "2", "n": "37", "type": "其他", "text": "造水天像法", "head": "T18n0901_p0881c27"}, {"level": "2", "n": "38", "type": "其他", "text": "36 水天身印", "head": "T18n0901_p0882a04"}, {"level": "2", "n": "39", "type": "其他", "text": "37 風天法印咒", "head": "T18n0901_p0882a07"}, {"level": "2", "n": "40", "type": "其他", "text": "38 阿修羅王法印咒", "head": "T18n0901_p0882a15"}, {"level": "2", "n": "41", "type": "其他", "text": "39 遮文茶法印咒", "head": "T18n0901_p0882a23"}, {"level": "2", "n": "42", "type": "其他", "text": "40 遮文茶天三博叉護身印", "head": "T18n0901_p0882a30"}, {"level": "2", "n": "43", "type": "其他", "text": "41 遮文茶天火輪印", "head": "T18n0901_p0882b04"}, {"level": "2", "n": "44", "type": "其他", "text": "42 遮文茶天伏魔鬼印", "head": "T18n0901_p0882b08"}, {"level": "2", "n": "45", "type": "其他", "text": "43 遮文茶天追諸天印咒", "head": "T18n0901_p0882b11"}, {"level": "2", "n": "46", "type": "其他", "text": "44 又遮文茶咒", "head": "T18n0901_p0882c18"}, {"level": "2", "n": "47", "type": "其他", "text": "45 又遮文茶咒", "head": "T18n0901_p0883a23"}, {"level": "2", "n": "48", "type": "其他", "text": "46 又遮文茶咒", "head": "T18n0901_p0883b21"}, {"level": "2", "n": "49", "type": "其他", "text": "47 又遮文茶咒", "head": "T18n0901_p0883c06"}, {"level": "2", "n": "50", "type": "其他", "text": "48 又遮文茶印咒移腫法", "head": "T18n0901_p0884b18"}, {"level": "2", "n": "51", "type": "其他", "text": "49 一切毘那夜迦法印咒", "head": "T18n0901_p0884c03"}, {"level": "2", "n": "52", "type": "其他", "text": "50 又毘那夜迦咒法", "head": "T18n0901_p0884c11"}, {"level": "2", "n": "53", "type": "其他", "text": "51 調和毘那夜迦法印咒", "head": "T18n0901_p0885a02"}, {"level": "2", "n": "54", "type": "其他", "text": "52 一切藥叉法印咒", "head": "T18n0901_p0885a24"}, {"level": "2", "n": "55", "type": "其他", "text": "53 一切羅剎法印咒", "head": "T18n0901_p0885b01"}, {"level": "1", "n": "16", "type": "品", "text": "佛說諸佛大陀羅尼都會道場印品", "head": "T18n0901_p0885b20"}, {"level": "2", "n": "1", "type": "其他", "text": "佛說莊嚴道場及供養具支料度法", "head": "T18n0901_p0893b05"}, {"level": "2", "n": "2", "type": "其他", "text": "普集會壇下方莊嚴十六肘圖", "head": "T18n0901_p0894a25"}]