[{"level": "1", "n": "1", "type": "品", "text": "1 序品", "head": "T18n0867_p0253c17"}, {"level": "1", "n": "2", "type": "品", "text": "2 一切如來金剛最勝王義利堅固染愛王心品", "head": "T18n0867_p0255c10"}, {"level": "1", "n": "3", "type": "品", "text": "3 攝一切如來大阿闍梨位品", "head": "T18n0867_p0256a15"}, {"level": "1", "n": "4", "type": "品", "text": "4 金剛薩埵冒地心品", "head": "T18n0867_p0256b05"}, {"level": "1", "n": "5", "type": "品", "text": "5 愛染王品", "head": "T18n0867_p0256b25"}, {"level": "1", "n": "6", "type": "品", "text": "6 一切佛頂最上遍照王勝義難摧摧邪一切處瑜伽四行攝法品", "head": "T18n0867_p0257b16"}, {"level": "1", "n": "7", "type": "品", "text": "7 一切如來大勝金剛心瑜伽成就品", "head": "T18n0867_p0257c18"}, {"level": "1", "n": "8", "type": "品", "text": "8 一切如來大勝金剛頂最勝真實大三昧耶品", "head": "T18n0867_p0258b01"}, {"level": "1", "n": "9", "type": "品", "text": "9 金剛吉祥大成就品", "head": "T18n0867_p0259c26"}, {"level": "1", "n": "10", "type": "品", "text": "10 一切如來內護摩金剛軌儀品", "head": "T18n0867_p0264b01"}, {"level": "1", "n": "11", "type": "品", "text": "11 金剛薩埵菩提心內作業灌頂悉地品", "head": "T18n0867_p0266c26"}, {"level": "1", "n": "12", "type": "品", "text": "12 大金剛焰口降伏一切魔怨品", "head": "T18n0867_p0268c04"}]