[{"level": "1", "n": "1", "type": "品", "text": "1 序品", "head": "T18n0868_p0270a06"}, {"level": "1", "n": "2", "type": "品", "text": "2 出生品", "head": "T18n0868_p0271b14"}, {"level": "1", "n": "3", "type": "品", "text": "3 金剛界大道場品", "head": "T18n0868_p0272a29"}, {"level": "1", "n": "4", "type": "品", "text": "4 金剛外界品", "head": "T18n0868_p0276c18"}, {"level": "1", "n": "5", "type": "品", "text": "5 金剛界外供養品", "head": "T18n0868_p0279a05"}, {"level": "1", "n": "6", "type": "品", "text": "6 修行儀軌品", "head": "T18n0868_p0280b15"}, {"level": "1", "n": "7", "type": "品", "text": "7 建立道場發願品", "head": "T18n0868_p0281b13"}, {"level": "1", "n": "8", "type": "品", "text": "8 持念品", "head": "T18n0868_p0281b24"}, {"level": "1", "n": "9", "type": "品", "text": "9 護摩品", "head": "T18n0868_p0282a08"}]