[{"level": "1", "n": "2", "type": "其他", "text": "1 發心門", "head": "T18n0917_p0942c13"}, {"level": "1", "n": "3", "type": "其他", "text": "2 供養門", "head": "T18n0917_p0942c17"}, {"level": "1", "n": "4", "type": "其他", "text": "3 懺悔門", "head": "T18n0917_p0942c23"}, {"level": "1", "n": "5", "type": "其他", "text": "4 歸依門", "head": "T18n0917_p0943a06"}, {"level": "1", "n": "6", "type": "其他", "text": "5 發菩提心門", "head": "T18n0917_p0943a11"}, {"level": "1", "n": "7", "type": "其他", "text": "6 問遮難門", "head": "T18n0917_p0943a21"}, {"level": "1", "n": "8", "type": "其他", "text": "7 請師門", "head": "T18n0917_p0943b13"}, {"level": "1", "n": "9", "type": "其他", "text": "8 羯磨門", "head": "T18n0917_p0943b23"}, {"level": "1", "n": "10", "type": "其他", "text": "9 結戒門", "head": "T18n0917_p0943c02"}, {"level": "1", "n": "11", "type": "其他", "text": "10 修四攝門", "head": "T18n0917_p0943c06"}, {"level": "1", "n": "12", "type": "其他", "text": "11 十重戒門", "head": "T18n0917_p0943c15"}]