[{"level": "1", "n": "1", "type": "品", "text": "1 序品", "head": "T18n0897_p0760c07"}, {"level": "1", "n": "2", "type": "品", "text": "2 阿闍梨相品", "head": "T18n0897_p0760c15"}, {"level": "1", "n": "3", "type": "品", "text": "3 揀擇地相品", "head": "T18n0897_p0760c29"}, {"level": "1", "n": "4", "type": "品", "text": "4 淨地品", "head": "T18n0897_p0762b10"}, {"level": "1", "n": "5", "type": "品", "text": "5 召請品", "head": "T18n0897_p0762b28"}, {"level": "1", "n": "6", "type": "品", "text": "6 揀擇弟子品", "head": "T18n0897_p0762c23"}, {"level": "1", "n": "8", "type": "品", "text": "7 摩訶曼荼羅品", "head": "T18n0897_p0764a10"}, {"level": "1", "n": "9", "type": "品", "text": "8 奉請供養品", "head": "T18n0897_p0766c01"}, {"level": "1", "n": "11", "type": "品", "text": "9 分別相品", "head": "T18n0897_p0769a24"}, {"level": "1", "n": "12", "type": "品", "text": "10 分別護摩品", "head": "T18n0897_p0770b05"}, {"level": "1", "n": "13", "type": "品", "text": "11 補闕品", "head": "T18n0897_p0772b06"}]