[{"level": "1", "n": "1", "type": "分", "text": "1 金剛界大曼拏羅廣大儀軌分", "head": "T18n0882_p0341a09"}, {"level": "2", "n": "", "type": "", "text": "1", "head": "T18n0882_p0341a09"}, {"level": "2", "n": "", "type": "", "text": "2", "head": "T18n0882_p0343c02"}, {"level": "2", "n": "", "type": "", "text": "3", "head": "T18n0882_p0346b02"}, {"level": "2", "n": "", "type": "", "text": "4", "head": "T18n0882_p0349b13"}, {"level": "2", "n": "", "type": "", "text": "5", "head": "T18n0882_p0352b04"}, {"level": "1", "n": "2", "type": "分", "text": "2 金剛祕密曼拏羅廣大儀軌分", "head": "T18n0882_p0359b20"}, {"level": "1", "n": "3", "type": "分", "text": "3 金剛智法曼拏羅廣大儀軌分", "head": "T18n0882_p0362c04"}, {"level": "1", "n": "4", "type": "分", "text": "4 金剛事業曼拏羅廣大儀軌分", "head": "T18n0882_p0365b12"}, {"level": "1", "n": "5", "type": "分", "text": "5 現證三昧大儀軌分", "head": "T18n0882_p0368a07"}, {"level": "1", "n": "6", "type": "分", "text": "6 降三世曼拏羅廣大儀軌分", "head": "T18n0882_p0369c08"}, {"level": "2", "n": "", "type": "", "text": "1", "head": "T18n0882_p0369c08"}, {"level": "2", "n": "", "type": "", "text": "2", "head": "T18n0882_p0373a02"}, {"level": "2", "n": "", "type": "", "text": "3", "head": "T18n0882_p0376c07"}, {"level": "1", "n": "7", "type": "分", "text": "7 忿怒祕密印曼拏羅廣大儀軌分", "head": "T18n0882_p0381a03"}, {"level": "1", "n": "8", "type": "分", "text": "8 金剛部法智三昧曼拏羅廣大儀軌分", "head": "T18n0882_p0383c19"}, {"level": "1", "n": "9", "type": "分", "text": "9 金剛部羯磨曼拏羅廣大儀軌分", "head": "T18n0882_p0385c26"}, {"level": "1", "n": "10", "type": "分", "text": "10 大金剛部廣大儀軌分", "head": "T18n0882_p0388a05"}, {"level": "1", "n": "11", "type": "分", "text": "11 三世輪大曼拏羅廣大儀軌分", "head": "T18n0882_p0389a14"}, {"level": "2", "n": "", "type": "", "text": "1", "head": "T18n0882_p0389a14"}, {"level": "2", "n": "", "type": "", "text": "2", "head": "T18n0882_p0389c06"}, {"level": "1", "n": "12", "type": "分", "text": "12 一切金剛部金剛曼拏羅廣大儀軌分", "head": "T18n0882_p0393c16"}, {"level": "1", "n": "13", "type": "分", "text": "13 一切金剛部法三昧曼拏羅廣大儀軌分", "head": "T18n0882_p0395b08"}, {"level": "1", "n": "14", "type": "分", "text": "14 一切金剛部羯磨曼拏羅廣大儀軌分", "head": "T18n0882_p0396a26"}, {"level": "1", "n": "15", "type": "分", "text": "15 調伏一切世間大曼拏羅廣大儀軌分", "head": "T18n0882_p0399a11"}, {"level": "1", "n": "16", "type": "分", "text": "16 蓮華祕密印曼拏羅廣大儀軌分", "head": "T18n0882_p0403c27"}, {"level": "1", "n": "17", "type": "分", "text": "17 智曼拏羅廣大儀軌分", "head": "T18n0882_p0407b14"}, {"level": "1", "n": "18", "type": "分", "text": "18 大曼拏羅廣大儀軌分", "head": "T18n0882_p0409a17"}, {"level": "1", "n": "19", "type": "分", "text": "19 一切義成就大曼拏羅廣大儀軌分", "head": "T18n0882_p0411c22"}, {"level": "2", "n": "", "type": "", "text": "1", "head": "T18n0882_p0411c22"}, {"level": "2", "n": "", "type": "", "text": "2", "head": "T18n0882_p0412c12"}, {"level": "1", "n": "20", "type": "分", "text": "20 寶祕密印曼拏羅廣大儀軌分", "head": "T18n0882_p0416b09"}, {"level": "1", "n": "21", "type": "分", "text": "21 智曼拏羅廣大儀軌分", "head": "T18n0882_p0419a05"}, {"level": "1", "n": "22", "type": "分", "text": "22 羯磨曼拏羅廣大儀軌分", "head": "T18n0882_p0421a09"}, {"level": "1", "n": "23", "type": "分", "text": "23 一切如來真實攝一切儀軌隨應方便廣大教理分", "head": "T18n0882_p0422b16"}, {"level": "2", "n": "", "type": "", "text": "1", "head": "T18n0882_p0422b16"}, {"level": "2", "n": "", "type": "", "text": "2", "head": "T18n0882_p0424b04"}, {"level": "2", "n": "", "type": "", "text": "3", "head": "T18n0882_p0426c18"}, {"level": "1", "n": "24", "type": "分", "text": "24 一切如來真實攝諸部儀軌祕密法用廣大教理分", "head": "T18n0882_p0429c16"}, {"level": "1", "n": "25", "type": "分", "text": "25 一切如來真實攝一切儀軌最上祕密廣大教理分", "head": "T18n0882_p0433b08"}, {"level": "1", "n": "26", "type": "分", "text": "26 一切如來真實攝一切儀軌勝上教理分", "head": "T18n0882_p0436b29"}]