[{"n": "1", "fun": "open", "head": "GA025n0023_p0007a01", "title": "續修雲林寺誌卷一"}, {"n": "1", "fun": "close", "head": "GA025n0023_p0060a10", "title": "續修雲林寺誌卷一終"}, {"n": "2", "fun": "open", "head": "GA025n0023_p0061a01", "title": "續修雲林寺誌卷二"}, {"n": "2", "fun": "close", "head": "GA025n0023_p0108a10", "title": "續修雲林寺誌卷二終"}, {"n": "3", "fun": "open", "head": "GA025n0023_p0109a01", "title": "續修雲林寺誌卷三"}, {"n": "3", "fun": "close", "head": "GA025n0023_p0147a10", "title": "雲林寺續誌卷三終"}, {"n": "4", "fun": "open", "head": "GA025n0023_p0149a01", "title": "續修雲林寺誌卷四"}, {"n": "4", "fun": "close", "head": "GA025n0023_p0248a10", "title": "雲林寺續誌卷四終"}, {"n": "5", "fun": "open", "head": "GA025n0023_p0249a01", "title": "續修雲林寺誌卷五"}, {"n": "5", "fun": "close", "head": "GA025n0023_p0344a10", "title": "雲林寺續誌卷五"}, {"n": "6", "fun": "open", "head": "GA025n0023_p0345a01", "title": "續修雲林寺誌卷六"}, {"n": "6", "fun": "close", "head": "GA025n0023_p0394a10", "title": "雲林寺續誌卷六終"}, {"n": "7", "fun": "open", "head": "GA025n0023_p0395a01", "title": "續修雲林寺誌卷七"}, {"n": "7", "fun": "close", "head": "GA025n0023_p0476a10", "title": "雲林寺續誌卷七終"}, {"n": "8", "fun": "open", "head": "GA025n0023_p0477a01", "title": "續修雲林寺誌卷八"}, {"n": "8", "fun": "close", "head": "GA025n0023_p0532a10", "title": "雲林寺續誌卷八終"}]