[{"n": "1", "fun": "open", "head": "GA025n0023_p0007a01"}, {"n": "1", "fun": "close", "head": "GA025n0023_p0060a10"}, {"n": "2", "fun": "open", "head": "GA025n0023_p0061a01"}, {"n": "2", "fun": "close", "head": "GA025n0023_p0108a10"}, {"n": "3", "fun": "open", "head": "GA025n0023_p0109a01"}, {"n": "3", "fun": "close", "head": "GA025n0023_p0147a10"}, {"n": "4", "fun": "open", "head": "GA025n0023_p0149a01"}, {"n": "4", "fun": "close", "head": "GA025n0023_p0248a10"}, {"n": "5", "fun": "open", "head": "GA025n0023_p0249a01"}, {"n": "5", "fun": "close", "head": "GA025n0023_p0344a10"}, {"n": "6", "fun": "open", "head": "GA025n0023_p0345a01"}, {"n": "6", "fun": "close", "head": "GA025n0023_p0394a10"}, {"n": "7", "fun": "open", "head": "GA025n0023_p0395a01"}, {"n": "7", "fun": "close", "head": "GA025n0023_p0476a10"}, {"n": "8", "fun": "open", "head": "GA025n0023_p0477a01"}, {"n": "8", "fun": "close", "head": "GA025n0023_p0532a10"}]