[{"level": "1", "n": "", "type": "其他", "text": "一集　第一品", "head": "N26n0011_p0173a01"}, {"level": "2", "n": "", "type": "其他", "text": "一（一、一、一）", "head": "N26n0011_p0173a08"}, {"level": "2", "n": "", "type": "其他", "text": "二（一、一、二）", "head": "N26n0011_p0174a03"}, {"level": "2", "n": "", "type": "其他", "text": "三（一、一、三）", "head": "N26n0011_p0174a11"}, {"level": "2", "n": "", "type": "其他", "text": "四（一、一、四）", "head": "N26n0011_p0175a05"}, {"level": "2", "n": "", "type": "其他", "text": "五（一、一、五）", "head": "N26n0011_p0175a13"}, {"level": "2", "n": "", "type": "其他", "text": "六（一、一、六）", "head": "N26n0011_p0176a07"}, {"level": "2", "n": "", "type": "其他", "text": "七（一、一、七）", "head": "N26n0011_p0177a02"}, {"level": "2", "n": "", "type": "其他", "text": "八（一、一、八）", "head": "N26n0011_p0177a10"}, {"level": "2", "n": "", "type": "其他", "text": "九（一、一、九）", "head": "N26n0011_p0178a06"}, {"level": "2", "n": "", "type": "其他", "text": "一〇（一、一、一〇）", "head": "N26n0011_p0179a02"}, {"level": "1", "n": "", "type": "其他", "text": "一集　第二品", "head": "N26n0011_p0181a08"}, {"level": "2", "n": "", "type": "其他", "text": "一一（一、二、一）", "head": "N26n0011_p0181a10"}, {"level": "2", "n": "", "type": "其他", "text": "一二（一、二、二）", "head": "N26n0011_p0182a05"}, {"level": "2", "n": "", "type": "其他", "text": "一三（一、二、三）", "head": "N26n0011_p0183a02"}, {"level": "2", "n": "", "type": "其他", "text": "一四（一、二、四）", "head": "N26n0011_p0183a11"}, {"level": "2", "n": "", "type": "其他", "text": "一五（一、二、五）", "head": "N26n0011_p0184a07"}, {"level": "2", "n": "", "type": "其他", "text": "一六（一、二、六）", "head": "N26n0011_p0185a03"}, {"level": "2", "n": "", "type": "其他", "text": "一七（一、二、七）", "head": "N26n0011_p0185a12"}, {"level": "2", "n": "", "type": "其他", "text": "一八（一、二、八）", "head": "N26n0011_p0186a07"}, {"level": "2", "n": "", "type": "其他", "text": "一九（一、二、九）", "head": "N26n0011_p0187a03"}, {"level": "2", "n": "", "type": "其他", "text": "二〇（一、二、一〇）", "head": "N26n0011_p0187a13"}, {"level": "1", "n": "", "type": "其他", "text": "一集　第三品", "head": "N26n0011_p0191a02"}, {"level": "2", "n": "", "type": "其他", "text": "二一（一、三、一）", "head": "N26n0011_p0191a05"}, {"level": "2", "n": "", "type": "其他", "text": "二二（一、三、二）", "head": "N26n0011_p0192a02"}, {"level": "2", "n": "", "type": "其他", "text": "二三（一、三、三）", "head": "N26n0011_p0193a03"}, {"level": "2", "n": "", "type": "其他", "text": "二四（一、三、四）", "head": "N26n0011_p0193a11"}, {"level": "2", "n": "", "type": "其他", "text": "二五（一、三、五）", "head": "N26n0011_p0194a09"}, {"level": "2", "n": "", "type": "其他", "text": "二六（一、三、六）", "head": "N26n0011_p0195a02"}, {"level": "2", "n": "", "type": "其他", "text": "二七（一、三、七）", "head": "N26n0011_p0195a13"}, {"level": "1", "n": "", "type": "其他", "text": "二集　第一品", "head": "N26n0011_p0200a04"}, {"level": "2", "n": "", "type": "其他", "text": "二八（二、一、一）", "head": "N26n0011_p0200a06"}, {"level": "2", "n": "", "type": "其他", "text": "二九（二、一、二）", "head": "N26n0011_p0201a02"}, {"level": "2", "n": "", "type": "其他", "text": "三〇（二、一、三）", "head": "N26n0011_p0201a12"}, {"level": "2", "n": "", "type": "其他", "text": "三一（二、一、四）", "head": "N26n0011_p0202a09"}, {"level": "2", "n": "", "type": "其他", "text": "三二（二、一、五）", "head": "N26n0011_p0203a06"}, {"level": "2", "n": "", "type": "其他", "text": "三三（二、一、六）", "head": "N26n0011_p0204a02"}, {"level": "2", "n": "", "type": "其他", "text": "三四（一、一、七）", "head": "N26n0011_p0204a10"}, {"level": "2", "n": "", "type": "其他", "text": "三五（二、一、八）", "head": "N26n0011_p0205a06"}, {"level": "2", "n": "", "type": "其他", "text": "三六（二、一、九）", "head": "N26n0011_p0206a03"}, {"level": "2", "n": "", "type": "其他", "text": "三七（二、一、一〇）", "head": "N26n0011_p0207a02"}, {"level": "1", "n": "", "type": "其他", "text": "二集　第二品", "head": "N26n0011_p0209a09"}, {"level": "2", "n": "", "type": "其他", "text": "三八（二、二、一）", "head": "N26n0011_p0209a10"}, {"level": "2", "n": "", "type": "其他", "text": "三九（二、二、二）", "head": "N26n0011_p0211a02"}, {"level": "2", "n": "", "type": "其他", "text": "四〇（二、二、三）", "head": "N26n0011_p0211a10"}, {"level": "2", "n": "", "type": "其他", "text": "四一（二、二、四）", "head": "N26n0011_p0212a06"}, {"level": "2", "n": "", "type": "其他", "text": "四二（二、二、五）", "head": "N26n0011_p0213a02"}, {"level": "2", "n": "", "type": "其他", "text": "四三（二、二、六）", "head": "N26n0011_p0213a12"}, {"level": "2", "n": "", "type": "其他", "text": "四四（二、二、七）", "head": "N26n0011_p0214a08"}, {"level": "2", "n": "", "type": "其他", "text": "四五（二、二、八）", "head": "N26n0011_p0215a10"}, {"level": "2", "n": "", "type": "其他", "text": "四六（二、二、九）", "head": "N26n0011_p0216a05"}, {"level": "2", "n": "", "type": "其他", "text": "四七（二、二、一〇）", "head": "N26n0011_p0217a02"}, {"level": "2", "n": "", "type": "其他", "text": "四八（二、二、一一）", "head": "N26n0011_p0218a02"}, {"level": "2", "n": "", "type": "其他", "text": "四九（二、二、一二）", "head": "N26n0011_p0218a12"}, {"level": "1", "n": "", "type": "其他", "text": "三集　第一品", "head": "N26n0011_p0222a05"}, {"level": "2", "n": "", "type": "其他", "text": "五〇（三、一、一）", "head": "N26n0011_p0222a07"}, {"level": "2", "n": "", "type": "其他", "text": "五一（三、一、二）", "head": "N26n0011_p0222a13"}, {"level": "2", "n": "", "type": "其他", "text": "五二（三、一、三）", "head": "N26n0011_p0223a09"}, {"level": "2", "n": "", "type": "其他", "text": "五三（三、一、四）", "head": "N26n0011_p0224a02"}, {"level": "2", "n": "", "type": "其他", "text": "五四（三、一、五）", "head": "N26n0011_p0224a14"}, {"level": "2", "n": "", "type": "其他", "text": "五五（三、一、六）", "head": "N26n0011_p0225a07"}, {"level": "2", "n": "", "type": "其他", "text": "五六（三、一、七）", "head": "N26n0011_p0226a02"}, {"level": "2", "n": "", "type": "其他", "text": "五七（三、一、八）", "head": "N26n0011_p0226a09"}, {"level": "2", "n": "", "type": "其他", "text": "五八（三、一、九）", "head": "N26n0011_p0227a02"}, {"level": "2", "n": "", "type": "其他", "text": "五九（三、一、一〇）", "head": "N26n0011_p0227a12"}, {"level": "1", "n": "", "type": "其他", "text": "三集　第二品", "head": "N26n0011_p0230a02"}, {"level": "2", "n": "", "type": "其他", "text": "六〇（三、二、一）", "head": "N26n0011_p0230a04"}, {"level": "2", "n": "", "type": "其他", "text": "六一（三、二、二）", "head": "N26n0011_p0230a11"}, {"level": "2", "n": "", "type": "其他", "text": "六二（三、二、三）", "head": "N26n0011_p0231a05"}, {"level": "2", "n": "", "type": "其他", "text": "六三（三、二、四）", "head": "N26n0011_p0232a02"}, {"level": "2", "n": "", "type": "其他", "text": "六四（三、二、五）", "head": "N26n0011_p0232a13"}, {"level": "2", "n": "", "type": "其他", "text": "六五（三、二、六）", "head": "N26n0011_p0233a06"}, {"level": "2", "n": "", "type": "其他", "text": "六六（三、二、七）", "head": "N26n0011_p0233a13"}, {"level": "2", "n": "", "type": "其他", "text": "六七（三、二、八）", "head": "N26n0011_p0234a05"}, {"level": "2", "n": "", "type": "其他", "text": "六八（三、二、九）", "head": "N26n0011_p0234a11"}, {"level": "2", "n": "", "type": "其他", "text": "六九（三、二、一〇）", "head": "N26n0011_p0235a06"}, {"level": "1", "n": "", "type": "其他", "text": "三集　第三品", "head": "N26n0011_p0237a10"}, {"level": "2", "n": "", "type": "其他", "text": "七〇（三、三、一）", "head": "N26n0011_p0237a12"}, {"level": "2", "n": "", "type": "其他", "text": "七一（三、三、二）", "head": "N26n0011_p0238a10"}, {"level": "2", "n": "", "type": "其他", "text": "七二（三、三、三）", "head": "N26n0011_p0239a08"}, {"level": "2", "n": "", "type": "其他", "text": "七三（三、三、四）", "head": "N26n0011_p0240a04"}, {"level": "2", "n": "", "type": "其他", "text": "七四（三、三、五）", "head": "N26n0011_p0241a02"}, {"level": "2", "n": "", "type": "其他", "text": "七五（三、三、六）", "head": "N26n0011_p0242a09"}, {"level": "2", "n": "", "type": "其他", "text": "七六（三、三、七）", "head": "N26n0011_p0244a06"}, {"level": "2", "n": "", "type": "其他", "text": "七七（三、三、八）", "head": "N26n0011_p0246a02"}, {"level": "2", "n": "", "type": "其他", "text": "七八（三、三、九）", "head": "N26n0011_p0246a09"}, {"level": "2", "n": "", "type": "其他", "text": "七九（三、三、一〇）", "head": "N26n0011_p0247a09"}, {"level": "1", "n": "", "type": "其他", "text": "三集　第四品", "head": "N26n0011_p0249a11"}, {"level": "2", "n": "", "type": "其他", "text": "八〇（三、四、一）", "head": "N26n0011_p0249a13"}, {"level": "2", "n": "", "type": "其他", "text": "八一（三、四、二）", "head": "N26n0011_p0250a07"}, {"level": "2", "n": "", "type": "其他", "text": "八二（三、四、三）", "head": "N26n0011_p0251a11"}, {"level": "2", "n": "", "type": "其他", "text": "八三（三、四、四）", "head": "N26n0011_p0252a13"}, {"level": "2", "n": "", "type": "其他", "text": "八四（三、四、五）", "head": "N26n0011_p0254a02"}, {"level": "2", "n": "", "type": "其他", "text": "八五（三、四、六）", "head": "N26n0011_p0255a09"}, {"level": "2", "n": "", "type": "其他", "text": "八六（三、四、七）", "head": "N26n0011_p0256a02"}, {"level": "2", "n": "", "type": "其他", "text": "八七（三、四、八）", "head": "N26n0011_p0256a09"}, {"level": "2", "n": "", "type": "其他", "text": "八八（三、四、九）", "head": "N26n0011_p0258a02"}, {"level": "2", "n": "", "type": "其他", "text": "八九（三、四、一〇）", "head": "N26n0011_p0259a13"}, {"level": "1", "n": "", "type": "其他", "text": "三集　第五品", "head": "N26n0011_p0263a02"}, {"level": "2", "n": "", "type": "其他", "text": "九〇（三、五、一）", "head": "N26n0011_p0263a04"}, {"level": "2", "n": "", "type": "其他", "text": "九一（三、五、二）", "head": "N26n0011_p0264a06"}, {"level": "2", "n": "", "type": "其他", "text": "九二（三、五、三）", "head": "N26n0011_p0265a07"}, {"level": "2", "n": "", "type": "其他", "text": "九三（三、五、四）", "head": "N26n0011_p0266a08"}, {"level": "2", "n": "", "type": "其他", "text": "九四（三、五、五）", "head": "N26n0011_p0267a12"}, {"level": "2", "n": "", "type": "其他", "text": "九五（三、五、六）", "head": "N26n0011_p0268a04"}, {"level": "2", "n": "", "type": "其他", "text": "九六（三、五、七）", "head": "N26n0011_p0269a02"}, {"level": "2", "n": "", "type": "其他", "text": "九七（三、五、八）", "head": "N26n0011_p0269a13"}, {"level": "2", "n": "", "type": "其他", "text": "九八（三、五、九）", "head": "N26n0011_p0270a14"}, {"level": "2", "n": "", "type": "其他", "text": "九九（三、五、一〇）", "head": "N26n0011_p0271a10"}, {"level": "1", "n": "", "type": "其他", "text": "四集", "head": "N26n0011_p0275a07"}, {"level": "2", "n": "", "type": "其他", "text": "一〇〇（四、一）", "head": "N26n0011_p0275a09"}, {"level": "2", "n": "", "type": "其他", "text": "一〇一（四、二）", "head": "N26n0011_p0276a07"}, {"level": "2", "n": "", "type": "其他", "text": "一〇二（四、三）", "head": "N26n0011_p0277a03"}, {"level": "2", "n": "", "type": "其他", "text": "一〇三（四、四）", "head": "N26n0011_p0278a02"}, {"level": "2", "n": "", "type": "其他", "text": "一〇四（四、五）", "head": "N26n0011_p0279a03"}, {"level": "2", "n": "", "type": "其他", "text": "一〇五（四、六）", "head": "N26n0011_p0280a05"}, {"level": "2", "n": "", "type": "其他", "text": "一〇六（四、七）", "head": "N26n0011_p0281a02"}, {"level": "2", "n": "", "type": "其他", "text": "一〇七（四、八）", "head": "N26n0011_p0282a03"}, {"level": "2", "n": "", "type": "其他", "text": "一〇八（四、九）", "head": "N26n0011_p0283a03"}, {"level": "2", "n": "", "type": "其他", "text": "一〇九（四、一〇）", "head": "N26n0011_p0284a02"}, {"level": "2", "n": "", "type": "其他", "text": "一一〇（四、一一）", "head": "N26n0011_p0285a02"}, {"level": "2", "n": "", "type": "其他", "text": "一一一（四、一二）", "head": "N26n0011_p0287a02"}, {"level": "2", "n": "", "type": "其他", "text": "一一二（四、一三）", "head": "N26n0011_p0288a09"}]