[{"level": "1", "n": "", "type": "其他", "text": "一　雙品", "head": "N26n0009_p0013a01"}, {"level": "1", "n": "", "type": "其他", "text": "二　不放逸品", "head": "N26n0009_p0015a12"}, {"level": "1", "n": "", "type": "其他", "text": "三　心品", "head": "N26n0009_p0016a13"}, {"level": "1", "n": "", "type": "其他", "text": "四　華品", "head": "N26n0009_p0017a12"}, {"level": "1", "n": "", "type": "其他", "text": "五　愚品", "head": "N26n0009_p0019a03"}, {"level": "1", "n": "", "type": "其他", "text": "六　賢品", "head": "N26n0009_p0020a10"}, {"level": "1", "n": "", "type": "其他", "text": "七　阿羅漢品", "head": "N26n0009_p0022a02"}, {"level": "1", "n": "", "type": "其他", "text": "八　千品", "head": "N26n0009_p0023a07"}, {"level": "1", "n": "", "type": "其他", "text": "九　惡品", "head": "N26n0009_p0025a02"}, {"level": "1", "n": "", "type": "其他", "text": "一〇　刀杖品", "head": "N26n0009_p0026a05"}, {"level": "1", "n": "", "type": "其他", "text": "一一　老品", "head": "N26n0009_p0028a02"}, {"level": "1", "n": "", "type": "其他", "text": "一二　自己品", "head": "N26n0009_p0029a06"}, {"level": "1", "n": "", "type": "其他", "text": "一三　世品", "head": "N26n0009_p0030a06"}, {"level": "1", "n": "", "type": "其他", "text": "一四　佛陀品", "head": "N26n0009_p0031a06"}, {"level": "1", "n": "", "type": "其他", "text": "一五　安樂品", "head": "N26n0009_p0033a06"}, {"level": "1", "n": "", "type": "其他", "text": "一六　愛好品", "head": "N26n0009_p0034a10"}, {"level": "1", "n": "", "type": "其他", "text": "一七　忿怒品", "head": "N26n0009_p0035a10"}, {"level": "1", "n": "", "type": "其他", "text": "一八　垢穢品", "head": "N26n0009_p0037a02"}, {"level": "1", "n": "", "type": "其他", "text": "一九　法住品", "head": "N26n0009_p0038a13"}, {"level": "1", "n": "", "type": "其他", "text": "二〇　道品", "head": "N26n0009_p0041a02"}, {"level": "1", "n": "", "type": "其他", "text": "二一　雜品", "head": "N26n0009_p0042a13"}, {"level": "1", "n": "", "type": "其他", "text": "二二　地獄品", "head": "N26n0009_p0044a12"}, {"level": "1", "n": "", "type": "其他", "text": "二三　象品", "head": "N26n0009_p0046a04"}, {"level": "1", "n": "", "type": "其他", "text": "二四　愛欲品", "head": "N26n0009_p0047a07"}, {"level": "1", "n": "", "type": "其他", "text": "二五　比丘品", "head": "N26n0009_p0050a02"}, {"level": "1", "n": "", "type": "其他", "text": "二六　婆羅門品", "head": "N26n0009_p0052a06"}]