[{"level": "1", "n": "", "type": "其他", "text": "卷首", "head": "GA027n0025_p0003a01"}, {"level": "2", "n": "", "type": "序", "text": "序", "head": "GA027n0025_p0003a01"}, {"level": "3", "n": "", "type": "序", "text": "陸宗楷序", "head": "GA027n0025_p0003a01"}, {"level": "3", "n": "", "type": "序", "text": "周漢傑序", "head": "GA027n0025_p0007a01"}, {"level": "3", "n": "", "type": "序", "text": "傅巖序", "head": "GA027n0025_p0011a01"}, {"level": "3", "n": "", "type": "序", "text": "胡作柄序", "head": "GA027n0025_p0015a01"}, {"level": "3", "n": "", "type": "序", "text": "釋實懿序", "head": "GA027n0025_p0019a01"}, {"level": "2", "n": "", "type": "其他", "text": "寺圖", "head": "GA027n0025_p0023a01"}, {"level": "2", "n": "", "type": "其他", "text": "中峰師像", "head": "GA027n0025_p0026a01"}, {"level": "2", "n": "", "type": "其他", "text": "目錄", "head": "GA027n0025_p0027a01"}, {"level": "1", "n": "", "type": "其他", "text": "形勝", "head": "GA027n0025_p0029a04"}, {"level": "2", "n": "", "type": "序", "text": "序", "head": "GA027n0025_p0029a04"}, {"level": "2", "n": "", "type": "其他", "text": "吳山", "head": "GA027n0025_p0030a01"}, {"level": "2", "n": "", "type": "其他", "text": "鳳凰山", "head": "GA027n0025_p0030a05"}, {"level": "2", "n": "", "type": "其他", "text": "雲居山", "head": "GA027n0025_p0030a08"}, {"level": "2", "n": "", "type": "其他", "text": "三台石", "head": "GA027n0025_p0030a10"}, {"level": "3", "n": "", "type": "其他", "text": "概述", "head": "GA027n0025_p0030a10"}, {"level": "3", "n": "", "type": "其他", "text": "三台石記", "head": "GA027n0025_p0031a01"}, {"level": "3", "n": "", "type": "其他", "text": "三台石", "head": "GA027n0025_p0032a04"}, {"level": "2", "n": "", "type": "其他", "text": "江櫺石", "head": "GA027n0025_p0032a06"}, {"level": "2", "n": "", "type": "其他", "text": "龜石", "head": "GA027n0025_p0032a08"}, {"level": "2", "n": "", "type": "其他", "text": "朝陽洞", "head": "GA027n0025_p0032a10"}, {"level": "2", "n": "", "type": "其他", "text": "呂字巖", "head": "GA027n0025_p0033a01"}, {"level": "2", "n": "", "type": "其他", "text": "聖水巖", "head": "GA027n0025_p0033a03"}, {"level": "2", "n": "", "type": "其他", "text": "三佛泉", "head": "GA027n0025_p0033a06"}, {"level": "3", "n": "", "type": "其他", "text": "概述", "head": "GA027n0025_p0033a06"}, {"level": "3", "n": "", "type": "其他", "text": "三佛泉記銘", "head": "GA027n0025_p0033a09"}, {"level": "2", "n": "", "type": "其他", "text": "一滴泉", "head": "GA027n0025_p0034a06"}, {"level": "3", "n": "", "type": "其他", "text": "概述", "head": "GA027n0025_p0034a06"}, {"level": "3", "n": "", "type": "其他", "text": "題一滴泉", "head": "GA027n0025_p0034a09"}, {"level": "3", "n": "", "type": "其他", "text": "一滴泉詩", "head": "GA027n0025_p0035a01"}, {"level": "3", "n": "", "type": "其他", "text": "一滴泉詩", "head": "GA027n0025_p0035a03"}, {"level": "2", "n": "", "type": "其他", "text": "燒香洞", "head": "GA027n0025_p0035a05"}, {"level": "2", "n": "", "type": "其他", "text": "楓嶺", "head": "GA027n0025_p0035a06"}, {"level": "1", "n": "", "type": "其他", "text": "建置", "head": "GA027n0025_p0035a08"}, {"level": "2", "n": "", "type": "序", "text": "序", "head": "GA027n0025_p0035a08"}, {"level": "2", "n": "", "type": "其他", "text": "雲居菴", "head": "GA027n0025_p0036a07"}, {"level": "2", "n": "", "type": "其他", "text": "聖水寺", "head": "GA027n0025_p0036a10"}, {"level": "2", "n": "", "type": "其他", "text": "雲居寺", "head": "GA027n0025_p0037a02"}, {"level": "2", "n": "", "type": "其他", "text": "雲居聖水禪寺", "head": "GA027n0025_p0037a07"}, {"level": "2", "n": "", "type": "其他", "text": "山門", "head": "GA027n0025_p0039a01"}, {"level": "2", "n": "", "type": "其他", "text": "天王殿", "head": "GA027n0025_p0039a02"}, {"level": "3", "n": "", "type": "其他", "text": "概述", "head": "GA027n0025_p0039a02"}, {"level": "3", "n": "", "type": "其他", "text": "對聯", "head": "GA027n0025_p0039a04"}, {"level": "2", "n": "", "type": "其他", "text": "禪堂", "head": "GA027n0025_p0039a09"}, {"level": "2", "n": "", "type": "其他", "text": "齋樓", "head": "GA027n0025_p0039a10"}, {"level": "2", "n": "", "type": "其他", "text": "中峰塔院", "head": "GA027n0025_p0040a01"}, {"level": "3", "n": "", "type": "其他", "text": "概述", "head": "GA027n0025_p0040a01"}, {"level": "3", "n": "", "type": "其他", "text": "對聯", "head": "GA027n0025_p0040a03"}, {"level": "3", "n": "", "type": "其他", "text": "遊雲居寺禮中峰和尚髮塔", "head": "GA027n0025_p0040a06"}, {"level": "3", "n": "", "type": "其他", "text": "同作", "head": "GA027n0025_p0041a02"}, {"level": "2", "n": "", "type": "其他", "text": "前殿", "head": "GA027n0025_p0042a04"}, {"level": "2", "n": "", "type": "其他", "text": "長廊", "head": "GA027n0025_p0042a05"}, {"level": "3", "n": "", "type": "其他", "text": "概述", "head": "GA027n0025_p0042a05"}, {"level": "3", "n": "", "type": "其他", "text": "長廊縱步", "head": "GA027n0025_p0042a06"}, {"level": "3", "n": "", "type": "其他", "text": "題長廊", "head": "GA027n0025_p0042a08"}, {"level": "3", "n": "", "type": "其他", "text": "步長廊", "head": "GA027n0025_p0042a10"}, {"level": "3", "n": "", "type": "其他", "text": "長廊雨望南屏", "head": "GA027n0025_p0043a02"}, {"level": "3", "n": "", "type": "其他", "text": "前題", "head": "GA027n0025_p0043a05"}, {"level": "3", "n": "", "type": "其他", "text": "前題", "head": "GA027n0025_p0043a08"}, {"level": "3", "n": "", "type": "其他", "text": "長廊夜月", "head": "GA027n0025_p0044a03"}, {"level": "2", "n": "", "type": "其他", "text": "西麓房", "head": "GA027n0025_p0044a05"}, {"level": "3", "n": "", "type": "其他", "text": "概述", "head": "GA027n0025_p0044a05"}, {"level": "3", "n": "", "type": "其他", "text": "宿西麓", "head": "GA027n0025_p0044a06"}, {"level": "3", "n": "", "type": "其他", "text": "又", "head": "GA027n0025_p0044a08"}, {"level": "3", "n": "", "type": "其他", "text": "宿西麓", "head": "GA027n0025_p0044a10"}, {"level": "3", "n": "", "type": "其他", "text": "西麓山房", "head": "GA027n0025_p0045a02"}, {"level": "3", "n": "", "type": "其他", "text": "過西麓山房", "head": "GA027n0025_p0045a04"}, {"level": "2", "n": "", "type": "其他", "text": "東麓內房", "head": "GA027n0025_p0045a06"}, {"level": "3", "n": "", "type": "其他", "text": "概述", "head": "GA027n0025_p0045a06"}, {"level": "3", "n": "", "type": "其他", "text": "重訪素菴不遇", "head": "GA027n0025_p0045a07"}, {"level": "3", "n": "", "type": "其他", "text": "贈內麓笑雲上人", "head": "GA027n0025_p0045a09"}, {"level": "3", "n": "", "type": "其他", "text": "贈笑雲", "head": "GA027n0025_p0046a01"}, {"level": "2", "n": "", "type": "其他", "text": "東麓外房", "head": "GA027n0025_p0046a03"}, {"level": "3", "n": "", "type": "其他", "text": "概述", "head": "GA027n0025_p0046a03"}, {"level": "3", "n": "", "type": "其他", "text": "外麓山門聯", "head": "GA027n0025_p0046a04"}, {"level": "3", "n": "", "type": "其他", "text": "天醫院聯", "head": "GA027n0025_p0046a05"}, {"level": "3", "n": "", "type": "其他", "text": "芝桂堂額聯", "head": "GA027n0025_p0046a06"}, {"level": "2", "n": "", "type": "其他", "text": "趺翠山樓", "head": "GA027n0025_p0046a07"}, {"level": "3", "n": "", "type": "其他", "text": "清明日趺翠山樓同人訪風遠心學兩上人", "head": "GA027n0025_p0046a08"}, {"level": "3", "n": "", "type": "其他", "text": "和韻", "head": "GA027n0025_p0047a03"}, {"level": "3", "n": "", "type": "其他", "text": "和韻", "head": "GA027n0025_p0047a07"}, {"level": "3", "n": "", "type": "其他", "text": "和韻", "head": "GA027n0025_p0048a01"}, {"level": "3", "n": "", "type": "其他", "text": "前題追和", "head": "GA027n0025_p0048a05"}, {"level": "3", "n": "", "type": "其他", "text": "和韻", "head": "GA027n0025_p0048a09"}, {"level": "3", "n": "", "type": "其他", "text": "秋夜宿趺翠山樓", "head": "GA027n0025_p0049a03"}, {"level": "3", "n": "", "type": "其他", "text": "前題", "head": "GA027n0025_p0049a05"}, {"level": "3", "n": "", "type": "其他", "text": "前題", "head": "GA027n0025_p0049a07"}, {"level": "3", "n": "", "type": "其他", "text": "宿趺翠山樓次晚獨歸", "head": "GA027n0025_p0049a09"}, {"level": "3", "n": "", "type": "其他", "text": "趺翠山房密印上人", "head": "GA027n0025_p0050a01"}, {"level": "3", "n": "", "type": "其他", "text": "讀書雲居外麓山房,雲巢上人", "head": "GA027n0025_p0050a04"}, {"level": "3", "n": "", "type": "其他", "text": "贈雲巢上人", "head": "GA027n0025_p0051a10"}, {"level": "3", "n": "", "type": "其他", "text": "張朗山招集雲居分體得七古", "head": "GA027n0025_p0052a02"}, {"level": "3", "n": "", "type": "其他", "text": "趺翠山樓避暑", "head": "GA027n0025_p0052a10"}, {"level": "3", "n": "", "type": "其他", "text": "和韻", "head": "GA027n0025_p0053a02"}, {"level": "2", "n": "", "type": "其他", "text": "水明樓", "head": "GA027n0025_p0053a04"}, {"level": "3", "n": "", "type": "其他", "text": "概述", "head": "GA027n0025_p0053a05"}, {"level": "3", "n": "", "type": "其他", "text": "聯", "head": "GA027n0025_p0053a07"}, {"level": "3", "n": "", "type": "其他", "text": "水明樓記", "head": "GA027n0025_p0053a08"}, {"level": "3", "n": "", "type": "其他", "text": "初夏登雲居水明樓", "head": "GA027n0025_p0054a08"}, {"level": "3", "n": "", "type": "其他", "text": "前題", "head": "GA027n0025_p0055a02"}, {"level": "3", "n": "", "type": "其他", "text": "雨霽登水明樓訪雲巢上人不值", "head": "GA027n0025_p0055a06"}, {"level": "3", "n": "", "type": "其他", "text": "新霽同楊崑臺雲巢水明樓餞柳潔夫北上", "head": "GA027n0025_p0055a10"}, {"level": "3", "n": "", "type": "其他", "text": "外麓山望湖上諸山", "head": "GA027n0025_p0056a07"}, {"level": "3", "n": "", "type": "其他", "text": "前題", "head": "GA027n0025_p0057a01"}, {"level": "2", "n": "", "type": "其他", "text": "愛松房", "head": "GA027n0025_p0057a04"}, {"level": "3", "n": "", "type": "其他", "text": "概述", "head": "GA027n0025_p0057a04"}, {"level": "3", "n": "", "type": "其他", "text": "憩愛松山房贈三峰上人", "head": "GA027n0025_p0057a05"}, {"level": "3", "n": "", "type": "其他", "text": "秋夜宿愛松山房", "head": "GA027n0025_p0057a08"}, {"level": "3", "n": "", "type": "其他", "text": "又讀書愛松觀暴雨", "head": "GA027n0025_p0057a10"}, {"level": "2", "n": "", "type": "其他", "text": "孤雲房", "head": "GA027n0025_p0058a02"}, {"level": "2", "n": "", "type": "其他", "text": "上方菴", "head": "GA027n0025_p0058a09"}, {"level": "2", "n": "", "type": "其他", "text": "南溟房", "head": "GA027n0025_p0059a01"}, {"level": "3", "n": "", "type": "其他", "text": "概述", "head": "GA027n0025_p0059a01"}, {"level": "3", "n": "", "type": "其他", "text": "聽松樓詩", "head": "GA027n0025_p0059a02"}, {"level": "3", "n": "", "type": "其他", "text": "贈南宗上人歸", "head": "GA027n0025_p0059a08"}, {"level": "3", "n": "", "type": "其他", "text": "南溟上人聽松樓", "head": "GA027n0025_p0060a02"}, {"level": "2", "n": "", "type": "其他", "text": "白雲亭", "head": "GA027n0025_p0060a10"}, {"level": "3", "n": "", "type": "其他", "text": "概述", "head": "GA027n0025_p0060a10"}, {"level": "3", "n": "", "type": "其他", "text": "對聯", "head": "GA027n0025_p0061a01"}, {"level": "3", "n": "", "type": "其他", "text": "山亭", "head": "GA027n0025_p0061a06"}, {"level": "3", "n": "", "type": "其他", "text": "同作", "head": "GA027n0025_p0061a08"}, {"level": "3", "n": "", "type": "其他", "text": "前題", "head": "GA027n0025_p0061a10"}, {"level": "3", "n": "", "type": "其他", "text": "前題", "head": "GA027n0025_p0062a02"}, {"level": "2", "n": "", "type": "其他", "text": "常住祭祀法產", "head": "GA027n0025_p0062a04"}, {"level": "2", "n": "", "type": "其他", "text": "常住法器", "head": "GA027n0025_p0064a05"}, {"level": "1", "n": "", "type": "其他", "text": "祖師", "head": "GA027n0025_p0067a04"}, {"level": "2", "n": "", "type": "序", "text": "序", "head": "GA027n0025_p0067a04"}, {"level": "2", "n": "", "type": "其他", "text": "道膺禪師", "head": "GA027n0025_p0068a01"}, {"level": "2", "n": "", "type": "其他", "text": "佛印禪師", "head": "GA027n0025_p0068a05"}, {"level": "2", "n": "", "type": "其他", "text": "中峰禪師", "head": "GA027n0025_p0068a09"}, {"level": "2", "n": "", "type": "其他", "text": "天如禪師", "head": "GA027n0025_p0069a06"}, {"level": "2", "n": "", "type": "其他", "text": "守泉禪師", "head": "GA027n0025_p0069a10"}, {"level": "2", "n": "", "type": "其他", "text": "宏泉禪師", "head": "GA027n0025_p0070a03"}, {"level": "2", "n": "", "type": "其他", "text": "寂心", "head": "GA027n0025_p0071a03"}, {"level": "1", "n": "", "type": "其他", "text": "耆宿", "head": "GA027n0025_p0071a08"}, {"level": "2", "n": "", "type": "序", "text": "序", "head": "GA027n0025_p0071a08"}, {"level": "2", "n": "", "type": "其他", "text": "雲闍黎", "head": "GA027n0025_p0072a06"}, {"level": "2", "n": "", "type": "其他", "text": "明乘", "head": "GA027n0025_p0072a08"}, {"level": "2", "n": "", "type": "其他", "text": "指月", "head": "GA027n0025_p0073a02"}, {"level": "2", "n": "", "type": "其他", "text": "潤齋", "head": "GA027n0025_p0073a05"}, {"level": "2", "n": "", "type": "其他", "text": "方思", "head": "GA027n0025_p0073a07"}, {"level": "2", "n": "", "type": "其他", "text": "至朴", "head": "GA027n0025_p0073a10"}, {"level": "2", "n": "", "type": "其他", "text": "文紳", "head": "GA027n0025_p0074a03"}, {"level": "2", "n": "", "type": "其他", "text": "智昭", "head": "GA027n0025_p0074a05"}, {"level": "2", "n": "", "type": "其他", "text": "道孜", "head": "GA027n0025_p0074a07"}, {"level": "2", "n": "", "type": "其他", "text": "真心", "head": "GA027n0025_p0074a08"}, {"level": "2", "n": "", "type": "其他", "text": "良縉", "head": "GA027n0025_p0074a09"}, {"level": "2", "n": "", "type": "其他", "text": "宗福", "head": "GA027n0025_p0075a06"}, {"level": "2", "n": "", "type": "其他", "text": "湛", "head": "GA027n0025_p0075a09"}, {"level": "2", "n": "", "type": "其他", "text": "德一", "head": "GA027n0025_p0076a01"}, {"level": "2", "n": "", "type": "其他", "text": "寂章", "head": "GA027n0025_p0076a03"}, {"level": "2", "n": "", "type": "其他", "text": "德", "head": "GA027n0025_p0076a06"}, {"level": "2", "n": "", "type": "其他", "text": "德言", "head": "GA027n0025_p0076a09"}, {"level": "2", "n": "", "type": "其他", "text": "祥峰大師", "head": "GA027n0025_p0077a01"}, {"level": "2", "n": "", "type": "其他", "text": "元玢", "head": "GA027n0025_p0077a03"}, {"level": "1", "n": "", "type": "其他", "text": "僑寓", "head": "GA027n0025_p0077a04"}, {"level": "2", "n": "", "type": "序", "text": "序", "head": "GA027n0025_p0077a04"}, {"level": "2", "n": "", "type": "其他", "text": "杜真人", "head": "GA027n0025_p0078a02"}, {"level": "2", "n": "", "type": "其他", "text": "楊維楨", "head": "GA027n0025_p0078a05"}, {"level": "2", "n": "", "type": "其他", "text": "薩都刺", "head": "GA027n0025_p0078a07"}, {"level": "2", "n": "", "type": "其他", "text": "孫一元", "head": "GA027n0025_p0078a09"}, {"level": "2", "n": "", "type": "其他", "text": "鄭憶蘭", "head": "GA027n0025_p0079a05"}, {"level": "2", "n": "", "type": "其他", "text": "夏元吉", "head": "GA027n0025_p0079a07"}, {"level": "2", "n": "", "type": "其他", "text": "劉鑄", "head": "GA027n0025_p0079a10"}, {"level": "2", "n": "", "type": "其他", "text": "王守仁", "head": "GA027n0025_p0080a02"}, {"level": "2", "n": "", "type": "其他", "text": "釋法聚", "head": "GA027n0025_p0080a04"}, {"level": "2", "n": "", "type": "其他", "text": "釋明秀", "head": "GA027n0025_p0080a07"}, {"level": "2", "n": "", "type": "其他", "text": "徐渭", "head": "GA027n0025_p0080a10"}, {"level": "2", "n": "", "type": "其他", "text": "釋廣印", "head": "GA027n0025_p0081a03"}, {"level": "2", "n": "", "type": "其他", "text": "祝鑾", "head": "GA027n0025_p0081a07"}, {"level": "2", "n": "", "type": "其他", "text": "查繼佐", "head": "GA027n0025_p0081a09"}, {"level": "2", "n": "", "type": "其他", "text": "黃機", "head": "GA027n0025_p0082a02"}, {"level": "2", "n": "", "type": "其他", "text": "仇兆鼇", "head": "GA027n0025_p0082a04"}, {"level": "2", "n": "", "type": "其他", "text": "趙蒼璧", "head": "GA027n0025_p0082a07"}, {"level": "2", "n": "", "type": "其他", "text": "陳鵬年", "head": "GA027n0025_p0082a10"}, {"level": "2", "n": "", "type": "其他", "text": "蔡升元", "head": "GA027n0025_p0083a03"}, {"level": "2", "n": "", "type": "其他", "text": "張嗣溥", "head": "GA027n0025_p0083a05"}, {"level": "2", "n": "", "type": "其他", "text": "陸有繩", "head": "GA027n0025_p0083a08"}, {"level": "2", "n": "", "type": "其他", "text": "魏", "head": "GA027n0025_p0083a10"}, {"level": "2", "n": "", "type": "其他", "text": "徐涵", "head": "GA027n0025_p0084a02"}, {"level": "2", "n": "", "type": "其他", "text": "盧奠勳", "head": "GA027n0025_p0084a05"}, {"level": "2", "n": "", "type": "其他", "text": "錢琦", "head": "GA027n0025_p0084a07"}, {"level": "2", "n": "", "type": "其他", "text": "唐建中", "head": "GA027n0025_p0084a09"}, {"level": "2", "n": "", "type": "其他", "text": "周漢傑", "head": "GA027n0025_p0085a02"}, {"level": "2", "n": "", "type": "其他", "text": "胡石圃", "head": "GA027n0025_p0085a04"}, {"level": "2", "n": "", "type": "其他", "text": "周經邦", "head": "GA027n0025_p0085a06"}, {"level": "2", "n": "", "type": "其他", "text": "金志章", "head": "GA027n0025_p0086a05"}, {"level": "2", "n": "", "type": "其他", "text": "杭堇浦", "head": "GA027n0025_p0086a07"}, {"level": "2", "n": "", "type": "其他", "text": "朱鹿田", "head": "GA027n0025_p0086a09"}, {"level": "2", "n": "", "type": "其他", "text": "黃松石", "head": "GA027n0025_p0087a01"}, {"level": "2", "n": "", "type": "其他", "text": "汪沆", "head": "GA027n0025_p0087a03"}, {"level": "2", "n": "", "type": "其他", "text": "施安", "head": "GA027n0025_p0087a05"}, {"level": "2", "n": "", "type": "其他", "text": "張世犖", "head": "GA027n0025_p0087a06"}, {"level": "2", "n": "", "type": "其他", "text": "吳樹虛", "head": "GA027n0025_p0087a08"}, {"level": "2", "n": "", "type": "其他", "text": "戴廷熺", "head": "GA027n0025_p0088a01"}, {"level": "2", "n": "", "type": "其他", "text": "柳溥", "head": "GA027n0025_p0088a04"}, {"level": "2", "n": "", "type": "其他", "text": "釋明奇", "head": "GA027n0025_p0088a08"}, {"level": "2", "n": "", "type": "其他", "text": "汪皋鶴", "head": "GA027n0025_p0089a03"}, {"level": "1", "n": "", "type": "其他", "text": "靈異", "head": "GA027n0025_p0089a05"}, {"level": "2", "n": "", "type": "序", "text": "序", "head": "GA027n0025_p0089a05"}, {"level": "2", "n": "", "type": "其他", "text": "呂巖　施肩吾", "head": "GA027n0025_p0090a02"}, {"level": "2", "n": "", "type": "其他", "text": "道膺禪師", "head": "GA027n0025_p0090a05"}, {"level": "2", "n": "", "type": "其他", "text": "宋僧能會", "head": "GA027n0025_p0090a07"}, {"level": "2", "n": "", "type": "其他", "text": "黃龍洞僧", "head": "GA027n0025_p0090a09"}, {"level": "2", "n": "", "type": "其他", "text": "二乞", "head": "GA027n0025_p0091a04"}, {"level": "2", "n": "", "type": "其他", "text": "伽藍神", "head": "GA027n0025_p0091a07"}, {"level": "2", "n": "", "type": "其他", "text": "土神", "head": "GA027n0025_p0091a09"}, {"level": "2", "n": "", "type": "其他", "text": "伽藍殿", "head": "GA027n0025_p0092a02"}, {"level": "2", "n": "", "type": "其他", "text": "舍利法雲塔", "head": "GA027n0025_p0092a06"}, {"level": "2", "n": "", "type": "其他", "text": "蒼松", "head": "GA027n0025_p0092a08"}, {"level": "2", "n": "", "type": "其他", "text": "關帝聖像", "head": "GA027n0025_p0092a10"}, {"level": "2", "n": "", "type": "其他", "text": "井中之光", "head": "GA027n0025_p0093a02"}, {"level": "2", "n": "", "type": "其他", "text": "玉觀音菩薩", "head": "GA027n0025_p0093a03"}, {"level": "2", "n": "", "type": "其他", "text": "松嶺古塔基", "head": "GA027n0025_p0093a10"}, {"level": "1", "n": "", "type": "其他", "text": "古蹟", "head": "GA027n0025_p0094a02"}, {"level": "2", "n": "", "type": "序", "text": "序", "head": "GA027n0025_p0094a02"}, {"level": "2", "n": "", "type": "其他", "text": "大雄殿", "head": "GA027n0025_p0095a01"}, {"level": "2", "n": "", "type": "其他", "text": "觀音殿", "head": "GA027n0025_p0095a02"}, {"level": "2", "n": "", "type": "其他", "text": "方丈", "head": "GA027n0025_p0095a03"}, {"level": "2", "n": "", "type": "其他", "text": "十王殿", "head": "GA027n0025_p0095a04"}, {"level": "2", "n": "", "type": "其他", "text": "圓通殿", "head": "GA027n0025_p0095a05"}, {"level": "3", "n": "", "type": "其他", "text": "概述", "head": "GA027n0025_p0095a05"}, {"level": "3", "n": "", "type": "其他", "text": "秋夜坐圓通閣", "head": "GA027n0025_p0095a05"}, {"level": "2", "n": "", "type": "其他", "text": "藏經閣", "head": "GA027n0025_p0095a07"}, {"level": "2", "n": "", "type": "其他", "text": "萬松閣", "head": "GA027n0025_p0095a08"}, {"level": "2", "n": "", "type": "其他", "text": "聽松樓", "head": "GA027n0025_p0095a10"}, {"level": "2", "n": "", "type": "其他", "text": "法雲塔", "head": "GA027n0025_p0096a01"}, {"level": "2", "n": "", "type": "其他", "text": "鼓兒井", "head": "GA027n0025_p0096a02"}, {"level": "2", "n": "", "type": "其他", "text": "石亭", "head": "GA027n0025_p0096a10"}, {"level": "2", "n": "", "type": "其他", "text": "振衣亭", "head": "GA027n0025_p0097a02"}, {"level": "2", "n": "", "type": "其他", "text": "讚玄亭", "head": "GA027n0025_p0097a04"}, {"level": "2", "n": "", "type": "其他", "text": "疊翠亭", "head": "GA027n0025_p0097a06"}, {"level": "2", "n": "", "type": "其他", "text": "閏重九同讓山、漏雲登疊翠亭故址", "head": "GA027n0025_p0097a09"}, {"level": "2", "n": "", "type": "其他", "text": "古塔基", "head": "GA027n0025_p0098a01"}, {"level": "2", "n": "", "type": "其他", "text": "超然臺", "head": "GA027n0025_p0098a03"}, {"level": "2", "n": "", "type": "其他", "text": "怡筠房", "head": "GA027n0025_p0098a05"}, {"level": "2", "n": "", "type": "其他", "text": "竹隱房、中麓房、超然房、山居房", "head": "GA027n0025_p0098a07"}, {"level": "2", "n": "", "type": "其他", "text": "松隱房、看松東房、看松西房、嘉棲房、曉然房、般若房、翠東房、翠西房、玩松房", "head": "GA027n0025_p0099a04"}, {"level": "1", "n": "", "type": "其他", "text": "題詠", "head": "GA027n0025_p0101a04"}, {"level": "2", "n": "", "type": "序", "text": "序", "head": "GA027n0025_p0101a04"}, {"level": "2", "n": "", "type": "其他", "text": "例言", "head": "GA027n0025_p0102a03"}, {"level": "2", "n": "", "type": "其他", "text": "遊七寶山上方", "head": "GA027n0025_p0102a10"}, {"level": "2", "n": "", "type": "其他", "text": "題雲居", "head": "GA027n0025_p0103a07"}, {"level": "2", "n": "", "type": "其他", "text": "題雲居壁", "head": "GA027n0025_p0103a09"}, {"level": "2", "n": "", "type": "其他", "text": "登雲居山", "head": "GA027n0025_p0104a01"}, {"level": "2", "n": "", "type": "其他", "text": "題中峰國師望松圖", "head": "GA027n0025_p0104a03"}, {"level": "2", "n": "", "type": "其他", "text": "登雲居寺", "head": "GA027n0025_p0104a05"}, {"level": "2", "n": "", "type": "其他", "text": "和韻", "head": "GA027n0025_p0104a07"}, {"level": "2", "n": "", "type": "其他", "text": "和韻", "head": "GA027n0025_p0104a09"}, {"level": "2", "n": "", "type": "其他", "text": "和韻", "head": "GA027n0025_p0105a01"}, {"level": "2", "n": "", "type": "其他", "text": "和韻", "head": "GA027n0025_p0105a03"}, {"level": "2", "n": "", "type": "其他", "text": "和韻", "head": "GA027n0025_p0105a05"}, {"level": "2", "n": "", "type": "其他", "text": "和韻", "head": "GA027n0025_p0105a07"}, {"level": "2", "n": "", "type": "其他", "text": "和韻", "head": "GA027n0025_p0105a09"}, {"level": "2", "n": "", "type": "其他", "text": "和韻", "head": "GA027n0025_p0106a01"}, {"level": "2", "n": "", "type": "其他", "text": "和韻", "head": "GA027n0025_p0106a03"}, {"level": "2", "n": "", "type": "其他", "text": "和韻", "head": "GA027n0025_p0106a05"}, {"level": "2", "n": "", "type": "其他", "text": "和韻", "head": "GA027n0025_p0106a07"}, {"level": "2", "n": "", "type": "其他", "text": "和韻", "head": "GA027n0025_p0106a09"}, {"level": "2", "n": "", "type": "其他", "text": "雲居,詠", "head": "GA027n0025_p0107a01"}, {"level": "2", "n": "", "type": "其他", "text": "重遊吳山", "head": "GA027n0025_p0108a01"}, {"level": "2", "n": "", "type": "其他", "text": "遊雲居", "head": "GA027n0025_p0108a07"}, {"level": "2", "n": "", "type": "其他", "text": "雲居,詠", "head": "GA027n0025_p0108a09"}, {"level": "2", "n": "", "type": "其他", "text": "題雲居", "head": "GA027n0025_p0109a01"}, {"level": "2", "n": "", "type": "其他", "text": "登雲居眺城南", "head": "GA027n0025_p0109a03"}, {"level": "2", "n": "", "type": "其他", "text": "贈賓山上人", "head": "GA027n0025_p0109a05"}, {"level": "2", "n": "", "type": "其他", "text": "春日贈靜山上人", "head": "GA027n0025_p0109a07"}, {"level": "2", "n": "", "type": "其他", "text": "題山木堂", "head": "GA027n0025_p0109a09"}, {"level": "2", "n": "", "type": "其他", "text": "贈雲棲", "head": "GA027n0025_p0110a02"}, {"level": "2", "n": "", "type": "其他", "text": "晚由鐵冶嶺過雲居聖水寺", "head": "GA027n0025_p0110a04"}, {"level": "2", "n": "", "type": "其他", "text": "病後適逢初度奇上人為脩齋誦經", "head": "GA027n0025_p0110a06"}, {"level": "2", "n": "", "type": "其他", "text": "訪仁山上人", "head": "GA027n0025_p0110a09"}, {"level": "2", "n": "", "type": "其他", "text": "題智公山房壁", "head": "GA027n0025_p0111a01"}, {"level": "2", "n": "", "type": "其他", "text": "宿雲居", "head": "GA027n0025_p0111a06"}, {"level": "2", "n": "", "type": "其他", "text": "春日雨中過參黛樓借榻贈靜山上人", "head": "GA027n0025_p0111a08"}, {"level": "2", "n": "", "type": "其他", "text": "過雲居", "head": "GA027n0025_p0112a03"}, {"level": "2", "n": "", "type": "其他", "text": "寓雲居山房", "head": "GA027n0025_p0112a05"}, {"level": "2", "n": "", "type": "其他", "text": "贈古松上人", "head": "GA027n0025_p0112a07"}, {"level": "2", "n": "", "type": "其他", "text": "贈古松喬上人", "head": "GA027n0025_p0112a10"}, {"level": "2", "n": "", "type": "其他", "text": "松樂亭晚眺呈賓山上人", "head": "GA027n0025_p0113a02"}, {"level": "2", "n": "", "type": "其他", "text": "春日過迴崖禪房", "head": "GA027n0025_p0113a04"}, {"level": "2", "n": "", "type": "其他", "text": "與迴崖夜坐有懷", "head": "GA027n0025_p0113a06"}, {"level": "2", "n": "", "type": "其他", "text": "雲居,題", "head": "GA027n0025_p0113a08"}, {"level": "2", "n": "", "type": "其他", "text": "又", "head": "GA027n0025_p0113a10"}, {"level": "2", "n": "", "type": "其他", "text": "同李笠翁、沈因伯雲居話舊", "head": "GA027n0025_p0114a02"}, {"level": "2", "n": "", "type": "其他", "text": "祝達方", "head": "GA027n0025_p0114a04"}, {"level": "2", "n": "", "type": "其他", "text": "雲居寺贈風遠", "head": "GA027n0025_p0114a06"}, {"level": "2", "n": "", "type": "其他", "text": "同楊香山、葉林屋雲居西園竹閣，贈心學上人", "head": "GA027n0025_p0114a09"}, {"level": "2", "n": "", "type": "其他", "text": "從清屏山至雲居訪仁菴大師", "head": "GA027n0025_p0115a02"}, {"level": "2", "n": "", "type": "其他", "text": "又雲居寺", "head": "GA027n0025_p0115a05"}, {"level": "2", "n": "", "type": "其他", "text": "雲居江望", "head": "GA027n0025_p0115a07"}, {"level": "2", "n": "", "type": "其他", "text": "登雲居訪心學大師并誌乍歸復別之意", "head": "GA027n0025_p0115a09"}, {"level": "2", "n": "", "type": "其他", "text": "過達方禪師園", "head": "GA027n0025_p0116a01"}, {"level": "2", "n": "", "type": "其他", "text": "山中十詠", "head": "GA027n0025_p0116a07"}, {"level": "2", "n": "", "type": "其他", "text": "聖水寒巖", "head": "GA027n0025_p0116a08"}, {"level": "2", "n": "", "type": "其他", "text": "塔基松樂", "head": "GA027n0025_p0116a10"}, {"level": "2", "n": "", "type": "其他", "text": "振衣亭", "head": "GA027n0025_p0117a02"}, {"level": "2", "n": "", "type": "其他", "text": "超然臺", "head": "GA027n0025_p0117a04"}, {"level": "2", "n": "", "type": "其他", "text": "一滴泉", "head": "GA027n0025_p0117a06"}, {"level": "2", "n": "", "type": "其他", "text": "三台石", "head": "GA027n0025_p0117a08"}, {"level": "2", "n": "", "type": "其他", "text": "西山晴雪", "head": "GA027n0025_p0117a10"}, {"level": "2", "n": "", "type": "其他", "text": "東嶺翠濤", "head": "GA027n0025_p0118a02"}, {"level": "2", "n": "", "type": "其他", "text": "古堞秋雲", "head": "GA027n0025_p0118a04"}, {"level": "2", "n": "", "type": "其他", "text": "長廊夜月", "head": "GA027n0025_p0118a06"}, {"level": "2", "n": "", "type": "其他", "text": "中峰墨跡舊藏余家，今歸之心學，贈之四十字", "head": "GA027n0025_p0118a08"}, {"level": "2", "n": "", "type": "其他", "text": "謝陸雲士先生以先祖師墨蹟見賜", "head": "GA027n0025_p0119a01"}, {"level": "2", "n": "", "type": "其他", "text": "題雲居寺", "head": "GA027n0025_p0119a03"}, {"level": "2", "n": "", "type": "其他", "text": "過雲居寺傷貞石下世，同丁敬身、張東扶", "head": "GA027n0025_p0119a05"}, {"level": "2", "n": "", "type": "其他", "text": "和明尚書夏忠靖公雲居,咏原韻", "head": "GA027n0025_p0119a08"}, {"level": "2", "n": "", "type": "其他", "text": "題雲居寺", "head": "GA027n0025_p0120a04"}, {"level": "2", "n": "", "type": "其他", "text": "中峰祖師麻履分韻", "head": "GA027n0025_p0120a06"}, {"level": "2", "n": "", "type": "其他", "text": "雨後集雲居望湖上諸山分韻", "head": "GA027n0025_p0122a07"}, {"level": "2", "n": "", "type": "其他", "text": "重九日過雲居訪雲巢上人", "head": "GA027n0025_p0125a07"}, {"level": "2", "n": "", "type": "其他", "text": "和雲巢大師雲居懷古韻", "head": "GA027n0025_p0125a09"}, {"level": "2", "n": "", "type": "其他", "text": "同友過雲居訪雲巢上人", "head": "GA027n0025_p0126a03"}, {"level": "2", "n": "", "type": "其他", "text": "和韻", "head": "GA027n0025_p0126a06"}, {"level": "2", "n": "", "type": "其他", "text": "和韻", "head": "GA027n0025_p0126a08"}, {"level": "2", "n": "", "type": "其他", "text": "雲居懷古", "head": "GA027n0025_p0126a10"}, {"level": "2", "n": "", "type": "其他", "text": "和", "head": "GA027n0025_p0127a04"}, {"level": "2", "n": "", "type": "其他", "text": "又秋夕讀雲巢《水明山樓集》", "head": "GA027n0025_p0127a08"}, {"level": "2", "n": "", "type": "其他", "text": "夏日同堇浦鹿田敬身訪雲巢上人分韻", "head": "GA027n0025_p0127a10"}, {"level": "2", "n": "", "type": "其他", "text": "和", "head": "GA027n0025_p0128a03"}, {"level": "2", "n": "", "type": "其他", "text": "晚入雲居寺", "head": "GA027n0025_p0128a05"}, {"level": "2", "n": "", "type": "其他", "text": "題雲巢上人《水明山樓集》", "head": "GA027n0025_p0128a08"}, {"level": "2", "n": "", "type": "其他", "text": "贈雲巢上人", "head": "GA027n0025_p0129a02"}, {"level": "2", "n": "", "type": "其他", "text": "前題", "head": "GA027n0025_p0129a06"}, {"level": "2", "n": "", "type": "其他", "text": "贈雲巢上人", "head": "GA027n0025_p0129a09"}, {"level": "2", "n": "", "type": "其他", "text": "鳳凰山懷古", "head": "GA027n0025_p0130a06"}, {"level": "2", "n": "", "type": "其他", "text": "前題", "head": "GA027n0025_p0130a08"}, {"level": "2", "n": "", "type": "其他", "text": "前題", "head": "GA027n0025_p0130a10"}, {"level": "2", "n": "", "type": "其他", "text": "遊雲居寺", "head": "GA027n0025_p0131a02"}, {"level": "2", "n": "", "type": "其他", "text": "登雲居楓嶺絕頂", "head": "GA027n0025_p0131a04"}, {"level": "2", "n": "", "type": "其他", "text": "首春雲居寺與賓三上人茶話", "head": "GA027n0025_p0131a06"}, {"level": "2", "n": "", "type": "其他", "text": "海棠石壁歌同金江聲觀察作", "head": "GA027n0025_p0131a09"}, {"level": "2", "n": "", "type": "其他", "text": "初春偕馬眉叔馬蘭若至雲居訪雲巢上人和前韻", "head": "GA027n0025_p0132a04"}, {"level": "2", "n": "", "type": "其他", "text": "前題", "head": "GA027n0025_p0132a09"}, {"level": "2", "n": "", "type": "其他", "text": "訪雲巢上人", "head": "GA027n0025_p0133a02"}, {"level": "2", "n": "", "type": "其他", "text": "瑞凝道院", "head": "GA027n0025_p0133a04"}, {"level": "2", "n": "", "type": "其他", "text": "寺面城", "head": "GA027n0025_p0133a10"}, {"level": "2", "n": "", "type": "其他", "text": "中峰：雲居菴記", "head": "GA027n0025_p0134a01"}, {"level": "2", "n": "", "type": "其他", "text": "載鳳翔：精齋死節記", "head": "GA027n0025_p0134a03"}, {"level": "2", "n": "", "type": "其他", "text": "沈衝：雲居聖水禪寺重建殿記", "head": "GA027n0025_p0134a06"}, {"level": "1", "n": "", "type": "其他", "text": "法譜", "head": "GA027n0025_p0135a04"}, {"level": "2", "n": "", "type": "序", "text": "序", "head": "GA027n0025_p0135a04"}, {"level": "2", "n": "", "type": "其他", "text": "釋迦如來真身舍利寶塔傳", "head": "GA027n0025_p0136a03"}, {"level": "2", "n": "", "type": "其他", "text": "禪宗法脈", "head": "GA027n0025_p0145a10"}, {"level": "2", "n": "", "type": "其他", "text": "臨濟宗", "head": "GA027n0025_p0148a04"}, {"level": "2", "n": "", "type": "其他", "text": "道膺禪師傳", "head": "GA027n0025_p0149a09"}, {"level": "2", "n": "", "type": "其他", "text": "明本傳", "head": "GA027n0025_p0151a10"}, {"level": "2", "n": "", "type": "其他", "text": "守泉禪師傳", "head": "GA027n0025_p0152a10"}, {"level": "2", "n": "", "type": "其他", "text": "心上人傳", "head": "GA027n0025_p0154a05"}, {"level": "2", "n": "", "type": "其他", "text": "寶雨禪師傳", "head": "GA027n0025_p0156a03"}, {"level": "2", "n": "", "type": "序", "text": "古峰長老住持本山序", "head": "GA027n0025_p0159a05"}, {"level": "2", "n": "", "type": "序", "text": "弘泉禪師六十壽序", "head": "GA027n0025_p0161a04"}, {"level": "2", "n": "", "type": "序", "text": "達方上人七十壽序", "head": "GA027n0025_p0162a07"}, {"level": "2", "n": "", "type": "序", "text": "達方禪師八十大壽序", "head": "GA027n0025_p0165a03"}, {"level": "2", "n": "", "type": "其他", "text": "雲居菴記", "head": "GA027n0025_p0168a02"}, {"level": "2", "n": "", "type": "其他", "text": "普應國師中峰舍利法雲塔記", "head": "GA027n0025_p0170a04"}, {"level": "2", "n": "", "type": "其他", "text": "看松樓記", "head": "GA027n0025_p0172a07"}, {"level": "2", "n": "", "type": "其他", "text": "雲居聖水禪寺重建殿記", "head": "GA027n0025_p0175a01"}, {"level": "2", "n": "", "type": "其他", "text": "雲居寺無盡燈記", "head": "GA027n0025_p0178a06"}, {"level": "2", "n": "", "type": "其他", "text": "雲居精齋心禪師死節常住記", "head": "GA027n0025_p0179a07"}, {"level": "2", "n": "", "type": "其他", "text": "書僧心學買地議單後", "head": "GA027n0025_p0183a03"}, {"level": "2", "n": "", "type": "其他", "text": "雲居聖水寺築墻記", "head": "GA027n0025_p0184a10"}, {"level": "2", "n": "", "type": "其他", "text": "跋", "head": "GA027n0025_p0187a06"}, {"level": "2", "n": "", "type": "其他", "text": "雲居銘", "head": "GA027n0025_p0189a04"}, {"level": "1", "n": "", "type": "其他", "text": "贊偈", "head": "GA027n0025_p0191a04"}, {"level": "2", "n": "", "type": "其他", "text": "序", "head": "GA027n0025_p0191a04"}, {"level": "2", "n": "", "type": "其他", "text": "大士三十二贊", "head": "GA027n0025_p0192a01"}, {"level": "2", "n": "", "type": "其他", "text": "懷淨土詩", "head": "GA027n0025_p0198a07"}, {"level": "2", "n": "", "type": "其他", "text": "與馮海粟居士", "head": "GA027n0025_p0209a07"}, {"level": "2", "n": "", "type": "其他", "text": "募脩觀音閣疏", "head": "GA027n0025_p0211a04"}, {"level": "2", "n": "", "type": "其他", "text": "募脩觀音閣偈", "head": "GA027n0025_p0212a10"}, {"level": "2", "n": "", "type": "其他", "text": "募脩雲居聖水禪寺疏", "head": "GA027n0025_p0214a10"}, {"level": "2", "n": "", "type": "其他", "text": "贈無念說", "head": "GA027n0025_p0217a01"}, {"level": "1", "n": "", "type": "其他", "text": "清規", "head": "GA027n0025_p0219a04"}, {"level": "2", "n": "", "type": "其他", "text": "序", "head": "GA027n0025_p0219a04"}, {"level": "2", "n": "", "type": "其他", "text": "信心銘", "head": "GA027n0025_p0220a04"}, {"level": "2", "n": "", "type": "其他", "text": "貪瞋癡箴", "head": "GA027n0025_p0223a04"}, {"level": "2", "n": "", "type": "其他", "text": "戒定慧箴", "head": "GA027n0025_p0224a03"}, {"level": "2", "n": "", "type": "其他", "text": "喜箴", "head": "GA027n0025_p0225a02"}, {"level": "2", "n": "", "type": "其他", "text": "怒箴", "head": "GA027n0025_p0225a07"}, {"level": "2", "n": "", "type": "其他", "text": "哀箴", "head": "GA027n0025_p0226a02"}, {"level": "2", "n": "", "type": "其他", "text": "樂箴", "head": "GA027n0025_p0226a07"}, {"level": "2", "n": "", "type": "其他", "text": "臨濟鐘板", "head": "GA027n0025_p0227a10"}, {"level": "2", "n": "", "type": "其他", "text": "本寺朔望祝延", "head": "GA027n0025_p0228a08"}, {"level": "3", "n": "", "type": "其他", "text": "概述", "head": "GA027n0025_p0228a09"}, {"level": "3", "n": "", "type": "其他", "text": "釋迦如來二月望日涅槃疏", "head": "GA027n0025_p0232a01"}, {"level": "2", "n": "", "type": "其他", "text": "文疏", "head": "GA027n0025_p0232a06"}, {"level": "3", "n": "", "type": "其他", "text": "二月十九日大士降誕文疏", "head": "GA027n0025_p0232a06"}, {"level": "3", "n": "", "type": "其他", "text": "上中峰殿作享", "head": "GA027n0025_p0234a04"}, {"level": "3", "n": "", "type": "其他", "text": "四月初八日釋迦佛誕辰", "head": "GA027n0025_p0236a04"}, {"level": "3", "n": "", "type": "其他", "text": "又", "head": "GA027n0025_p0238a02"}, {"level": "3", "n": "", "type": "其他", "text": "世尊降誕功德文疏", "head": "GA027n0025_p0240a10"}, {"level": "3", "n": "", "type": "其他", "text": "華嚴文疏", "head": "GA027n0025_p0243a02"}, {"level": "3", "n": "", "type": "其他", "text": "四月十五日結制啟楞嚴會疏", "head": "GA027n0025_p0247a04"}, {"level": "3", "n": "", "type": "其他", "text": "七月十五日蘭盆會榜文", "head": "GA027n0025_p0250a03"}, {"level": "3", "n": "", "type": "其他", "text": "告許伽藍神疏", "head": "GA027n0025_p0251a07"}, {"level": "3", "n": "", "type": "其他", "text": "供聖大意", "head": "GA027n0025_p0252a08"}, {"level": "3", "n": "", "type": "其他", "text": "祝祖咒食文", "head": "GA027n0025_p0253a08"}, {"level": "3", "n": "", "type": "其他", "text": "大殿回向文", "head": "GA027n0025_p0255a01"}, {"level": "3", "n": "", "type": "其他", "text": "祈子文疏", "head": "GA027n0025_p0256a10"}, {"level": "1", "n": "", "type": "附文", "text": "補遺", "head": "GA027n0025_p0261a01"}, {"level": "2", "n": "", "type": "附文", "text": "序", "head": "GA027n0025_p0261a02"}, {"level": "2", "n": "", "type": "附文", "text": "佛牙贊", "head": "GA027n0025_p0261a08"}, {"level": "2", "n": "", "type": "附文", "text": "厯代祖師", "head": "GA027n0025_p0262a02"}, {"level": "2", "n": "", "type": "附文", "text": "智覺禪師明本", "head": "GA027n0025_p0263a04"}, {"level": "2", "n": "", "type": "附文", "text": "幻住菴歌", "head": "GA027n0025_p0272a09"}, {"level": "2", "n": "", "type": "附文", "text": "九言梅花詩", "head": "GA027n0025_p0273a06"}, {"level": "2", "n": "", "type": "附文", "text": "次韻瀋王題真際亭", "head": "GA027n0025_p0273a09"}, {"level": "2", "n": "", "type": "附文", "text": "送吉上人之江西下高峰和尚遺書", "head": "GA027n0025_p0274a08"}, {"level": "2", "n": "", "type": "附文", "text": "和皖山隱者", "head": "GA027n0025_p0275a03"}, {"level": "2", "n": "", "type": "附文", "text": "少林初祖", "head": "GA027n0025_p0275a07"}, {"level": "2", "n": "", "type": "附文", "text": "布袋", "head": "GA027n0025_p0275a10"}, {"level": "2", "n": "", "type": "附文", "text": "臨濟", "head": "GA027n0025_p0276a03"}, {"level": "2", "n": "", "type": "附文", "text": "趙州", "head": "GA027n0025_p0276a05"}, {"level": "2", "n": "", "type": "附文", "text": "贊潤齋", "head": "GA027n0025_p0276a08"}, {"level": "2", "n": "", "type": "附文", "text": "詠葫蘆", "head": "GA027n0025_p0276a10"}, {"level": "2", "n": "", "type": "附文", "text": "松月", "head": "GA027n0025_p0277a02"}, {"level": "2", "n": "", "type": "附文", "text": "自讚", "head": "GA027n0025_p0277a04"}, {"level": "2", "n": "", "type": "附文", "text": "佛印璵禪師贊", "head": "GA027n0025_p0278a08"}, {"level": "2", "n": "", "type": "附文", "text": "澹憨道人周初平百忍說", "head": "GA027n0025_p0279a01"}, {"level": "2", "n": "", "type": "附文", "text": "脩雲居記", "head": "GA027n0025_p0284a03"}, {"level": "2", "n": "", "type": "附文", "text": "浙江巡撫都察院張公定案", "head": "GA027n0025_p0285a07"}, {"level": "2", "n": "", "type": "附文", "text": "元雲居寺中峰和尚札", "head": "GA027n0025_p0293a08"}, {"level": "2", "n": "", "type": "附文", "text": "貴池令近溪沈公墓誌銘", "head": "GA027n0025_p0295a04"}, {"level": "2", "n": "", "type": "附文", "text": "重刊中峯和尚廣錄序", "head": "GA027n0025_p0298a07"}, {"level": "2", "n": "", "type": "附文", "text": "後序", "head": "GA027n0025_p0305a01"}, {"level": "2", "n": "", "type": "附文", "text": "後跋", "head": "GA027n0025_p0309a01"}]