[{"n": "19", "fun": "open", "head": "GA090n0089_p0669a01", "title": "天台山方外志卷第十九"}, {"n": "19", "fun": "close", "head": "GA090n0089_p0722a09", "title": "天台山方外志卷第十九終"}, {"n": "20", "fun": "open", "head": "GA090n0089_p0723a01", "title": "天台山方外志卷第二十"}, {"n": "20", "fun": "close", "head": "GA090n0089_p0756a09", "title": "天台山方外志卷第二十終"}, {"n": "21", "fun": "open", "head": "GA090n0089_p0757a01", "title": "天台山方外志卷第二十一"}, {"n": "21", "fun": "close", "head": "GA090n0089_p0800a09", "title": "天台山方外志卷第二十一終"}, {"n": "22", "fun": "open", "head": "GA090n0089_p0801a01", "title": "天台山方外志卷第二十二"}, {"n": "22", "fun": "close", "head": "GA090n0089_p0820a09", "title": "天台山方外志卷第二十二終"}, {"n": "23", "fun": "open", "head": "GA090n0089_p0821a01", "title": "天台山方外志卷第二十三"}, {"n": "23", "fun": "close", "head": "GA090n0089_p0844a09", "title": "天台山方外志卷第二十三終"}, {"n": "24", "fun": "open", "head": "GA090n0089_p0845a01", "title": "天台山方外志卷第二十四"}, {"n": "24", "fun": "close", "head": "GA090n0089_p0870a09", "title": "天台山方外志卷第二十四終"}, {"n": "25", "fun": "open", "head": "GA090n0089_p0871a01", "title": "天台山方外志卷第二十五"}, {"n": "25", "fun": "close", "head": "GA090n0089_p0890a09", "title": "天台山方外卷第二十五終"}, {"n": "26", "fun": "open", "head": "GA090n0089_p0891a01", "title": "天台山方外志卷第二十六"}, {"n": "26", "fun": "close", "head": "GA090n0089_p0898a09", "title": "天台山方外志卷第二十六終"}, {"n": "27", "fun": "open", "head": "GA090n0089_p0899a01", "title": "天台山方外志卷第二十七"}, {"n": "27", "fun": "close", "head": "GA090n0089_p0912a09", "title": "天台山方外卷第二十七終"}, {"n": "28", "fun": "open", "head": "GA090n0089_p0913a01", "title": "天台山方外志卷第二十八"}, {"n": "28", "fun": "close", "head": "GA090n0089_p0966a09", "title": "天台山方外卷第二十八終"}, {"n": "29", "fun": "open", "head": "GA090n0089_p0967a01", "title": "天台山方外志卷第二十九"}, {"n": "29", "fun": "close", "head": "GA090n0089_p0986a09", "title": "天台山方外志卷第二十九終"}, {"n": "30", "fun": "open", "head": "GA090n0089_p0987a01", "title": "天台山方外志卷第三十"}]