[{"n": "19", "fun": "open", "head": "GA090n0089_p0669a01"}, {"n": "19", "fun": "close", "head": "GA090n0089_p0722a09"}, {"n": "20", "fun": "open", "head": "GA090n0089_p0723a01"}, {"n": "20", "fun": "close", "head": "GA090n0089_p0756a09"}, {"n": "21", "fun": "open", "head": "GA090n0089_p0757a01"}, {"n": "21", "fun": "close", "head": "GA090n0089_p0800a09"}, {"n": "22", "fun": "open", "head": "GA090n0089_p0801a01"}, {"n": "22", "fun": "close", "head": "GA090n0089_p0820a09"}, {"n": "23", "fun": "open", "head": "GA090n0089_p0821a01"}, {"n": "23", "fun": "close", "head": "GA090n0089_p0844a09"}, {"n": "24", "fun": "open", "head": "GA090n0089_p0845a01"}, {"n": "24", "fun": "close", "head": "GA090n0089_p0870a09"}, {"n": "25", "fun": "open", "head": "GA090n0089_p0871a01"}, {"n": "25", "fun": "close", "head": "GA090n0089_p0890a09"}, {"n": "26", "fun": "open", "head": "GA090n0089_p0891a01"}, {"n": "26", "fun": "close", "head": "GA090n0089_p0898a09"}, {"n": "27", "fun": "open", "head": "GA090n0089_p0899a01"}, {"n": "27", "fun": "close", "head": "GA090n0089_p0912a09"}, {"n": "28", "fun": "open", "head": "GA090n0089_p0913a01"}, {"n": "28", "fun": "close", "head": "GA090n0089_p0966a09"}, {"n": "29", "fun": "open", "head": "GA090n0089_p0967a01"}, {"n": "29", "fun": "close", "head": "GA090n0089_p0986a09"}, {"n": "30", "fun": "open", "head": "GA090n0089_p0987a01"}]