[{"n": "1", "fun": "open", "head": "GA035n0036_pb027a01", "title": "常熟縣破山興福寺志卷一"}, {"n": "1", "fun": "close", "head": "GA035n0036_pb063a01", "title": "常熟縣破山興福寺志卷一畢"}, {"n": "2", "fun": "open", "head": "GA035n0036_pb065a01", "title": "常熟縣破山興福寺志卷二"}, {"n": "2", "fun": "close", "head": "GA035n0036_pb102a02", "title": "常熟縣破山興福寺志卷二畢"}, {"n": "3", "fun": "open", "head": "GA035n0036_pb103a01", "title": "常熟縣破山興福寺志卷三"}, {"n": "3", "fun": "close", "head": "GA035n0036_pb120a02", "title": "常熟縣破山興福寺志卷三畢"}, {"n": "4", "fun": "open", "head": "GA035n0036_pb121a01", "title": "常熟縣破山興福寺志卷四"}, {"n": "4", "fun": "close", "head": "GA035n0036_pb125a03", "title": "常熟縣破山興福寺志卷四畢"}, {"n": "5", "fun": "open", "head": "GA035n0036_pb127a01", "title": "常熟縣破山興福寺志卷五"}]