[{"n": "1", "fun": "open", "head": "GA035n0036_pb027a01"}, {"n": "1", "fun": "close", "head": "GA035n0036_pb063a01"}, {"n": "2", "fun": "open", "head": "GA035n0036_pb065a01"}, {"n": "2", "fun": "close", "head": "GA035n0036_pb102a02"}, {"n": "3", "fun": "open", "head": "GA035n0036_pb103a01"}, {"n": "3", "fun": "close", "head": "GA035n0036_pb120a02"}, {"n": "4", "fun": "open", "head": "GA035n0036_pb121a01"}, {"n": "4", "fun": "close", "head": "GA035n0036_pb125a03"}, {"n": "5", "fun": "open", "head": "GA035n0036_pb127a01"}]