[{"level": "1", "n": "", "type": "其他", "text": "第十一　鬥諍經之義釋", "head": "N46n0022_p0001a01"}, {"level": "1", "n": "", "type": "其他", "text": "第十二　小集積經之義釋", "head": "N46n0022_p0042a10"}, {"level": "1", "n": "", "type": "其他", "text": "第十三　大集積經之義釋", "head": "N46n0022_p0068a11"}, {"level": "1", "n": "", "type": "其他", "text": "第十四　迅速經之義釋", "head": "N46n0022_p0112a05"}, {"level": "1", "n": "", "type": "其他", "text": "第十五　執杖經之義釋", "head": "N46n0022_p0184a07"}, {"level": "1", "n": "", "type": "其他", "text": "第十六　舍利弗經之義釋", "head": "N46n0022_p0239a10"}]