[{"level": "1", "n": "", "type": "其他", "text": "提要", "head": "GA024n0022_p0003a01"}, {"level": "1", "n": "", "type": "序", "text": "序", "head": "GA024n0022_p0005a01"}, {"level": "1", "n": "", "type": "其他", "text": "宸恩", "head": "GA024n0022_p0007a05"}, {"level": "2", "n": "", "type": "其他", "text": "清聖祖", "head": "GA024n0022_p0007a06"}, {"level": "2", "n": "", "type": "其他", "text": "清世宗", "head": "GA024n0022_p0011a02"}, {"level": "2", "n": "", "type": "其他", "text": "清高宗", "head": "GA024n0022_p0011a10"}, {"level": "1", "n": "", "type": "其他", "text": "山水", "head": "GA024n0022_p0015a05"}, {"level": "2", "n": "", "type": "其他", "text": "武林山", "head": "GA024n0022_p0015a06"}, {"level": "2", "n": "", "type": "其他", "text": "稽留峰", "head": "GA024n0022_p0016a04"}, {"level": "2", "n": "", "type": "其他", "text": "理公巖", "head": "GA024n0022_p0016a06"}, {"level": "2", "n": "", "type": "其他", "text": "白猿峰", "head": "GA024n0022_p0017a01"}, {"level": "2", "n": "", "type": "其他", "text": "龍泓洞", "head": "GA024n0022_p0017a03"}, {"level": "2", "n": "", "type": "其他", "text": "玉女巖", "head": "GA024n0022_p0017a06"}, {"level": "2", "n": "", "type": "其他", "text": "葛塢", "head": "GA024n0022_p0017a09"}, {"level": "2", "n": "", "type": "其他", "text": "臥犀泉", "head": "GA024n0022_p0018a01"}, {"level": "2", "n": "", "type": "其他", "text": "白沙泉", "head": "GA024n0022_p0018a04"}, {"level": "2", "n": "", "type": "其他", "text": "茯苓泉", "head": "GA024n0022_p0018a06"}, {"level": "2", "n": "", "type": "其他", "text": "石人嶺", "head": "GA024n0022_p0018a09"}, {"level": "2", "n": "", "type": "其他", "text": "蓮花泉", "head": "GA024n0022_p0019a01"}, {"level": "1", "n": "", "type": "其他", "text": "梵宇", "head": "GA024n0022_p0019a03"}, {"level": "2", "n": "", "type": "其他", "text": "殿", "head": "GA024n0022_p0019a04"}, {"level": "2", "n": "", "type": "其他", "text": "堂", "head": "GA024n0022_p0019a06"}, {"level": "2", "n": "", "type": "其他", "text": "閣", "head": "GA024n0022_p0019a09"}, {"level": "2", "n": "", "type": "其他", "text": "軒", "head": "GA024n0022_p0019a10"}, {"level": "2", "n": "", "type": "其他", "text": "樓", "head": "GA024n0022_p0020a02"}, {"level": "2", "n": "", "type": "其他", "text": "寮", "head": "GA024n0022_p0020a03"}, {"level": "2", "n": "", "type": "其他", "text": "亭", "head": "GA024n0022_p0020a05"}, {"level": "1", "n": "", "type": "其他", "text": "古蹟", "head": "GA024n0022_p0021a01"}, {"level": "2", "n": "", "type": "其他", "text": "袁君亭", "head": "GA024n0022_p0021a02"}, {"level": "2", "n": "", "type": "其他", "text": "翠微亭", "head": "GA024n0022_p0021a03"}, {"level": "2", "n": "", "type": "其他", "text": "石橋亭", "head": "GA024n0022_p0021a05"}, {"level": "2", "n": "", "type": "其他", "text": "月桂亭", "head": "GA024n0022_p0021a06"}, {"level": "2", "n": "", "type": "其他", "text": "靈山海會之閣", "head": "GA024n0022_p0021a07"}, {"level": "2", "n": "", "type": "其他", "text": "普圓院", "head": "GA024n0022_p0021a09"}, {"level": "2", "n": "", "type": "其他", "text": "法安院", "head": "GA024n0022_p0022a02"}, {"level": "2", "n": "", "type": "其他", "text": "巢雲亭", "head": "GA024n0022_p0022a05"}, {"level": "2", "n": "", "type": "其他", "text": "徐奭墓", "head": "GA024n0022_p0022a06"}, {"level": "2", "n": "", "type": "其他", "text": "慕容妃墓", "head": "GA024n0022_p0022a07"}, {"level": "2", "n": "", "type": "其他", "text": "周殿撰杞墓", "head": "GA024n0022_p0022a08"}, {"level": "2", "n": "", "type": "其他", "text": "曲水亭", "head": "GA024n0022_p0023a01"}, {"level": "2", "n": "", "type": "其他", "text": "將軍教場墓", "head": "GA024n0022_p0023a03"}, {"level": "2", "n": "", "type": "其他", "text": "靈隱天竺寺門", "head": "GA024n0022_p0023a08"}, {"level": "2", "n": "", "type": "其他", "text": "密因閣", "head": "GA024n0022_p0024a01"}, {"level": "2", "n": "", "type": "其他", "text": "方等懺堂", "head": "GA024n0022_p0024a04"}, {"level": "2", "n": "", "type": "其他", "text": "石佛菴", "head": "GA024n0022_p0024a06"}, {"level": "2", "n": "", "type": "其他", "text": "錢和墓", "head": "GA024n0022_p0024a10"}, {"level": "2", "n": "", "type": "其他", "text": "忠勇廟", "head": "GA024n0022_p0025a02"}, {"level": "2", "n": "", "type": "其他", "text": "超然臺", "head": "GA024n0022_p0025a03"}, {"level": "2", "n": "", "type": "其他", "text": "宋理宗貴妃閻氏欑宮", "head": "GA024n0022_p0025a07"}, {"level": "2", "n": "", "type": "其他", "text": "隆親永福院", "head": "GA024n0022_p0025a09"}, {"level": "2", "n": "", "type": "其他", "text": "宜對亭", "head": "GA024n0022_p0026a01"}, {"level": "2", "n": "", "type": "其他", "text": "月波亭", "head": "GA024n0022_p0026a02"}, {"level": "2", "n": "", "type": "其他", "text": "錢塘縣舊治", "head": "GA024n0022_p0026a03"}, {"level": "2", "n": "", "type": "其他", "text": "杏園", "head": "GA024n0022_p0026a05"}, {"level": "2", "n": "", "type": "其他", "text": "白閣", "head": "GA024n0022_p0026a07"}, {"level": "2", "n": "", "type": "其他", "text": "附錄", "head": "GA024n0022_p0027a01"}, {"level": "3", "n": "", "type": "其他", "text": "湯莊", "head": "GA024n0022_p0027a02"}, {"level": "3", "n": "", "type": "其他", "text": "白雲山房", "head": "GA024n0022_p0027a08"}, {"level": "1", "n": "", "type": "其他", "text": "禪祖", "head": "GA024n0022_p0029a02"}, {"level": "2", "n": "", "type": "其他", "text": "如璧禪師饒節", "head": "GA024n0022_p0029a03"}, {"level": "2", "n": "", "type": "其他", "text": "僧智融", "head": "GA024n0022_p0030a08"}, {"level": "2", "n": "", "type": "其他", "text": "佛行道昌禪師", "head": "GA024n0022_p0031a09"}, {"level": "2", "n": "", "type": "其他", "text": "寒巖升禪師", "head": "GA024n0022_p0034a04"}, {"level": "2", "n": "", "type": "其他", "text": "臨安府靈隱荊叟如珏禪師", "head": "GA024n0022_p0035a04"}, {"level": "2", "n": "", "type": "其他", "text": "偃溪廣聞禪師", "head": "GA024n0022_p0035a10"}, {"level": "2", "n": "", "type": "其他", "text": "豁堂正嵓禪師", "head": "GA024n0022_p0037a08"}, {"level": "2", "n": "", "type": "其他", "text": "乾菴賢禪師", "head": "GA024n0022_p0040a03"}, {"level": "2", "n": "", "type": "其他", "text": "三目源禪師", "head": "GA024n0022_p0040a04"}, {"level": "2", "n": "", "type": "其他", "text": "碩揆原志禪師", "head": "GA024n0022_p0040a05"}, {"level": "2", "n": "", "type": "其他", "text": "證南參禪師", "head": "GA024n0022_p0040a07"}, {"level": "2", "n": "", "type": "其他", "text": "匡瀑戒青禪師", "head": "GA024n0022_p0040a08"}, {"level": "2", "n": "", "type": "其他", "text": "諦暉慧輅禪師", "head": "GA024n0022_p0041a10"}, {"level": "2", "n": "", "type": "其他", "text": "超然開言法師", "head": "GA024n0022_p0043a05"}, {"level": "2", "n": "", "type": "其他", "text": "敏巖智廣禪師", "head": "GA024n0022_p0044a07"}, {"level": "2", "n": "", "type": "其他", "text": "聞竹上志禪師", "head": "GA024n0022_p0045a04"}, {"level": "2", "n": "", "type": "其他", "text": "晚山上峻禪師", "head": "GA024n0022_p0045a09"}, {"level": "2", "n": "", "type": "其他", "text": "元微明覺禪師", "head": "GA024n0022_p0046a05"}, {"level": "2", "n": "", "type": "其他", "text": "且惟德傳禪師", "head": "GA024n0022_p0047a03"}, {"level": "2", "n": "", "type": "其他", "text": "山止高禪師", "head": "GA024n0022_p0047a05"}, {"level": "2", "n": "", "type": "其他", "text": "止安長老", "head": "GA024n0022_p0048a01"}, {"level": "2", "n": "", "type": "其他", "text": "巨濤義果禪師", "head": "GA024n0022_p0049a01"}, {"level": "1", "n": "", "type": "其他", "text": "法語", "head": "GA024n0022_p0050a05"}, {"level": "2", "n": "", "type": "其他", "text": "清聳禪師", "head": "GA024n0022_p0050a06"}, {"level": "2", "n": "", "type": "其他", "text": "佛智端裕禪師", "head": "GA024n0022_p0050a10"}, {"level": "2", "n": "", "type": "其他", "text": "瞎堂遠禪師", "head": "GA024n0022_p0051a09"}, {"level": "2", "n": "", "type": "其他", "text": "石皷希夷禪師", "head": "GA024n0022_p0052a10"}, {"level": "2", "n": "", "type": "其他", "text": "石田法薰禪師", "head": "GA024n0022_p0053a06"}, {"level": "2", "n": "", "type": "其他", "text": "癡絕道冲禪師", "head": "GA024n0022_p0053a10"}, {"level": "2", "n": "", "type": "其他", "text": "東谷光禪師", "head": "GA024n0022_p0054a06"}, {"level": "2", "n": "", "type": "其他", "text": "妙峰之善禪師", "head": "GA024n0022_p0054a10"}, {"level": "2", "n": "", "type": "其他", "text": "悅堂祖誾禪師", "head": "GA024n0022_p0055a06"}, {"level": "2", "n": "", "type": "其他", "text": "元叟行端禪師", "head": "GA024n0022_p0055a10"}, {"level": "2", "n": "", "type": "其他", "text": "東嶼德海禪師", "head": "GA024n0022_p0056a06"}, {"level": "2", "n": "", "type": "其他", "text": "竹泉法林禪師", "head": "GA024n0022_p0056a09"}, {"level": "2", "n": "", "type": "其他", "text": "性源慧明禪師", "head": "GA024n0022_p0057a05"}, {"level": "2", "n": "", "type": "其他", "text": "用貞輔良禪師", "head": "GA024n0022_p0058a05"}, {"level": "2", "n": "", "type": "其他", "text": "豁堂正嵓禪師", "head": "GA024n0022_p0059a01"}, {"level": "2", "n": "", "type": "其他", "text": "聞竹上志禪師", "head": "GA024n0022_p0060a04"}, {"level": "2", "n": "", "type": "其他", "text": "敏巖智廣禪師", "head": "GA024n0022_p0061a05"}, {"level": "2", "n": "", "type": "其他", "text": "巨濤義果禪師", "head": "GA024n0022_p0062a08"}, {"level": "3", "n": "", "type": "其他", "text": "概述", "head": "GA024n0022_p0062a09"}, {"level": "3", "n": "", "type": "其他", "text": "乾隆六年四月十九日轉輪殿上梁", "head": "GA024n0022_p0067a05"}, {"level": "3", "n": "", "type": "其他", "text": "乾隆六年十月十六日法堂重上梁", "head": "GA024n0022_p0068a01"}, {"level": "3", "n": "", "type": "其他", "text": "梵香觀音閣上梁", "head": "GA024n0022_p0068a08"}, {"level": "3", "n": "", "type": "其他", "text": "庫房上梁", "head": "GA024n0022_p0069a04"}, {"level": "3", "n": "", "type": "其他", "text": "釋迦佛開光", "head": "GA024n0022_p0069a09"}, {"level": "3", "n": "", "type": "其他", "text": "彌勒開光", "head": "GA024n0022_p0070a04"}, {"level": "3", "n": "", "type": "其他", "text": "藏佛同地藏菩薩開光", "head": "GA024n0022_p0070a10"}, {"level": "3", "n": "", "type": "其他", "text": "羅漢開光", "head": "GA024n0022_p0071a07"}, {"level": "3", "n": "", "type": "其他", "text": "山門金剛開光", "head": "GA024n0022_p0072a05"}, {"level": "3", "n": "", "type": "其他", "text": "韋馱菩薩開光", "head": "GA024n0022_p0072a10"}, {"level": "3", "n": "", "type": "其他", "text": "觀音大士開光", "head": "GA024n0022_p0073a07"}, {"level": "3", "n": "", "type": "其他", "text": "送止菴行人入塔", "head": "GA024n0022_p0074a01"}, {"level": "1", "n": "", "type": "其他", "text": "檀越", "head": "GA024n0022_p0075a02"}, {"level": "2", "n": "", "type": "其他", "text": "崔育材", "head": "GA024n0022_p0075a03"}, {"level": "2", "n": "", "type": "其他", "text": "李衞", "head": "GA024n0022_p0075a05"}, {"level": "2", "n": "", "type": "其他", "text": "張彙", "head": "GA024n0022_p0075a08"}, {"level": "2", "n": "", "type": "其他", "text": "汪應庚", "head": "GA024n0022_p0075a10"}, {"level": "1", "n": "", "type": "其他", "text": "人物", "head": "GA024n0022_p0076a08"}, {"level": "2", "n": "", "type": "其他", "text": "李紳", "head": "GA024n0022_p0076a09"}, {"level": "2", "n": "", "type": "其他", "text": "沈亞之", "head": "GA024n0022_p0077a03"}, {"level": "2", "n": "", "type": "其他", "text": "潘閬", "head": "GA024n0022_p0077a05"}, {"level": "2", "n": "", "type": "其他", "text": "薛映", "head": "GA024n0022_p0077a08"}, {"level": "2", "n": "", "type": "其他", "text": "王令", "head": "GA024n0022_p0078a01"}, {"level": "2", "n": "", "type": "其他", "text": "郭祥正", "head": "GA024n0022_p0078a03"}, {"level": "2", "n": "", "type": "其他", "text": "劉一止", "head": "GA024n0022_p0078a06"}, {"level": "2", "n": "", "type": "其他", "text": "蘇庠", "head": "GA024n0022_p0078a09"}, {"level": "2", "n": "", "type": "其他", "text": "李綱", "head": "GA024n0022_p0079a01"}, {"level": "2", "n": "", "type": "其他", "text": "周紫芝", "head": "GA024n0022_p0079a04"}, {"level": "2", "n": "", "type": "其他", "text": "曹勳", "head": "GA024n0022_p0079a06"}, {"level": "2", "n": "", "type": "其他", "text": "周必大", "head": "GA024n0022_p0079a09"}, {"level": "2", "n": "", "type": "其他", "text": "范成大", "head": "GA024n0022_p0080a02"}, {"level": "2", "n": "", "type": "其他", "text": "樓鑰", "head": "GA024n0022_p0080a05"}, {"level": "2", "n": "", "type": "其他", "text": "姜夔", "head": "GA024n0022_p0080a08"}, {"level": "2", "n": "", "type": "其他", "text": "葛天民", "head": "GA024n0022_p0081a01"}, {"level": "2", "n": "", "type": "其他", "text": "王埜", "head": "GA024n0022_p0081a03"}, {"level": "2", "n": "", "type": "其他", "text": "高翥", "head": "GA024n0022_p0081a05"}, {"level": "2", "n": "", "type": "其他", "text": "方岳", "head": "GA024n0022_p0081a07"}, {"level": "2", "n": "", "type": "其他", "text": "趙師秀", "head": "GA024n0022_p0081a09"}, {"level": "2", "n": "", "type": "其他", "text": "周密", "head": "GA024n0022_p0082a01"}, {"level": "2", "n": "", "type": "其他", "text": "董嗣杲", "head": "GA024n0022_p0082a04"}, {"level": "2", "n": "", "type": "其他", "text": "王惲", "head": "GA024n0022_p0082a06"}, {"level": "2", "n": "", "type": "其他", "text": "曹伯啟", "head": "GA024n0022_p0083a02"}, {"level": "2", "n": "", "type": "其他", "text": "傅若金", "head": "GA024n0022_p0083a07"}, {"level": "2", "n": "", "type": "其他", "text": "余闕", "head": "GA024n0022_p0084a01"}, {"level": "2", "n": "", "type": "其他", "text": "李孝光", "head": "GA024n0022_p0084a06"}, {"level": "2", "n": "", "type": "其他", "text": "張昱", "head": "GA024n0022_p0084a09"}, {"level": "2", "n": "", "type": "其他", "text": "錢惟善", "head": "GA024n0022_p0085a05"}, {"level": "2", "n": "", "type": "其他", "text": "凌雲翰", "head": "GA024n0022_p0085a09"}, {"level": "2", "n": "", "type": "其他", "text": "貝瓊", "head": "GA024n0022_p0086a02"}, {"level": "2", "n": "", "type": "其他", "text": "高啟", "head": "GA024n0022_p0086a04"}, {"level": "2", "n": "", "type": "其他", "text": "張羽", "head": "GA024n0022_p0086a07"}, {"level": "2", "n": "", "type": "其他", "text": "馬洪", "head": "GA024n0022_p0087a01"}, {"level": "2", "n": "", "type": "其他", "text": "陳贄", "head": "GA024n0022_p0087a03"}, {"level": "2", "n": "", "type": "其他", "text": "劉英", "head": "GA024n0022_p0087a06"}, {"level": "2", "n": "", "type": "其他", "text": "程敏政", "head": "GA024n0022_p0087a08"}, {"level": "2", "n": "", "type": "其他", "text": "趙寬", "head": "GA024n0022_p0088a01"}, {"level": "2", "n": "", "type": "其他", "text": "沈周", "head": "GA024n0022_p0088a03"}, {"level": "2", "n": "", "type": "其他", "text": "史鑑", "head": "GA024n0022_p0088a06"}, {"level": "2", "n": "", "type": "其他", "text": "董澐", "head": "GA024n0022_p0088a08"}, {"level": "2", "n": "", "type": "其他", "text": "徐禎卿", "head": "GA024n0022_p0088a10"}, {"level": "2", "n": "", "type": "其他", "text": "邵經邦", "head": "GA024n0022_p0089a02"}, {"level": "2", "n": "", "type": "其他", "text": "田汝成", "head": "GA024n0022_p0089a05"}, {"level": "2", "n": "", "type": "其他", "text": "張時徹", "head": "GA024n0022_p0089a07"}, {"level": "2", "n": "", "type": "其他", "text": "茅坤", "head": "GA024n0022_p0089a09"}, {"level": "2", "n": "", "type": "其他", "text": "徐渭", "head": "GA024n0022_p0090a01"}, {"level": "2", "n": "", "type": "其他", "text": "祝時泰", "head": "GA024n0022_p0090a03"}, {"level": "2", "n": "", "type": "其他", "text": "高應冕", "head": "GA024n0022_p0090a04"}, {"level": "2", "n": "", "type": "其他", "text": "王寅", "head": "GA024n0022_p0090a05"}, {"level": "2", "n": "", "type": "其他", "text": "劉子伯", "head": "GA024n0022_p0090a06"}, {"level": "2", "n": "", "type": "其他", "text": "方九敘", "head": "GA024n0022_p0090a07"}, {"level": "2", "n": "", "type": "其他", "text": "童漢臣", "head": "GA024n0022_p0090a08"}, {"level": "2", "n": "", "type": "其他", "text": "沈仕", "head": "GA024n0022_p0090a09"}, {"level": "2", "n": "", "type": "其他", "text": "周詩", "head": "GA024n0022_p0091a05"}, {"level": "2", "n": "", "type": "其他", "text": "王穉登", "head": "GA024n0022_p0091a06"}, {"level": "2", "n": "", "type": "其他", "text": "樊良樞", "head": "GA024n0022_p0091a08"}, {"level": "2", "n": "", "type": "其他", "text": "程嘉燧", "head": "GA024n0022_p0091a10"}, {"level": "2", "n": "", "type": "其他", "text": "文震孟", "head": "GA024n0022_p0092a02"}, {"level": "2", "n": "", "type": "其他", "text": "姚思孝", "head": "GA024n0022_p0092a06"}, {"level": "2", "n": "", "type": "其他", "text": "梁以樟", "head": "GA024n0022_p0092a08"}, {"level": "2", "n": "", "type": "其他", "text": "陳繼儒", "head": "GA024n0022_p0092a10"}, {"level": "2", "n": "", "type": "其他", "text": "黃道周", "head": "GA024n0022_p0093a01"}, {"level": "2", "n": "", "type": "其他", "text": "陳子龍", "head": "GA024n0022_p0093a05"}, {"level": "2", "n": "", "type": "其他", "text": "張遂辰", "head": "GA024n0022_p0093a09"}, {"level": "2", "n": "", "type": "其他", "text": "吳偉業", "head": "GA024n0022_p0094a01"}, {"level": "2", "n": "", "type": "其他", "text": "張綱孫", "head": "GA024n0022_p0094a03"}, {"level": "2", "n": "", "type": "其他", "text": "曹溶", "head": "GA024n0022_p0094a05"}, {"level": "2", "n": "", "type": "其他", "text": "周亮工", "head": "GA024n0022_p0094a07"}, {"level": "2", "n": "", "type": "其他", "text": "王士祿", "head": "GA024n0022_p0094a09"}, {"level": "2", "n": "", "type": "其他", "text": "朱彝尊", "head": "GA024n0022_p0095a01"}, {"level": "2", "n": "", "type": "其他", "text": "嚴繩孫", "head": "GA024n0022_p0095a03"}, {"level": "2", "n": "", "type": "其他", "text": "秦松齡", "head": "GA024n0022_p0095a05"}, {"level": "2", "n": "", "type": "其他", "text": "潘耒", "head": "GA024n0022_p0095a07"}, {"level": "2", "n": "", "type": "其他", "text": "陳祚明", "head": "GA024n0022_p0095a09"}, {"level": "2", "n": "", "type": "其他", "text": "吳農祥", "head": "GA024n0022_p0095a10"}, {"level": "2", "n": "", "type": "其他", "text": "趙吉士", "head": "GA024n0022_p0096a01"}, {"level": "2", "n": "", "type": "其他", "text": "厲士貞", "head": "GA024n0022_p0096a02"}, {"level": "2", "n": "", "type": "其他", "text": "汪懋麟", "head": "GA024n0022_p0096a03"}, {"level": "2", "n": "", "type": "其他", "text": "柏古", "head": "GA024n0022_p0096a05"}, {"level": "2", "n": "", "type": "其他", "text": "陸繁弨", "head": "GA024n0022_p0096a06"}, {"level": "2", "n": "", "type": "其他", "text": "宋曹", "head": "GA024n0022_p0096a07"}, {"level": "2", "n": "", "type": "其他", "text": "徐延壽", "head": "GA024n0022_p0096a08"}, {"level": "2", "n": "", "type": "其他", "text": "湯右曾", "head": "GA024n0022_p0096a09"}, {"level": "2", "n": "", "type": "其他", "text": "繆彤", "head": "GA024n0022_p0097a01"}, {"level": "2", "n": "", "type": "其他", "text": "龔翔麟", "head": "GA024n0022_p0097a02"}, {"level": "2", "n": "", "type": "其他", "text": "王式丹", "head": "GA024n0022_p0097a04"}, {"level": "2", "n": "", "type": "其他", "text": "查嗣瑮", "head": "GA024n0022_p0097a06"}, {"level": "2", "n": "", "type": "其他", "text": "顧嗣立", "head": "GA024n0022_p0097a08"}, {"level": "2", "n": "", "type": "其他", "text": "沈元滄", "head": "GA024n0022_p0097a10"}, {"level": "2", "n": "", "type": "其他", "text": "吳焯", "head": "GA024n0022_p0098a01"}, {"level": "2", "n": "", "type": "其他", "text": "沈廷瑞", "head": "GA024n0022_p0098a02"}, {"level": "1", "n": "", "type": "其他", "text": "藝文", "head": "GA024n0022_p0099a02"}, {"level": "2", "n": "", "type": "其他", "text": "重修靈鷲興聖寺記", "head": "GA024n0022_p0099a03"}, {"level": "2", "n": "", "type": "其他", "text": "重修靈隱寺記", "head": "GA024n0022_p0101a07"}, {"level": "2", "n": "", "type": "其他", "text": "紫竹林記", "head": "GA024n0022_p0103a05"}, {"level": "2", "n": "", "type": "其他", "text": "重修雲林禪寺碑記", "head": "GA024n0022_p0107a01"}, {"level": "2", "n": "", "type": "其他", "text": "雲林寺重建輪藏殿記", "head": "GA024n0022_p0111a08"}, {"level": "2", "n": "", "type": "其他", "text": "梵香閣記", "head": "GA024n0022_p0113a09"}, {"level": "2", "n": "", "type": "其他", "text": "五百羅漢殿記", "head": "GA024n0022_p0117a01"}, {"level": "2", "n": "", "type": "其他", "text": "清繞橋新建春淙亭記", "head": "GA024n0022_p0120a05"}, {"level": "2", "n": "", "type": "序", "text": "蒲菴文集序", "head": "GA024n0022_p0122a02"}, {"level": "2", "n": "", "type": "序", "text": "銅佛讚頌序", "head": "GA024n0022_p0123a04"}, {"level": "2", "n": "", "type": "序", "text": "倡酬禪偈序", "head": "GA024n0022_p0125a10"}, {"level": "2", "n": "", "type": "序", "text": "送塤上人歸四明序", "head": "GA024n0022_p0127a02"}, {"level": "2", "n": "", "type": "序", "text": "韜光紀遊集序", "head": "GA024n0022_p0128a08"}, {"level": "2", "n": "", "type": "其他", "text": "武林山辨", "head": "GA024n0022_p0131a02"}, {"level": "2", "n": "", "type": "其他", "text": "九里松說", "head": "GA024n0022_p0135a07"}, {"level": "2", "n": "", "type": "其他", "text": "賜佛照禪師宸翰", "head": "GA024n0022_p0136a09"}, {"level": "2", "n": "", "type": "其他", "text": "靈隱觀老奉敕住天童疏", "head": "GA024n0022_p0137a07"}, {"level": "2", "n": "", "type": "其他", "text": "靈隱翻蓋僧堂疏", "head": "GA024n0022_p0138a04"}, {"level": "2", "n": "", "type": "其他", "text": "靈鷲修造疏", "head": "GA024n0022_p0138a08"}, {"level": "2", "n": "", "type": "其他", "text": "請印鐵牛住靈隱茶湯榜", "head": "GA024n0022_p0139a03"}, {"level": "2", "n": "", "type": "其他", "text": "靈隱修前後兩殿榜", "head": "GA024n0022_p0140a05"}, {"level": "2", "n": "", "type": "其他", "text": "韜光菴修造榜", "head": "GA024n0022_p0141a01"}, {"level": "2", "n": "", "type": "其他", "text": "淨慈瀨翁住靈隱方外交疏", "head": "GA024n0022_p0141a08"}, {"level": "2", "n": "", "type": "其他", "text": "石賦", "head": "GA024n0022_p0142a07"}, {"level": "2", "n": "", "type": "其他", "text": "靈隱釋寶達傳贊", "head": "GA024n0022_p0144a05"}, {"level": "2", "n": "", "type": "其他", "text": "靈隱千佛贊", "head": "GA024n0022_p0144a10"}, {"level": "2", "n": "", "type": "其他", "text": "永明壽禪師畫像贊", "head": "GA024n0022_p0145a03"}, {"level": "2", "n": "", "type": "其他", "text": "嵩禪師贊", "head": "GA024n0022_p0145a08"}, {"level": "2", "n": "", "type": "其他", "text": "長老端裕真贊", "head": "GA024n0022_p0146a06"}, {"level": "2", "n": "", "type": "其他", "text": "杲和尚畫讚", "head": "GA024n0022_p0146a09"}, {"level": "2", "n": "", "type": "其他", "text": "大慧禪師真贊", "head": "GA024n0022_p0147a05"}, {"level": "2", "n": "", "type": "其他", "text": "佛照禪師真贊", "head": "GA024n0022_p0147a08"}, {"level": "2", "n": "", "type": "其他", "text": "龍安住僧仁遠出德光頂相求贊", "head": "GA024n0022_p0148a01"}, {"level": "2", "n": "", "type": "其他", "text": "夢觀法師遺像贊", "head": "GA024n0022_p0148a04"}, {"level": "2", "n": "", "type": "其他", "text": "跋佛智與升菴書", "head": "GA024n0022_p0148a07"}, {"level": "2", "n": "", "type": "其他", "text": "跋德光與梁世昌頌", "head": "GA024n0022_p0149a01"}, {"level": "2", "n": "", "type": "其他", "text": "題癡絕禪師書山谷煎茶賦後", "head": "GA024n0022_p0149a07"}, {"level": "2", "n": "", "type": "其他", "text": "題趙孟頫書靈隱寺碑", "head": "GA024n0022_p0151a01"}, {"level": "2", "n": "", "type": "其他", "text": "募修雲林寺引", "head": "GA024n0022_p0152a09"}, {"level": "2", "n": "", "type": "其他", "text": "靈隱寺題名", "head": "GA024n0022_p0154a06"}, {"level": "2", "n": "", "type": "其他", "text": "故靈隱普慈大師塔銘", "head": "GA024n0022_p0156a03"}, {"level": "2", "n": "", "type": "其他", "text": "靈隱佛海禪師遠公塔銘", "head": "GA024n0022_p0159a08"}, {"level": "2", "n": "", "type": "其他", "text": "圜鑑塔銘", "head": "GA024n0022_p0164a10"}, {"level": "2", "n": "", "type": "其他", "text": "松源禪師塔銘", "head": "GA024n0022_p0170a08"}, {"level": "2", "n": "", "type": "其他", "text": "靈隱悅堂禪師塔銘", "head": "GA024n0022_p0175a08"}, {"level": "2", "n": "", "type": "其他", "text": "元叟禪師塔銘", "head": "GA024n0022_p0182a05"}, {"level": "2", "n": "", "type": "其他", "text": "碩揆和尚塔銘", "head": "GA024n0022_p0189a08"}, {"level": "2", "n": "", "type": "其他", "text": "諦暉和尚塔銘", "head": "GA024n0022_p0203a02"}, {"level": "2", "n": "", "type": "其他", "text": "祭佛照禪師文", "head": "GA024n0022_p0206a07"}, {"level": "2", "n": "", "type": "其他", "text": "祭元叟和尚文", "head": "GA024n0022_p0208a03"}, {"level": "1", "n": "", "type": "其他", "text": "詩詠", "head": "GA024n0022_p0211a02"}, {"level": "2", "n": "", "type": "其他", "text": "候仙亭", "head": "GA024n0022_p0211a03"}, {"level": "2", "n": "", "type": "其他", "text": "宿天竺寺寄靈隱寺僧", "head": "GA024n0022_p0211a06"}, {"level": "2", "n": "", "type": "其他", "text": "翻經臺", "head": "GA024n0022_p0211a09"}, {"level": "2", "n": "", "type": "其他", "text": "追思天竺靈隱二寺", "head": "GA024n0022_p0212a02"}, {"level": "2", "n": "", "type": "其他", "text": "遊靈隱天竺二寺", "head": "GA024n0022_p0213a02"}, {"level": "2", "n": "", "type": "其他", "text": "題靈隱寺皖公院", "head": "GA024n0022_p0213a06"}, {"level": "2", "n": "", "type": "其他", "text": "界石守風望天竺靈隱二寺", "head": "GA024n0022_p0213a09"}, {"level": "2", "n": "", "type": "其他", "text": "賜靈隱住持德光", "head": "GA024n0022_p0214a01"}, {"level": "2", "n": "", "type": "其他", "text": "宿靈隱寺", "head": "GA024n0022_p0214a04"}, {"level": "2", "n": "", "type": "其他", "text": "曲水亭", "head": "GA024n0022_p0214a07"}, {"level": "2", "n": "", "type": "其他", "text": "翻經臺", "head": "GA024n0022_p0214a10"}, {"level": "2", "n": "", "type": "其他", "text": "鍊丹井", "head": "GA024n0022_p0215a02"}, {"level": "2", "n": "", "type": "其他", "text": "翻經臺", "head": "GA024n0022_p0215a05"}, {"level": "2", "n": "", "type": "其他", "text": "北高峰塔", "head": "GA024n0022_p0215a08"}, {"level": "2", "n": "", "type": "其他", "text": "遊靈隱寺戲贈開軒李居士", "head": "GA024n0022_p0216a01"}, {"level": "2", "n": "", "type": "其他", "text": "同顧保之遊靈隱", "head": "GA024n0022_p0216a04"}, {"level": "2", "n": "", "type": "其他", "text": "和鄧温伯內翰九月七日約遊北高峰", "head": "GA024n0022_p0216a08"}, {"level": "2", "n": "", "type": "其他", "text": "遊靈隱遇雨呈普慈及二詩翁", "head": "GA024n0022_p0217a03"}, {"level": "2", "n": "", "type": "其他", "text": "隋真觀法師塔", "head": "GA024n0022_p0217a07"}, {"level": "2", "n": "", "type": "其他", "text": "白沙泉", "head": "GA024n0022_p0217a09"}, {"level": "2", "n": "", "type": "其他", "text": "北高峰塔", "head": "GA024n0022_p0218a01"}, {"level": "2", "n": "", "type": "其他", "text": "石門澗", "head": "GA024n0022_p0218a03"}, {"level": "2", "n": "", "type": "其他", "text": "靈隱浦", "head": "GA024n0022_p0218a05"}, {"level": "2", "n": "", "type": "其他", "text": "合澗橋", "head": "GA024n0022_p0218a07"}, {"level": "2", "n": "", "type": "其他", "text": "呼猿洞", "head": "GA024n0022_p0218a09"}, {"level": "2", "n": "", "type": "其他", "text": "葛塢", "head": "GA024n0022_p0219a01"}, {"level": "2", "n": "", "type": "其他", "text": "韜光菴", "head": "GA024n0022_p0219a03"}, {"level": "2", "n": "", "type": "其他", "text": "西菴", "head": "GA024n0022_p0219a05"}, {"level": "2", "n": "", "type": "其他", "text": "卧犀泉", "head": "GA024n0022_p0219a07"}, {"level": "2", "n": "", "type": "其他", "text": "青林洞", "head": "GA024n0022_p0219a09"}, {"level": "2", "n": "", "type": "其他", "text": "白沙泉", "head": "GA024n0022_p0220a01"}, {"level": "2", "n": "", "type": "其他", "text": "翻經臺", "head": "GA024n0022_p0220a03"}, {"level": "2", "n": "", "type": "其他", "text": "靈隱寺", "head": "GA024n0022_p0220a05"}, {"level": "2", "n": "", "type": "其他", "text": "冷泉亭", "head": "GA024n0022_p0220a10"}, {"level": "2", "n": "", "type": "其他", "text": "宿飛來峰下作", "head": "GA024n0022_p0221a03"}, {"level": "2", "n": "", "type": "其他", "text": "入靈隱寺", "head": "GA024n0022_p0221a07"}, {"level": "2", "n": "", "type": "其他", "text": "靈隱寺", "head": "GA024n0022_p0221a10"}, {"level": "2", "n": "", "type": "其他", "text": "次韻葉兵部九日不出十日登北高峰", "head": "GA024n0022_p0222a08"}, {"level": "2", "n": "", "type": "其他", "text": "贈靈隱長老", "head": "GA024n0022_p0223a03"}, {"level": "2", "n": "", "type": "其他", "text": "冷泉亭放水", "head": "GA024n0022_p0223a07"}, {"level": "2", "n": "", "type": "其他", "text": "觀冷泉亭放水", "head": "GA024n0022_p0223a10"}, {"level": "2", "n": "", "type": "其他", "text": "夏日寄朴翁時在靈隱", "head": "GA024n0022_p0224a03"}, {"level": "2", "n": "", "type": "其他", "text": "靈鷲寺", "head": "GA024n0022_p0224a06"}, {"level": "2", "n": "", "type": "其他", "text": "靈鷲寺（三首）", "head": "GA024n0022_p0224a10"}, {"level": "2", "n": "", "type": "其他", "text": "登靈鷲新閣", "head": "GA024n0022_p0225a07"}, {"level": "2", "n": "", "type": "其他", "text": "次趙貴方九里松獨行韻", "head": "GA024n0022_p0226a02"}, {"level": "2", "n": "", "type": "其他", "text": "避暑冷泉", "head": "GA024n0022_p0226a06"}, {"level": "2", "n": "", "type": "其他", "text": "西湖泛舟入靈隱山", "head": "GA024n0022_p0227a04"}, {"level": "2", "n": "", "type": "其他", "text": "禱喜天竺由靈鷲過冷泉", "head": "GA024n0022_p0227a08"}, {"level": "2", "n": "", "type": "其他", "text": "月夜遠上人游方過靈隱", "head": "GA024n0022_p0228a01"}, {"level": "2", "n": "", "type": "其他", "text": "九里松", "head": "GA024n0022_p0228a04"}, {"level": "2", "n": "", "type": "其他", "text": "冷泉亭", "head": "GA024n0022_p0228a07"}, {"level": "2", "n": "", "type": "其他", "text": "挽靈隱僧珏月窗", "head": "GA024n0022_p0229a01"}, {"level": "2", "n": "", "type": "其他", "text": "冷泉凭欄", "head": "GA024n0022_p0229a04"}, {"level": "2", "n": "", "type": "其他", "text": "靈鷲寺手中烏啄食", "head": "GA024n0022_p0229a06"}, {"level": "2", "n": "", "type": "其他", "text": "題靈鷲", "head": "GA024n0022_p0229a09"}, {"level": "2", "n": "", "type": "其他", "text": "贈北磵", "head": "GA024n0022_p0230a02"}, {"level": "2", "n": "", "type": "其他", "text": "冷泉亭", "head": "GA024n0022_p0230a06"}, {"level": "2", "n": "", "type": "其他", "text": "香林洞", "head": "GA024n0022_p0230a09"}, {"level": "2", "n": "", "type": "其他", "text": "石筍峰", "head": "GA024n0022_p0231a03"}, {"level": "2", "n": "", "type": "其他", "text": "隋觀法師塔", "head": "GA024n0022_p0231a07"}, {"level": "2", "n": "", "type": "其他", "text": "游靈隱山", "head": "GA024n0022_p0231a10"}, {"level": "2", "n": "", "type": "其他", "text": "冷泉亭", "head": "GA024n0022_p0232a03"}, {"level": "2", "n": "", "type": "其他", "text": "鍊丹井", "head": "GA024n0022_p0232a06"}, {"level": "2", "n": "", "type": "其他", "text": "冷泉獨賞寄冲晦", "head": "GA024n0022_p0232a09"}, {"level": "2", "n": "", "type": "其他", "text": "香林洞", "head": "GA024n0022_p0233a03"}, {"level": "2", "n": "", "type": "其他", "text": "鄴公菴歌", "head": "GA024n0022_p0233a05"}, {"level": "2", "n": "", "type": "其他", "text": "謁嵩禪師塔", "head": "GA024n0022_p0234a03"}, {"level": "2", "n": "", "type": "其他", "text": "靈隱山次超然韻", "head": "GA024n0022_p0235a10"}, {"level": "2", "n": "", "type": "其他", "text": "訪韜光祐公不遇", "head": "GA024n0022_p0236a04"}, {"level": "2", "n": "", "type": "其他", "text": "次韻靈隱小軒", "head": "GA024n0022_p0236a07"}, {"level": "2", "n": "", "type": "其他", "text": "題靈隱集句", "head": "GA024n0022_p0237a01"}, {"level": "2", "n": "", "type": "其他", "text": "韜光菴", "head": "GA024n0022_p0237a05"}, {"level": "2", "n": "", "type": "其他", "text": "元旦領客登北高峰", "head": "GA024n0022_p0237a09"}, {"level": "2", "n": "", "type": "其他", "text": "冷泉亭放閘", "head": "GA024n0022_p0238a02"}, {"level": "2", "n": "", "type": "其他", "text": "靈隱方丈新閣", "head": "GA024n0022_p0238a06"}, {"level": "2", "n": "", "type": "其他", "text": "月夜遊冷泉亭", "head": "GA024n0022_p0238a10"}, {"level": "2", "n": "", "type": "其他", "text": "冷泉亭", "head": "GA024n0022_p0239a03"}, {"level": "2", "n": "", "type": "其他", "text": "飛來峰", "head": "GA024n0022_p0239a06"}, {"level": "2", "n": "", "type": "其他", "text": "靈隱寺（二首）", "head": "GA024n0022_p0240a03"}, {"level": "2", "n": "", "type": "其他", "text": "游靈隱", "head": "GA024n0022_p0240a08"}, {"level": "2", "n": "", "type": "其他", "text": "冷泉亭", "head": "GA024n0022_p0241a02"}, {"level": "2", "n": "", "type": "其他", "text": "古杉行題陳兵曹所藏李遵道畫靈隱道中二杉圖", "head": "GA024n0022_p0241a08"}, {"level": "2", "n": "", "type": "其他", "text": "賦得九里松送吳元振之江浙左丞", "head": "GA024n0022_p0242a06"}, {"level": "2", "n": "", "type": "其他", "text": "靈隱寺", "head": "GA024n0022_p0242a10"}, {"level": "2", "n": "", "type": "其他", "text": "靈隱十詠", "head": "GA024n0022_p0243a04"}, {"level": "3", "n": "", "type": "其他", "text": "靈隱寺", "head": "GA024n0022_p0243a05"}, {"level": "3", "n": "", "type": "其他", "text": "冷泉亭", "head": "GA024n0022_p0243a08"}, {"level": "3", "n": "", "type": "其他", "text": "蓮花峰", "head": "GA024n0022_p0244a01"}, {"level": "3", "n": "", "type": "其他", "text": "飛來峰", "head": "GA024n0022_p0244a04"}, {"level": "3", "n": "", "type": "其他", "text": "鍊丹井", "head": "GA024n0022_p0244a07"}, {"level": "3", "n": "", "type": "其他", "text": "呼猿洞", "head": "GA024n0022_p0244a10"}, {"level": "3", "n": "", "type": "其他", "text": "水臺盤", "head": "GA024n0022_p0245a03"}, {"level": "3", "n": "", "type": "其他", "text": "翻經臺", "head": "GA024n0022_p0245a06"}, {"level": "3", "n": "", "type": "其他", "text": "高峰塔", "head": "GA024n0022_p0245a09"}, {"level": "3", "n": "", "type": "其他", "text": "龍泓洞", "head": "GA024n0022_p0246a02"}, {"level": "2", "n": "", "type": "其他", "text": "冷泉亭觀猿", "head": "GA024n0022_p0246a05"}, {"level": "2", "n": "", "type": "其他", "text": "游冷泉亭", "head": "GA024n0022_p0246a08"}, {"level": "2", "n": "", "type": "其他", "text": "懷靈隱朋獨孤書記", "head": "GA024n0022_p0247a02"}, {"level": "2", "n": "", "type": "其他", "text": "閏三月四日夏仲信太守邀遊飛來峰和顧子經照磨韻", "head": "GA024n0022_p0247a05"}, {"level": "2", "n": "", "type": "其他", "text": "冷泉亭觀猿", "head": "GA024n0022_p0247a10"}, {"level": "2", "n": "", "type": "其他", "text": "和僧遊西山", "head": "GA024n0022_p0248a04"}, {"level": "2", "n": "", "type": "其他", "text": "次韻貢泰甫訪靈隱蓮峰堂詩", "head": "GA024n0022_p0248a08"}, {"level": "2", "n": "", "type": "其他", "text": "絕句五首答靈隱竹泉和尚并簡徑山古鼎禪師", "head": "GA024n0022_p0249a04"}, {"level": "3", "n": "", "type": "其他", "text": "一", "head": "GA024n0022_p0249a06"}, {"level": "3", "n": "", "type": "其他", "text": "二", "head": "GA024n0022_p0249a07"}, {"level": "3", "n": "", "type": "其他", "text": "三", "head": "GA024n0022_p0249a09"}, {"level": "3", "n": "", "type": "其他", "text": "四", "head": "GA024n0022_p0250a01"}, {"level": "3", "n": "", "type": "其他", "text": "五", "head": "GA024n0022_p0250a03"}, {"level": "2", "n": "", "type": "其他", "text": "次韻送智西堂歸靈隱", "head": "GA024n0022_p0250a05"}, {"level": "2", "n": "", "type": "其他", "text": "冷泉亭", "head": "GA024n0022_p0250a09"}, {"level": "2", "n": "", "type": "其他", "text": "九里雲松", "head": "GA024n0022_p0251a02"}, {"level": "2", "n": "", "type": "其他", "text": "冷泉猿嘯", "head": "GA024n0022_p0251a06"}, {"level": "2", "n": "", "type": "其他", "text": "靈隱十景", "head": "GA024n0022_p0251a10"}, {"level": "3", "n": "", "type": "其他", "text": "蓮花峰", "head": "GA024n0022_p0252a01"}, {"level": "3", "n": "", "type": "其他", "text": "龍泓洞", "head": "GA024n0022_p0252a04"}, {"level": "3", "n": "", "type": "其他", "text": "葛洪井", "head": "GA024n0022_p0252a07"}, {"level": "3", "n": "", "type": "其他", "text": "合澗橋", "head": "GA024n0022_p0252a10"}, {"level": "3", "n": "", "type": "其他", "text": "連巖棧", "head": "GA024n0022_p0253a03"}, {"level": "3", "n": "", "type": "其他", "text": "飯猿臺", "head": "GA024n0022_p0253a06"}, {"level": "3", "n": "", "type": "其他", "text": "夢謝亭", "head": "GA024n0022_p0253a09"}, {"level": "3", "n": "", "type": "其他", "text": "理公巖", "head": "GA024n0022_p0254a02"}, {"level": "3", "n": "", "type": "其他", "text": "題名塔", "head": "GA024n0022_p0254a05"}, {"level": "3", "n": "", "type": "其他", "text": "呼猿洞", "head": "GA024n0022_p0254a08"}, {"level": "2", "n": "", "type": "其他", "text": "雪逢小朵歌送奎方舟還靈鷲", "head": "GA024n0022_p0255a01"}, {"level": "2", "n": "", "type": "其他", "text": "次韻靈隱復見心長老見寄兼簡泐禪師", "head": "GA024n0022_p0255a08"}, {"level": "2", "n": "", "type": "其他", "text": "送僧恬歸靈隱", "head": "GA024n0022_p0256a03"}, {"level": "2", "n": "", "type": "其他", "text": "寄靈隱良泐二長老", "head": "GA024n0022_p0256a06"}, {"level": "2", "n": "", "type": "其他", "text": "寄靈隱寺不虛上人", "head": "GA024n0022_p0256a09"}, {"level": "2", "n": "", "type": "其他", "text": "理公巖", "head": "GA024n0022_p0257a03"}, {"level": "2", "n": "", "type": "其他", "text": "合澗橋", "head": "GA024n0022_p0257a07"}, {"level": "2", "n": "", "type": "其他", "text": "閻文振方伯、王景端都閫諸公公餞靈隱寺", "head": "GA024n0022_p0258a01"}, {"level": "2", "n": "", "type": "其他", "text": "登韜光菴遇雨", "head": "GA024n0022_p0259a02"}, {"level": "2", "n": "", "type": "其他", "text": "送祥公歸靈隱時劉完菴作古感慨有作", "head": "GA024n0022_p0259a05"}, {"level": "2", "n": "", "type": "其他", "text": "韜光菴", "head": "GA024n0022_p0259a09"}, {"level": "2", "n": "", "type": "其他", "text": "冷泉亭口號與劉邦彥別", "head": "GA024n0022_p0260a04"}, {"level": "2", "n": "", "type": "其他", "text": "題靈隱祥禪師所寄扇", "head": "GA024n0022_p0260a06"}, {"level": "2", "n": "", "type": "其他", "text": "韜光次白香山韻", "head": "GA024n0022_p0260a09"}, {"level": "2", "n": "", "type": "其他", "text": "靈隱寺", "head": "GA024n0022_p0261a02"}, {"level": "2", "n": "", "type": "其他", "text": "靈隱寺贈靜公", "head": "GA024n0022_p0261a05"}, {"level": "2", "n": "", "type": "其他", "text": "飛來峰同楊凡川王碧巖侍御宴", "head": "GA024n0022_p0261a10"}, {"level": "2", "n": "", "type": "其他", "text": "繙經臺", "head": "GA024n0022_p0262a05"}, {"level": "2", "n": "", "type": "其他", "text": "北高峰", "head": "GA024n0022_p0262a08"}, {"level": "2", "n": "", "type": "其他", "text": "游飛來峰", "head": "GA024n0022_p0263a01"}, {"level": "2", "n": "", "type": "其他", "text": "訪岣嶁山居", "head": "GA024n0022_p0263a05"}, {"level": "2", "n": "", "type": "其他", "text": "飛來峰", "head": "GA024n0022_p0263a08"}, {"level": "2", "n": "", "type": "其他", "text": "千佛閣", "head": "GA024n0022_p0264a02"}, {"level": "2", "n": "", "type": "其他", "text": "岣嶁山房客至,飲", "head": "GA024n0022_p0264a04"}, {"level": "2", "n": "", "type": "其他", "text": "游靈隱寺夜宿澗西房", "head": "GA024n0022_p0264a07"}, {"level": "2", "n": "", "type": "其他", "text": "又", "head": "GA024n0022_p0265a04"}, {"level": "2", "n": "", "type": "其他", "text": "又", "head": "GA024n0022_p0266a01"}, {"level": "2", "n": "", "type": "其他", "text": "又", "head": "GA024n0022_p0266a07"}, {"level": "2", "n": "", "type": "其他", "text": "又", "head": "GA024n0022_p0267a04"}, {"level": "2", "n": "", "type": "其他", "text": "冷泉亭", "head": "GA024n0022_p0267a10"}, {"level": "2", "n": "", "type": "其他", "text": "自玉岑迤行入靈隱次秦冰玉山人韻", "head": "GA024n0022_p0268a02"}, {"level": "2", "n": "", "type": "其他", "text": "人日同匡山諸子集韜光菴分得山字", "head": "GA024n0022_p0268a08"}, {"level": "2", "n": "", "type": "其他", "text": "黃貞父孝廉講授靈隱山中寄訉", "head": "GA024n0022_p0269a03"}, {"level": "2", "n": "", "type": "其他", "text": "同人飲冷泉亭分韻", "head": "GA024n0022_p0269a07"}, {"level": "2", "n": "", "type": "其他", "text": "同聞師兄鮑谿父登北高峰宿絕頂僧舍即事", "head": "GA024n0022_p0270a04"}, {"level": "2", "n": "", "type": "其他", "text": "九里松", "head": "GA024n0022_p0270a09"}, {"level": "2", "n": "", "type": "其他", "text": "入韜光", "head": "GA024n0022_p0271a02"}, {"level": "2", "n": "", "type": "其他", "text": "坐月金蓮池", "head": "GA024n0022_p0271a05"}, {"level": "2", "n": "", "type": "其他", "text": "靈隱夜歸（二首）", "head": "GA024n0022_p0271a08"}, {"level": "2", "n": "", "type": "其他", "text": "庚午冬游韜光", "head": "GA024n0022_p0272a02"}, {"level": "2", "n": "", "type": "其他", "text": "迴龍橋", "head": "GA024n0022_p0272a05"}, {"level": "2", "n": "", "type": "其他", "text": "岣嶁山房", "head": "GA024n0022_p0272a08"}, {"level": "2", "n": "", "type": "其他", "text": "登韜光", "head": "GA024n0022_p0273a01"}, {"level": "2", "n": "", "type": "其他", "text": "青蓮山房", "head": "GA024n0022_p0273a04"}, {"level": "2", "n": "", "type": "其他", "text": "登韜光", "head": "GA024n0022_p0273a10"}, {"level": "2", "n": "", "type": "其他", "text": "上韜光道", "head": "GA024n0022_p0274a05"}, {"level": "2", "n": "", "type": "其他", "text": "岣嶁山房翠雨閣", "head": "GA024n0022_p0275a02"}, {"level": "2", "n": "", "type": "其他", "text": "晚尋岣嶁山居", "head": "GA024n0022_p0275a05"}, {"level": "2", "n": "", "type": "其他", "text": "靈隱磵中坐冷泉亭作", "head": "GA024n0022_p0275a08"}, {"level": "2", "n": "", "type": "其他", "text": "從磵西上韜光", "head": "GA024n0022_p0276a07"}, {"level": "2", "n": "", "type": "其他", "text": "冷泉猿嘯", "head": "GA024n0022_p0277a06"}, {"level": "2", "n": "", "type": "其他", "text": "虛白亭", "head": "GA024n0022_p0277a10"}, {"level": "2", "n": "", "type": "其他", "text": "虞僧孺辟穀靈隱山賦寄", "head": "GA024n0022_p0279a01"}, {"level": "2", "n": "", "type": "其他", "text": "重遊韜光遇慧光禪師", "head": "GA024n0022_p0279a04"}, {"level": "2", "n": "", "type": "其他", "text": "宿靈隱贈晦公", "head": "GA024n0022_p0279a09"}, {"level": "2", "n": "", "type": "其他", "text": "再過靈隱寺贈三目上人", "head": "GA024n0022_p0280a03"}, {"level": "2", "n": "", "type": "其他", "text": "冷泉亭", "head": "GA024n0022_p0280a07"}, {"level": "2", "n": "", "type": "其他", "text": "上韜光", "head": "GA024n0022_p0280a10"}, {"level": "2", "n": "", "type": "其他", "text": "獨過韜光", "head": "GA024n0022_p0281a03"}, {"level": "2", "n": "", "type": "其他", "text": "遊韜光用關六鈐韻", "head": "GA024n0022_p0281a06"}, {"level": "2", "n": "", "type": "其他", "text": "遊韜光", "head": "GA024n0022_p0281a10"}, {"level": "2", "n": "", "type": "其他", "text": "偕諸君過靈隱寺雨宿松靄山房限韻（二首）", "head": "GA024n0022_p0282a02"}, {"level": "2", "n": "", "type": "其他", "text": "松靄山房六咏", "head": "GA024n0022_p0282a10"}, {"level": "3", "n": "", "type": "其他", "text": "四松逕", "head": "GA024n0022_p0283a01"}, {"level": "3", "n": "", "type": "其他", "text": "山茶院", "head": "GA024n0022_p0283a03"}, {"level": "3", "n": "", "type": "其他", "text": "清籟居", "head": "GA024n0022_p0283a05"}, {"level": "3", "n": "", "type": "其他", "text": "西磵", "head": "GA024n0022_p0283a07"}, {"level": "3", "n": "", "type": "其他", "text": "栗園", "head": "GA024n0022_p0283a09"}, {"level": "3", "n": "", "type": "其他", "text": "竹筧", "head": "GA024n0022_p0284a01"}, {"level": "2", "n": "", "type": "其他", "text": "韜光", "head": "GA024n0022_p0284a03"}, {"level": "2", "n": "", "type": "其他", "text": "靈隱寺", "head": "GA024n0022_p0284a07"}, {"level": "2", "n": "", "type": "其他", "text": "遊韜光菴", "head": "GA024n0022_p0285a03"}, {"level": "2", "n": "", "type": "其他", "text": "雨宿韜光", "head": "GA024n0022_p0285a06"}, {"level": "2", "n": "", "type": "其他", "text": "冷泉亭和蓀友樂天,仙", "head": "GA024n0022_p0285a09"}, {"level": "2", "n": "", "type": "其他", "text": "癸亥五月三日同次谷過韜光,題", "head": "GA024n0022_p0286a02"}, {"level": "2", "n": "", "type": "其他", "text": "丁巳嘉平遊韜光", "head": "GA024n0022_p0287a03"}, {"level": "2", "n": "", "type": "其他", "text": "斑衣懷古（二首）", "head": "GA024n0022_p0287a06"}, {"level": "2", "n": "", "type": "其他", "text": "夏首登韜光", "head": "GA024n0022_p0288a02"}, {"level": "2", "n": "", "type": "其他", "text": "韜光夜坐", "head": "GA024n0022_p0288a05"}, {"level": "2", "n": "", "type": "其他", "text": "坐金蓮池上（二首）", "head": "GA024n0022_p0288a08"}, {"level": "2", "n": "", "type": "其他", "text": "冷泉亭", "head": "GA024n0022_p0289a03"}, {"level": "2", "n": "", "type": "其他", "text": "韜光呈晦公", "head": "GA024n0022_p0289a07"}, {"level": "2", "n": "", "type": "其他", "text": "晨步韜光道中示移暉上人", "head": "GA024n0022_p0289a10"}, {"level": "2", "n": "", "type": "其他", "text": "靈隱寺", "head": "GA024n0022_p0290a03"}, {"level": "2", "n": "", "type": "其他", "text": "晚過靈隱寺訪晦山和尚", "head": "GA024n0022_p0290a06"}, {"level": "2", "n": "", "type": "其他", "text": "宿靈隱妙香上人房", "head": "GA024n0022_p0290a09"}, {"level": "2", "n": "", "type": "其他", "text": "韜光", "head": "GA024n0022_p0291a02"}, {"level": "2", "n": "", "type": "其他", "text": "遊韜光贈山止上人", "head": "GA024n0022_p0291a06"}, {"level": "2", "n": "", "type": "其他", "text": "韜光看泉", "head": "GA024n0022_p0291a10"}, {"level": "2", "n": "", "type": "其他", "text": "冷泉亭", "head": "GA024n0022_p0292a03"}, {"level": "2", "n": "", "type": "其他", "text": "同邵宮詹靈隱寺觀說戒", "head": "GA024n0022_p0292a06"}, {"level": "2", "n": "", "type": "其他", "text": "石筍峰", "head": "GA024n0022_p0293a01"}, {"level": "2", "n": "", "type": "其他", "text": "九日飛來登高", "head": "GA024n0022_p0293a04"}, {"level": "2", "n": "", "type": "其他", "text": "靈隱訪諦暉和尚", "head": "GA024n0022_p0293a08"}, {"level": "2", "n": "", "type": "其他", "text": "上北高峰", "head": "GA024n0022_p0294a02"}, {"level": "2", "n": "", "type": "其他", "text": "癸巳孟夏游韜光菴還坐飛來峰下作呈山公開士", "head": "GA024n0022_p0294a05"}, {"level": "2", "n": "", "type": "其他", "text": "甲申九月廿七日宿韜光作", "head": "GA024n0022_p0294a10"}, {"level": "2", "n": "", "type": "其他", "text": "靈隱寺", "head": "GA024n0022_p0295a03"}, {"level": "2", "n": "", "type": "其他", "text": "遊雲林寺", "head": "GA024n0022_p0295a10"}, {"level": "2", "n": "", "type": "其他", "text": "秋日與程風衣坐冷泉亭", "head": "GA024n0022_p0296a04"}, {"level": "2", "n": "", "type": "其他", "text": "飛來峰尋理公飯猿處", "head": "GA024n0022_p0296a10"}, {"level": "2", "n": "", "type": "其他", "text": "壬戌秋日偕程風衣、陸虛舟遊韜光菴", "head": "GA024n0022_p0297a07"}, {"level": "2", "n": "", "type": "其他", "text": "觀雲林寺竹竿引泉", "head": "GA024n0022_p0298a10"}, {"level": "2", "n": "", "type": "其他", "text": "秋日同程風衣遊飛來峰", "head": "GA024n0022_p0299a07"}, {"level": "2", "n": "", "type": "其他", "text": "秋日登北高峰", "head": "GA024n0022_p0300a01"}, {"level": "2", "n": "", "type": "其他", "text": "冷泉亭", "head": "GA024n0022_p0300a10"}, {"level": "2", "n": "", "type": "其他", "text": "早春陪彭少司農石源遊雲林寺", "head": "GA024n0022_p0301a04"}, {"level": "2", "n": "", "type": "其他", "text": "癸亥仲春八日陪少司農彭石源重遊韜光和白香山蘓東坡韻（二首）", "head": "GA024n0022_p0302a07"}, {"level": "2", "n": "", "type": "其他", "text": "重九前一日偕友游韜光", "head": "GA024n0022_p0303a05"}, {"level": "2", "n": "", "type": "其他", "text": "題雲林寺", "head": "GA024n0022_p0303a09"}, {"level": "2", "n": "", "type": "其他", "text": "同巨觀游韜光", "head": "GA024n0022_p0304a03"}, {"level": "2", "n": "", "type": "其他", "text": "冷泉亭看水", "head": "GA024n0022_p0304a08"}, {"level": "2", "n": "", "type": "其他", "text": "寍峰院晤潘朗君兼看徐杉亭畫壁", "head": "GA024n0022_p0305a02"}, {"level": "2", "n": "", "type": "其他", "text": "義果禪師與王緯明府聯律", "head": "GA024n0022_p0305a06"}, {"level": "2", "n": "", "type": "其他", "text": "秋日小憩白雲山房", "head": "GA024n0022_p0306a05"}, {"level": "2", "n": "", "type": "其他", "text": "白雲山房", "head": "GA024n0022_p0306a08"}, {"level": "2", "n": "", "type": "其他", "text": "白雲山房", "head": "GA024n0022_p0307a01"}, {"level": "2", "n": "", "type": "其他", "text": "冷泉亭", "head": "GA024n0022_p0307a05"}, {"level": "2", "n": "", "type": "其他", "text": "飛來峰", "head": "GA024n0022_p0307a10"}, {"level": "2", "n": "", "type": "其他", "text": "同諸人游靈隱", "head": "GA024n0022_p0308a06"}, {"level": "2", "n": "", "type": "其他", "text": "坐冷泉亭", "head": "GA024n0022_p0309a04"}, {"level": "2", "n": "", "type": "其他", "text": "題岣嶁山人舊隱", "head": "GA024n0022_p0309a07"}, {"level": "2", "n": "", "type": "其他", "text": "過雲林訪巨濤和尚", "head": "GA024n0022_p0309a10"}, {"level": "2", "n": "", "type": "其他", "text": "冷泉亭", "head": "GA024n0022_p0310a04"}, {"level": "2", "n": "", "type": "其他", "text": "止宿雲林丈室與巨公話別", "head": "GA024n0022_p0310a07"}, {"level": "2", "n": "", "type": "其他", "text": "題新修雲林寺圖為巨濤和尚作一百韻", "head": "GA024n0022_p0310a10"}, {"level": "2", "n": "", "type": "其他", "text": "癸亥秋游雲林訪巨公於面壁軒", "head": "GA024n0022_p0316a08"}, {"level": "2", "n": "", "type": "其他", "text": "巨公重建春淙亭於清繞橋詩以落之", "head": "GA024n0022_p0317a02"}, {"level": "2", "n": "", "type": "其他", "text": "春淙亭次樊榭韻", "head": "GA024n0022_p0317a05"}, {"level": "2", "n": "", "type": "其他", "text": "冷泉亭圖題詠", "head": "GA024n0022_p0317a08"}, {"level": "2", "n": "", "type": "其他", "text": "題石田君冷泉亭圖", "head": "GA024n0022_p0317a09"}, {"level": "2", "n": "", "type": "其他", "text": "次韻", "head": "GA024n0022_p0318a06"}, {"level": "2", "n": "", "type": "其他", "text": "同作", "head": "GA024n0022_p0318a10"}, {"level": "2", "n": "", "type": "其他", "text": "又", "head": "GA024n0022_p0319a08"}, {"level": "2", "n": "", "type": "其他", "text": "詠沈徵君冷泉亭圖和韻", "head": "GA024n0022_p0320a02"}, {"level": "2", "n": "", "type": "其他", "text": "次鐂賓山先生韻", "head": "GA024n0022_p0321a03"}, {"level": "2", "n": "", "type": "其他", "text": "又", "head": "GA024n0022_p0321a08"}, {"level": "2", "n": "", "type": "其他", "text": "又", "head": "GA024n0022_p0322a02"}, {"level": "2", "n": "", "type": "其他", "text": "又", "head": "GA024n0022_p0322a06"}, {"level": "2", "n": "", "type": "其他", "text": "又", "head": "GA024n0022_p0322a10"}, {"level": "2", "n": "", "type": "其他", "text": "又", "head": "GA024n0022_p0323a04"}, {"level": "2", "n": "", "type": "其他", "text": "又", "head": "GA024n0022_p0323a08"}, {"level": "2", "n": "", "type": "其他", "text": "又", "head": "GA024n0022_p0324a02"}, {"level": "2", "n": "", "type": "其他", "text": "又", "head": "GA024n0022_p0324a06"}, {"level": "2", "n": "", "type": "其他", "text": "又", "head": "GA024n0022_p0324a10"}, {"level": "2", "n": "", "type": "其他", "text": "坐冷泉亭", "head": "GA024n0022_p0325a04"}, {"level": "2", "n": "", "type": "其他", "text": "靈隱寺贈諦暉禪師", "head": "GA024n0022_p0325a07"}, {"level": "2", "n": "", "type": "其他", "text": "冷泉亭", "head": "GA024n0022_p0325a10"}, {"level": "2", "n": "", "type": "其他", "text": "和樊榭春淙亭即用原韻", "head": "GA024n0022_p0326a03"}, {"level": "2", "n": "", "type": "其他", "text": "春淙亭和樊榭作即用原韻", "head": "GA024n0022_p0326a06"}, {"level": "1", "n": "", "type": "其他", "text": "遺事", "head": "GA024n0022_p0327a02"}, {"level": "2", "n": "", "type": "其他", "text": "唐二則", "head": "GA024n0022_p0327a03"}, {"level": "3", "n": "", "type": "其他", "text": "靈畜護持", "head": "GA024n0022_p0327a03"}, {"level": "3", "n": "", "type": "其他", "text": "武林山", "head": "GA024n0022_p0327a09"}, {"level": "2", "n": "", "type": "其他", "text": "北宋五則", "head": "GA024n0022_p0328a04"}, {"level": "3", "n": "", "type": "其他", "text": "詔修僧史浙江濱", "head": "GA024n0022_p0328a04"}, {"level": "3", "n": "", "type": "其他", "text": "東坡鎮餘杭", "head": "GA024n0022_p0328a07"}, {"level": "3", "n": "", "type": "其他", "text": "冷泉亭", "head": "GA024n0022_p0329a04"}, {"level": "3", "n": "", "type": "其他", "text": "錢塘賦", "head": "GA024n0022_p0330a03"}, {"level": "3", "n": "", "type": "其他", "text": "聚遠樓與冷泉亭", "head": "GA024n0022_p0330a07"}, {"level": "2", "n": "", "type": "其他", "text": "南宋十一則", "head": "GA024n0022_p0331a05"}, {"level": "3", "n": "", "type": "其他", "text": "行者遇高宗", "head": "GA024n0022_p0331a05"}, {"level": "3", "n": "", "type": "其他", "text": "無著禪師塔", "head": "GA024n0022_p0332a10"}, {"level": "3", "n": "", "type": "其他", "text": "韜光菴降仙", "head": "GA024n0022_p0333a04"}, {"level": "3", "n": "", "type": "其他", "text": "韓郡王薦士", "head": "GA024n0022_p0333a07"}, {"level": "3", "n": "", "type": "其他", "text": "陸游謁松源", "head": "GA024n0022_p0335a01"}, {"level": "3", "n": "", "type": "其他", "text": "陸游：西湖春游詩", "head": "GA024n0022_p0335a05"}, {"level": "3", "n": "", "type": "其他", "text": "無私脫禍", "head": "GA024n0022_p0335a08"}, {"level": "3", "n": "", "type": "其他", "text": "猿行者", "head": "GA024n0022_p0336a09"}, {"level": "3", "n": "", "type": "其他", "text": "顯慈集慶寺", "head": "GA024n0022_p0337a04"}, {"level": "3", "n": "", "type": "其他", "text": "渾不礙", "head": "GA024n0022_p0337a08"}, {"level": "3", "n": "", "type": "其他", "text": "建集慶寺諷詩", "head": "GA024n0022_p0338a01"}, {"level": "3", "n": "", "type": "其他", "text": "古人知數", "head": "GA024n0022_p0338a09"}, {"level": "2", "n": "", "type": "其他", "text": "明二則", "head": "GA024n0022_p0339a04"}, {"level": "3", "n": "", "type": "其他", "text": "噩夢堂禪師", "head": "GA024n0022_p0339a04"}, {"level": "3", "n": "", "type": "其他", "text": "王希範遊西山記", "head": "GA024n0022_p0340a02"}, {"level": "1", "n": "", "type": "其他", "text": "雜紀", "head": "GA024n0022_p0343a02"}, {"level": "2", "n": "", "type": "其他", "text": "題名", "head": "GA024n0022_p0343a03"}, {"level": "3", "n": "", "type": "其他", "text": "李谷題名", "head": "GA024n0022_p0343a04"}, {"level": "3", "n": "", "type": "其他", "text": "元國書", "head": "GA024n0022_p0343a07"}, {"level": "3", "n": "", "type": "其他", "text": "理公塔石刻", "head": "GA024n0022_p0343a08"}, {"level": "3", "n": "", "type": "其他", "text": "天削芙蓉四字", "head": "GA024n0022_p0343a09"}, {"level": "3", "n": "", "type": "其他", "text": "周伯琦理公巖記", "head": "GA024n0022_p0343a10"}, {"level": "3", "n": "", "type": "其他", "text": "龍泓洞三大字", "head": "GA024n0022_p0345a03"}, {"level": "3", "n": "", "type": "其他", "text": "龍泓洞三字", "head": "GA024n0022_p0345a05"}, {"level": "3", "n": "", "type": "其他", "text": "龍泓洞鑿佛題名", "head": "GA024n0022_p0345a06"}, {"level": "3", "n": "", "type": "其他", "text": "烏重儒題名", "head": "GA024n0022_p0345a07"}, {"level": "3", "n": "", "type": "其他", "text": "孫覺等題名", "head": "GA024n0022_p0345a10"}, {"level": "3", "n": "", "type": "其他", "text": "蘓頌等題名", "head": "GA024n0022_p0346a02"}, {"level": "3", "n": "", "type": "其他", "text": "高荷題名", "head": "GA024n0022_p0346a05"}, {"level": "3", "n": "", "type": "其他", "text": "李琮等題名", "head": "GA024n0022_p0346a07"}, {"level": "3", "n": "", "type": "其他", "text": "陸德輿等題名", "head": "GA024n0022_p0346a10"}, {"level": "3", "n": "", "type": "其他", "text": "潛說友題名", "head": "GA024n0022_p0347a03"}, {"level": "3", "n": "", "type": "其他", "text": "亢氏也先帖木題名", "head": "GA024n0022_p0347a06"}, {"level": "3", "n": "", "type": "其他", "text": "郝璿等題名", "head": "GA024n0022_p0347a09"}, {"level": "3", "n": "", "type": "其他", "text": "查仲道等題名　查應辰等續題", "head": "GA024n0022_p0348a03"}, {"level": "3", "n": "", "type": "其他", "text": "胡承德鑿佛題名", "head": "GA024n0022_p0348a09"}, {"level": "3", "n": "", "type": "其他", "text": "錢德範等題名", "head": "GA024n0022_p0349a03"}, {"level": "3", "n": "", "type": "其他", "text": "沈立等題名", "head": "GA024n0022_p0349a06"}, {"level": "3", "n": "", "type": "其他", "text": "晁端彥題名", "head": "GA024n0022_p0349a09"}, {"level": "3", "n": "", "type": "其他", "text": "趙善,等題名", "head": "GA024n0022_p0350a01"}, {"level": "3", "n": "", "type": "其他", "text": "石景衡等題名", "head": "GA024n0022_p0350a05"}, {"level": "3", "n": "", "type": "其他", "text": "道宗等題名", "head": "GA024n0022_p0350a07"}, {"level": "3", "n": "", "type": "其他", "text": "射旭洞鑿佛題名", "head": "GA024n0022_p0350a09"}, {"level": "3", "n": "", "type": "其他", "text": "冷泉亭碑", "head": "GA024n0022_p0351a02"}, {"level": "3", "n": "", "type": "其他", "text": "吳越經幢", "head": "GA024n0022_p0351a03"}, {"level": "3", "n": "", "type": "其他", "text": "經塔", "head": "GA024n0022_p0352a10"}, {"level": "3", "n": "", "type": "其他", "text": "梁簡文帝石像記", "head": "GA024n0022_p0353a02"}, {"level": "3", "n": "", "type": "其他", "text": "景德靈隱寺記", "head": "GA024n0022_p0353a04"}, {"level": "3", "n": "", "type": "其他", "text": "重修靈隱寺記", "head": "GA024n0022_p0353a05"}, {"level": "3", "n": "", "type": "其他", "text": "三十六般篆書金剛經", "head": "GA024n0022_p0353a07"}, {"level": "3", "n": "", "type": "其他", "text": "司空相國書", "head": "GA024n0022_p0353a08"}, {"level": "3", "n": "", "type": "其他", "text": "嵩嶽大師影堂記", "head": "GA024n0022_p0353a09"}, {"level": "3", "n": "", "type": "其他", "text": "張奎等題名", "head": "GA024n0022_p0353a10"}, {"level": "3", "n": "", "type": "其他", "text": "王兢等題名", "head": "GA024n0022_p0354a04"}, {"level": "3", "n": "", "type": "其他", "text": "沈遼等題名", "head": "GA024n0022_p0354a07"}, {"level": "2", "n": "", "type": "其他", "text": "物產", "head": "GA024n0022_p0354a09"}, {"level": "2", "n": "", "type": "其他", "text": "著述", "head": "GA024n0022_p0357a02"}, {"level": "2", "n": "", "type": "其他", "text": "圖畫", "head": "GA024n0022_p0358a07"}]