[{"level": "1", "n": "", "type": "其他", "text": "凡例", "head": "GA002n0005_p0003a01"}, {"level": "1", "n": "", "type": "其他", "text": "吳", "head": "GA002n0005_p0011a03"}, {"level": "2", "n": "", "type": "其他", "text": "建初寺　大市寺", "head": "GA002n0005_p0011a04"}, {"level": "1", "n": "", "type": "其他", "text": "晉", "head": "GA002n0005_p0018a03"}, {"level": "2", "n": "", "type": "其他", "text": "長干寺　阿育王寺", "head": "GA002n0005_p0018a04"}, {"level": "2", "n": "", "type": "其他", "text": "高座寺　甘露寺　尸黎密寺", "head": "GA002n0005_p0030a03"}, {"level": "2", "n": "", "type": "其他", "text": "白馬寺", "head": "GA002n0005_p0036a07"}, {"level": "2", "n": "", "type": "其他", "text": "延興寺", "head": "GA002n0005_p0039a03"}, {"level": "2", "n": "", "type": "其他", "text": "建福寺", "head": "GA002n0005_p0039a06"}, {"level": "2", "n": "", "type": "其他", "text": "莊嚴寺　塔寺　謝鎮西寺　興嚴寺", "head": "GA002n0005_p0042a01"}, {"level": "2", "n": "", "type": "其他", "text": "棲禪寺", "head": "GA002n0005_p0045a07"}, {"level": "2", "n": "", "type": "其他", "text": "何皇后寺", "head": "GA002n0005_p0046a03"}, {"level": "2", "n": "", "type": "其他", "text": "建興寺", "head": "GA002n0005_p0047a05"}, {"level": "2", "n": "", "type": "其他", "text": "彭城寺", "head": "GA002n0005_p0048a08"}, {"level": "2", "n": "", "type": "其他", "text": "東安寺", "head": "GA002n0005_p0051a09"}, {"level": "2", "n": "", "type": "其他", "text": "祗洹寺　白塔寺", "head": "GA002n0005_p0054a08"}, {"level": "2", "n": "", "type": "其他", "text": "瓦官寺", "head": "GA002n0005_p0061a05"}, {"level": "2", "n": "", "type": "其他", "text": "波提寺", "head": "GA002n0005_p0075a04"}, {"level": "2", "n": "", "type": "其他", "text": "臨秦寺", "head": "GA002n0005_p0076a03"}, {"level": "2", "n": "", "type": "其他", "text": "安樂寺", "head": "GA002n0005_p0076a06"}, {"level": "2", "n": "", "type": "其他", "text": "新亭寺　中興寺　天安寺", "head": "GA002n0005_p0081a02"}, {"level": "2", "n": "", "type": "其他", "text": "中寺", "head": "GA002n0005_p0087a08"}, {"level": "2", "n": "", "type": "其他", "text": "冶城寺", "head": "GA002n0005_p0089a08"}, {"level": "2", "n": "", "type": "其他", "text": "太后寺", "head": "GA002n0005_p0093a09"}, {"level": "2", "n": "", "type": "其他", "text": "法王寺", "head": "GA002n0005_p0094a07"}, {"level": "2", "n": "", "type": "其他", "text": "白塔寺", "head": "GA002n0005_p0096a03"}, {"level": "2", "n": "", "type": "其他", "text": "枳園寺", "head": "GA002n0005_p0097a03"}, {"level": "2", "n": "", "type": "其他", "text": "越城寺", "head": "GA002n0005_p0101a05"}, {"level": "2", "n": "", "type": "其他", "text": "開福寺　景福尼寺", "head": "GA002n0005_p0102a07"}, {"level": "2", "n": "", "type": "其他", "text": "歸善寺", "head": "GA002n0005_p0103a08"}, {"level": "2", "n": "", "type": "其他", "text": "鬬場寺　道場寺　明安寺", "head": "GA002n0005_p0104a05"}, {"level": "2", "n": "", "type": "其他", "text": "崇明寺", "head": "GA002n0005_p0110a02"}, {"level": "2", "n": "", "type": "其他", "text": "延賢寺", "head": "GA002n0005_p0111a09"}, {"level": "2", "n": "", "type": "其他", "text": "青園寺　龍光寺", "head": "GA002n0005_p0114a08"}, {"level": "2", "n": "", "type": "其他", "text": "禪眾寺", "head": "GA002n0005_p0120a01"}, {"level": "2", "n": "", "type": "其他", "text": "護身寺", "head": "GA002n0005_p0120a09"}, {"level": "2", "n": "", "type": "其他", "text": "耆闍寺", "head": "GA002n0005_p0121a06"}, {"level": "2", "n": "", "type": "其他", "text": "招提寺", "head": "GA002n0005_p0123a07"}, {"level": "2", "n": "", "type": "其他", "text": "簡靖寺", "head": "GA002n0005_p0125a06"}, {"level": "2", "n": "", "type": "其他", "text": "天寶寺", "head": "GA002n0005_p0126a05"}, {"level": "2", "n": "", "type": "其他", "text": "長壽寺", "head": "GA002n0005_p0128a04"}, {"level": "1", "n": "", "type": "其他", "text": "宋", "head": "GA002n0005_p0129a03"}, {"level": "2", "n": "", "type": "其他", "text": "祈澤寺", "head": "GA002n0005_p0129a04"}, {"level": "2", "n": "", "type": "其他", "text": "平陸寺　奉誠寺", "head": "GA002n0005_p0130a08"}, {"level": "2", "n": "", "type": "其他", "text": "高臺寺", "head": "GA002n0005_p0132a01"}, {"level": "2", "n": "", "type": "其他", "text": "罽賓寺", "head": "GA002n0005_p0132a07"}, {"level": "2", "n": "", "type": "其他", "text": "道林寺　蔣山寺", "head": "GA002n0005_p0133a08"}, {"level": "2", "n": "", "type": "其他", "text": "竹林寺", "head": "GA002n0005_p0135a01"}, {"level": "2", "n": "", "type": "其他", "text": "迦毗羅寺", "head": "GA002n0005_p0136a03"}, {"level": "2", "n": "", "type": "其他", "text": "定林寺", "head": "GA002n0005_p0137a01"}, {"level": "2", "n": "", "type": "其他", "text": "嚴林寺", "head": "GA002n0005_p0140a01"}, {"level": "2", "n": "", "type": "其他", "text": "宋興寺　興教寺", "head": "GA002n0005_p0140a07"}, {"level": "2", "n": "", "type": "其他", "text": "報恩寺", "head": "GA002n0005_p0141a08"}, {"level": "2", "n": "", "type": "其他", "text": "青園尼寺", "head": "GA002n0005_p0142a09"}, {"level": "2", "n": "", "type": "其他", "text": "南園寺", "head": "GA002n0005_p0144a07"}, {"level": "2", "n": "", "type": "其他", "text": "龍華寺", "head": "GA002n0005_p0145a05"}, {"level": "2", "n": "", "type": "其他", "text": "南林寺", "head": "GA002n0005_p0146a03"}, {"level": "2", "n": "", "type": "其他", "text": "永豐寺　長安寺", "head": "GA002n0005_p0147a05"}, {"level": "2", "n": "", "type": "其他", "text": "崇福寺", "head": "GA002n0005_p0148a02"}, {"level": "2", "n": "", "type": "其他", "text": "宋熙寺", "head": "GA002n0005_p0148a08"}, {"level": "2", "n": "", "type": "其他", "text": "善居寺　下雲居寺", "head": "GA002n0005_p0151a09"}, {"level": "2", "n": "", "type": "其他", "text": "竹園寺", "head": "GA002n0005_p0152a05"}, {"level": "2", "n": "", "type": "其他", "text": "鐵索羅寺　翠靈寺　妙果寺", "head": "GA002n0005_p0153a06"}, {"level": "2", "n": "", "type": "其他", "text": "上定林寺", "head": "GA002n0005_p0155a03"}, {"level": "2", "n": "", "type": "其他", "text": "靈鷲寺", "head": "GA002n0005_p0164a05"}, {"level": "2", "n": "", "type": "其他", "text": "王國寺", "head": "GA002n0005_p0165a04"}, {"level": "2", "n": "", "type": "其他", "text": "延壽寺", "head": "GA002n0005_p0166a03"}, {"level": "2", "n": "", "type": "其他", "text": "烏衣寺", "head": "GA002n0005_p0167a01"}, {"level": "2", "n": "", "type": "其他", "text": "齊福寺", "head": "GA002n0005_p0168a05"}, {"level": "2", "n": "", "type": "其他", "text": "天竺寺", "head": "GA002n0005_p0168a09"}, {"level": "2", "n": "", "type": "其他", "text": "禪岡寺", "head": "GA002n0005_p0170a03"}, {"level": "2", "n": "", "type": "其他", "text": "司徒寺", "head": "GA002n0005_p0171a08"}, {"level": "2", "n": "", "type": "其他", "text": "法輪寺", "head": "GA002n0005_p0172a09"}, {"level": "2", "n": "", "type": "其他", "text": "南澗寺", "head": "GA002n0005_p0174a05"}, {"level": "2", "n": "", "type": "其他", "text": "大莊嚴寺", "head": "GA002n0005_p0176a07"}, {"level": "2", "n": "", "type": "其他", "text": "幽棲寺", "head": "GA002n0005_p0182a08"}, {"level": "2", "n": "", "type": "其他", "text": "何園寺", "head": "GA002n0005_p0184a05"}, {"level": "2", "n": "", "type": "其他", "text": "靈曜寺", "head": "GA002n0005_p0185a06"}, {"level": "2", "n": "", "type": "其他", "text": "多寶寺", "head": "GA002n0005_p0187a09"}, {"level": "2", "n": "", "type": "其他", "text": "北多寶寺", "head": "GA002n0005_p0189a03"}, {"level": "2", "n": "", "type": "其他", "text": "長樂寺", "head": "GA002n0005_p0190a03"}, {"level": "2", "n": "", "type": "其他", "text": "藥王寺", "head": "GA002n0005_p0191a09"}, {"level": "2", "n": "", "type": "其他", "text": "棲元寺", "head": "GA002n0005_p0192a09"}, {"level": "2", "n": "", "type": "其他", "text": "新安寺", "head": "GA002n0005_p0195a04"}, {"level": "2", "n": "", "type": "其他", "text": "外國寺", "head": "GA002n0005_p0199a05"}, {"level": "2", "n": "", "type": "其他", "text": "禪林寺", "head": "GA002n0005_p0200a04"}, {"level": "2", "n": "", "type": "其他", "text": "湘宮寺", "head": "GA002n0005_p0202a03"}, {"level": "2", "n": "", "type": "其他", "text": "興業寺", "head": "GA002n0005_p0207a07"}, {"level": "2", "n": "", "type": "其他", "text": "永安寺", "head": "GA002n0005_p0208a08"}, {"level": "2", "n": "", "type": "其他", "text": "天保寺", "head": "GA002n0005_p0209a05"}, {"level": "2", "n": "", "type": "其他", "text": "正勝寺", "head": "GA002n0005_p0211a05"}, {"level": "2", "n": "", "type": "其他", "text": "興皇寺", "head": "GA002n0005_p0212a02"}, {"level": "2", "n": "", "type": "其他", "text": "靈根寺", "head": "GA002n0005_p0215a05"}, {"level": "2", "n": "", "type": "其他", "text": "靈基寺", "head": "GA002n0005_p0215a09"}, {"level": "2", "n": "", "type": "其他", "text": "延祚寺", "head": "GA002n0005_p0218a04"}, {"level": "2", "n": "", "type": "其他", "text": "閑心寺", "head": "GA002n0005_p0219a08"}, {"level": "2", "n": "", "type": "其他", "text": "正覺寺", "head": "GA002n0005_p0220a09"}, {"level": "2", "n": "", "type": "其他", "text": "龍淵寺", "head": "GA002n0005_p0222a07"}, {"level": "2", "n": "", "type": "其他", "text": "靈味寺", "head": "GA002n0005_p0223a05"}, {"level": "2", "n": "", "type": "其他", "text": "天王寺", "head": "GA002n0005_p0224a08"}, {"level": "2", "n": "", "type": "其他", "text": "曠野寺", "head": "GA002n0005_p0226a02"}, {"level": "2", "n": "", "type": "其他", "text": "隱靜寺", "head": "GA002n0005_p0227a06"}, {"level": "1", "n": "", "type": "其他", "text": "齊", "head": "GA002n0005_p0233a03"}, {"level": "2", "n": "", "type": "其他", "text": "建元寺", "head": "GA002n0005_p0233a04"}, {"level": "2", "n": "", "type": "其他", "text": "毗耶離寺", "head": "GA002n0005_p0234a06"}, {"level": "2", "n": "", "type": "其他", "text": "正觀寺", "head": "GA002n0005_p0235a03"}, {"level": "2", "n": "", "type": "其他", "text": "齊眾造寺", "head": "GA002n0005_p0236a07"}, {"level": "2", "n": "", "type": "其他", "text": "崇聖寺", "head": "GA002n0005_p0237a05"}, {"level": "2", "n": "", "type": "其他", "text": "孔子寺", "head": "GA002n0005_p0238a02"}, {"level": "2", "n": "", "type": "其他", "text": "大仁寺", "head": "GA002n0005_p0238a06"}, {"level": "2", "n": "", "type": "其他", "text": "興福寺", "head": "GA002n0005_p0239a07"}, {"level": "2", "n": "", "type": "其他", "text": "洞玄寺", "head": "GA002n0005_p0240a07"}, {"level": "2", "n": "", "type": "其他", "text": "山茨寺", "head": "GA002n0005_p0241a03"}, {"level": "2", "n": "", "type": "其他", "text": "太昌寺", "head": "GA002n0005_p0242a06"}, {"level": "2", "n": "", "type": "其他", "text": "隱靈寺", "head": "GA002n0005_p0243a03"}, {"level": "2", "n": "", "type": "其他", "text": "齊安寺", "head": "GA002n0005_p0244a03"}, {"level": "2", "n": "", "type": "其他", "text": "普宏寺", "head": "GA002n0005_p0245a01"}, {"level": "2", "n": "", "type": "其他", "text": "禪靈寺", "head": "GA002n0005_p0246a01"}, {"level": "2", "n": "", "type": "其他", "text": "集善寺", "head": "GA002n0005_p0250a01"}, {"level": "2", "n": "", "type": "其他", "text": "法雲寺", "head": "GA002n0005_p0251a02"}, {"level": "2", "n": "", "type": "其他", "text": "石室寺", "head": "GA002n0005_p0252a04"}, {"level": "2", "n": "", "type": "其他", "text": "棲霞寺", "head": "GA002n0005_p0253a02"}, {"level": "2", "n": "", "type": "其他", "text": "草堂寺", "head": "GA002n0005_p0262a02"}, {"level": "2", "n": "", "type": "其他", "text": "齊隆寺　宣武寺", "head": "GA002n0005_p0265a08"}, {"level": "2", "n": "", "type": "其他", "text": "齊熙寺", "head": "GA002n0005_p0267a04"}, {"level": "2", "n": "", "type": "其他", "text": "齊古寺", "head": "GA002n0005_p0268a01"}, {"level": "2", "n": "", "type": "其他", "text": "勝善寺　上雲居寺", "head": "GA002n0005_p0268a06"}, {"level": "2", "n": "", "type": "其他", "text": "法音寺", "head": "GA002n0005_p0270a05"}, {"level": "2", "n": "", "type": "其他", "text": "慧眼寺", "head": "GA002n0005_p0271a04"}, {"level": "1", "n": "", "type": "其他", "text": "梁", "head": "GA002n0005_p0272a05"}, {"level": "2", "n": "", "type": "其他", "text": "智度寺", "head": "GA002n0005_p0272a06"}, {"level": "2", "n": "", "type": "其他", "text": "新林法王寺", "head": "GA002n0005_p0273a03"}, {"level": "2", "n": "", "type": "其他", "text": "永建寺", "head": "GA002n0005_p0274a08"}, {"level": "2", "n": "", "type": "其他", "text": "无垢寺", "head": "GA002n0005_p0275a06"}, {"level": "2", "n": "", "type": "其他", "text": "佛窟寺", "head": "GA002n0005_p0276a03"}, {"level": "2", "n": "", "type": "其他", "text": "仙窟寺", "head": "GA002n0005_p0279a02"}, {"level": "2", "n": "", "type": "其他", "text": "虎窟寺", "head": "GA002n0005_p0280a02"}, {"level": "2", "n": "", "type": "其他", "text": "常樂寺", "head": "GA002n0005_p0281a03"}, {"level": "2", "n": "", "type": "其他", "text": "敬業寺", "head": "GA002n0005_p0282a01"}, {"level": "2", "n": "", "type": "其他", "text": "淨居寺", "head": "GA002n0005_p0282a04"}, {"level": "2", "n": "", "type": "其他", "text": "小莊嚴寺", "head": "GA002n0005_p0283a02"}, {"level": "2", "n": "", "type": "其他", "text": "光宅寺", "head": "GA002n0005_p0285a03"}, {"level": "2", "n": "", "type": "其他", "text": "蕭帝寺", "head": "GA002n0005_p0290a02"}, {"level": "2", "n": "", "type": "其他", "text": "明慶寺", "head": "GA002n0005_p0291a08"}, {"level": "2", "n": "", "type": "其他", "text": "涅槃寺", "head": "GA002n0005_p0294a05"}, {"level": "2", "n": "", "type": "其他", "text": "翠微寺", "head": "GA002n0005_p0294a08"}, {"level": "2", "n": "", "type": "其他", "text": "皇宅寺", "head": "GA002n0005_p0295a05"}, {"level": "2", "n": "", "type": "其他", "text": "本業寺", "head": "GA002n0005_p0296a03"}, {"level": "2", "n": "", "type": "其他", "text": "解脫寺", "head": "GA002n0005_p0297a03"}, {"level": "2", "n": "", "type": "其他", "text": "淨名寺　資福寺", "head": "GA002n0005_p0298a04"}, {"level": "2", "n": "", "type": "其他", "text": "幕府寺", "head": "GA002n0005_p0299a05"}, {"level": "2", "n": "", "type": "其他", "text": "同行寺　聖游寺", "head": "GA002n0005_p0300a04"}, {"level": "2", "n": "", "type": "其他", "text": "法清寺", "head": "GA002n0005_p0301a06"}, {"level": "2", "n": "", "type": "其他", "text": "永慶寺　白塔寺", "head": "GA002n0005_p0302a04"}, {"level": "2", "n": "", "type": "其他", "text": "勸善寺", "head": "GA002n0005_p0303a04"}, {"level": "2", "n": "", "type": "其他", "text": "開善寺", "head": "GA002n0005_p0304a04"}, {"level": "2", "n": "", "type": "其他", "text": "慶雲寺", "head": "GA002n0005_p0309a07"}, {"level": "2", "n": "", "type": "其他", "text": "杜桂寺", "head": "GA002n0005_p0310a09"}, {"level": "2", "n": "", "type": "其他", "text": "觀音寺", "head": "GA002n0005_p0311a09"}, {"level": "2", "n": "", "type": "其他", "text": "資聖寺", "head": "GA002n0005_p0312a05"}, {"level": "2", "n": "", "type": "其他", "text": "佛壇寺", "head": "GA002n0005_p0313a02"}, {"level": "2", "n": "", "type": "其他", "text": "永泰寺", "head": "GA002n0005_p0313a08"}, {"level": "2", "n": "", "type": "其他", "text": "天光寺", "head": "GA002n0005_p0314a06"}, {"level": "2", "n": "", "type": "其他", "text": "建陵寺", "head": "GA002n0005_p0315a03"}, {"level": "2", "n": "", "type": "其他", "text": "棲隱寺", "head": "GA002n0005_p0315a09"}, {"level": "2", "n": "", "type": "其他", "text": "惠日寺", "head": "GA002n0005_p0316a06"}, {"level": "2", "n": "", "type": "其他", "text": "大愛敬寺", "head": "GA002n0005_p0318a02"}, {"level": "2", "n": "", "type": "其他", "text": "神山寺", "head": "GA002n0005_p0322a05"}, {"level": "2", "n": "", "type": "其他", "text": "永明寺", "head": "GA002n0005_p0323a03"}, {"level": "2", "n": "", "type": "其他", "text": "果願尼寺", "head": "GA002n0005_p0324a01"}, {"level": "2", "n": "", "type": "其他", "text": "須陀寺", "head": "GA002n0005_p0324a04"}, {"level": "2", "n": "", "type": "其他", "text": "頭陀寺", "head": "GA002n0005_p0325a01"}, {"level": "2", "n": "", "type": "其他", "text": "猛信尼寺", "head": "GA002n0005_p0325a07"}, {"level": "2", "n": "", "type": "其他", "text": "福靜寺", "head": "GA002n0005_p0326a05"}, {"level": "2", "n": "", "type": "其他", "text": "靜福寺", "head": "GA002n0005_p0327a04"}, {"level": "2", "n": "", "type": "其他", "text": "梁眾造寺", "head": "GA002n0005_p0327a09"}, {"level": "2", "n": "", "type": "其他", "text": "建業寺", "head": "GA002n0005_p0328a06"}, {"level": "2", "n": "", "type": "其他", "text": "慈覺寺", "head": "GA002n0005_p0329a02"}, {"level": "2", "n": "", "type": "其他", "text": "善覺寺", "head": "GA002n0005_p0330a05"}, {"level": "2", "n": "", "type": "其他", "text": "同泰寺", "head": "GA002n0005_p0334a03"}, {"level": "2", "n": "", "type": "其他", "text": "北寺", "head": "GA002n0005_p0341a07"}, {"level": "2", "n": "", "type": "其他", "text": "清玄寺", "head": "GA002n0005_p0342a06"}, {"level": "2", "n": "", "type": "其他", "text": "園居尼寺", "head": "GA002n0005_p0343a05"}, {"level": "2", "n": "", "type": "其他", "text": "禪巖寺", "head": "GA002n0005_p0343a08"}, {"level": "2", "n": "", "type": "其他", "text": "法苑寺　廣化寺", "head": "GA002n0005_p0344a02"}, {"level": "2", "n": "", "type": "其他", "text": "大心寺", "head": "GA002n0005_p0345a02"}, {"level": "2", "n": "", "type": "其他", "text": "華嚴寺", "head": "GA002n0005_p0345a08"}, {"level": "2", "n": "", "type": "其他", "text": "方樂寺", "head": "GA002n0005_p0346a06"}, {"level": "2", "n": "", "type": "其他", "text": "東林寺", "head": "GA002n0005_p0347a03"}, {"level": "2", "n": "", "type": "其他", "text": "蔣山頭陀寺", "head": "GA002n0005_p0347a08"}, {"level": "2", "n": "", "type": "其他", "text": "萬福尼寺", "head": "GA002n0005_p0349a05"}, {"level": "2", "n": "", "type": "其他", "text": "本願尼寺", "head": "GA002n0005_p0349a07"}, {"level": "2", "n": "", "type": "其他", "text": "平等寺", "head": "GA002n0005_p0350a03"}, {"level": "2", "n": "", "type": "其他", "text": "普光寺", "head": "GA002n0005_p0351a04"}, {"level": "2", "n": "", "type": "其他", "text": "化成寺", "head": "GA002n0005_p0351a07"}, {"level": "2", "n": "", "type": "其他", "text": "慈恩寺", "head": "GA002n0005_p0352a01"}, {"level": "2", "n": "", "type": "其他", "text": "善業尼寺", "head": "GA002n0005_p0352a04"}, {"level": "2", "n": "", "type": "其他", "text": "寒林寺", "head": "GA002n0005_p0352a06"}, {"level": "2", "n": "", "type": "其他", "text": "金口寺", "head": "GA002n0005_p0353a06"}, {"level": "2", "n": "", "type": "其他", "text": "福興寺", "head": "GA002n0005_p0354a04"}, {"level": "2", "n": "", "type": "其他", "text": "天中寺", "head": "GA002n0005_p0356a03"}, {"level": "2", "n": "", "type": "其他", "text": "一乘寺　凹凸寺", "head": "GA002n0005_p0357a02"}, {"level": "2", "n": "", "type": "其他", "text": "歸來寺", "head": "GA002n0005_p0358a06"}, {"level": "2", "n": "", "type": "其他", "text": "飛流寺", "head": "GA002n0005_p0359a03"}, {"level": "2", "n": "", "type": "其他", "text": "甘露鼓寺", "head": "GA002n0005_p0359a09"}, {"level": "2", "n": "", "type": "其他", "text": "梁安寺", "head": "GA002n0005_p0360a06"}, {"level": "2", "n": "", "type": "其他", "text": "宣業寺", "head": "GA002n0005_p0362a03"}, {"level": "2", "n": "", "type": "其他", "text": "福成寺", "head": "GA002n0005_p0362a09"}, {"level": "2", "n": "", "type": "其他", "text": "定果寺", "head": "GA002n0005_p0363a02"}, {"level": "2", "n": "", "type": "其他", "text": "靈光寺", "head": "GA002n0005_p0363a04"}, {"level": "2", "n": "", "type": "其他", "text": "履道寺", "head": "GA002n0005_p0364a02"}, {"level": "2", "n": "", "type": "其他", "text": "渴寒寺", "head": "GA002n0005_p0364a05"}, {"level": "2", "n": "", "type": "其他", "text": "山齋寺", "head": "GA002n0005_p0365a02"}, {"level": "2", "n": "", "type": "其他", "text": "到公寺", "head": "GA002n0005_p0365a08"}, {"level": "2", "n": "", "type": "其他", "text": "景公寺", "head": "GA002n0005_p0367a02"}, {"level": "2", "n": "", "type": "其他", "text": "幽巖寺", "head": "GA002n0005_p0367a07"}, {"level": "2", "n": "", "type": "其他", "text": "青山幽巖寺", "head": "GA002n0005_p0367a09"}, {"level": "2", "n": "", "type": "其他", "text": "儀香尼寺", "head": "GA002n0005_p0368a09"}, {"level": "2", "n": "", "type": "其他", "text": "靈隱寺", "head": "GA002n0005_p0369a02"}, {"level": "2", "n": "", "type": "其他", "text": "宣明寺", "head": "GA002n0005_p0370a01"}, {"level": "2", "n": "", "type": "其他", "text": "天皇寺", "head": "GA002n0005_p0370a08"}, {"level": "1", "n": "", "type": "其他", "text": "陳", "head": "GA002n0005_p0371a08"}, {"level": "2", "n": "", "type": "其他", "text": "懷安寺", "head": "GA002n0005_p0371a09"}, {"level": "2", "n": "", "type": "其他", "text": "慧福尼寺", "head": "GA002n0005_p0372a07"}, {"level": "2", "n": "", "type": "其他", "text": "國勝寺", "head": "GA002n0005_p0373a04"}, {"level": "2", "n": "", "type": "其他", "text": "楊都寺", "head": "GA002n0005_p0374a02"}, {"level": "2", "n": "", "type": "其他", "text": "棲靈寺", "head": "GA002n0005_p0374a07"}, {"level": "2", "n": "", "type": "其他", "text": "大皇寺", "head": "GA002n0005_p0375a02"}, {"level": "2", "n": "", "type": "其他", "text": "寶田寺", "head": "GA002n0005_p0376a02"}, {"level": "2", "n": "", "type": "其他", "text": "證聖寺", "head": "GA002n0005_p0377a01"}, {"level": "2", "n": "", "type": "其他", "text": "寶城寺", "head": "GA002n0005_p0377a09"}, {"level": "2", "n": "", "type": "其他", "text": "義和寺", "head": "GA002n0005_p0378a07"}, {"level": "2", "n": "", "type": "其他", "text": "四无畏寺", "head": "GA002n0005_p0378a09"}]