[{"level": "1", "n": "", "type": "其他", "text": "前言", "head": "ZW07n0065_p0372a05"}, {"level": "1", "n": "", "type": "其他", "text": "一、圓覺道場禮懺一本", "head": "ZW07n0065_p0372a14"}, {"level": "2", "n": "", "type": "其他", "text": "版本", "head": "ZW07n0065_p0372a15"}, {"level": "2", "n": "", "type": "其他", "text": "錄文", "head": "ZW07n0065_p0373a18"}, {"level": "2", "n": "", "type": "其他", "text": "說明", "head": "ZW07n0065_p0374a19"}, {"level": "1", "n": "", "type": "其他", "text": "二、異本救諸眾生一切苦難經（擬）", "head": "ZW07n0065_p0375a14"}, {"level": "2", "n": "", "type": "其他", "text": "版本", "head": "ZW07n0065_p0375a15"}, {"level": "2", "n": "", "type": "其他", "text": "錄文", "head": "ZW07n0065_p0375a25"}, {"level": "2", "n": "", "type": "其他", "text": "說明", "head": "ZW07n0065_p0377a05"}, {"level": "1", "n": "", "type": "其他", "text": "三、大方廣圓覺修多羅了義經略疏卷下", "head": "ZW07n0065_p0377a27"}, {"level": "2", "n": "", "type": "其他", "text": "版本", "head": "ZW07n0065_p0377a28"}, {"level": "2", "n": "", "type": "其他", "text": "說明", "head": "ZW07n0065_p0380a05"}, {"level": "1", "n": "", "type": "其他", "text": "四、佛頂心陀羅尼經", "head": "ZW07n0065_p0380a14"}, {"level": "2", "n": "", "type": "其他", "text": "版本", "head": "ZW07n0065_p0380a15"}, {"level": "2", "n": "", "type": "其他", "text": "錄文", "head": "ZW07n0065_p0382a25"}, {"level": "2", "n": "", "type": "其他", "text": "說明", "head": "ZW07n0065_p0395a01"}, {"level": "1", "n": "", "type": "其他", "text": "五、眾經集要（擬）", "head": "ZW07n0065_p0395a14"}, {"level": "2", "n": "", "type": "其他", "text": "版本", "head": "ZW07n0065_p0395a15"}, {"level": "2", "n": "", "type": "其他", "text": "說明", "head": "ZW07n0065_p0400a02"}, {"level": "1", "n": "", "type": "其他", "text": "六、三十五佛名禮懺功德文附仁宗施經願文（擬）", "head": "ZW07n0065_p0402a14"}, {"level": "2", "n": "", "type": "其他", "text": "版本", "head": "ZW07n0065_p0402a15"}, {"level": "2", "n": "", "type": "其他", "text": "錄文", "head": "ZW07n0065_p0402a27"}, {"level": "2", "n": "", "type": "其他", "text": "說明", "head": "ZW07n0065_p0405a24"}, {"level": "1", "n": "", "type": "其他", "text": "七、吉祥上樂輪等虛空本續", "head": "ZW07n0065_p0408a12"}, {"level": "2", "n": "", "type": "其他", "text": "版本", "head": "ZW07n0065_p0408a13"}, {"level": "2", "n": "", "type": "其他", "text": "說明", "head": "ZW07n0065_p0411a08"}, {"level": "1", "n": "", "type": "其他", "text": "八、修持儀軌（擬）", "head": "ZW07n0065_p0412a02"}, {"level": "2", "n": "", "type": "其他", "text": "版本", "head": "ZW07n0065_p0412a03"}, {"level": "2", "n": "", "type": "其他", "text": "說明", "head": "ZW07n0065_p0414a04"}, {"level": "1", "n": "", "type": "其他", "text": "九、殘密教文獻", "head": "ZW07n0065_p0414a11"}, {"level": "2", "n": "", "type": "其他", "text": "版本", "head": "ZW07n0065_p0414a12"}, {"level": "2", "n": "", "type": "其他", "text": "說明", "head": "ZW07n0065_p0414a25"}, {"level": "1", "n": "", "type": "其他", "text": "十、殘疏", "head": "ZW07n0065_p0415a01"}, {"level": "2", "n": "", "type": "其他", "text": "版本", "head": "ZW07n0065_p0415a02"}, {"level": "2", "n": "", "type": "其他", "text": "說明", "head": "ZW07n0065_p0415a06"}, {"level": "1", "n": "", "type": "其他", "text": "十一、殘佛經", "head": "ZW07n0065_p0415a09"}, {"level": "2", "n": "", "type": "其他", "text": "版本", "head": "ZW07n0065_p0415a10"}, {"level": "2", "n": "", "type": "其他", "text": "說明", "head": "ZW07n0065_p0415a15"}]