[{"level": "1", "n": "", "type": "其他", "text": "題解", "head": "ZW07n0063_p0226a02"}, {"level": "1", "n": "", "type": "其他", "text": "錄文", "head": "ZW07n0063_p0231a04"}, {"level": "2", "n": "", "type": "其他", "text": "卷第一", "head": "ZW07n0063_p0231a05"}, {"level": "2", "n": "", "type": "其他", "text": "卷第二", "head": "ZW07n0063_p0262a01"}, {"level": "2", "n": "", "type": "其他", "text": "卷第三", "head": "ZW07n0063_p0292a01"}, {"level": "1", "n": "", "type": "附文", "text": "附：《淨度三昧經》的編纂與撰述", "head": "ZW07n0063_p0327a02"}, {"level": "2", "n": "", "type": "附文", "text": "序言", "head": "ZW07n0063_p0327a07"}, {"level": "2", "n": "", "type": "附文", "text": "一、編纂", "head": "ZW07n0063_p0327a22"}, {"level": "2", "n": "", "type": "附文", "text": "前文", "head": "ZW07n0063_p0328a01"}, {"level": "3", "n": "", "type": "附文", "text": "1 、從竺法護所譯經典的引文", "head": "ZW07n0063_p0328a08"}, {"level": "3", "n": "", "type": "附文", "text": "2 、與竺法護譯《修行道地經》地獄品的對照", "head": "ZW07n0063_p0336a22"}, {"level": "3", "n": "", "type": "附文", "text": "3 、其他經典、外典", "head": "ZW07n0063_p0339a07"}, {"level": "2", "n": "", "type": "附文", "text": "二、關於撰述", "head": "ZW07n0063_p0341a21"}, {"level": "3", "n": "", "type": "附文", "text": "1 、關於思想內容", "head": "ZW07n0063_p0341a22"}, {"level": "3", "n": "", "type": "附文", "text": "2 、關於《淨度經》三十地獄說之「撰述」", "head": "ZW07n0063_p0342a09"}, {"level": "2", "n": "", "type": "附文", "text": "三、關於典故", "head": "ZW07n0063_p0344a09"}, {"level": "2", "n": "", "type": "附文", "text": "結束語", "head": "ZW07n0063_p0346a16"}]