[{"level": "1", "n": "", "type": "其他", "text": "題解", "head": "ZW07n0062_p0114a02"}, {"level": "1", "n": "", "type": "其他", "text": "錄文", "head": "ZW07n0062_p0115a08"}, {"level": "2", "n": "", "type": "其他", "text": "藥師道場解經頌文灌頂章句教誡儀文", "head": "ZW07n0062_p0115a09"}, {"level": "2", "n": "", "type": "其他", "text": "佛說消災延壽藥師灌頂章句一時儀文", "head": "ZW07n0062_p0133a01"}, {"level": "2", "n": "", "type": "其他", "text": "佛說藥師二時科儀文", "head": "ZW07n0062_p0151a01"}, {"level": "2", "n": "", "type": "其他", "text": "佛說藥師三時儀文", "head": "ZW07n0062_p0166a01"}, {"level": "2", "n": "", "type": "其他", "text": "藥師灌頂章句拔苦過罪生死得度綱目", "head": "ZW07n0062_p0199a01"}, {"level": "2", "n": "", "type": "其他", "text": "佛說藥師三時密咒", "head": "ZW07n0062_p0210a01"}, {"level": "2", "n": "", "type": "附文", "text": "附：放生儀文", "head": "ZW07n0062_p0221a22"}]