[{"n": "1", "fun": "open", "head": "GA021n0019_p0021a01"}, {"n": "1", "fun": "close", "head": "GA021n0019_p0106a10"}, {"n": "2", "fun": "open", "head": "GA021n0019_p0107a01"}, {"n": "2", "fun": "close", "head": "GA021n0019_p0128a10"}, {"n": "3", "fun": "open", "head": "GA021n0019_p0129a01"}, {"n": "3", "fun": "close", "head": "GA021n0019_p0148a10"}, {"n": "4", "fun": "open", "head": "GA021n0019_p0149a01"}, {"n": "4", "fun": "close", "head": "GA021n0019_p0202a10"}, {"n": "5", "fun": "open", "head": "GA021n0019_p0203a01"}, {"n": "5", "fun": "close", "head": "GA021n0019_p0300a10"}, {"n": "6", "fun": "open", "head": "GA021n0019_p0301a01"}, {"n": "6", "fun": "close", "head": "GA021n0019_p0374a10"}, {"n": "7", "fun": "open", "head": "GA021n0019_p0375a01"}, {"n": "7", "fun": "close", "head": "GA021n0019_p0420a10"}, {"n": "8", "fun": "open", "head": "GA021n0019_p0421a01"}, {"n": "8", "fun": "close", "head": "GA021n0019_p0526a10"}]