[{"n": "1", "fun": "open", "head": "GA021n0019_p0021a01", "title": "武林理安寺志卷之一"}, {"n": "1", "fun": "close", "head": "GA021n0019_p0106a10", "title": "武林理安寺志卷之一終"}, {"n": "2", "fun": "open", "head": "GA021n0019_p0107a01", "title": "武林理安寺志卷之二"}, {"n": "2", "fun": "close", "head": "GA021n0019_p0128a10", "title": "武林理安寺志卷之二"}, {"n": "3", "fun": "open", "head": "GA021n0019_p0129a01", "title": "武林理安寺志卷之三"}, {"n": "3", "fun": "close", "head": "GA021n0019_p0148a10", "title": "武林理安寺志卷之三"}, {"n": "4", "fun": "open", "head": "GA021n0019_p0149a01", "title": "武林理安寺志卷之四"}, {"n": "4", "fun": "close", "head": "GA021n0019_p0202a10", "title": "武林理安寺志卷之四"}, {"n": "5", "fun": "open", "head": "GA021n0019_p0203a01", "title": "武林理安寺志卷之五"}, {"n": "5", "fun": "close", "head": "GA021n0019_p0300a10", "title": "武林理安寺志卷之五終"}, {"n": "6", "fun": "open", "head": "GA021n0019_p0301a01", "title": "武林理安寺志卷之六"}, {"n": "6", "fun": "close", "head": "GA021n0019_p0374a10", "title": "武林理安寺志卷之六終"}, {"n": "7", "fun": "open", "head": "GA021n0019_p0375a01", "title": "武林理安寺志卷之七"}, {"n": "7", "fun": "close", "head": "GA021n0019_p0420a10", "title": "武林理安寺志卷之七終"}, {"n": "8", "fun": "open", "head": "GA021n0019_p0421a01", "title": "武林理安寺志卷之八"}, {"n": "8", "fun": "close", "head": "GA021n0019_p0526a10", "title": "武林理安寺志卷之八終"}]