[{"level": "1", "n": "", "type": "其他", "text": "一　序偈", "head": "N70n0036_p0001a01"}, {"level": "1", "n": "", "type": "其他", "text": "二　第一合誦", "head": "N70n0036_p0007a05"}, {"level": "2", "n": "", "type": "其他", "text": "〔合誦因緣〕", "head": "N70n0036_p0007a07"}, {"level": "2", "n": "", "type": "其他", "text": "〔一切佛語之分類〕", "head": "N70n0036_p0017a08"}, {"level": "1", "n": "", "type": "其他", "text": "三　第二合誦", "head": "N70n0036_p0035a01"}, {"level": "1", "n": "", "type": "其他", "text": "四　第三合誦", "head": "N70n0036_p0040a05"}, {"level": "2", "n": "", "type": "其他", "text": "〔帝須長老〕", "head": "N70n0036_p0040a07"}, {"level": "2", "n": "", "type": "其他", "text": "〔阿育王之歸佛〕", "head": "N70n0036_p0043a11"}, {"level": "2", "n": "", "type": "其他", "text": "〔第三合誦次第〕", "head": "N70n0036_p0052a09"}, {"level": "2", "n": "", "type": "其他", "text": "〔聖法之傳承〕", "head": "N70n0036_p0059a09"}, {"level": "1", "n": "", "type": "其他", "text": "五　錫蘭島之佛教", "head": "N70n0036_p0066a07"}, {"level": "2", "n": "", "type": "其他", "text": "〔摩哂陀之傳法〕", "head": "N70n0036_p0066a09"}, {"level": "2", "n": "", "type": "其他", "text": "〔請來佛舍利〕", "head": "N70n0036_p0078a06"}, {"level": "2", "n": "", "type": "其他", "text": "〔菩提樹之移植〕", "head": "N70n0036_p0083a14"}, {"level": "2", "n": "", "type": "其他", "text": "〔聖教之確立〕", "head": "N70n0036_p0092a01"}]