[{"level": "1", "n": "", "type": "其他", "text": "一　攝心分別", "head": "N70n0037_p0107a01"}, {"level": "2", "n": "", "type": "其他", "text": "一　十二不善心", "head": "N70n0037_p0107a13"}, {"level": "2", "n": "", "type": "其他", "text": "二　十八無因心", "head": "N70n0037_p0108a10"}, {"level": "2", "n": "", "type": "其他", "text": "三　二十四有因心", "head": "N70n0037_p0109a08"}, {"level": "2", "n": "", "type": "其他", "text": "四　十五色界心", "head": "N70n0037_p0110a13"}, {"level": "2", "n": "", "type": "其他", "text": "五　十二無色界心", "head": "N70n0037_p0111a13"}, {"level": "2", "n": "", "type": "其他", "text": "六　八出世間心", "head": "N70n0037_p0112a09"}, {"level": "2", "n": "", "type": "其他", "text": "七　百二十一心", "head": "N70n0037_p0113a08"}, {"level": "1", "n": "", "type": "其他", "text": "二　攝心所分別", "head": "N70n0037_p0117a01"}, {"level": "2", "n": "", "type": "其他", "text": "一　五十二心所", "head": "N70n0037_p0117a05"}, {"level": "2", "n": "", "type": "其他", "text": "二　共一切心所及雜心所相應心", "head": "N70n0037_p0118a07"}, {"level": "2", "n": "", "type": "其他", "text": "三　不善心所相應心", "head": "N70n0037_p0119a06"}, {"level": "2", "n": "", "type": "其他", "text": "四　淨心所相應心", "head": "N70n0037_p0120a02"}, {"level": "2", "n": "", "type": "其他", "text": "五　出世間心相應心所", "head": "N70n0037_p0121a07"}, {"level": "2", "n": "", "type": "其他", "text": "六　色詐色界心相應心所", "head": "N70n0037_p0121a14"}, {"level": "2", "n": "", "type": "其他", "text": "七　欲界淨心相應心所", "head": "N70n0037_p0122a08"}, {"level": "2", "n": "", "type": "其他", "text": "八　不善心相應心所", "head": "N70n0037_p0123a09"}, {"level": "2", "n": "", "type": "其他", "text": "九　無因心相應心所", "head": "N70n0037_p0124a09"}, {"level": "1", "n": "", "type": "其他", "text": "三　攝雜分別", "head": "N70n0037_p0127a07"}, {"level": "2", "n": "", "type": "其他", "text": "一　受之攝", "head": "N70n0037_p0127a13"}, {"level": "2", "n": "", "type": "其他", "text": "二　因之攝", "head": "N70n0037_p0128a09"}, {"level": "2", "n": "", "type": "其他", "text": "三　作用之攝", "head": "N70n0037_p0129a05"}, {"level": "2", "n": "", "type": "其他", "text": "四　門之攝", "head": "N70n0037_p0130a10"}, {"level": "2", "n": "", "type": "其他", "text": "五　所緣之攝", "head": "N70n0037_p0131a13"}, {"level": "2", "n": "", "type": "其他", "text": "六　基之攝", "head": "N70n0037_p0133a03"}, {"level": "1", "n": "", "type": "其他", "text": "四　攝路分別", "head": "N70n0037_p0136a09"}, {"level": "2", "n": "", "type": "其他", "text": "一　六六法", "head": "N70n0037_p0137a01"}, {"level": "2", "n": "", "type": "其他", "text": "二　五門作用", "head": "N70n0037_p0137a09"}, {"level": "2", "n": "", "type": "其他", "text": "三　欲界之意門作用", "head": "N70n0037_p0139a02"}, {"level": "2", "n": "", "type": "其他", "text": "四　上二界、出世間之禪定作用", "head": "N70n0037_p0139a09"}, {"level": "2", "n": "", "type": "其他", "text": "五　彼所緣之決定", "head": "N70n0037_p0140a08"}, {"level": "2", "n": "", "type": "其他", "text": "六　速行之決定", "head": "N70n0037_p0141a07"}, {"level": "2", "n": "", "type": "其他", "text": "七　路心由人之差別", "head": "N70n0037_p0142a05"}, {"level": "2", "n": "", "type": "其他", "text": "八　路心由地之差別", "head": "N70n0037_p0142a14"}, {"level": "1", "n": "", "type": "其他", "text": "五　攝離路分別", "head": "N70n0037_p0147a06"}, {"level": "2", "n": "", "type": "其他", "text": "一　四地", "head": "N70n0037_p0147a12"}, {"level": "2", "n": "", "type": "其他", "text": "二　四種結生", "head": "N70n0037_p0148a12"}, {"level": "2", "n": "", "type": "其他", "text": "三　四業", "head": "N70n0037_p0151a02"}, {"level": "2", "n": "", "type": "其他", "text": "四　四種死及結生之次第", "head": "N70n0037_p0153a13"}, {"level": "1", "n": "", "type": "其他", "text": "六　攝色分別", "head": "N70n0037_p0159a01"}, {"level": "2", "n": "", "type": "其他", "text": "一　色之列舉", "head": "N70n0037_p0159a07"}, {"level": "2", "n": "", "type": "其他", "text": "二　色之分別", "head": "N70n0037_p0160a07"}, {"level": "2", "n": "", "type": "其他", "text": "三　色之等起", "head": "N70n0037_p0161a05"}, {"level": "2", "n": "", "type": "其他", "text": "四　色之聚", "head": "N70n0037_p0162a07"}, {"level": "2", "n": "", "type": "其他", "text": "五　轉起之次第", "head": "N70n0037_p0163a12"}, {"level": "2", "n": "", "type": "其他", "text": "六　涅槃論", "head": "N70n0037_p0165a06"}, {"level": "1", "n": "", "type": "其他", "text": "七　攝集分別", "head": "N70n0037_p0169a01"}, {"level": "2", "n": "", "type": "其他", "text": "一　攝不善", "head": "N70n0037_p0169a06"}, {"level": "2", "n": "", "type": "其他", "text": "二　攝雜", "head": "N70n0037_p0170a06"}, {"level": "2", "n": "", "type": "其他", "text": "三　攝菩提分", "head": "N70n0037_p0171a08"}, {"level": "2", "n": "", "type": "其他", "text": "四　攝一切", "head": "N70n0037_p0172a10"}, {"level": "1", "n": "", "type": "其他", "text": "八　攝緣分別", "head": "N70n0037_p0176a03"}, {"level": "2", "n": "", "type": "其他", "text": "一　緣起法", "head": "N70n0037_p0176a09"}, {"level": "2", "n": "", "type": "其他", "text": "二　發趣法", "head": "N70n0037_p0178a01"}, {"level": "2", "n": "", "type": "其他", "text": "三　施設", "head": "N70n0037_p0181a08"}, {"level": "1", "n": "", "type": "其他", "text": "九　攝業處分別", "head": "N70n0037_p0184a07"}, {"level": "2", "n": "", "type": "其他", "text": "一　四十業處", "head": "N70n0037_p0185a01"}, {"level": "2", "n": "", "type": "其他", "text": "二　六行者與四十業處之適不適", "head": "N70n0037_p0185a08"}, {"level": "2", "n": "", "type": "其他", "text": "三　三修習", "head": "N70n0037_p0186a01"}, {"level": "2", "n": "", "type": "其他", "text": "四　三相", "head": "N70n0037_p0186a08"}, {"level": "2", "n": "", "type": "其他", "text": "五　七種清淨", "head": "N70n0037_p0188a10"}, {"level": "2", "n": "", "type": "其他", "text": "六　三解脫門", "head": "N70n0037_p0190a06"}, {"level": "2", "n": "", "type": "其他", "text": "七　人之別", "head": "N70n0037_p0191a01"}, {"level": "2", "n": "", "type": "其他", "text": "八　定之差別", "head": "N70n0037_p0191a08"}]