[{"n": "1", "fun": "open", "head": "ZW06n0052_p0227a20", "title": "地藏慈悲救苦薦福利生\n道場儀文上"}, {"n": "1", "fun": "close", "head": "ZW06n0052_p0244a20", "title": "地藏慈悲救苦薦福利生道場儀文上終"}, {"n": "2", "fun": "open", "head": "ZW06n0052_p0245a02", "title": "地藏慈悲救苦薦福利生道場儀文下"}, {"n": "2", "fun": "close", "head": "ZW06n0052_p0266a09", "title": "地藏慈悲救苦薦福利生道場儀文下終"}, {"n": "3", "fun": "open", "head": "ZW06n0052_p0267a02", "title": "地藏慈悲救苦薦福利生道場儀提綱"}, {"n": "4", "fun": "open", "head": "ZW06n0052_p0289a02", "title": "地藏慈悲救苦薦福利生道場密教"}, {"n": "1", "fun": "close", "head": "ZW06n0052_p0313a21", "title": "地藏慈悲救苦薦福利生道場密教終"}]