[{"n": "1", "fun": "open", "head": "ZW06n0051_p0036a03"}, {"n": "1", "fun": "close", "head": "ZW06n0051_p0062a06"}, {"n": "2", "fun": "open", "head": "ZW06n0051_p0063a02"}, {"n": "2", "fun": "close", "head": "ZW06n0051_p0085a07"}, {"n": "3", "fun": "open", "head": "ZW06n0051_p0086a02"}, {"n": "3", "fun": "close", "head": "ZW06n0051_p0119a05"}, {"n": "4", "fun": "open", "head": "ZW06n0051_p0120a02"}, {"n": "4", "fun": "close", "head": "ZW06n0051_p0151a14"}, {"n": "5", "fun": "open", "head": "ZW06n0051_p0153a02"}, {"n": "5", "fun": "close", "head": "ZW06n0051_p0185a12"}, {"n": "6", "fun": "open", "head": "ZW06n0051_p0193a02"}, {"n": "6", "fun": "close", "head": "ZW06n0051_p0208a18"}, {"n": "7", "fun": "open", "head": "ZW06n0051_p0209a02"}, {"n": "7", "fun": "close", "head": "ZW06n0051_p0217a23"}, {"n": "8", "fun": "open", "head": "ZW06n0051_p0218a02"}]