[{"n": "1", "fun": "open", "head": "ZW06n0051_p0036a03", "title": "楞嚴解冤釋結道場教誡儀文"}, {"n": "1", "fun": "close", "head": "ZW06n0051_p0062a06", "title": "楞嚴解冤釋結道場教誡開壇儀全"}, {"n": "2", "fun": "open", "head": "ZW06n0051_p0063a02", "title": "楞嚴解冤釋結道場儀文卷上"}, {"n": "2", "fun": "close", "head": "ZW06n0051_p0085a07", "title": "楞嚴解冤釋結道場儀文上卷終"}, {"n": "3", "fun": "open", "head": "ZW06n0051_p0086a02", "title": "楞嚴解冤釋結道場儀文卷中"}, {"n": "3", "fun": "close", "head": "ZW06n0051_p0119a05", "title": "楞嚴解冤釋結道場儀文中"}, {"n": "4", "fun": "open", "head": "ZW06n0051_p0120a02", "title": "楞嚴解冤釋結道場儀文卷下"}, {"n": "4", "fun": "close", "head": "ZW06n0051_p0151a14", "title": "楞嚴解冤釋結道場儀文下卷終"}, {"n": "5", "fun": "open", "head": "ZW06n0051_p0153a02", "title": "楞嚴解冤釋結道場儀提綱"}, {"n": "5", "fun": "close", "head": "ZW06n0051_p0185a12", "title": "楞嚴解冤釋結道場提綱終"}, {"n": "6", "fun": "open", "head": "ZW06n0051_p0193a02", "title": "楞嚴解冤釋結道場密教卷上"}, {"n": "6", "fun": "close", "head": "ZW06n0051_p0208a18", "title": "楞嚴解冤釋結道場密教上終"}, {"n": "7", "fun": "open", "head": "ZW06n0051_p0209a02", "title": "楞嚴解冤釋結道場密教卷中"}, {"n": "7", "fun": "close", "head": "ZW06n0051_p0217a23", "title": "楞嚴解冤釋結道場密教卷中"}, {"n": "8", "fun": "open", "head": "ZW06n0051_p0218a02", "title": "楞嚴解冤釋結道場密教卷下"}]