[{"n": "5", "fun": "open", "head": "GA014n0012_p0327a01", "title": "天童寺志卷之五"}, {"n": "6", "fun": "open", "head": "GA014n0012_p0385a01", "title": "天童寺志卷之六"}, {"n": "7", "fun": "open", "head": "GA014n0012_p0461a01", "title": "天童寺志卷之七"}, {"n": "8a", "fun": "open", "head": "GA014n0012_p0557a01", "title": "天童寺志卷之八之上"}, {"n": "8b", "fun": "open", "head": "GA014n0012_p0601a01", "title": "天童寺志卷之八之下"}, {"n": "9", "fun": "open", "head": "GA014n0012_p0647a01", "title": "天童寺志卷之九"}, {"n": "10", "fun": "open", "head": "GA014n0012_p0707a01", "title": "天童寺志卷之十"}]