[{"n": "1", "fun": "open", "head": "GA023n0021_p0045a01"}, {"n": "1", "fun": "close", "head": "GA023n0021_p0076a10"}, {"n": "2", "fun": "open", "head": "GA023n0021_p0077a01"}, {"n": "2", "fun": "close", "head": "GA023n0021_p0128a10"}, {"n": "3a", "fun": "open", "head": "GA023n0021_p0129a01"}, {"n": "3a", "fun": "close", "head": "GA023n0021_p0146a10"}, {"n": "3b", "fun": "open", "head": "GA023n0021_p0147a01"}, {"n": "3b", "fun": "close", "head": "GA023n0021_p0208a10"}, {"n": "4", "fun": "open", "head": "GA023n0021_p0209a01"}, {"n": "4", "fun": "close", "head": "GA023n0021_p0238a10"}, {"n": "5a", "fun": "open", "head": "GA023n0021_p0239a01"}, {"n": "5a", "fun": "close", "head": "GA023n0021_p0257a10"}, {"n": "5b", "fun": "open", "head": "GA023n0021_p0259a01"}, {"n": "5b", "fun": "close", "head": "GA023n0021_p0294a10"}, {"n": "6a", "fun": "open", "head": "GA023n0021_p0295a01"}, {"n": "6a", "fun": "close", "head": "GA023n0021_p0330a10"}, {"n": "6b", "fun": "open", "head": "GA023n0021_p0331a01"}, {"n": "6b", "fun": "close", "head": "GA023n0021_p0405a10"}, {"n": "7", "fun": "open", "head": "GA023n0021_p0407a01"}, {"n": "7", "fun": "close", "head": "GA023n0021_p0504a10"}, {"n": "8", "fun": "open", "head": "GA023n0021_p0505a01"}, {"n": "8", "fun": "close", "head": "GA023n0021_p0652a10"}]