[{"n": "1", "fun": "open", "head": "GA023n0021_p0045a01", "title": "武林靈隱寺誌卷之一"}, {"n": "1", "fun": "close", "head": "GA023n0021_p0076a10", "title": "武林靈隱寺誌卷一終"}, {"n": "2", "fun": "open", "head": "GA023n0021_p0077a01", "title": "武林靈隱寺誌卷之二"}, {"n": "2", "fun": "close", "head": "GA023n0021_p0128a10", "title": "靈隱寺誌卷之二終"}, {"n": "3a", "fun": "open", "head": "GA023n0021_p0129a01", "title": "武林靈隱寺誌卷之三上"}, {"n": "3a", "fun": "close", "head": "GA023n0021_p0146a10", "title": "武林靈隱寺誌卷之三上終"}, {"n": "3b", "fun": "open", "head": "GA023n0021_p0147a01", "title": "武林靈隱寺誌卷之三下"}, {"n": "3b", "fun": "close", "head": "GA023n0021_p0208a10", "title": "武林靈隱寺誌卷之三下終"}, {"n": "4", "fun": "open", "head": "GA023n0021_p0209a01", "title": "武林靈隱寺誌卷之四"}, {"n": "4", "fun": "close", "head": "GA023n0021_p0238a10", "title": "武林靈隱寺誌卷之四終"}, {"n": "5a", "fun": "open", "head": "GA023n0021_p0239a01", "title": "武林靈隱寺誌卷之五上"}, {"n": "5a", "fun": "close", "head": "GA023n0021_p0257a10", "title": "武林靈隱寺誌卷之五上終"}, {"n": "5b", "fun": "open", "head": "GA023n0021_p0259a01", "title": "武林靈隱寺誌卷之五下"}, {"n": "5b", "fun": "close", "head": "GA023n0021_p0294a10", "title": "武林靈隱寺誌卷之五下終"}, {"n": "6a", "fun": "open", "head": "GA023n0021_p0295a01", "title": "武林靈隱寺誌卷之六上"}, {"n": "6a", "fun": "close", "head": "GA023n0021_p0330a10", "title": "靈隱寺誌卷之六上終"}, {"n": "6b", "fun": "open", "head": "GA023n0021_p0331a01", "title": "武林靈隱寺誌卷之六下"}, {"n": "6b", "fun": "close", "head": "GA023n0021_p0405a10", "title": "靈隱寺誌卷六下終"}, {"n": "7", "fun": "open", "head": "GA023n0021_p0407a01", "title": "武林靈隱寺誌卷之七"}, {"n": "7", "fun": "close", "head": "GA023n0021_p0504a10", "title": "靈隱寺誌卷七終"}, {"n": "8", "fun": "open", "head": "GA023n0021_p0505a01", "title": "武林靈隱寺誌卷之八"}, {"n": "8", "fun": "close", "head": "GA023n0021_p0652a10", "title": "靈隱寺誌卷八終"}]