[{"n": "1", "fun": "open", "head": "GA001n0004_p0337a01"}, {"n": "1", "fun": "close", "head": "GA001n0004_p0369a10"}, {"n": "2", "fun": "open", "head": "GA001n0004_p0371a01"}, {"n": "2", "fun": "close", "head": "GA001n0004_p0405a10"}, {"n": "3", "fun": "open", "head": "GA001n0004_p0407a01"}, {"n": "3", "fun": "close", "head": "GA001n0004_p0429a10"}, {"n": "4", "fun": "open", "head": "GA001n0004_p0431a01"}, {"n": "4", "fun": "close", "head": "GA001n0004_p0459a10"}, {"n": "5", "fun": "open", "head": "GA001n0004_p0461a01"}, {"n": "5", "fun": "close", "head": "GA001n0004_p0486a10"}]