[{"n": "1", "fun": "open", "head": "GA001n0002_p0230a01"}, {"n": "1", "fun": "close", "head": "GA001n0002_p0236b12"}, {"n": "2", "fun": "open", "head": "GA001n0002_p0237a01"}, {"n": "2", "fun": "close", "head": "GA001n0002_p0243b24"}, {"n": "3", "fun": "open", "head": "GA001n0002_p0244a01"}, {"n": "3", "fun": "close", "head": "GA001n0002_p0248b12"}, {"n": "4", "fun": "open", "head": "GA001n0002_p0249a01"}, {"n": "4", "fun": "close", "head": "GA001n0002_p0254b24"}, {"n": "5", "fun": "open", "head": "GA001n0002_p0255a01"}, {"n": "5", "fun": "close", "head": "GA001n0002_p0260a12"}]