[{"n": "1", "fun": "open", "head": "GA001n0002_p0230a01", "title": "洛陽伽藍記卷第一"}, {"n": "1", "fun": "close", "head": "GA001n0002_p0236b12", "title": "洛陽伽藍記卷第一"}, {"n": "2", "fun": "open", "head": "GA001n0002_p0237a01", "title": "洛陽伽藍記卷第二"}, {"n": "2", "fun": "close", "head": "GA001n0002_p0243b24", "title": "洛陽伽藍記卷第二"}, {"n": "3", "fun": "open", "head": "GA001n0002_p0244a01", "title": "洛陽伽藍記卷第三"}, {"n": "3", "fun": "close", "head": "GA001n0002_p0248b12", "title": "洛陽伽藍記卷第三"}, {"n": "4", "fun": "open", "head": "GA001n0002_p0249a01", "title": "洛陽伽藍記卷第四"}, {"n": "4", "fun": "close", "head": "GA001n0002_p0254b24", "title": "洛陽伽藍記卷第四"}, {"n": "5", "fun": "open", "head": "GA001n0002_p0255a01", "title": "洛陽伽藍記卷第五"}, {"n": "5", "fun": "close", "head": "GA001n0002_p0260a12", "title": "洛陽伽藍記卷第五"}]