[{"n": "1", "fun": "open", "head": "GA001n0003_p0274a01", "title": "洛陽伽藍記鉤沈卷一"}, {"n": "1", "fun": "close", "head": "GA001n0003_p0287a20", "title": "洛陽伽藍記鉤沈卷一終"}, {"n": "2", "fun": "open", "head": "GA001n0003_p0288a01", "title": "洛陽伽藍記鉤沈卷二"}, {"n": "2", "fun": "close", "head": "GA001n0003_p0298b10", "title": "洛陽伽藍記鉤沈卷二終"}, {"n": "3", "fun": "open", "head": "GA001n0003_p0299a01", "title": "洛陽伽藍記鉤沈卷三"}, {"n": "3", "fun": "close", "head": "GA001n0003_p0305b10", "title": "洛陽伽藍記鉤沈卷三終"}, {"n": "4", "fun": "open", "head": "GA001n0003_p0306a01", "title": "洛陽伽藍記鉤沈卷四"}, {"n": "4", "fun": "close", "head": "GA001n0003_p0315a10", "title": "洛陽伽藍記鉤沈卷四終"}, {"n": "5", "fun": "open", "head": "GA001n0003_p0316a01", "title": "洛陽伽藍記鉤沈卷五"}, {"n": "5", "fun": "close", "head": "GA001n0003_p0322b20", "title": "洛陽伽藍記鉤沈卷五終"}]