[{"n": "1", "fun": "open", "head": "GA001n0004_p0337a01", "title": "洛陽伽藍記卷第一漢魏無洛陽第三字如隱城內二字在洛陽下不另行下同"}, {"n": "1", "fun": "close", "head": "GA001n0004_p0369a10", "title": "洛陽伽藍記卷之一如隱作洛陽城内伽藍記卷第一漢魏作伽藍記卷一終下皆同"}, {"n": "2", "fun": "open", "head": "GA001n0004_p0371a01", "title": "洛陽伽藍記卷第二"}, {"n": "2", "fun": "close", "head": "GA001n0004_p0405a10", "title": "洛陽伽藍記卷之二"}, {"n": "3", "fun": "open", "head": "GA001n0004_p0407a01", "title": "洛陽伽藍記卷第三"}, {"n": "3", "fun": "close", "head": "GA001n0004_p0429a10", "title": "洛陽伽藍記卷之三"}, {"n": "4", "fun": "open", "head": "GA001n0004_p0431a01", "title": "洛陽伽藍記卷第四"}, {"n": "4", "fun": "close", "head": "GA001n0004_p0459a10", "title": "洛陽伽藍記卷之四"}, {"n": "5", "fun": "open", "head": "GA001n0004_p0461a01", "title": "洛陽伽藍記卷第五"}, {"n": "5", "fun": "close", "head": "GA001n0004_p0486a10", "title": "洛陽伽藍記卷之五終"}]