[{"n": "1", "fun": "open", "head": "GA001n0003_p0274a01"}, {"n": "1", "fun": "close", "head": "GA001n0003_p0287a20"}, {"n": "2", "fun": "open", "head": "GA001n0003_p0288a01"}, {"n": "2", "fun": "close", "head": "GA001n0003_p0298b10"}, {"n": "3", "fun": "open", "head": "GA001n0003_p0299a01"}, {"n": "3", "fun": "close", "head": "GA001n0003_p0305b10"}, {"n": "4", "fun": "open", "head": "GA001n0003_p0306a01"}, {"n": "4", "fun": "close", "head": "GA001n0003_p0315a10"}, {"n": "5", "fun": "open", "head": "GA001n0003_p0316a01"}, {"n": "5", "fun": "close", "head": "GA001n0003_p0322b20"}]