[{"n": "4", "fun": "open", "head": "U223n1418_p0002a01"}, {"n": "5", "fun": "open", "head": "U223n1418_p0007a01"}, {"n": "7", "fun": "open", "head": "U223n1418_p0021a01"}, {"n": "8", "fun": "open", "head": "U223n1418_p0035a01"}, {"n": "9", "fun": "open", "head": "U223n1418_p0046a01"}, {"n": "10", "fun": "open", "head": "U223n1418_p0060a01"}, {"n": "10", "fun": "close", "head": "U223n1418_p0075b18"}, {"n": "11", "fun": "open", "head": "U223n1418_p0077a01"}, {"n": "12", "fun": "open", "head": "U223n1418_p0091a01"}, {"n": "13", "fun": "open", "head": "U223n1418_p0106a01"}, {"n": "14", "fun": "open", "head": "U223n1418_p0119a01"}, {"n": "15", "fun": "open", "head": "U223n1418_p0134a01"}, {"n": "16", "fun": "open", "head": "U223n1418_p0150a01"}, {"n": "16", "fun": "close", "head": "U223n1418_p0159b01"}, {"n": "17", "fun": "open", "head": "U223n1418_p0161a01"}, {"n": "18", "fun": "open", "head": "U223n1418_p0175a01"}, {"n": "19", "fun": "open", "head": "U223n1418_p0185a01"}, {"n": "19", "fun": "close", "head": "U223n1418_p0194b41"}, {"n": "20", "fun": "open", "head": "U223n1418_p0196a01"}, {"n": "20", "fun": "close", "head": "U223n1418_p0201b37"}]