[{"n": "4", "fun": "open", "head": "U223n1418_p0002a01", "title": "華嚴經疏科卷第四"}, {"n": "5", "fun": "open", "head": "U223n1418_p0007a01", "title": "華嚴經疏科卷第五"}, {"n": "7", "fun": "open", "head": "U223n1418_p0021a01", "title": "華嚴經疏科卷第七"}, {"n": "8", "fun": "open", "head": "U223n1418_p0035a01", "title": "華嚴經䟽科卷第八"}, {"n": "9", "fun": "open", "head": "U223n1418_p0046a01", "title": "華嚴經䟽科卷第九"}, {"n": "10", "fun": "open", "head": "U223n1418_p0060a01", "title": "華嚴經䟽科卷第十"}, {"n": "10", "fun": "close", "head": "U223n1418_p0075b18", "title": "華嚴經䟽科卷第十　石十"}, {"n": "11", "fun": "open", "head": "U223n1418_p0077a01", "title": "華嚴經疏科卷第十一"}, {"n": "12", "fun": "open", "head": "U223n1418_p0091a01", "title": "華嚴經疏科卷第十二"}, {"n": "13", "fun": "open", "head": "U223n1418_p0106a01", "title": "華嚴經疏科卷第十三"}, {"n": "14", "fun": "open", "head": "U223n1418_p0119a01", "title": "華嚴經疏科卷第十四"}, {"n": "15", "fun": "open", "head": "U223n1418_p0134a01", "title": "華嚴經疏科卷第十五"}, {"n": "16", "fun": "open", "head": "U223n1418_p0150a01", "title": "華嚴經疏科卷第十六"}, {"n": "16", "fun": "close", "head": "U223n1418_p0159b01", "title": "華嚴經疏科卷第十六　鉅六"}, {"n": "17", "fun": "open", "head": "U223n1418_p0161a01", "title": "華嚴經疏科卷第十七"}, {"n": "18", "fun": "open", "head": "U223n1418_p0175a01", "title": "華嚴經疏科卷第十八"}, {"n": "19", "fun": "open", "head": "U223n1418_p0185a01", "title": "華嚴經疏科卷第十九"}, {"n": "19", "fun": "close", "head": "U223n1418_p0194b41", "title": "華嚴經疏科卷第十九"}, {"n": "20", "fun": "open", "head": "U223n1418_p0196a01", "title": "華嚴經疏科卷第二十"}, {"n": "20", "fun": "close", "head": "U223n1418_p0201b37", "title": "華嚴經疏科卷第二十　鉅十"}]