[{"level": "1", "n": "", "type": "其他", "text": "一　施波羅蜜", "head": "N44n0021_p0266a01"}, {"level": "2", "n": "", "type": "其他", "text": "第一　阿伽提所行", "head": "N44n0021_p0266a09"}, {"level": "2", "n": "", "type": "其他", "text": "第二　僧伽所行", "head": "N44n0021_p0267a07"}, {"level": "2", "n": "", "type": "其他", "text": "第三　達難闍耶所行", "head": "N44n0021_p0268a05"}, {"level": "2", "n": "", "type": "其他", "text": "第四　摩訶須達沙那所行", "head": "N44n0021_p0269a02"}, {"level": "2", "n": "", "type": "其他", "text": "第五　摩訶果銀達所行", "head": "N44n0021_p0270a03"}, {"level": "2", "n": "", "type": "其他", "text": "第六　尼彌王所行", "head": "N44n0021_p0270a09"}, {"level": "2", "n": "", "type": "其他", "text": "第七　闡陀庫摩羅所行", "head": "N44n0021_p0271a02"}, {"level": "2", "n": "", "type": "其他", "text": "第八　師威王所行", "head": "N44n0021_p0271a10"}, {"level": "2", "n": "", "type": "其他", "text": "第九　衛珊陀羅所行", "head": "N44n0021_p0273a02"}, {"level": "2", "n": "", "type": "其他", "text": "第十　兔賢者所行", "head": "N44n0021_p0277a11"}, {"level": "1", "n": "", "type": "其他", "text": "二　戒波羅蜜", "head": "N44n0021_p0282a02"}, {"level": "2", "n": "", "type": "其他", "text": "第一　具戒象所行", "head": "N44n0021_p0282a05"}, {"level": "2", "n": "", "type": "其他", "text": "第二　般達龍所行", "head": "N44n0021_p0283a04"}, {"level": "2", "n": "", "type": "其他", "text": "第三　瞻波龍所行", "head": "N44n0021_p0284a02"}, {"level": "2", "n": "", "type": "其他", "text": "第四　周羅普提所行", "head": "N44n0021_p0284a10"}, {"level": "2", "n": "", "type": "其他", "text": "第五　牛王所行", "head": "N44n0021_p0285a09"}, {"level": "2", "n": "", "type": "其他", "text": "第六　轆轤鹿王所行", "head": "N44n0021_p0286a11"}, {"level": "2", "n": "", "type": "其他", "text": "第七　摩坦伽所行", "head": "N44n0021_p0287a12"}, {"level": "2", "n": "", "type": "其他", "text": "第八　法天子所行", "head": "N44n0021_p0288a06"}, {"level": "2", "n": "", "type": "其他", "text": "第九　闍耶帝沙所行", "head": "N44n0021_p0289a02"}, {"level": "2", "n": "", "type": "其他", "text": "第十　珊伽婆羅所行", "head": "N44n0021_p0290a03"}, {"level": "1", "n": "", "type": "其他", "text": "三　出離波羅蜜等", "head": "N44n0021_p0292a10"}, {"level": "2", "n": "", "type": "其他", "text": "第一　優單闡耶所行", "head": "N44n0021_p0292a13"}, {"level": "2", "n": "", "type": "其他", "text": "第二　須曼那沙所行", "head": "N44n0021_p0293a08"}, {"level": "2", "n": "", "type": "其他", "text": "第三　阿育伽羅所行", "head": "N44n0021_p0295a03"}, {"level": "2", "n": "", "type": "其他", "text": "第四　蓮根所行", "head": "N44n0021_p0296a02"}, {"level": "2", "n": "", "type": "其他", "text": "第五　賢者須那所行", "head": "N44n0021_p0296a12"}, {"level": "2", "n": "", "type": "其他", "text": "第六　提彌耶所行", "head": "N44n0021_p0297a06"}, {"level": "2", "n": "", "type": "其他", "text": "第七　猿王所行", "head": "N44n0021_p0299a02"}, {"level": "2", "n": "", "type": "其他", "text": "第八　名為沙闍賢者所行", "head": "N44n0021_p0299a08"}, {"level": "2", "n": "", "type": "其他", "text": "第九　鶉雛所行", "head": "N44n0021_p0299a11"}, {"level": "2", "n": "", "type": "其他", "text": "第十　魚王所行", "head": "N44n0021_p0300a11"}, {"level": "2", "n": "", "type": "其他", "text": "第十一　康哈提婆耶那所行", "head": "N44n0021_p0301a10"}, {"level": "2", "n": "", "type": "其他", "text": "第十二　須陀護摩所行", "head": "N44n0021_p0302a12"}, {"level": "2", "n": "", "type": "其他", "text": "第十三　須曼那．娑摩所行", "head": "N44n0021_p0303a07"}, {"level": "2", "n": "", "type": "其他", "text": "第十四　耶伽羅闍所行", "head": "N44n0021_p0303a13"}, {"level": "2", "n": "", "type": "其他", "text": "第十五　摩訶羅摩漢沙所行", "head": "N44n0021_p0304a07"}]