[{"n": "1", "fun": "open", "head": "GA072n0077_p0005a01", "title": "九華山志卷首"}, {"n": "1", "fun": "close", "head": "GA072n0077_p0054a08", "title": "九華山志卷首終"}, {"n": "1", "fun": "open", "head": "GA072n0077_p0055a01", "title": "九華山志卷一"}, {"n": "1", "fun": "close", "head": "GA072n0077_p0087a12", "title": "九華山志卷一終"}, {"n": "2", "fun": "open", "head": "GA072n0077_p0089a01", "title": "九華山志卷二"}, {"n": "2", "fun": "close", "head": "GA072n0077_p0136a12", "title": "九華山志卷二終"}, {"n": "3", "fun": "open", "head": "GA072n0077_p0137a01", "title": "九華山志卷三本卷編訂，恐多錯漏失當之處。祈查本卷末按語，及全部完之拙跋，庶知失當錯漏各緣由。"}, {"n": "3", "fun": "close", "head": "GA072n0077_p0172a12", "title": "九華山志卷三終"}, {"n": "4", "fun": "open", "head": "GA072n0077_p0173a01", "title": "九華山志卷四內攝二門：一、高僧門第四。二、靈應門第五。"}, {"n": "4", "fun": "close", "head": "GA072n0077_p0216a12", "title": "九華山志卷四終"}, {"n": "5", "fun": "open", "head": "GA072n0077_p0217a01", "title": "九華山志卷五"}, {"n": "5", "fun": "close", "head": "GA072n0077_p0251a12", "title": "九華山志卷五終"}, {"n": "6", "fun": "open", "head": "GA072n0077_p0253a01", "title": "九華山志卷六內攝二門：一、營建門第七。二、流寓門第八。"}, {"n": "6", "fun": "close", "head": "GA072n0077_p0288a12", "title": "九華山志卷六終"}, {"n": "7", "fun": "open", "head": "GA072n0077_p0289a01", "title": "九華山志卷七"}, {"n": "7", "fun": "close", "head": "GA072n0077_p0360a12", "title": "九華山志卷七終"}, {"n": "8", "fun": "open", "head": "GA072n0077_p0361a01", "title": "九華山志卷八內攝二門：一、物產門第十。二、志餘門第十一。"}, {"n": "8", "fun": "close", "head": "GA072n0077_p0384a12", "title": "九華山志卷八終"}]