[{"n": "1", "fun": "open", "head": "GA072n0077_p0005a01"}, {"n": "1", "fun": "close", "head": "GA072n0077_p0054a08"}, {"n": "1", "fun": "open", "head": "GA072n0077_p0055a01"}, {"n": "1", "fun": "close", "head": "GA072n0077_p0087a12"}, {"n": "2", "fun": "open", "head": "GA072n0077_p0089a01"}, {"n": "2", "fun": "close", "head": "GA072n0077_p0136a12"}, {"n": "3", "fun": "open", "head": "GA072n0077_p0137a01"}, {"n": "3", "fun": "close", "head": "GA072n0077_p0172a12"}, {"n": "4", "fun": "open", "head": "GA072n0077_p0173a01"}, {"n": "4", "fun": "close", "head": "GA072n0077_p0216a12"}, {"n": "5", "fun": "open", "head": "GA072n0077_p0217a01"}, {"n": "5", "fun": "close", "head": "GA072n0077_p0251a12"}, {"n": "6", "fun": "open", "head": "GA072n0077_p0253a01"}, {"n": "6", "fun": "close", "head": "GA072n0077_p0288a12"}, {"n": "7", "fun": "open", "head": "GA072n0077_p0289a01"}, {"n": "7", "fun": "close", "head": "GA072n0077_p0360a12"}, {"n": "8", "fun": "open", "head": "GA072n0077_p0361a01"}, {"n": "8", "fun": "close", "head": "GA072n0077_p0384a12"}]