[{"n": "1", "fun": "open", "head": "GA009n0008_p0025a01", "title": "普陀山志卷一"}, {"n": "2", "fun": "open", "head": "GA009n0008_p0071a01", "title": "普陀山志卷二"}, {"n": "3", "fun": "open", "head": "GA009n0008_p0191a01", "title": "普陀山志卷三"}, {"n": "4", "fun": "open", "head": "GA009n0008_p0271a01", "title": "普陀山志卷四"}, {"n": "5", "fun": "open", "head": "GA009n0008_p0389a01", "title": "普陀山志卷五"}, {"n": "6", "fun": "open", "head": "GA009n0008_p0497a01", "title": "普陀山志卷六"}]