[{"level": "1", "n": "", "type": "其他", "text": "論四之一", "head": "N57n0029_p0001a01"}, {"level": "2", "n": "", "type": "其他", "text": "順發趣四", "head": "N57n0029_p0001a01"}, {"level": "3", "n": "", "type": "其他", "text": "順二法發趣一", "head": "N57n0029_p0001a01"}, {"level": "4", "n": "", "type": "其他", "text": "第一　因二法", "head": "N57n0029_p0001a04"}, {"level": "5", "n": "", "type": "其他", "text": "第一章　相緣分", "head": "N57n0029_p0001a07"}, {"level": "6", "n": "", "type": "其他", "text": "第一節　順", "head": "N57n0029_p0001a09"}, {"level": "6", "n": "", "type": "其他", "text": "第二節　逆", "head": "N57n0029_p0004a02"}, {"level": "6", "n": "", "type": "其他", "text": "第三節　順逆", "head": "N57n0029_p0007a13"}, {"level": "6", "n": "", "type": "其他", "text": "第四節　逆順", "head": "N57n0029_p0008a02"}, {"level": "5", "n": "", "type": "其他", "text": "第二～六章　略", "head": "N57n0029_p0008a07"}, {"level": "5", "n": "", "type": "其他", "text": "第七章　問分", "head": "N57n0029_p0009a01"}, {"level": "6", "n": "", "type": "其他", "text": "第一節　順", "head": "N57n0029_p0009a03"}, {"level": "6", "n": "", "type": "其他", "text": "第二節　逆", "head": "N57n0029_p0021a01"}, {"level": "6", "n": "", "type": "其他", "text": "第三節　順逆", "head": "N57n0029_p0022a01"}, {"level": "6", "n": "", "type": "其他", "text": "第四節　逆順", "head": "N57n0029_p0022a05"}, {"level": "4", "n": "", "type": "其他", "text": "第二　有因二法", "head": "N57n0029_p0023a01"}, {"level": "5", "n": "", "type": "其他", "text": "第一章　相緣分", "head": "N57n0029_p0023a04"}, {"level": "6", "n": "", "type": "其他", "text": "第一節　順", "head": "N57n0029_p0023a06"}, {"level": "6", "n": "", "type": "其他", "text": "第二節　逆", "head": "N57n0029_p0027a12"}, {"level": "6", "n": "", "type": "其他", "text": "第三節　順逆", "head": "N57n0029_p0031a04"}, {"level": "6", "n": "", "type": "其他", "text": "第四節　逆順", "head": "N57n0029_p0031a08"}, {"level": "5", "n": "", "type": "其他", "text": "第三章　緣依分", "head": "N57n0029_p0032a01"}, {"level": "6", "n": "", "type": "其他", "text": "第一節　順", "head": "N57n0029_p0032a03"}, {"level": "6", "n": "", "type": "其他", "text": "第二節　逆", "head": "N57n0029_p0035a14"}, {"level": "6", "n": "", "type": "其他", "text": "第三節　順逆", "head": "N57n0029_p0036a11"}, {"level": "6", "n": "", "type": "其他", "text": "第四節　逆順", "head": "N57n0029_p0037a01"}, {"level": "5", "n": "", "type": "其他", "text": "第五章　相雜分", "head": "N57n0029_p0037a06"}, {"level": "6", "n": "", "type": "其他", "text": "第一節　順", "head": "N57n0029_p0037a08"}, {"level": "6", "n": "", "type": "其他", "text": "第二節　逆", "head": "N57n0029_p0039a03"}, {"level": "6", "n": "", "type": "其他", "text": "第三節　順逆", "head": "N57n0029_p0039a09"}, {"level": "6", "n": "", "type": "其他", "text": "第四節　逆順", "head": "N57n0029_p0039a12"}, {"level": "5", "n": "", "type": "其他", "text": "第七章　問分", "head": "N57n0029_p0040a03"}, {"level": "6", "n": "", "type": "其他", "text": "第一節　順", "head": "N57n0029_p0040a05"}, {"level": "6", "n": "", "type": "其他", "text": "第二節　逆", "head": "N57n0029_p0053a10"}, {"level": "6", "n": "", "type": "其他", "text": "第三節　順逆", "head": "N57n0029_p0054a10"}, {"level": "6", "n": "", "type": "其他", "text": "第四節　逆順", "head": "N57n0029_p0054a14"}, {"level": "4", "n": "", "type": "其他", "text": "第三　因相應二法", "head": "N57n0029_p0055a06"}, {"level": "5", "n": "", "type": "其他", "text": "第一章　相緣分", "head": "N57n0029_p0055a09"}, {"level": "6", "n": "", "type": "其他", "text": "第一節　順", "head": "N57n0029_p0055a11"}, {"level": "4", "n": "", "type": "其他", "text": "第四　因有因二法", "head": "N57n0029_p0056a01"}, {"level": "5", "n": "", "type": "其他", "text": "第一章　相緣分", "head": "N57n0029_p0056a04"}, {"level": "6", "n": "", "type": "其他", "text": "第一節　順", "head": "N57n0029_p0056a06"}, {"level": "6", "n": "", "type": "其他", "text": "第二節　逆", "head": "N57n0029_p0057a13"}, {"level": "6", "n": "", "type": "其他", "text": "第三節　順逆", "head": "N57n0029_p0058a09"}, {"level": "6", "n": "", "type": "其他", "text": "第四節　逆順", "head": "N57n0029_p0058a12"}, {"level": "5", "n": "", "type": "其他", "text": "第七章　問分", "head": "N57n0029_p0059a02"}, {"level": "6", "n": "", "type": "其他", "text": "第一節　順", "head": "N57n0029_p0059a04"}, {"level": "6", "n": "", "type": "其他", "text": "第二節　逆", "head": "N57n0029_p0065a04"}, {"level": "6", "n": "", "type": "其他", "text": "第三節　順逆", "head": "N57n0029_p0066a03"}, {"level": "6", "n": "", "type": "其他", "text": "第四節　逆順", "head": "N57n0029_p0066a06"}, {"level": "4", "n": "", "type": "其他", "text": "第五　因因相應二法", "head": "N57n0029_p0067a01"}, {"level": "5", "n": "", "type": "其他", "text": "第一章　相緣分", "head": "N57n0029_p0067a04"}, {"level": "6", "n": "", "type": "其他", "text": "第一節　順", "head": "N57n0029_p0067a06"}, {"level": "4", "n": "", "type": "其他", "text": "第六　非因有因二法", "head": "N57n0029_p0068a01"}, {"level": "5", "n": "", "type": "其他", "text": "第一章　相緣分", "head": "N57n0029_p0068a04"}, {"level": "6", "n": "", "type": "其他", "text": "第一節　順", "head": "N57n0029_p0068a06"}, {"level": "6", "n": "", "type": "其他", "text": "第二節　逆", "head": "N57n0029_p0070a06"}, {"level": "6", "n": "", "type": "其他", "text": "第三節　順逆", "head": "N57n0029_p0071a03"}, {"level": "6", "n": "", "type": "其他", "text": "第四節　逆順", "head": "N57n0029_p0071a07"}, {"level": "5", "n": "", "type": "其他", "text": "第三章　緣依分", "head": "N57n0029_p0071a12"}, {"level": "6", "n": "", "type": "其他", "text": "第一節　順", "head": "N57n0029_p0071a14"}, {"level": "6", "n": "", "type": "其他", "text": "第二節　逆", "head": "N57n0029_p0072a09"}, {"level": "5", "n": "", "type": "其他", "text": "第五章　相雜分", "head": "N57n0029_p0073a01"}, {"level": "6", "n": "", "type": "其他", "text": "第一節　順", "head": "N57n0029_p0073a03"}, {"level": "6", "n": "", "type": "其他", "text": "第二節　逆", "head": "N57n0029_p0073a07"}, {"level": "5", "n": "", "type": "其他", "text": "第七章　問分", "head": "N57n0029_p0074a01"}, {"level": "6", "n": "", "type": "其他", "text": "第一節　順", "head": "N57n0029_p0074a03"}, {"level": "6", "n": "", "type": "其他", "text": "第二節　逆", "head": "N57n0029_p0082a13"}, {"level": "6", "n": "", "type": "其他", "text": "第三節　順逆", "head": "N57n0029_p0083a11"}, {"level": "6", "n": "", "type": "其他", "text": "第四節　逆順", "head": "N57n0029_p0083a14"}, {"level": "4", "n": "", "type": "其他", "text": "第七　有緣二法", "head": "N57n0029_p0084a04"}, {"level": "5", "n": "", "type": "其他", "text": "第一章　相緣分", "head": "N57n0029_p0084a07"}, {"level": "6", "n": "", "type": "其他", "text": "第一節　順", "head": "N57n0029_p0084a08"}, {"level": "6", "n": "", "type": "其他", "text": "第二節　逆", "head": "N57n0029_p0084a14"}, {"level": "6", "n": "", "type": "其他", "text": "第三節　順逆", "head": "N57n0029_p0085a05"}, {"level": "6", "n": "", "type": "其他", "text": "第四節　逆順", "head": "N57n0029_p0085a07"}, {"level": "5", "n": "", "type": "其他", "text": "第三章　緣依分", "head": "N57n0029_p0085a11"}, {"level": "6", "n": "", "type": "其他", "text": "第一節　順", "head": "N57n0029_p0085a13"}, {"level": "5", "n": "", "type": "其他", "text": "第七章　問分", "head": "N57n0029_p0086a06"}, {"level": "6", "n": "", "type": "其他", "text": "第一節　順", "head": "N57n0029_p0086a08"}, {"level": "6", "n": "", "type": "其他", "text": "第二節　逆", "head": "N57n0029_p0088a01"}, {"level": "6", "n": "", "type": "其他", "text": "第三節　順逆", "head": "N57n0029_p0088a07"}, {"level": "6", "n": "", "type": "其他", "text": "第四節　逆順", "head": "N57n0029_p0088a10"}, {"level": "4", "n": "", "type": "其他", "text": "第八　有為二法", "head": "N57n0029_p0089a01"}, {"level": "5", "n": "", "type": "其他", "text": "第一章　相緣分", "head": "N57n0029_p0089a04"}, {"level": "6", "n": "", "type": "其他", "text": "第一節　順", "head": "N57n0029_p0089a06"}, {"level": "4", "n": "", "type": "其他", "text": "第九　有見二法", "head": "N57n0029_p0090a01"}, {"level": "5", "n": "", "type": "其他", "text": "第一章　相緣分", "head": "N57n0029_p0090a04"}, {"level": "6", "n": "", "type": "其他", "text": "第一節　順", "head": "N57n0029_p0090a06"}, {"level": "6", "n": "", "type": "其他", "text": "第二節　逆", "head": "N57n0029_p0091a11"}, {"level": "6", "n": "", "type": "其他", "text": "第三節　順逆", "head": "N57n0029_p0092a11"}, {"level": "6", "n": "", "type": "其他", "text": "第四節　逆順", "head": "N57n0029_p0092a14"}, {"level": "5", "n": "", "type": "其他", "text": "第三章　緣依分", "head": "N57n0029_p0093a05"}, {"level": "6", "n": "", "type": "其他", "text": "第一節　順", "head": "N57n0029_p0093a07"}, {"level": "6", "n": "", "type": "其他", "text": "第二節　逆", "head": "N57n0029_p0094a02"}, {"level": "6", "n": "", "type": "其他", "text": "第三節　順逆", "head": "N57n0029_p0094a08"}, {"level": "6", "n": "", "type": "其他", "text": "第四節　逆順", "head": "N57n0029_p0094a10"}, {"level": "5", "n": "", "type": "其他", "text": "第五章　相雜分", "head": "N57n0029_p0095a01"}, {"level": "6", "n": "", "type": "其他", "text": "第一節　順", "head": "N57n0029_p0095a03"}, {"level": "5", "n": "", "type": "其他", "text": "第七章　問分", "head": "N57n0029_p0095a09"}, {"level": "6", "n": "", "type": "其他", "text": "第一節　順", "head": "N57n0029_p0095a11"}, {"level": "6", "n": "", "type": "其他", "text": "第二節　逆", "head": "N57n0029_p0102a05"}, {"level": "6", "n": "", "type": "其他", "text": "第三節　順逆", "head": "N57n0029_p0103a01"}, {"level": "6", "n": "", "type": "其他", "text": "第四節　逆順", "head": "N57n0029_p0103a04"}, {"level": "4", "n": "", "type": "其他", "text": "第十　有對二法", "head": "N57n0029_p0103a10"}, {"level": "5", "n": "", "type": "其他", "text": "第一章　相緣分", "head": "N57n0029_p0103a12"}, {"level": "6", "n": "", "type": "其他", "text": "第一節　順", "head": "N57n0029_p0103a14"}, {"level": "6", "n": "", "type": "其他", "text": "第二節　逆", "head": "N57n0029_p0107a05"}, {"level": "6", "n": "", "type": "其他", "text": "第三節　順逆", "head": "N57n0029_p0108a03"}, {"level": "6", "n": "", "type": "其他", "text": "第四節　逆順", "head": "N57n0029_p0108a07"}, {"level": "5", "n": "", "type": "其他", "text": "第三章　緣依分", "head": "N57n0029_p0109a01"}, {"level": "6", "n": "", "type": "其他", "text": "第一節　順", "head": "N57n0029_p0109a03"}, {"level": "5", "n": "", "type": "其他", "text": "第七章　問分", "head": "N57n0029_p0110a06"}, {"level": "6", "n": "", "type": "其他", "text": "第一節　順", "head": "N57n0029_p0110a08"}, {"level": "6", "n": "", "type": "其他", "text": "第二節　逆", "head": "N57n0029_p0117a09"}, {"level": "6", "n": "", "type": "其他", "text": "第三節　順逆", "head": "N57n0029_p0118a08"}, {"level": "6", "n": "", "type": "其他", "text": "第四節　逆順", "head": "N57n0029_p0118a11"}, {"level": "4", "n": "", "type": "其他", "text": "第十一　有色二法", "head": "N57n0029_p0119a02"}, {"level": "5", "n": "", "type": "其他", "text": "第一章　相緣分", "head": "N57n0029_p0119a05"}, {"level": "6", "n": "", "type": "其他", "text": "第一節　順", "head": "N57n0029_p0119a07"}, {"level": "6", "n": "", "type": "其他", "text": "第二節　逆", "head": "N57n0029_p0120a09"}, {"level": "6", "n": "", "type": "其他", "text": "第三節　順逆", "head": "N57n0029_p0121a02"}, {"level": "6", "n": "", "type": "其他", "text": "第四節　逆順", "head": "N57n0029_p0121a06"}, {"level": "5", "n": "", "type": "其他", "text": "第三章　緣依分", "head": "N57n0029_p0121a12"}, {"level": "6", "n": "", "type": "其他", "text": "第一節　順", "head": "N57n0029_p0121a14"}, {"level": "6", "n": "", "type": "其他", "text": "第二節　逆", "head": "N57n0029_p0122a14"}, {"level": "6", "n": "", "type": "其他", "text": "第三節　順逆", "head": "N57n0029_p0124a06"}, {"level": "6", "n": "", "type": "其他", "text": "第四節　逆順", "head": "N57n0029_p0124a09"}, {"level": "5", "n": "", "type": "其他", "text": "第五章　相雜分", "head": "N57n0029_p0125a01"}, {"level": "5", "n": "", "type": "其他", "text": "第七章　問分", "head": "N57n0029_p0125a07"}, {"level": "6", "n": "", "type": "其他", "text": "第一節　順", "head": "N57n0029_p0125a09"}, {"level": "6", "n": "", "type": "其他", "text": "第二節　逆", "head": "N57n0029_p0131a06"}, {"level": "6", "n": "", "type": "其他", "text": "第三節　順逆", "head": "N57n0029_p0132a03"}, {"level": "6", "n": "", "type": "其他", "text": "第四節　逆順", "head": "N57n0029_p0132a07"}, {"level": "4", "n": "", "type": "其他", "text": "第十二　世間二法", "head": "N57n0029_p0133a01"}, {"level": "5", "n": "", "type": "其他", "text": "第一章　相緣分", "head": "N57n0029_p0133a04"}, {"level": "6", "n": "", "type": "其他", "text": "第一節　順", "head": "N57n0029_p0133a06"}, {"level": "6", "n": "", "type": "其他", "text": "第二節　逆", "head": "N57n0029_p0134a03"}, {"level": "6", "n": "", "type": "其他", "text": "第三節　順逆", "head": "N57n0029_p0134a11"}, {"level": "6", "n": "", "type": "其他", "text": "第四節　逆順", "head": "N57n0029_p0134a14"}, {"level": "5", "n": "", "type": "其他", "text": "第三章　緣依分", "head": "N57n0029_p0135a04"}, {"level": "6", "n": "", "type": "其他", "text": "第一節　順", "head": "N57n0029_p0135a06"}, {"level": "6", "n": "", "type": "其他", "text": "第二節　逆", "head": "N57n0029_p0136a06"}, {"level": "6", "n": "", "type": "其他", "text": "第三節　順逆", "head": "N57n0029_p0136a14"}, {"level": "6", "n": "", "type": "其他", "text": "第四節　逆順", "head": "N57n0029_p0137a03"}, {"level": "5", "n": "", "type": "其他", "text": "第五章　相雜分", "head": "N57n0029_p0137a07"}, {"level": "6", "n": "", "type": "其他", "text": "第一節　順", "head": "N57n0029_p0137a09"}, {"level": "5", "n": "", "type": "其他", "text": "第七章　問分", "head": "N57n0029_p0138a01"}, {"level": "6", "n": "", "type": "其他", "text": "第一節　順", "head": "N57n0029_p0138a03"}, {"level": "6", "n": "", "type": "其他", "text": "第二節　逆", "head": "N57n0029_p0145a01"}, {"level": "6", "n": "", "type": "其他", "text": "第三節　順逆", "head": "N57n0029_p0145a13"}, {"level": "6", "n": "", "type": "其他", "text": "第四節　逆順", "head": "N57n0029_p0146a02"}, {"level": "4", "n": "", "type": "其他", "text": "第十三　所識二法", "head": "N57n0029_p0146a06"}, {"level": "5", "n": "", "type": "其他", "text": "第一章　相緣分", "head": "N57n0029_p0146a08"}, {"level": "6", "n": "", "type": "其他", "text": "第一節　順", "head": "N57n0029_p0146a10"}, {"level": "6", "n": "", "type": "其他", "text": "第二節　逆", "head": "N57n0029_p0148a11"}, {"level": "5", "n": "", "type": "其他", "text": "第七章　問分", "head": "N57n0029_p0149a04"}, {"level": "6", "n": "", "type": "其他", "text": "第一節　順", "head": "N57n0029_p0149a06"}, {"level": "6", "n": "", "type": "其他", "text": "第二節　逆", "head": "N57n0029_p0149a10"}, {"level": "4", "n": "", "type": "其他", "text": "第十四　漏二法", "head": "N57n0029_p0150a01"}, {"level": "5", "n": "", "type": "其他", "text": "第一章　相緣分", "head": "N57n0029_p0150a04"}, {"level": "6", "n": "", "type": "其他", "text": "第一節　順", "head": "N57n0029_p0150a06"}, {"level": "6", "n": "", "type": "其他", "text": "第二節　逆", "head": "N57n0029_p0151a07"}, {"level": "6", "n": "", "type": "其他", "text": "第三節　順逆", "head": "N57n0029_p0152a05"}, {"level": "6", "n": "", "type": "其他", "text": "第四節　逆順", "head": "N57n0029_p0152a09"}, {"level": "5", "n": "", "type": "其他", "text": "第三章　緣依分", "head": "N57n0029_p0153a01"}, {"level": "6", "n": "", "type": "其他", "text": "第一節　順", "head": "N57n0029_p0153a03"}, {"level": "6", "n": "", "type": "其他", "text": "第二節　逆", "head": "N57n0029_p0154a04"}, {"level": "5", "n": "", "type": "其他", "text": "第五章　相雜分", "head": "N57n0029_p0155a01"}, {"level": "6", "n": "", "type": "其他", "text": "〔第一節　順〕", "head": "N57n0029_p0155a03"}, {"level": "5", "n": "", "type": "其他", "text": "第七章　問分", "head": "N57n0029_p0155a11"}, {"level": "6", "n": "", "type": "其他", "text": "第一節　順", "head": "N57n0029_p0155a13"}, {"level": "6", "n": "", "type": "其他", "text": "第二節　逆", "head": "N57n0029_p0164a07"}, {"level": "6", "n": "", "type": "其他", "text": "第三節　順逆", "head": "N57n0029_p0165a06"}, {"level": "6", "n": "", "type": "其他", "text": "第四節　逆順", "head": "N57n0029_p0165a09"}, {"level": "4", "n": "", "type": "其他", "text": "第十五　有漏二法", "head": "N57n0029_p0166a02"}, {"level": "5", "n": "", "type": "其他", "text": "第一章　相緣分", "head": "N57n0029_p0166a05"}, {"level": "6", "n": "", "type": "其他", "text": "第一節　順", "head": "N57n0029_p0166a07"}, {"level": "4", "n": "", "type": "其他", "text": "第十六　漏相應二法", "head": "N57n0029_p0167a01"}, {"level": "5", "n": "", "type": "其他", "text": "第一章　相緣分", "head": "N57n0029_p0167a04"}, {"level": "6", "n": "", "type": "其他", "text": "第一節　順", "head": "N57n0029_p0167a06"}, {"level": "6", "n": "", "type": "其他", "text": "第二節　逆", "head": "N57n0029_p0170a09"}, {"level": "6", "n": "", "type": "其他", "text": "第三節　順逆", "head": "N57n0029_p0173a01"}, {"level": "6", "n": "", "type": "其他", "text": "第四節　逆順", "head": "N57n0029_p0173a04"}, {"level": "5", "n": "", "type": "其他", "text": "第三章　緣依分", "head": "N57n0029_p0173a09"}, {"level": "6", "n": "", "type": "其他", "text": "第一節　順", "head": "N57n0029_p0173a11"}, {"level": "6", "n": "", "type": "其他", "text": "第二節　逆", "head": "N57n0029_p0176a03"}, {"level": "5", "n": "", "type": "其他", "text": "第五章　相雜分", "head": "N57n0029_p0177a03"}, {"level": "6", "n": "", "type": "其他", "text": "第一節　順", "head": "N57n0029_p0177a05"}, {"level": "6", "n": "", "type": "其他", "text": "第二節　逆", "head": "N57n0029_p0177a08"}, {"level": "5", "n": "", "type": "其他", "text": "第七章　問分", "head": "N57n0029_p0178a02"}, {"level": "6", "n": "", "type": "其他", "text": "第一節　順", "head": "N57n0029_p0178a04"}, {"level": "6", "n": "", "type": "其他", "text": "第二節　逆", "head": "N57n0029_p0189a07"}, {"level": "6", "n": "", "type": "其他", "text": "第三節　順逆", "head": "N57n0029_p0190a07"}, {"level": "6", "n": "", "type": "其他", "text": "第四節　逆順", "head": "N57n0029_p0190a10"}, {"level": "4", "n": "", "type": "其他", "text": "第十七　漏有漏二法", "head": "N57n0029_p0191a01"}, {"level": "5", "n": "", "type": "其他", "text": "第一章　相緣分", "head": "N57n0029_p0191a04"}, {"level": "6", "n": "", "type": "其他", "text": "〔第一節　順〕", "head": "N57n0029_p0191a06"}, {"level": "5", "n": "", "type": "其他", "text": "第七章　問分", "head": "N57n0029_p0192a13"}, {"level": "6", "n": "", "type": "其他", "text": "〔第一節　順〕", "head": "N57n0029_p0192a14"}, {"level": "4", "n": "", "type": "其他", "text": "第十八　漏漏相應二法", "head": "N57n0029_p0194a08"}, {"level": "5", "n": "", "type": "其他", "text": "第一章　相緣分", "head": "N57n0029_p0194a10"}, {"level": "6", "n": "", "type": "其他", "text": "〔第一節　順〕", "head": "N57n0029_p0194a12"}, {"level": "6", "n": "", "type": "其他", "text": "〔第二節　逆〕", "head": "N57n0029_p0196a02"}, {"level": "5", "n": "", "type": "其他", "text": "第七章　問分", "head": "N57n0029_p0196a11"}, {"level": "6", "n": "", "type": "其他", "text": "〔第一節　順〕", "head": "N57n0029_p0196a13"}, {"level": "6", "n": "", "type": "其他", "text": "〔第二節　逆〕", "head": "N57n0029_p0198a02"}, {"level": "6", "n": "", "type": "其他", "text": "〔第三節　順逆〕", "head": "N57n0029_p0199a01"}, {"level": "6", "n": "", "type": "其他", "text": "〔第四節　逆順〕", "head": "N57n0029_p0199a04"}, {"level": "4", "n": "", "type": "其他", "text": "第十九　漏不相應有漏二法", "head": "N57n0029_p0199a08"}, {"level": "5", "n": "", "type": "其他", "text": "第一章　相緣分", "head": "N57n0029_p0199a10"}, {"level": "6", "n": "", "type": "其他", "text": "〔第一節　順〕", "head": "N57n0029_p0199a12"}, {"level": "4", "n": "", "type": "其他", "text": "第二十　結二法", "head": "N57n0029_p0200a05"}, {"level": "5", "n": "", "type": "其他", "text": "第一章　相緣分", "head": "N57n0029_p0200a07"}, {"level": "6", "n": "", "type": "其他", "text": "〔第一節　順〕", "head": "N57n0029_p0200a09"}, {"level": "6", "n": "", "type": "其他", "text": "〔第二節　逆〕", "head": "N57n0029_p0201a12"}, {"level": "6", "n": "", "type": "其他", "text": "〔第三節　順逆〕", "head": "N57n0029_p0202a07"}, {"level": "6", "n": "", "type": "其他", "text": "〔第四節　逆順〕", "head": "N57n0029_p0202a09"}, {"level": "5", "n": "", "type": "其他", "text": "〔第二章　俱生分〕", "head": "N57n0029_p0202a12"}, {"level": "6", "n": "", "type": "其他", "text": "〔第一節　順〕", "head": "N57n0029_p0202a14"}, {"level": "5", "n": "", "type": "其他", "text": "第三章　緣依分", "head": "N57n0029_p0203a03"}, {"level": "6", "n": "", "type": "其他", "text": "〔第一節　順〕", "head": "N57n0029_p0203a05"}, {"level": "6", "n": "", "type": "其他", "text": "第二節　逆", "head": "N57n0029_p0204a07"}, {"level": "5", "n": "", "type": "其他", "text": "第五章　相雜分", "head": "N57n0029_p0204a11"}, {"level": "5", "n": "", "type": "其他", "text": "第七章　問分", "head": "N57n0029_p0205a04"}, {"level": "6", "n": "", "type": "其他", "text": "〔第一節　順〕", "head": "N57n0029_p0205a06"}, {"level": "6", "n": "", "type": "其他", "text": "〔第二節　逆〕", "head": "N57n0029_p0210a13"}, {"level": "6", "n": "", "type": "其他", "text": "〔第三節　順逆〕", "head": "N57n0029_p0211a12"}, {"level": "6", "n": "", "type": "其他", "text": "〔第四節　逆順〕", "head": "N57n0029_p0212a01"}, {"level": "4", "n": "", "type": "其他", "text": "第二十一　順結二法", "head": "N57n0029_p0212a05"}, {"level": "5", "n": "", "type": "其他", "text": "第一章　相緣分", "head": "N57n0029_p0212a07"}, {"level": "6", "n": "", "type": "其他", "text": "〔第一節　順〕", "head": "N57n0029_p0212a09"}, {"level": "4", "n": "", "type": "其他", "text": "第二十二　結相應二法", "head": "N57n0029_p0213a01"}, {"level": "5", "n": "", "type": "其他", "text": "第一章　相緣分", "head": "N57n0029_p0213a04"}, {"level": "6", "n": "", "type": "其他", "text": "〔第一節　順〕", "head": "N57n0029_p0213a06"}, {"level": "6", "n": "", "type": "其他", "text": "〔第二節　逆〕", "head": "N57n0029_p0215a04"}, {"level": "6", "n": "", "type": "其他", "text": "〔第三節　順逆〕", "head": "N57n0029_p0215a12"}, {"level": "6", "n": "", "type": "其他", "text": "〔第四節　逆順〕", "head": "N57n0029_p0216a01"}, {"level": "5", "n": "", "type": "其他", "text": "第三章　緣依分", "head": "N57n0029_p0216a05"}, {"level": "6", "n": "", "type": "其他", "text": "〔第一節　順〕", "head": "N57n0029_p0216a07"}, {"level": "6", "n": "", "type": "其他", "text": "〔第二節　逆〕", "head": "N57n0029_p0218a06"}, {"level": "6", "n": "", "type": "其他", "text": "〔第三節　順逆〕", "head": "N57n0029_p0219a05"}, {"level": "6", "n": "", "type": "其他", "text": "〔第四節　逆順〕", "head": "N57n0029_p0219a07"}, {"level": "5", "n": "", "type": "其他", "text": "第五章　相雜分", "head": "N57n0029_p0219a11"}, {"level": "6", "n": "", "type": "其他", "text": "第一節　順", "head": "N57n0029_p0219a13"}, {"level": "6", "n": "", "type": "其他", "text": "〔第二節　逆〕", "head": "N57n0029_p0220a06"}, {"level": "5", "n": "", "type": "其他", "text": "第七章　問分", "head": "N57n0029_p0220a11"}, {"level": "6", "n": "", "type": "其他", "text": "〔第一節　順〕", "head": "N57n0029_p0220a13"}, {"level": "6", "n": "", "type": "其他", "text": "〔第二節　逆〕", "head": "N57n0029_p0230a08"}, {"level": "6", "n": "", "type": "其他", "text": "〔第三節　順逆〕", "head": "N57n0029_p0231a08"}, {"level": "6", "n": "", "type": "其他", "text": "〔第四節　逆順〕", "head": "N57n0029_p0231a11"}, {"level": "4", "n": "", "type": "其他", "text": "第二十三　結順結二法", "head": "N57n0029_p0232a01"}, {"level": "5", "n": "", "type": "其他", "text": "第一章　相緣分", "head": "N57n0029_p0232a04"}, {"level": "6", "n": "", "type": "其他", "text": "〔第一節　順〕", "head": "N57n0029_p0232a06"}, {"level": "4", "n": "", "type": "其他", "text": "第二十四　結結相應二法", "head": "N57n0029_p0234a01"}, {"level": "5", "n": "", "type": "其他", "text": "第一章　相緣分", "head": "N57n0029_p0234a04"}, {"level": "6", "n": "", "type": "其他", "text": "〔第一節　順〕", "head": "N57n0029_p0234a06"}, {"level": "6", "n": "", "type": "其他", "text": "〔第二節　逆〕", "head": "N57n0029_p0235a11"}, {"level": "5", "n": "", "type": "其他", "text": "第七章　問分", "head": "N57n0029_p0236a07"}, {"level": "6", "n": "", "type": "其他", "text": "〔第一節　順〕", "head": "N57n0029_p0236a09"}, {"level": "6", "n": "", "type": "其他", "text": "〔第二節　逆〕", "head": "N57n0029_p0238a07"}, {"level": "6", "n": "", "type": "其他", "text": "〔第三節　順逆〕", "head": "N57n0029_p0238a14"}, {"level": "6", "n": "", "type": "其他", "text": "〔第四節　逆順〕", "head": "N57n0029_p0239a03"}, {"level": "4", "n": "", "type": "其他", "text": "第二十五　結不相應順結二法", "head": "N57n0029_p0239a07"}, {"level": "5", "n": "", "type": "其他", "text": "第一章　相緣分", "head": "N57n0029_p0239a09"}, {"level": "6", "n": "", "type": "其他", "text": "〔第一節　順〕", "head": "N57n0029_p0239a11"}, {"level": "4", "n": "", "type": "其他", "text": "第二十六　繫二法", "head": "N57n0029_p0240a05"}, {"level": "5", "n": "", "type": "其他", "text": "第一章　相緣分", "head": "N57n0029_p0240a07"}, {"level": "6", "n": "", "type": "其他", "text": "〔第一節　順〕", "head": "N57n0029_p0240a09"}, {"level": "6", "n": "", "type": "其他", "text": "〔第二節　逆〕", "head": "N57n0029_p0241a09"}, {"level": "6", "n": "", "type": "其他", "text": "〔第三節　順逆〕", "head": "N57n0029_p0242a12"}, {"level": "6", "n": "", "type": "其他", "text": "〔第四節　逆順〕", "head": "N57n0029_p0242a14"}, {"level": "5", "n": "", "type": "其他", "text": "第三章　緣依分", "head": "N57n0029_p0243a04"}, {"level": "6", "n": "", "type": "其他", "text": "〔第一節　順〕", "head": "N57n0029_p0243a06"}, {"level": "6", "n": "", "type": "其他", "text": "〔第三節　順逆〕", "head": "N57n0029_p0244a12"}, {"level": "6", "n": "", "type": "其他", "text": "〔第四節　逆順〕", "head": "N57n0029_p0244a14"}, {"level": "5", "n": "", "type": "其他", "text": "第七章　問分", "head": "N57n0029_p0245a04"}, {"level": "6", "n": "", "type": "其他", "text": "〔第一節　順〕", "head": "N57n0029_p0245a06"}, {"level": "6", "n": "", "type": "其他", "text": "〔第二節　逆〕", "head": "N57n0029_p0252a12"}, {"level": "6", "n": "", "type": "其他", "text": "〔第三節　順逆〕", "head": "N57n0029_p0253a11"}, {"level": "6", "n": "", "type": "其他", "text": "〔第四節　逆順〕", "head": "N57n0029_p0253a14"}, {"level": "4", "n": "", "type": "其他", "text": "第二十七　順繫二法", "head": "N57n0029_p0254a04"}, {"level": "5", "n": "", "type": "其他", "text": "第一章　相緣分", "head": "N57n0029_p0254a07"}, {"level": "6", "n": "", "type": "其他", "text": "〔第一節　順〕", "head": "N57n0029_p0254a09"}, {"level": "4", "n": "", "type": "其他", "text": "第二十八　繫相應二法", "head": "N57n0029_p0255a01"}, {"level": "5", "n": "", "type": "其他", "text": "第一章　相緣分", "head": "N57n0029_p0255a04"}, {"level": "6", "n": "", "type": "其他", "text": "〔第一節　順〕", "head": "N57n0029_p0255a06"}, {"level": "6", "n": "", "type": "其他", "text": "〔第二節　逆〕", "head": "N57n0029_p0257a08"}, {"level": "6", "n": "", "type": "其他", "text": "〔第三節　順逆〕", "head": "N57n0029_p0258a02"}, {"level": "6", "n": "", "type": "其他", "text": "〔第四節　逆順〕", "head": "N57n0029_p0258a04"}, {"level": "5", "n": "", "type": "其他", "text": "第三章　緣依分", "head": "N57n0029_p0258a08"}, {"level": "6", "n": "", "type": "其他", "text": "〔第一節　順〕", "head": "N57n0029_p0258a10"}, {"level": "6", "n": "", "type": "其他", "text": "〔第二節　逆〕", "head": "N57n0029_p0260a06"}, {"level": "6", "n": "", "type": "其他", "text": "〔第三節　順逆〕", "head": "N57n0029_p0260a14"}, {"level": "6", "n": "", "type": "其他", "text": "〔第四節　逆順〕", "head": "N57n0029_p0261a02"}, {"level": "5", "n": "", "type": "其他", "text": "第五章　相雜分", "head": "N57n0029_p0261a06"}, {"level": "6", "n": "", "type": "其他", "text": "〔第一節　順〕", "head": "N57n0029_p0261a08"}, {"level": "6", "n": "", "type": "其他", "text": "〔第二節　逆〕", "head": "N57n0029_p0262a06"}, {"level": "6", "n": "", "type": "其他", "text": "〔第三節　順逆〕", "head": "N57n0029_p0262a12"}, {"level": "6", "n": "", "type": "其他", "text": "〔第四節　逆順〕", "head": "N57n0029_p0263a01"}, {"level": "5", "n": "", "type": "其他", "text": "第七章　問分", "head": "N57n0029_p0263a04"}, {"level": "6", "n": "", "type": "其他", "text": "〔第一節　順〕", "head": "N57n0029_p0263a06"}, {"level": "6", "n": "", "type": "其他", "text": "〔第二節　逆〕", "head": "N57n0029_p0275a11"}, {"level": "6", "n": "", "type": "其他", "text": "〔第三節　順逆〕", "head": "N57n0029_p0276a11"}, {"level": "6", "n": "", "type": "其他", "text": "〔第四節　逆順〕", "head": "N57n0029_p0276a14"}, {"level": "4", "n": "", "type": "其他", "text": "第二十九　繫順繫二法", "head": "N57n0029_p0277a04"}, {"level": "5", "n": "", "type": "其他", "text": "第一章　相緣分", "head": "N57n0029_p0277a07"}, {"level": "5", "n": "", "type": "其他", "text": "第七章　問分", "head": "N57n0029_p0278a03"}, {"level": "4", "n": "", "type": "其他", "text": "第三十　繫繫相應法", "head": "N57n0029_p0279a09"}, {"level": "5", "n": "", "type": "其他", "text": "第一章　相緣分", "head": "N57n0029_p0279a11"}, {"level": "6", "n": "", "type": "其他", "text": "〔第一節　順〕", "head": "N57n0029_p0279a13"}, {"level": "6", "n": "", "type": "其他", "text": "〔第二節　逆〕", "head": "N57n0029_p0281a02"}, {"level": "5", "n": "", "type": "其他", "text": "第七章　問分", "head": "N57n0029_p0281a10"}, {"level": "6", "n": "", "type": "其他", "text": "〔第一節　順〕", "head": "N57n0029_p0281a12"}, {"level": "6", "n": "", "type": "其他", "text": "〔第二節　逆〕", "head": "N57n0029_p0283a06"}, {"level": "4", "n": "", "type": "其他", "text": "第三十一　繫不相應順繫二法", "head": "N57n0029_p0284a01"}, {"level": "5", "n": "", "type": "其他", "text": "第一章　相緣分", "head": "N57n0029_p0284a04"}, {"level": "6", "n": "", "type": "其他", "text": "〔第一節　順〕", "head": "N57n0029_p0284a06"}, {"level": "4", "n": "", "type": "其他", "text": "第三十二～四十三　暴流．軛群二法", "head": "N57n0029_p0285a01"}, {"level": "5", "n": "", "type": "其他", "text": "第一章　相緣分", "head": "N57n0029_p0285a04"}, {"level": "4", "n": "", "type": "其他", "text": "第四十四　蓋二法", "head": "N57n0029_p0285a08"}, {"level": "5", "n": "", "type": "其他", "text": "第一章　相緣分", "head": "N57n0029_p0285a11"}, {"level": "6", "n": "", "type": "其他", "text": "〔第一節　順〕", "head": "N57n0029_p0285a13"}, {"level": "6", "n": "", "type": "其他", "text": "〔第二節　逆〕", "head": "N57n0029_p0287a01"}, {"level": "6", "n": "", "type": "其他", "text": "〔第三節　順逆〕", "head": "N57n0029_p0288a12"}, {"level": "6", "n": "", "type": "其他", "text": "〔第四節　逆順〕", "head": "N57n0029_p0288a14"}, {"level": "5", "n": "", "type": "其他", "text": "第三章　緣依分", "head": "N57n0029_p0289a04"}, {"level": "6", "n": "", "type": "其他", "text": "〔第一節　順〕", "head": "N57n0029_p0289a06"}, {"level": "6", "n": "", "type": "其他", "text": "〔第二節　逆〕", "head": "N57n0029_p0290a07"}, {"level": "6", "n": "", "type": "其他", "text": "〔第三節　順逆〕", "head": "N57n0029_p0291a04"}, {"level": "6", "n": "", "type": "其他", "text": "〔第四節　逆順〕", "head": "N57n0029_p0291a06"}, {"level": "5", "n": "", "type": "其他", "text": "第五章　相雜分", "head": "N57n0029_p0291a09"}, {"level": "6", "n": "", "type": "其他", "text": "〔第一節　順〕", "head": "N57n0029_p0291a11"}, {"level": "6", "n": "", "type": "其他", "text": "〔第二節　逆〕", "head": "N57n0029_p0292a01"}, {"level": "5", "n": "", "type": "其他", "text": "第七章　問分", "head": "N57n0029_p0292a08"}, {"level": "6", "n": "", "type": "其他", "text": "〔第一節　順〕", "head": "N57n0029_p0292a10"}, {"level": "6", "n": "", "type": "其他", "text": "〔第二節　逆〕", "head": "N57n0029_p0299a03"}, {"level": "6", "n": "", "type": "其他", "text": "〔第三節　順逆〕", "head": "N57n0029_p0300a02"}, {"level": "6", "n": "", "type": "其他", "text": "〔第四節　逆順〕", "head": "N57n0029_p0300a05"}, {"level": "4", "n": "", "type": "其他", "text": "第四十五　順蓋二法", "head": "N57n0029_p0300a09"}, {"level": "5", "n": "", "type": "其他", "text": "第一章　相緣分", "head": "N57n0029_p0300a12"}, {"level": "4", "n": "", "type": "其他", "text": "第四十六　蓋相應二法", "head": "N57n0029_p0301a05"}, {"level": "5", "n": "", "type": "其他", "text": "第一章　相緣分", "head": "N57n0029_p0301a07"}, {"level": "6", "n": "", "type": "其他", "text": "〔第一節　順〕", "head": "N57n0029_p0301a09"}, {"level": "6", "n": "", "type": "其他", "text": "〔第二節　逆〕", "head": "N57n0029_p0302a04"}, {"level": "6", "n": "", "type": "其他", "text": "〔第三節　順逆〕", "head": "N57n0029_p0302a11"}, {"level": "6", "n": "", "type": "其他", "text": "〔第四節　逆順〕", "head": "N57n0029_p0302a14"}, {"level": "5", "n": "", "type": "其他", "text": "第三章　緣依分", "head": "N57n0029_p0303a04"}, {"level": "6", "n": "", "type": "其他", "text": "〔第一節　順〕", "head": "N57n0029_p0303a06"}, {"level": "6", "n": "", "type": "其他", "text": "〔第二節　逆〕", "head": "N57n0029_p0304a05"}, {"level": "5", "n": "", "type": "其他", "text": "第五章　相雜分", "head": "N57n0029_p0305a04"}, {"level": "6", "n": "", "type": "其他", "text": "〔第一節　順〕", "head": "N57n0029_p0305a06"}, {"level": "6", "n": "", "type": "其他", "text": "〔第二節　逆〕", "head": "N57n0029_p0305a09"}, {"level": "5", "n": "", "type": "其他", "text": "第七章　問分", "head": "N57n0029_p0306a01"}, {"level": "6", "n": "", "type": "其他", "text": "〔第一節　順〕", "head": "N57n0029_p0306a03"}, {"level": "6", "n": "", "type": "其他", "text": "〔第二節　逆〕", "head": "N57n0029_p0311a14"}, {"level": "6", "n": "", "type": "其他", "text": "〔第三節　順逆〕", "head": "N57n0029_p0312a13"}, {"level": "6", "n": "", "type": "其他", "text": "〔第四節　逆順〕", "head": "N57n0029_p0313a02"}, {"level": "4", "n": "", "type": "其他", "text": "第四十七　蓋順蓋二法", "head": "N57n0029_p0313a06"}, {"level": "5", "n": "", "type": "其他", "text": "第一章　相緣分", "head": "N57n0029_p0313a09"}, {"level": "5", "n": "", "type": "其他", "text": "第七章　問分", "head": "N57n0029_p0314a01"}, {"level": "6", "n": "", "type": "其他", "text": "〔第一節　順〕", "head": "N57n0029_p0314a03"}, {"level": "4", "n": "", "type": "其他", "text": "第四十八　蓋蓋相應二法", "head": "N57n0029_p0315a10"}, {"level": "5", "n": "", "type": "其他", "text": "第一章　相緣分", "head": "N57n0029_p0315a12"}, {"level": "6", "n": "", "type": "其他", "text": "〔第一節　順〕", "head": "N57n0029_p0315a14"}, {"level": "6", "n": "", "type": "其他", "text": "〔第二節　逆〕", "head": "N57n0029_p0316a14"}, {"level": "6", "n": "", "type": "其他", "text": "〔第三節　順逆〕", "head": "N57n0029_p0317a06"}, {"level": "6", "n": "", "type": "其他", "text": "〔第四節　逆順〕", "head": "N57n0029_p0317a08"}, {"level": "5", "n": "", "type": "其他", "text": "第七章　問分", "head": "N57n0029_p0317a12"}, {"level": "6", "n": "", "type": "其他", "text": "〔第一節　順〕", "head": "N57n0029_p0317a14"}, {"level": "6", "n": "", "type": "其他", "text": "〔第二節　逆〕", "head": "N57n0029_p0320a03"}, {"level": "6", "n": "", "type": "其他", "text": "〔第四節　逆順〕", "head": "N57n0029_p0320a09"}, {"level": "4", "n": "", "type": "其他", "text": "第四十九　蓋不相應順蓋二法", "head": "N57n0029_p0321a01"}, {"level": "5", "n": "", "type": "其他", "text": "第一章　相緣分", "head": "N57n0029_p0321a04"}, {"level": "6", "n": "", "type": "其他", "text": "〔第一節　順〕", "head": "N57n0029_p0321a06"}, {"level": "4", "n": "", "type": "其他", "text": "第五十　執二法", "head": "N57n0029_p0322a01"}, {"level": "5", "n": "", "type": "其他", "text": "第一章　相緣分", "head": "N57n0029_p0322a04"}, {"level": "6", "n": "", "type": "其他", "text": "〔第一節　順〕", "head": "N57n0029_p0322a06"}, {"level": "6", "n": "", "type": "其他", "text": "〔第二節　逆〕", "head": "N57n0029_p0322a14"}, {"level": "6", "n": "", "type": "其他", "text": "〔第三節　順逆〕", "head": "N57n0029_p0323a10"}, {"level": "6", "n": "", "type": "其他", "text": "〔第四節　逆順〕", "head": "N57n0029_p0323a13"}, {"level": "5", "n": "", "type": "其他", "text": "第三章　緣依分", "head": "N57n0029_p0324a03"}, {"level": "6", "n": "", "type": "其他", "text": "〔第一節　順〕", "head": "N57n0029_p0324a05"}, {"level": "6", "n": "", "type": "其他", "text": "〔第二節　逆〕", "head": "N57n0029_p0325a02"}, {"level": "6", "n": "", "type": "其他", "text": "〔第三節　順逆〕", "head": "N57n0029_p0325a10"}, {"level": "6", "n": "", "type": "其他", "text": "〔第四節　逆順〕", "head": "N57n0029_p0325a12"}, {"level": "5", "n": "", "type": "其他", "text": "第五章　相雜分", "head": "N57n0029_p0326a01"}, {"level": "6", "n": "", "type": "其他", "text": "〔第一節　順〕", "head": "N57n0029_p0326a03"}, {"level": "5", "n": "", "type": "其他", "text": "第七章　問分", "head": "N57n0029_p0326a09"}, {"level": "6", "n": "", "type": "其他", "text": "〔第一節　順〕", "head": "N57n0029_p0326a11"}, {"level": "6", "n": "", "type": "其他", "text": "〔第二節　逆〕", "head": "N57n0029_p0333a12"}, {"level": "6", "n": "", "type": "其他", "text": "〔第三節　順逆〕", "head": "N57n0029_p0334a10"}, {"level": "6", "n": "", "type": "其他", "text": "〔第四節　逆順〕", "head": "N57n0029_p0334a13"}, {"level": "4", "n": "", "type": "其他", "text": "第五十一　已執二法", "head": "N57n0029_p0335a01"}, {"level": "5", "n": "", "type": "其他", "text": "第一章　相緣分", "head": "N57n0029_p0335a04"}, {"level": "6", "n": "", "type": "其他", "text": "〔第一節　順〕", "head": "N57n0029_p0335a06"}, {"level": "4", "n": "", "type": "其他", "text": "第五十二　執相應二法", "head": "N57n0029_p0336a01"}, {"level": "5", "n": "", "type": "其他", "text": "第一章　相緣分", "head": "N57n0029_p0336a04"}, {"level": "6", "n": "", "type": "其他", "text": "〔第一節　順〕", "head": "N57n0029_p0336a06"}, {"level": "6", "n": "", "type": "其他", "text": "〔第二節　逆〕", "head": "N57n0029_p0337a03"}, {"level": "6", "n": "", "type": "其他", "text": "〔第三節　順逆〕", "head": "N57n0029_p0337a14"}, {"level": "6", "n": "", "type": "其他", "text": "〔第四節　逆順〕", "head": "N57n0029_p0338a02"}, {"level": "5", "n": "", "type": "其他", "text": "第三章　緣依分", "head": "N57n0029_p0338a06"}, {"level": "6", "n": "", "type": "其他", "text": "〔第一節　順〕", "head": "N57n0029_p0338a08"}, {"level": "6", "n": "", "type": "其他", "text": "〔第二節　逆〕", "head": "N57n0029_p0339a08"}, {"level": "6", "n": "", "type": "其他", "text": "〔第三節　順逆〕", "head": "N57n0029_p0340a02"}, {"level": "6", "n": "", "type": "其他", "text": "〔第四節　逆順〕", "head": "N57n0029_p0340a04"}, {"level": "5", "n": "", "type": "其他", "text": "第五章　相雜分", "head": "N57n0029_p0340a08"}, {"level": "6", "n": "", "type": "其他", "text": "〔第一節　順〕", "head": "N57n0029_p0340a10"}, {"level": "5", "n": "", "type": "其他", "text": "第七章　問分", "head": "N57n0029_p0341a03"}, {"level": "6", "n": "", "type": "其他", "text": "〔第一節　順〕", "head": "N57n0029_p0341a05"}, {"level": "6", "n": "", "type": "其他", "text": "〔第二節　逆〕", "head": "N57n0029_p0347a13"}, {"level": "6", "n": "", "type": "其他", "text": "〔第三節　順逆〕", "head": "N57n0029_p0348a12"}, {"level": "6", "n": "", "type": "其他", "text": "〔第四節　逆順〕", "head": "N57n0029_p0349a01"}, {"level": "4", "n": "", "type": "其他", "text": "第五十三　執已執二法", "head": "N57n0029_p0349a05"}, {"level": "5", "n": "", "type": "其他", "text": "第一章　相緣分", "head": "N57n0029_p0349a07"}, {"level": "5", "n": "", "type": "其他", "text": "第七章　問分", "head": "N57n0029_p0350a06"}, {"level": "4", "n": "", "type": "其他", "text": "第五十四　執不相應已執二法", "head": "N57n0029_p0351a10"}, {"level": "5", "n": "", "type": "其他", "text": "第一章　相緣分", "head": "N57n0029_p0351a12"}]