[{"n": "1", "fun": "open", "head": "GA088n0089_p0065a01", "title": "天台山方外志卷第一"}, {"n": "1", "fun": "close", "head": "GA088n0089_p0088a09", "title": "天台山方外志卷第一終"}, {"n": "2", "fun": "open", "head": "GA088n0089_p0089a01", "title": "天台山方外志卷第二"}, {"n": "2", "fun": "close", "head": "GA088n0089_p0116a09", "title": "天台山方外志卷第二終"}, {"n": "3", "fun": "open", "head": "GA088n0089_p0117a01", "title": "天台山方外志卷第三"}, {"n": "3", "fun": "close", "head": "GA088n0089_p0140a09", "title": "天台山方外志卷第三終"}, {"n": "4", "fun": "open", "head": "GA088n0089_p0141a01", "title": "天台山方外志卷第四"}, {"n": "4", "fun": "close", "head": "GA088n0089_p0182a09", "title": "天台山方外志卷第四終"}, {"n": "5", "fun": "open", "head": "GA088n0089_p0183a01", "title": "天台山方外志卷第五"}, {"n": "5", "fun": "close", "head": "GA088n0089_p0208a09", "title": "天台山方外志卷第五終"}, {"n": "6", "fun": "open", "head": "GA088n0089_p0209a01", "title": "天台山方外志卷第六"}, {"n": "6", "fun": "close", "head": "GA088n0089_p0234a09", "title": "天台山方外志卷第六終"}, {"n": "7", "fun": "open", "head": "GA088n0089_p0235a01", "title": "天台山方外志卷第七"}, {"n": "7", "fun": "close", "head": "GA088n0089_p0294a09", "title": "天台山方外志卷第七終"}]