[{"n": "1", "fun": "open", "head": "GA088n0089_p0065a01"}, {"n": "1", "fun": "close", "head": "GA088n0089_p0088a09"}, {"n": "2", "fun": "open", "head": "GA088n0089_p0089a01"}, {"n": "2", "fun": "close", "head": "GA088n0089_p0116a09"}, {"n": "3", "fun": "open", "head": "GA088n0089_p0117a01"}, {"n": "3", "fun": "close", "head": "GA088n0089_p0140a09"}, {"n": "4", "fun": "open", "head": "GA088n0089_p0141a01"}, {"n": "4", "fun": "close", "head": "GA088n0089_p0182a09"}, {"n": "5", "fun": "open", "head": "GA088n0089_p0183a01"}, {"n": "5", "fun": "close", "head": "GA088n0089_p0208a09"}, {"n": "6", "fun": "open", "head": "GA088n0089_p0209a01"}, {"n": "6", "fun": "close", "head": "GA088n0089_p0234a09"}, {"n": "7", "fun": "open", "head": "GA088n0089_p0235a01"}, {"n": "7", "fun": "close", "head": "GA088n0089_p0294a09"}]