[{"level": "1", "n": "", "type": "其他", "text": "第十六品　智分別", "head": "N50n0025_p0001a01"}, {"level": "2", "n": "", "type": "其他", "text": "論母", "head": "N50n0025_p0001a04"}, {"level": "3", "n": "", "type": "其他", "text": "〔一種智所依〕", "head": "N50n0025_p0001a07"}, {"level": "3", "n": "", "type": "其他", "text": "〔二種智所依〕", "head": "N50n0025_p0003a06"}, {"level": "3", "n": "", "type": "其他", "text": "〔三種智所依〕", "head": "N50n0025_p0004a09"}, {"level": "3", "n": "", "type": "其他", "text": "〔四種智所依〕", "head": "N50n0025_p0010a03"}, {"level": "3", "n": "", "type": "其他", "text": "〔五種智所依〕", "head": "N50n0025_p0011a07"}, {"level": "3", "n": "", "type": "其他", "text": "〔六種智所依〕", "head": "N50n0025_p0011a12"}, {"level": "3", "n": "", "type": "其他", "text": "〔七種智所依〕", "head": "N50n0025_p0012a02"}, {"level": "3", "n": "", "type": "其他", "text": "〔八種智所依〕", "head": "N50n0025_p0012a07"}, {"level": "3", "n": "", "type": "其他", "text": "〔九種智所依〕", "head": "N50n0025_p0012a12"}, {"level": "3", "n": "", "type": "其他", "text": "〔十種智所依〕", "head": "N50n0025_p0013a02"}, {"level": "2", "n": "", "type": "其他", "text": "〔一種〕", "head": "N50n0025_p0015a04"}, {"level": "2", "n": "", "type": "其他", "text": "〔二種〕", "head": "N50n0025_p0019a09"}, {"level": "2", "n": "", "type": "其他", "text": "〔三種〕", "head": "N50n0025_p0023a06"}, {"level": "2", "n": "", "type": "其他", "text": "〔四種〕", "head": "N50n0025_p0028a07"}, {"level": "2", "n": "", "type": "其他", "text": "〔五種〕", "head": "N50n0025_p0036a02"}, {"level": "2", "n": "", "type": "其他", "text": "〔六種〕", "head": "N50n0025_p0036a12"}, {"level": "2", "n": "", "type": "其他", "text": "〔七種〕", "head": "N50n0025_p0037a03"}, {"level": "2", "n": "", "type": "其他", "text": "〔八種〕", "head": "N50n0025_p0038a07"}, {"level": "2", "n": "", "type": "其他", "text": "〔九種〕", "head": "N50n0025_p0038a13"}, {"level": "2", "n": "", "type": "其他", "text": "〔十種〕", "head": "N50n0025_p0039a05"}, {"level": "1", "n": "", "type": "其他", "text": "第十七品　小事分別", "head": "N50n0025_p0053a01"}, {"level": "2", "n": "", "type": "其他", "text": "論母", "head": "N50n0025_p0053a04"}, {"level": "3", "n": "", "type": "其他", "text": "〔一種〕", "head": "N50n0025_p0053a07"}, {"level": "3", "n": "", "type": "其他", "text": "〔二種〕", "head": "N50n0025_p0054a05"}, {"level": "3", "n": "", "type": "其他", "text": "〔三種〕", "head": "N50n0025_p0054a11"}, {"level": "3", "n": "", "type": "其他", "text": "〔四種〕", "head": "N50n0025_p0055a06"}, {"level": "3", "n": "", "type": "其他", "text": "〔五種〕", "head": "N50n0025_p0055a11"}, {"level": "3", "n": "", "type": "其他", "text": "〔六種〕", "head": "N50n0025_p0056a02"}, {"level": "3", "n": "", "type": "其他", "text": "〔七種〕", "head": "N50n0025_p0056a06"}, {"level": "3", "n": "", "type": "其他", "text": "〔八種〕", "head": "N50n0025_p0056a09"}, {"level": "3", "n": "", "type": "其他", "text": "〔九種〕", "head": "N50n0025_p0056a13"}, {"level": "3", "n": "", "type": "其他", "text": "〔十種〕", "head": "N50n0025_p0057a03"}, {"level": "3", "n": "", "type": "其他", "text": "〔十八愛行等〕", "head": "N50n0025_p0057a06"}, {"level": "2", "n": "", "type": "其他", "text": "〔一種〕", "head": "N50n0025_p0057a11"}, {"level": "2", "n": "", "type": "其他", "text": "〔二種〕", "head": "N50n0025_p0067a12"}, {"level": "2", "n": "", "type": "其他", "text": "〔三種〕", "head": "N50n0025_p0073a08"}, {"level": "3", "n": "", "type": "其他", "text": "〔三不善根〕", "head": "N50n0025_p0073a10"}, {"level": "3", "n": "", "type": "其他", "text": "〔三不善尋〕", "head": "N50n0025_p0075a04"}, {"level": "3", "n": "", "type": "其他", "text": "〔三不善想〕", "head": "N50n0025_p0076a02"}, {"level": "3", "n": "", "type": "其他", "text": "〔三不善界〕", "head": "N50n0025_p0076a09"}, {"level": "3", "n": "", "type": "其他", "text": "〔三惡行〕", "head": "N50n0025_p0077a05"}, {"level": "3", "n": "", "type": "其他", "text": "〔三漏〕", "head": "N50n0025_p0078a02"}, {"level": "3", "n": "", "type": "其他", "text": "〔三結〕", "head": "N50n0025_p0078a11"}, {"level": "3", "n": "", "type": "其他", "text": "〔三愛〕", "head": "N50n0025_p0079a13"}, {"level": "3", "n": "", "type": "其他", "text": "〔三尋〕", "head": "N50n0025_p0082a02"}, {"level": "3", "n": "", "type": "其他", "text": "〔其他之三尋〕", "head": "N50n0025_p0082a10"}, {"level": "3", "n": "", "type": "其他", "text": "〔三自負〕", "head": "N50n0025_p0083a05"}, {"level": "3", "n": "", "type": "其他", "text": "〔三畏〕", "head": "N50n0025_p0083a09"}, {"level": "3", "n": "", "type": "其他", "text": "〔三暗〕", "head": "N50n0025_p0084a05"}, {"level": "3", "n": "", "type": "其他", "text": "〔三外道處〕", "head": "N50n0025_p0084a11"}, {"level": "3", "n": "", "type": "其他", "text": "〔三障〕", "head": "N50n0025_p0085a07"}, {"level": "3", "n": "", "type": "其他", "text": "〔三穢〕", "head": "N50n0025_p0085a10"}, {"level": "3", "n": "", "type": "其他", "text": "〔三垢〕", "head": "N50n0025_p0085a13"}, {"level": "3", "n": "", "type": "其他", "text": "〔三火〕", "head": "N50n0025_p0086a02"}, {"level": "3", "n": "", "type": "其他", "text": "〔三火〕", "head": "N50n0025_p0086a06"}, {"level": "3", "n": "", "type": "其他", "text": "〔三瑕〕", "head": "N50n0025_p0086a09"}, {"level": "3", "n": "", "type": "其他", "text": "〔三見〕", "head": "N50n0025_p0086a13"}, {"level": "3", "n": "", "type": "其他", "text": "〔不樂、害、非法行〕", "head": "N50n0025_p0087a12"}, {"level": "3", "n": "", "type": "其他", "text": "〔惡言性、惡友性、異想〕", "head": "N50n0025_p0088a06"}, {"level": "3", "n": "", "type": "其他", "text": "〔掉舉、懈怠、放逸〕", "head": "N50n0025_p0089a02"}, {"level": "3", "n": "", "type": "其他", "text": "〔不知足性、不正知性、大欲性〕", "head": "N50n0025_p0089a12"}, {"level": "3", "n": "", "type": "其他", "text": "〔無慚、無愧、放逸〕", "head": "N50n0025_p0090a08"}, {"level": "3", "n": "", "type": "其他", "text": "〔不尊敬、惡言性、惡友性〕", "head": "N50n0025_p0091a04"}, {"level": "3", "n": "", "type": "其他", "text": "〔不信、不寬仁性、懈怠〕", "head": "N50n0025_p0091a12"}, {"level": "3", "n": "", "type": "其他", "text": "〔掉舉、非律儀、惡戒〕", "head": "N50n0025_p0092a07"}, {"level": "3", "n": "", "type": "其他", "text": "〔不見、不聞、難詰心〕", "head": "N50n0025_p0093a05"}, {"level": "3", "n": "", "type": "其他", "text": "〔失念、不正知、心散亂〕", "head": "N50n0025_p0094a03"}, {"level": "3", "n": "", "type": "其他", "text": "〔不如理作意、惡道依付、心昧劣性〕", "head": "N50n0025_p0094a11"}, {"level": "2", "n": "", "type": "其他", "text": "〔四種〕", "head": "N50n0025_p0095a08"}, {"level": "3", "n": "", "type": "其他", "text": "〔四漏〕", "head": "N50n0025_p0095a10"}, {"level": "3", "n": "", "type": "其他", "text": "〔四繫〕", "head": "N50n0025_p0096a09"}, {"level": "3", "n": "", "type": "其他", "text": "〔四暴流、四軛、四取〕", "head": "N50n0025_p0097a12"}, {"level": "3", "n": "", "type": "其他", "text": "〔四渴愛生〕", "head": "N50n0025_p0099a02"}, {"level": "3", "n": "", "type": "其他", "text": "〔四不應行〕", "head": "N50n0025_p0099a08"}, {"level": "3", "n": "", "type": "其他", "text": "〔四顛倒〕", "head": "N50n0025_p0099a13"}, {"level": "3", "n": "", "type": "其他", "text": "〔四非聖言〕", "head": "N50n0025_p0100a05"}, {"level": "3", "n": "", "type": "其他", "text": "〔四惡行〕", "head": "N50n0025_p0100a11"}, {"level": "3", "n": "", "type": "其他", "text": "〔四畏〕", "head": "N50n0025_p0101a02"}, {"level": "3", "n": "", "type": "其他", "text": "〔四見〕", "head": "N50n0025_p0101a10"}, {"level": "2", "n": "", "type": "其他", "text": "〔五種〕", "head": "N50n0025_p0102a02"}, {"level": "3", "n": "", "type": "其他", "text": "〔五順分結〕", "head": "N50n0025_p0102a04"}, {"level": "3", "n": "", "type": "其他", "text": "〔五慳〕", "head": "N50n0025_p0102a10"}, {"level": "3", "n": "", "type": "其他", "text": "〔五著〕", "head": "N50n0025_p0102a13"}, {"level": "3", "n": "", "type": "其他", "text": "〔五箭〕", "head": "N50n0025_p0103a02"}, {"level": "3", "n": "", "type": "其他", "text": "〔五心栽〕", "head": "N50n0025_p0103a05"}, {"level": "3", "n": "", "type": "其他", "text": "〔五心縛〕", "head": "N50n0025_p0103a10"}, {"level": "3", "n": "", "type": "其他", "text": "〔五蓋〕", "head": "N50n0025_p0104a03"}, {"level": "3", "n": "", "type": "其他", "text": "〔五無間業〕", "head": "N50n0025_p0104a07"}, {"level": "3", "n": "", "type": "其他", "text": "〔五見〕", "head": "N50n0025_p0104a11"}, {"level": "3", "n": "", "type": "其他", "text": "〔五讎〕", "head": "N50n0025_p0105a02"}, {"level": "3", "n": "", "type": "其他", "text": "〔五不幸〕", "head": "N50n0025_p0105a06"}, {"level": "3", "n": "", "type": "其他", "text": "〔五過失〕", "head": "N50n0025_p0105a10"}, {"level": "3", "n": "", "type": "其他", "text": "〔五畏〕", "head": "N50n0025_p0106a02"}, {"level": "3", "n": "", "type": "其他", "text": "〔五現法涅槃論〕", "head": "N50n0025_p0106a06"}, {"level": "2", "n": "", "type": "其他", "text": "〔六種〕", "head": "N50n0025_p0108a03"}, {"level": "3", "n": "", "type": "其他", "text": "〔六諍根〕", "head": "N50n0025_p0108a05"}, {"level": "3", "n": "", "type": "其他", "text": "〔六在家欲貪法〕", "head": "N50n0025_p0108a08"}, {"level": "3", "n": "", "type": "其他", "text": "〔六違逆〕", "head": "N50n0025_p0108a13"}, {"level": "3", "n": "", "type": "其他", "text": "〔六渴愛身〕", "head": "N50n0025_p0109a05"}, {"level": "3", "n": "", "type": "其他", "text": "〔六不恭敬〕", "head": "N50n0025_p0109a09"}, {"level": "3", "n": "", "type": "其他", "text": "〔六退還法〕", "head": "N50n0025_p0110a02"}, {"level": "3", "n": "", "type": "其他", "text": "〔六喜近行〕", "head": "N50n0025_p0110a08"}, {"level": "3", "n": "", "type": "其他", "text": "〔六憂近行〕", "head": "N50n0025_p0110a13"}, {"level": "3", "n": "", "type": "其他", "text": "〔六捨近行〕", "head": "N50n0025_p0111a04"}, {"level": "3", "n": "", "type": "其他", "text": "〔六在家喜〕", "head": "N50n0025_p0111a09"}, {"level": "3", "n": "", "type": "其他", "text": "〔六在家憂〕", "head": "N50n0025_p0112a02"}, {"level": "3", "n": "", "type": "其他", "text": "〔六在家捨〕", "head": "N50n0025_p0112a08"}, {"level": "3", "n": "", "type": "其他", "text": "〔六見〕", "head": "N50n0025_p0113a02"}, {"level": "2", "n": "", "type": "其他", "text": "〔七種〕", "head": "N50n0025_p0113a10"}, {"level": "3", "n": "", "type": "其他", "text": "〔七隨眠〕", "head": "N50n0025_p0113a12"}, {"level": "3", "n": "", "type": "其他", "text": "〔七纏〕", "head": "N50n0025_p0114a02"}, {"level": "3", "n": "", "type": "其他", "text": "〔七結〕", "head": "N50n0025_p0114a06"}, {"level": "3", "n": "", "type": "其他", "text": "〔七不妙結〕", "head": "N50n0025_p0114a10"}, {"level": "3", "n": "", "type": "其他", "text": "〔七惡行〕", "head": "N50n0025_p0115a02"}, {"level": "3", "n": "", "type": "其他", "text": "〔七慢〕", "head": "N50n0025_p0115a06"}, {"level": "3", "n": "", "type": "其他", "text": "〔七見〕", "head": "N50n0025_p0115a10"}, {"level": "2", "n": "", "type": "其他", "text": "〔八種〕", "head": "N50n0025_p0118a04"}, {"level": "3", "n": "", "type": "其他", "text": "〔八煩惱事〕", "head": "N50n0025_p0118a06"}, {"level": "3", "n": "", "type": "其他", "text": "〔八懈怠事〕", "head": "N50n0025_p0118a10"}, {"level": "3", "n": "", "type": "其他", "text": "〔八世法〕", "head": "N50n0025_p0120a11"}, {"level": "3", "n": "", "type": "其他", "text": "〔八非聖言〕", "head": "N50n0025_p0121a02"}, {"level": "3", "n": "", "type": "其他", "text": "〔八邪性〕", "head": "N50n0025_p0121a06"}, {"level": "3", "n": "", "type": "其他", "text": "〔八人過〕", "head": "N50n0025_p0121a10"}, {"level": "3", "n": "", "type": "其他", "text": "〔八無想論〕", "head": "N50n0025_p0123a02"}, {"level": "3", "n": "", "type": "其他", "text": "〔八非有想非無想論〕", "head": "N50n0025_p0123a13"}, {"level": "2", "n": "", "type": "其他", "text": "〔九種〕", "head": "N50n0025_p0124a11"}, {"level": "3", "n": "", "type": "其他", "text": "〔九害心事〕", "head": "N50n0025_p0124a13"}, {"level": "3", "n": "", "type": "其他", "text": "〔九人垢〕", "head": "N50n0025_p0125a06"}, {"level": "3", "n": "", "type": "其他", "text": "〔九慢〕", "head": "N50n0025_p0125a10"}, {"level": "3", "n": "", "type": "其他", "text": "〔九愛根法〕", "head": "N50n0025_p0126a03"}, {"level": "3", "n": "", "type": "其他", "text": "〔九動〕", "head": "N50n0025_p0126a10"}, {"level": "3", "n": "", "type": "其他", "text": "〔九幻想、九悸動、九戲想、九有為〕", "head": "N50n0025_p0127a02"}, {"level": "2", "n": "", "type": "其他", "text": "〔十種〕", "head": "N50n0025_p0127a09"}, {"level": "3", "n": "", "type": "其他", "text": "〔十煩惱事〕", "head": "N50n0025_p0127a11"}, {"level": "3", "n": "", "type": "其他", "text": "〔十害心事〕", "head": "N50n0025_p0128a02"}, {"level": "3", "n": "", "type": "其他", "text": "〔十不善業道〕", "head": "N50n0025_p0128a10"}, {"level": "3", "n": "", "type": "其他", "text": "〔十結〕", "head": "N50n0025_p0129a02"}, {"level": "3", "n": "", "type": "其他", "text": "〔十邪性〕", "head": "N50n0025_p0129a06"}, {"level": "3", "n": "", "type": "其他", "text": "〔十事邪見〕", "head": "N50n0025_p0129a10"}, {"level": "3", "n": "", "type": "其他", "text": "〔十事邊見〕", "head": "N50n0025_p0130a02"}, {"level": "2", "n": "", "type": "其他", "text": "〔十八愛行〕", "head": "N50n0025_p0130a08"}, {"level": "2", "n": "", "type": "其他", "text": "〔六十二成見〕", "head": "N50n0025_p0140a12"}, {"level": "1", "n": "", "type": "其他", "text": "第十八品　法心分別", "head": "N50n0025_p0143a11"}]