[{"level": "1", "n": "", "type": "其他", "text": "論母", "head": "N50n0027_p0329a01"}, {"level": "2", "n": "", "type": "其他", "text": "一　〔一人〕", "head": "N50n0027_p0329a09"}, {"level": "2", "n": "", "type": "其他", "text": "二　〔二人〕", "head": "N50n0027_p0334a04"}, {"level": "2", "n": "", "type": "其他", "text": "三　〔三人〕", "head": "N50n0027_p0336a04"}, {"level": "2", "n": "", "type": "其他", "text": "四　〔四人〕", "head": "N50n0027_p0337a13"}, {"level": "2", "n": "", "type": "其他", "text": "五　〔五人〕", "head": "N50n0027_p0341a07"}, {"level": "2", "n": "", "type": "其他", "text": "六　〔六人〕", "head": "N50n0027_p0343a02"}, {"level": "2", "n": "", "type": "其他", "text": "七　〔七人〕", "head": "N50n0027_p0343a11"}, {"level": "2", "n": "", "type": "其他", "text": "八　〔八人〕", "head": "N50n0027_p0344a03"}, {"level": "2", "n": "", "type": "其他", "text": "九　〔九人〕", "head": "N50n0027_p0344a06"}, {"level": "2", "n": "", "type": "其他", "text": "十　〔十心〕", "head": "N50n0027_p0344a09"}, {"level": "1", "n": "", "type": "其他", "text": "第一章　一人", "head": "N50n0027_p0344a13"}, {"level": "1", "n": "", "type": "其他", "text": "第二章　二人", "head": "N50n0027_p0352a10"}, {"level": "1", "n": "", "type": "其他", "text": "第三章　三人", "head": "N50n0027_p0362a09"}, {"level": "1", "n": "", "type": "其他", "text": "第四章　四人", "head": "N50n0027_p0376a12"}, {"level": "1", "n": "", "type": "其他", "text": "第五章　五人", "head": "N50n0027_p0408a02"}, {"level": "1", "n": "", "type": "其他", "text": "第六章　六人", "head": "N50n0027_p0415a08"}, {"level": "1", "n": "", "type": "其他", "text": "第七章　七人", "head": "N50n0027_p0416a09"}, {"level": "1", "n": "", "type": "其他", "text": "第八章　八人", "head": "N50n0027_p0418a13"}, {"level": "1", "n": "", "type": "其他", "text": "第九章　九人", "head": "N50n0027_p0419a05"}, {"level": "1", "n": "", "type": "其他", "text": "第十章　十人", "head": "N50n0027_p0420a13"}]