[{"level": "1", "n": "", "type": "序", "text": "序", "head": "GA009n0008_p0003a01"}, {"level": "2", "n": "", "type": "其他", "text": "重修普陀志叙", "head": "GA009n0008_p0003a01"}, {"level": "2", "n": "", "type": "其他", "text": "補陀山志序", "head": "GA009n0008_p0007a01"}, {"level": "2", "n": "", "type": "其他", "text": "重鋟補陀志序", "head": "GA009n0008_p0013a01"}, {"level": "1", "n": "", "type": "其他", "text": "目錄", "head": "GA009n0008_p0021a01"}, {"level": "1", "n": "", "type": "其他", "text": "宸翰", "head": "GA009n0008_p0025a02"}, {"level": "2", "n": "", "type": "其他", "text": "敕諭", "head": "GA009n0008_p0025a03"}, {"level": "3", "n": "", "type": "其他", "text": "皇帝,諭普陀山寶陀禪寺住持及僧眾人等", "head": "GA009n0008_p0025a04"}, {"level": "3", "n": "", "type": "其他", "text": "諭南海普陀山普陀寺住持及僧眾人等", "head": "GA009n0008_p0028a02"}, {"level": "3", "n": "", "type": "其他", "text": "皇帝,諭南海普陀山普陀寺住持及僧眾人等", "head": "GA009n0008_p0031a01"}, {"level": "2", "n": "", "type": "其他", "text": "御製", "head": "GA009n0008_p0039a01"}, {"level": "3", "n": "", "type": "其他", "text": "御製聖母印施佛藏經序", "head": "GA009n0008_p0039a02"}, {"level": "3", "n": "", "type": "其他", "text": "御製新刊續入藏經序", "head": "GA009n0008_p0046a04"}, {"level": "3", "n": "", "type": "其他", "text": "御製重建普陀寺碑", "head": "GA009n0008_p0053a01"}, {"level": "2", "n": "", "type": "其他", "text": "普陀寺殿圖", "head": "GA009n0008_p0067a01"}, {"level": "1", "n": "", "type": "其他", "text": "圖考", "head": "GA009n0008_p0071a06"}, {"level": "2", "n": "", "type": "序", "text": "序", "head": "GA009n0008_p0071a07"}, {"level": "2", "n": "", "type": "其他", "text": "普陀山圖", "head": "GA009n0008_p0073a01"}, {"level": "2", "n": "", "type": "其他", "text": "山圖十四幅", "head": "GA009n0008_p0075a01"}, {"level": "3", "n": "", "type": "其他", "text": "山圖一之一：香爐山", "head": "GA009n0008_p0075a01"}, {"level": "3", "n": "", "type": "其他", "text": "山圖一之二：飛沙嶴", "head": "GA009n0008_p0076a01"}, {"level": "3", "n": "", "type": "其他", "text": "山圖二之一", "head": "GA009n0008_p0077a01"}, {"level": "3", "n": "", "type": "其他", "text": "山圖二之二：光熙峰", "head": "GA009n0008_p0078a01"}, {"level": "3", "n": "", "type": "其他", "text": "山圖三之一：茶山、菩薩頂", "head": "GA009n0008_p0079a01"}, {"level": "3", "n": "", "type": "其他", "text": "山圖三之二", "head": "GA009n0008_p0080a01"}, {"level": "3", "n": "", "type": "其他", "text": "山圖四之一", "head": "GA009n0008_p0081a01"}, {"level": "3", "n": "", "type": "其他", "text": "山圖四之二", "head": "GA009n0008_p0082a01"}, {"level": "3", "n": "", "type": "其他", "text": "山圖五之一", "head": "GA009n0008_p0083a01"}, {"level": "3", "n": "", "type": "其他", "text": "山圖五之二", "head": "GA009n0008_p0084a01"}, {"level": "3", "n": "", "type": "其他", "text": "山圖六之一", "head": "GA009n0008_p0085a01"}, {"level": "3", "n": "", "type": "其他", "text": "山圖六之二", "head": "GA009n0008_p0086a01"}, {"level": "3", "n": "", "type": "其他", "text": "山圖七之一：仙人井", "head": "GA009n0008_p0087a01"}, {"level": "3", "n": "", "type": "其他", "text": "山圖七之二", "head": "GA009n0008_p0088a01"}, {"level": "3", "n": "", "type": "其他", "text": "山圖八之一：東天門、金沙灘", "head": "GA009n0008_p0089a01"}, {"level": "3", "n": "", "type": "其他", "text": "山圖八之二：放生池、獅子岩", "head": "GA009n0008_p0090a01"}, {"level": "3", "n": "", "type": "其他", "text": "山圖九之一：龍湾、普同", "head": "GA009n0008_p0091a01"}, {"level": "3", "n": "", "type": "其他", "text": "山圖九之二：司基湾、善財礁、達磨峯", "head": "GA009n0008_p0092a01"}, {"level": "3", "n": "", "type": "其他", "text": "山圖十之一：一葉扁舟、白華嶺、玉趣峯", "head": "GA009n0008_p0093a01"}, {"level": "3", "n": "", "type": "其他", "text": "山圖十之二", "head": "GA009n0008_p0094a01"}, {"level": "3", "n": "", "type": "其他", "text": "山圖十一之一：說法臺石", "head": "GA009n0008_p0095a01"}, {"level": "3", "n": "", "type": "其他", "text": "山圖十一之二：磐陀石、二龜聽法石", "head": "GA009n0008_p0096a01"}, {"level": "3", "n": "", "type": "其他", "text": "山圖十二之一：新螺礁", "head": "GA009n0008_p0097a01"}, {"level": "3", "n": "", "type": "其他", "text": "山圖十二之二", "head": "GA009n0008_p0098a01"}, {"level": "3", "n": "", "type": "其他", "text": "山圖十三之一", "head": "GA009n0008_p0099a01"}, {"level": "3", "n": "", "type": "其他", "text": "山圖十三之二", "head": "GA009n0008_p0100a01"}, {"level": "3", "n": "", "type": "其他", "text": "山圖十四：金鉢盂山、石牛港", "head": "GA009n0008_p0101a01"}, {"level": "1", "n": "", "type": "其他", "text": "山水", "head": "GA009n0008_p0103a01"}, {"level": "2", "n": "", "type": "序", "text": "序", "head": "GA009n0008_p0103a02"}, {"level": "2", "n": "", "type": "其他", "text": "山", "head": "GA009n0008_p0103a08"}, {"level": "3", "n": "", "type": "其他", "text": "補陀洛伽山", "head": "GA009n0008_p0103a08"}, {"level": "3", "n": "", "type": "其他", "text": "梵山", "head": "GA009n0008_p0104a04"}, {"level": "3", "n": "", "type": "其他", "text": "金鉢盂山", "head": "GA009n0008_p0104a06"}, {"level": "3", "n": "", "type": "其他", "text": "香爐花瓶山", "head": "GA009n0008_p0104a06"}, {"level": "3", "n": "", "type": "其他", "text": "茶山", "head": "GA009n0008_p0104a07"}, {"level": "2", "n": "", "type": "其他", "text": "峯", "head": "GA009n0008_p0104a08"}, {"level": "3", "n": "", "type": "其他", "text": "金剛峯", "head": "GA009n0008_p0104a08"}, {"level": "3", "n": "", "type": "其他", "text": "玉趣峯", "head": "GA009n0008_p0104a08"}, {"level": "3", "n": "", "type": "其他", "text": "彌陀峯", "head": "GA009n0008_p0104a08"}, {"level": "3", "n": "", "type": "其他", "text": "子峯", "head": "GA009n0008_p0105a01"}, {"level": "3", "n": "", "type": "其他", "text": "逹磨峯", "head": "GA009n0008_p0105a01"}, {"level": "3", "n": "", "type": "其他", "text": "靈鷲峯", "head": "GA009n0008_p0105a02"}, {"level": "3", "n": "", "type": "其他", "text": "妙應峯", "head": "GA009n0008_p0105a02"}, {"level": "3", "n": "", "type": "其他", "text": "白衣峯", "head": "GA009n0008_p0105a03"}, {"level": "3", "n": "", "type": "其他", "text": "觀音峯", "head": "GA009n0008_p0105a03"}, {"level": "3", "n": "", "type": "其他", "text": "菩薩頂", "head": "GA009n0008_p0105a04"}, {"level": "3", "n": "", "type": "其他", "text": "煉丹峯", "head": "GA009n0008_p0105a04"}, {"level": "3", "n": "", "type": "其他", "text": "白華峯", "head": "GA009n0008_p0105a05"}, {"level": "3", "n": "", "type": "其他", "text": "光熈峯", "head": "GA009n0008_p0105a06"}, {"level": "3", "n": "", "type": "其他", "text": "會仙峰", "head": "GA009n0008_p0105a06"}, {"level": "2", "n": "", "type": "其他", "text": "巖", "head": "GA009n0008_p0105a07"}, {"level": "3", "n": "", "type": "其他", "text": "獅子巖", "head": "GA009n0008_p0105a07"}, {"level": "3", "n": "", "type": "其他", "text": "鷹嘴巖", "head": "GA009n0008_p0105a07"}, {"level": "3", "n": "", "type": "其他", "text": "東方巖", "head": "GA009n0008_p0105a07"}, {"level": "3", "n": "", "type": "其他", "text": "象巖", "head": "GA009n0008_p0105a08"}, {"level": "3", "n": "", "type": "其他", "text": "佛手巖", "head": "GA009n0008_p0105a08"}, {"level": "3", "n": "", "type": "其他", "text": "虎巖", "head": "GA009n0008_p0105a08"}, {"level": "3", "n": "", "type": "其他", "text": "圓通巖", "head": "GA009n0008_p0106a01"}, {"level": "3", "n": "", "type": "其他", "text": "玲瓏巖", "head": "GA009n0008_p0106a01"}, {"level": "3", "n": "", "type": "其他", "text": "西方巖", "head": "GA009n0008_p0106a02"}, {"level": "2", "n": "", "type": "其他", "text": "洞", "head": "GA009n0008_p0106a03"}, {"level": "3", "n": "", "type": "其他", "text": "潮音洞", "head": "GA009n0008_p0106a03"}, {"level": "3", "n": "", "type": "其他", "text": "龍女洞", "head": "GA009n0008_p0106a04"}, {"level": "3", "n": "", "type": "其他", "text": "金剛窟", "head": "GA009n0008_p0106a05"}, {"level": "3", "n": "", "type": "其他", "text": "法華洞", "head": "GA009n0008_p0106a06"}, {"level": "3", "n": "", "type": "其他", "text": "摩尼洞", "head": "GA009n0008_p0106a06"}, {"level": "2", "n": "", "type": "其他", "text": "嶺", "head": "GA009n0008_p0106a08"}, {"level": "3", "n": "", "type": "其他", "text": "白華嶺", "head": "GA009n0008_p0106a08"}, {"level": "3", "n": "", "type": "其他", "text": "栴檀嶺", "head": "GA009n0008_p0106a08"}, {"level": "3", "n": "", "type": "其他", "text": "饑飽嶺", "head": "GA009n0008_p0106a08"}, {"level": "3", "n": "", "type": "其他", "text": "圓通嶺", "head": "GA009n0008_p0107a01"}, {"level": "3", "n": "", "type": "其他", "text": "青鼓嶺", "head": "GA009n0008_p0107a01"}, {"level": "3", "n": "", "type": "其他", "text": "笑天獅", "head": "GA009n0008_p0107a01"}, {"level": "2", "n": "", "type": "其他", "text": "石", "head": "GA009n0008_p0107a03"}, {"level": "3", "n": "", "type": "其他", "text": "磐陀石", "head": "GA009n0008_p0107a03"}, {"level": "3", "n": "", "type": "其他", "text": "無畏石", "head": "GA009n0008_p0107a06"}, {"level": "3", "n": "", "type": "其他", "text": "天箆石", "head": "GA009n0008_p0107a07"}, {"level": "3", "n": "", "type": "其他", "text": "疊子石", "head": "GA009n0008_p0107a07"}, {"level": "3", "n": "", "type": "其他", "text": "毛跳石", "head": "GA009n0008_p0107a07"}, {"level": "3", "n": "", "type": "其他", "text": "求現臺", "head": "GA009n0008_p0107a08"}, {"level": "3", "n": "", "type": "其他", "text": "觀", "head": "GA009n0008_p0107a08"}, {"level": "3", "n": "", "type": "其他", "text": "佛牙石", "head": "GA009n0008_p0108a01"}, {"level": "3", "n": "", "type": "其他", "text": "香爐石", "head": "GA009n0008_p0108a01"}, {"level": "3", "n": "", "type": "其他", "text": "不二石", "head": "GA009n0008_p0108a02"}, {"level": "3", "n": "", "type": "其他", "text": "真歇石", "head": "GA009n0008_p0108a02"}, {"level": "3", "n": "", "type": "其他", "text": "巫山石", "head": "GA009n0008_p0108a03"}, {"level": "3", "n": "", "type": "其他", "text": "西天門石", "head": "GA009n0008_p0108a04"}, {"level": "3", "n": "", "type": "其他", "text": "東天門", "head": "GA009n0008_p0108a04"}, {"level": "3", "n": "", "type": "其他", "text": "海天佛國石", "head": "GA009n0008_p0108a05"}, {"level": "2", "n": "", "type": "其他", "text": "礁", "head": "GA009n0008_p0108a06"}, {"level": "3", "n": "", "type": "其他", "text": "新螺礁", "head": "GA009n0008_p0108a06"}, {"level": "3", "n": "", "type": "其他", "text": "善財礁", "head": "GA009n0008_p0108a06"}, {"level": "2", "n": "", "type": "其他", "text": "嶴", "head": "GA009n0008_p0108a08"}, {"level": "3", "n": "", "type": "其他", "text": "搗飯嶴", "head": "GA009n0008_p0108a08"}, {"level": "3", "n": "", "type": "其他", "text": "飛沙嶴", "head": "GA009n0008_p0108a08"}, {"level": "2", "n": "", "type": "其他", "text": "沙", "head": "GA009n0008_p0109a01"}, {"level": "3", "n": "", "type": "其他", "text": "千步沙", "head": "GA009n0008_p0109a01"}, {"level": "3", "n": "", "type": "其他", "text": "金沙", "head": "GA009n0008_p0109a02"}, {"level": "2", "n": "", "type": "其他", "text": "地", "head": "GA009n0008_p0109a03"}, {"level": "3", "n": "", "type": "其他", "text": "三摩地", "head": "GA009n0008_p0109a03"}, {"level": "2", "n": "", "type": "其他", "text": "洋", "head": "GA009n0008_p0109a04"}, {"level": "3", "n": "", "type": "其他", "text": "蓮花洋", "head": "GA009n0008_p0109a04"}, {"level": "3", "n": "", "type": "其他", "text": "東大洋", "head": "GA009n0008_p0109a05"}, {"level": "2", "n": "", "type": "其他", "text": "港", "head": "GA009n0008_p0109a06"}, {"level": "3", "n": "", "type": "其他", "text": "石牛港", "head": "GA009n0008_p0109a06"}, {"level": "3", "n": "", "type": "其他", "text": "白沙港", "head": "GA009n0008_p0109a08"}, {"level": "3", "n": "", "type": "其他", "text": "箭港", "head": "GA009n0008_p0109a08"}, {"level": "2", "n": "", "type": "其他", "text": "池", "head": "GA009n0008_p0110a01"}, {"level": "3", "n": "", "type": "其他", "text": "蓮花池", "head": "GA009n0008_p0110a01"}, {"level": "3", "n": "", "type": "其他", "text": "放生池", "head": "GA009n0008_p0110a03"}, {"level": "3", "n": "", "type": "其他", "text": "光明池", "head": "GA009n0008_p0110a05"}, {"level": "2", "n": "", "type": "其他", "text": "道頭", "head": "GA009n0008_p0110a06"}, {"level": "3", "n": "", "type": "其他", "text": "短姑道頭", "head": "GA009n0008_p0110a06"}, {"level": "2", "n": "", "type": "其他", "text": "泉", "head": "GA009n0008_p0111a01"}, {"level": "3", "n": "", "type": "其他", "text": "菩薩泉", "head": "GA009n0008_p0111a01"}, {"level": "3", "n": "", "type": "其他", "text": "慧泉", "head": "GA009n0008_p0111a01"}, {"level": "3", "n": "", "type": "其他", "text": "靈一泉", "head": "GA009n0008_p0111a02"}, {"level": "2", "n": "", "type": "其他", "text": "潭", "head": "GA009n0008_p0111a03"}, {"level": "3", "n": "", "type": "其他", "text": "龍潭", "head": "GA009n0008_p0111a03"}, {"level": "3", "n": "", "type": "其他", "text": "龜潭", "head": "GA009n0008_p0111a03"}, {"level": "2", "n": "", "type": "其他", "text": "井", "head": "GA009n0008_p0111a04"}, {"level": "3", "n": "", "type": "其他", "text": "葛洪井", "head": "GA009n0008_p0111a04"}, {"level": "3", "n": "", "type": "其他", "text": "仙人井", "head": "GA009n0008_p0111a04"}, {"level": "3", "n": "", "type": "其他", "text": "金沙井", "head": "GA009n0008_p0111a05"}, {"level": "2", "n": "", "type": "其他", "text": "境", "head": "GA009n0008_p0111a07"}, {"level": "3", "n": "", "type": "其他", "text": "清淨境", "head": "GA009n0008_p0111a07"}, {"level": "3", "n": "", "type": "其他", "text": "空", "head": "GA009n0008_p0111a07"}, {"level": "3", "n": "", "type": "其他", "text": "西方境", "head": "GA009n0008_p0112a01"}, {"level": "3", "n": "", "type": "其他", "text": "藤蘿境", "head": "GA009n0008_p0112a02"}, {"level": "2", "n": "", "type": "其他", "text": "街", "head": "GA009n0008_p0112a04"}, {"level": "3", "n": "", "type": "其他", "text": "玉堂街", "head": "GA009n0008_p0112a04"}, {"level": "1", "n": "", "type": "其他", "text": "殿宇", "head": "GA009n0008_p0113a01"}, {"level": "2", "n": "", "type": "序", "text": "序", "head": "GA009n0008_p0113a02"}, {"level": "2", "n": "", "type": "其他", "text": "建護國永壽普陀禪寺", "head": "GA009n0008_p0113a06"}, {"level": "2", "n": "", "type": "其他", "text": "御製藏經序碑亭", "head": "GA009n0008_p0115a06"}, {"level": "2", "n": "", "type": "其他", "text": "賜護國鎮海禪寺", "head": "GA009n0008_p0117a07"}, {"level": "2", "n": "", "type": "其他", "text": "賜祝延聖壽磐陀禪院", "head": "GA009n0008_p0120a01"}, {"level": "2", "n": "", "type": "其他", "text": "茶山靜室", "head": "GA009n0008_p0121a01"}, {"level": "3", "n": "", "type": "其他", "text": "朝陽庵", "head": "GA009n0008_p0121a02"}, {"level": "3", "n": "", "type": "其他", "text": "慧濟庵", "head": "GA009n0008_p0121a04"}, {"level": "3", "n": "", "type": "其他", "text": "圓覺庵", "head": "GA009n0008_p0121a05"}, {"level": "3", "n": "", "type": "其他", "text": "吉祥庵", "head": "GA009n0008_p0121a05"}, {"level": "3", "n": "", "type": "其他", "text": "方廣庵", "head": "GA009n0008_p0121a06"}, {"level": "3", "n": "", "type": "其他", "text": "琉璃庵", "head": "GA009n0008_p0121a06"}, {"level": "3", "n": "", "type": "其他", "text": "法喜庵", "head": "GA009n0008_p0121a07"}, {"level": "3", "n": "", "type": "其他", "text": "觀音庵", "head": "GA009n0008_p0121a07"}, {"level": "3", "n": "", "type": "其他", "text": "梵音庵", "head": "GA009n0008_p0121a07"}, {"level": "3", "n": "", "type": "其他", "text": "崇徳庵", "head": "GA009n0008_p0121a08"}, {"level": "3", "n": "", "type": "其他", "text": "湧泉庵", "head": "GA009n0008_p0121a08"}, {"level": "3", "n": "", "type": "其他", "text": "華", "head": "GA009n0008_p0121a08"}, {"level": "3", "n": "", "type": "其他", "text": "弘覺庵", "head": "GA009n0008_p0122a01"}, {"level": "3", "n": "", "type": "其他", "text": "智勝庵", "head": "GA009n0008_p0122a01"}, {"level": "3", "n": "", "type": "其他", "text": "圓應庵", "head": "GA009n0008_p0122a02"}, {"level": "3", "n": "", "type": "其他", "text": "靈瑞庵", "head": "GA009n0008_p0122a02"}, {"level": "3", "n": "", "type": "其他", "text": "雨華庵", "head": "GA009n0008_p0122a02"}, {"level": "2", "n": "", "type": "其他", "text": "千步沙靜室", "head": "GA009n0008_p0122a03"}, {"level": "3", "n": "", "type": "其他", "text": "禪那庵", "head": "GA009n0008_p0122a04"}, {"level": "3", "n": "", "type": "其他", "text": "慧日庵", "head": "GA009n0008_p0122a05"}, {"level": "3", "n": "", "type": "其他", "text": "金粟庵", "head": "GA009n0008_p0122a05"}, {"level": "3", "n": "", "type": "其他", "text": "楊枝庵", "head": "GA009n0008_p0122a07"}, {"level": "3", "n": "", "type": "其他", "text": "龍樹庵", "head": "GA009n0008_p0122a07"}, {"level": "3", "n": "", "type": "其他", "text": "智度庵", "head": "GA009n0008_p0122a08"}, {"level": "3", "n": "", "type": "其他", "text": "月印庵", "head": "GA009n0008_p0122a08"}, {"level": "3", "n": "", "type": "其他", "text": "圓信庵", "head": "GA009n0008_p0123a01"}, {"level": "3", "n": "", "type": "其他", "text": "摩尼庵", "head": "GA009n0008_p0123a01"}, {"level": "3", "n": "", "type": "其他", "text": "雙泉庵", "head": "GA009n0008_p0123a01"}, {"level": "3", "n": "", "type": "其他", "text": "雪浪庵", "head": "GA009n0008_p0123a02"}, {"level": "3", "n": "", "type": "其他", "text": "伴雲庵", "head": "GA009n0008_p0123a02"}, {"level": "3", "n": "", "type": "其他", "text": "甘露庵", "head": "GA009n0008_p0123a03"}, {"level": "3", "n": "", "type": "其他", "text": "栴檀庵", "head": "GA009n0008_p0123a03"}, {"level": "3", "n": "", "type": "其他", "text": "般若", "head": "GA009n0008_p0123a03"}, {"level": "3", "n": "", "type": "其他", "text": "資福庵", "head": "GA009n0008_p0123a04"}, {"level": "3", "n": "", "type": "其他", "text": "龍庵", "head": "GA009n0008_p0123a04"}, {"level": "3", "n": "", "type": "其他", "text": "大悲庵", "head": "GA009n0008_p0123a05"}, {"level": "3", "n": "", "type": "其他", "text": "盤龍庵", "head": "GA009n0008_p0123a05"}, {"level": "3", "n": "", "type": "其他", "text": "清凉庵", "head": "GA009n0008_p0123a05"}, {"level": "3", "n": "", "type": "其他", "text": "海曙庵", "head": "GA009n0008_p0123a06"}, {"level": "2", "n": "", "type": "其他", "text": "磐陀石靜室", "head": "GA009n0008_p0123a07"}, {"level": "3", "n": "", "type": "其他", "text": "圓通庵", "head": "GA009n0008_p0123a08"}, {"level": "3", "n": "", "type": "其他", "text": "真歇庵", "head": "GA009n0008_p0124a02"}, {"level": "3", "n": "", "type": "其他", "text": "海雲庵", "head": "GA009n0008_p0124a03"}, {"level": "3", "n": "", "type": "其他", "text": "總靜室", "head": "GA009n0008_p0124a03"}, {"level": "3", "n": "", "type": "其他", "text": "永勝", "head": "GA009n0008_p0124a04"}, {"level": "3", "n": "", "type": "其他", "text": "寶函室", "head": "GA009n0008_p0124a05"}, {"level": "3", "n": "", "type": "其他", "text": "脩竹", "head": "GA009n0008_p0124a05"}, {"level": "3", "n": "", "type": "其他", "text": "白雲庵", "head": "GA009n0008_p0124a06"}, {"level": "3", "n": "", "type": "其他", "text": "娑羅庵", "head": "GA009n0008_p0124a06"}, {"level": "3", "n": "", "type": "其他", "text": "蓮華庵", "head": "GA009n0008_p0124a07"}, {"level": "3", "n": "", "type": "其他", "text": "海印庵", "head": "GA009n0008_p0124a07"}, {"level": "3", "n": "", "type": "其他", "text": "慈雲", "head": "GA009n0008_p0124a07"}, {"level": "3", "n": "", "type": "其他", "text": "靈石庵", "head": "GA009n0008_p0124a08"}, {"level": "3", "n": "", "type": "其他", "text": "大覺庵", "head": "GA009n0008_p0124a08"}, {"level": "3", "n": "", "type": "其他", "text": "大慈庵", "head": "GA009n0008_p0125a01"}, {"level": "3", "n": "", "type": "其他", "text": "靈芝庵", "head": "GA009n0008_p0125a01"}, {"level": "3", "n": "", "type": "其他", "text": "清籟庵", "head": "GA009n0008_p0125a02"}, {"level": "3", "n": "", "type": "其他", "text": "庵", "head": "GA009n0008_p0125a02"}, {"level": "3", "n": "", "type": "其他", "text": "西資庵", "head": "GA009n0008_p0125a03"}, {"level": "3", "n": "", "type": "其他", "text": "金剛庵", "head": "GA009n0008_p0125a03"}, {"level": "3", "n": "", "type": "其他", "text": "育,院", "head": "GA009n0008_p0125a04"}, {"level": "3", "n": "", "type": "其他", "text": "白,庵", "head": "GA009n0008_p0125a05"}, {"level": "3", "n": "", "type": "其他", "text": "梅福庵", "head": "GA009n0008_p0125a07"}, {"level": "3", "n": "", "type": "其他", "text": "昐,庵", "head": "GA009n0008_p0126a01"}, {"level": "3", "n": "", "type": "其他", "text": "白象菴", "head": "GA009n0008_p0126a01"}, {"level": "3", "n": "", "type": "其他", "text": "凈土庵", "head": "GA009n0008_p0126a02"}, {"level": "3", "n": "", "type": "其他", "text": "積善庵", "head": "GA009n0008_p0126a03"}, {"level": "3", "n": "", "type": "其他", "text": "韋馱寶殿", "head": "GA009n0008_p0126a04"}, {"level": "3", "n": "", "type": "其他", "text": "聖庵", "head": "GA009n0008_p0126a06"}, {"level": "3", "n": "", "type": "其他", "text": "三元殿", "head": "GA009n0008_p0126a06"}, {"level": "3", "n": "", "type": "其他", "text": "秀庵", "head": "GA009n0008_p0126a07"}, {"level": "1", "n": "", "type": "其他", "text": "規制", "head": "GA009n0008_p0127a01"}, {"level": "2", "n": "", "type": "序", "text": "序", "head": "GA009n0008_p0127a02"}, {"level": "2", "n": "", "type": "其他", "text": "寺基", "head": "GA009n0008_p0127a07"}, {"level": "2", "n": "", "type": "其他", "text": "山門", "head": "GA009n0008_p0128a01"}, {"level": "2", "n": "", "type": "其他", "text": "天王殿", "head": "GA009n0008_p0128a06"}, {"level": "2", "n": "", "type": "其他", "text": "圓通大殿", "head": "GA009n0008_p0129a04"}, {"level": "2", "n": "", "type": "其他", "text": "藏經寶殿", "head": "GA009n0008_p0130a02"}, {"level": "2", "n": "", "type": "其他", "text": "景命殿", "head": "GA009n0008_p0130a07"}, {"level": "2", "n": "", "type": "其他", "text": "伽藍、祖師、彌勒、地藏四配殿", "head": "GA009n0008_p0131a04"}, {"level": "2", "n": "", "type": "其他", "text": "配殿廊房", "head": "GA009n0008_p0131a08"}, {"level": "2", "n": "", "type": "其他", "text": "天王殿左右廊房", "head": "GA009n0008_p0132a03"}, {"level": "2", "n": "", "type": "其他", "text": "藏經殿左右廊房", "head": "GA009n0008_p0132a06"}, {"level": "2", "n": "", "type": "其他", "text": "景命殿左右廂房", "head": "GA009n0008_p0133a01"}, {"level": "2", "n": "", "type": "其他", "text": "景命殿左右羣房", "head": "GA009n0008_p0133a04"}, {"level": "2", "n": "", "type": "其他", "text": "儀門前左右廊房", "head": "GA009n0008_p0133a07"}, {"level": "2", "n": "", "type": "其他", "text": "儀門內露頂", "head": "GA009n0008_p0134a02"}, {"level": "2", "n": "", "type": "其他", "text": "鐘皷樓二座", "head": "GA009n0008_p0134a05"}, {"level": "1", "n": "", "type": "其他", "text": "建置", "head": "GA009n0008_p0135a01"}, {"level": "2", "n": "", "type": "序", "text": "序", "head": "GA009n0008_p0135a02"}, {"level": "2", "n": "", "type": "其他", "text": "後梁", "head": "GA009n0008_p0135a07"}, {"level": "2", "n": "", "type": "其他", "text": "宋", "head": "GA009n0008_p0136a05"}, {"level": "2", "n": "", "type": "其他", "text": "元", "head": "GA009n0008_p0138a01"}, {"level": "2", "n": "", "type": "其他", "text": "明", "head": "GA009n0008_p0138a07"}, {"level": "1", "n": "", "type": "其他", "text": "靈異", "head": "GA009n0008_p0143a01"}, {"level": "2", "n": "", "type": "序", "text": "序", "head": "GA009n0008_p0143a02"}, {"level": "2", "n": "", "type": "其他", "text": "唐文宗蛤蜊現觀音", "head": "GA009n0008_p0143a07"}, {"level": "2", "n": "", "type": "其他", "text": "潮音洞前燔指見觀音", "head": "GA009n0008_p0144a04"}, {"level": "2", "n": "", "type": "其他", "text": "菩薩像不肯去", "head": "GA009n0008_p0144a06"}, {"level": "2", "n": "", "type": "其他", "text": "王舜封使三韓遇濤致禱解危", "head": "GA009n0008_p0145a06"}, {"level": "2", "n": "", "type": "其他", "text": "劉逵使高麗遙叩寶陀解危", "head": "GA009n0008_p0146a01"}, {"level": "2", "n": "", "type": "其他", "text": "黃龜年禮洞見瑞相", "head": "GA009n0008_p0146a04"}, {"level": "2", "n": "", "type": "其他", "text": "史浩潮音洞見異僧", "head": "GA009n0008_p0146a06"}, {"level": "2", "n": "", "type": "其他", "text": "宋孝宗夢遊補陀得異兆", "head": "GA009n0008_p0148a07"}, {"level": "2", "n": "", "type": "其他", "text": "顏頥仲禱雨輙應", "head": "GA009n0008_p0149a03"}, {"level": "2", "n": "", "type": "其他", "text": "張蓬山洞中見大士相", "head": "GA009n0008_p0149a05"}, {"level": "2", "n": "", "type": "其他", "text": "曹立洞中見大士相", "head": "GA009n0008_p0150a03"}, {"level": "2", "n": "", "type": "其他", "text": "王貴、伯顏蓮花洋中見靈異", "head": "GA009n0008_p0150a08"}, {"level": "2", "n": "", "type": "其他", "text": "短姑道頭現靈異", "head": "GA009n0008_p0152a06"}, {"level": "2", "n": "", "type": "其他", "text": "明代大士現靈異", "head": "GA009n0008_p0153a07"}, {"level": "1", "n": "", "type": "其他", "text": "頒賜", "head": "GA009n0008_p0159a01"}, {"level": "2", "n": "", "type": "序", "text": "序", "head": "GA009n0008_p0159a02"}, {"level": "2", "n": "", "type": "其他", "text": "宋", "head": "GA009n0008_p0160a01"}, {"level": "2", "n": "", "type": "其他", "text": "元", "head": "GA009n0008_p0160a05"}, {"level": "2", "n": "", "type": "其他", "text": "明", "head": "GA009n0008_p0162a02"}, {"level": "1", "n": "", "type": "其他", "text": "命使", "head": "GA009n0008_p0169a01"}, {"level": "2", "n": "", "type": "序", "text": "序", "head": "GA009n0008_p0169a02"}, {"level": "2", "n": "", "type": "其他", "text": "宋", "head": "GA009n0008_p0169a06"}, {"level": "3", "n": "", "type": "其他", "text": "王貴", "head": "GA009n0008_p0169a06"}, {"level": "2", "n": "", "type": "其他", "text": "元", "head": "GA009n0008_p0169a07"}, {"level": "3", "n": "", "type": "其他", "text": "李英", "head": "GA009n0008_p0169a07"}, {"level": "3", "n": "", "type": "其他", "text": "孛羅", "head": "GA009n0008_p0169a08"}, {"level": "3", "n": "", "type": "其他", "text": "魏也先", "head": "GA009n0008_p0170a01"}, {"level": "3", "n": "", "type": "其他", "text": "太出", "head": "GA009n0008_p0170a02"}, {"level": "3", "n": "", "type": "其他", "text": "李鐡木兒不花", "head": "GA009n0008_p0170a03"}, {"level": "3", "n": "", "type": "其他", "text": "張蓬山", "head": "GA009n0008_p0170a04"}, {"level": "3", "n": "", "type": "其他", "text": "法華奴", "head": "GA009n0008_p0170a05"}, {"level": "3", "n": "", "type": "其他", "text": "帖閭", "head": "GA009n0008_p0170a06"}, {"level": "3", "n": "", "type": "其他", "text": "曹立", "head": "GA009n0008_p0170a07"}, {"level": "2", "n": "", "type": "其他", "text": "明", "head": "GA009n0008_p0170a08"}, {"level": "3", "n": "", "type": "其他", "text": "張本", "head": "GA009n0008_p0171a01"}, {"level": "3", "n": "", "type": "其他", "text": "孟廷安", "head": "GA009n0008_p0171a03"}, {"level": "3", "n": "", "type": "其他", "text": "趙永", "head": "GA009n0008_p0171a04"}, {"level": "3", "n": "", "type": "其他", "text": "曹奉", "head": "GA009n0008_p0171a06"}, {"level": "3", "n": "", "type": "其他", "text": "張隨", "head": "GA009n0008_p0171a07"}, {"level": "3", "n": "", "type": "其他", "text": "王臣", "head": "GA009n0008_p0173a05"}, {"level": "3", "n": "", "type": "其他", "text": "党禮", "head": "GA009n0008_p0173a06"}, {"level": "3", "n": "", "type": "其他", "text": "張然", "head": "GA009n0008_p0173a08"}, {"level": "1", "n": "", "type": "其他", "text": "釋子", "head": "GA009n0008_p0175a01"}, {"level": "2", "n": "", "type": "序", "text": "序", "head": "GA009n0008_p0175a02"}, {"level": "2", "n": "", "type": "其他", "text": "梁", "head": "GA009n0008_p0175a07"}, {"level": "3", "n": "", "type": "其他", "text": "惠鍔", "head": "GA009n0008_p0175a07"}, {"level": "2", "n": "", "type": "其他", "text": "宋", "head": "GA009n0008_p0175a08"}, {"level": "3", "n": "", "type": "其他", "text": "清了", "head": "GA009n0008_p0175a08"}, {"level": "3", "n": "", "type": "其他", "text": "徳韶", "head": "GA009n0008_p0176a01"}, {"level": "2", "n": "", "type": "其他", "text": "元", "head": "GA009n0008_p0176a02"}, {"level": "3", "n": "", "type": "其他", "text": "如智", "head": "GA009n0008_p0176a02"}, {"level": "3", "n": "", "type": "其他", "text": "如律", "head": "GA009n0008_p0176a02"}, {"level": "2", "n": "", "type": "其他", "text": "明", "head": "GA009n0008_p0176a04"}, {"level": "3", "n": "", "type": "其他", "text": "行丕", "head": "GA009n0008_p0176a04"}, {"level": "3", "n": "", "type": "其他", "text": "淡齋", "head": "GA009n0008_p0176a05"}, {"level": "3", "n": "", "type": "其他", "text": "道誠", "head": "GA009n0008_p0176a06"}, {"level": "3", "n": "", "type": "其他", "text": "圓錦", "head": "GA009n0008_p0176a08"}, {"level": "3", "n": "", "type": "其他", "text": "真智", "head": "GA009n0008_p0176a08"}, {"level": "3", "n": "", "type": "其他", "text": "明增", "head": "GA009n0008_p0177a01"}, {"level": "3", "n": "", "type": "其他", "text": "真松", "head": "GA009n0008_p0177a01"}, {"level": "3", "n": "", "type": "其他", "text": "真表", "head": "GA009n0008_p0177a02"}, {"level": "3", "n": "", "type": "其他", "text": "真語", "head": "GA009n0008_p0177a06"}, {"level": "3", "n": "", "type": "其他", "text": "真璧", "head": "GA009n0008_p0177a07"}, {"level": "3", "n": "", "type": "其他", "text": "真海", "head": "GA009n0008_p0177a08"}, {"level": "3", "n": "", "type": "其他", "text": "真", "head": "GA009n0008_p0177a08"}, {"level": "3", "n": "", "type": "其他", "text": "如迥", "head": "GA009n0008_p0178a01"}, {"level": "3", "n": "", "type": "其他", "text": "真遇", "head": "GA009n0008_p0178a08"}, {"level": "3", "n": "", "type": "其他", "text": "真才", "head": "GA009n0008_p0179a01"}, {"level": "3", "n": "", "type": "其他", "text": "真經", "head": "GA009n0008_p0179a03"}, {"level": "3", "n": "", "type": "其他", "text": "如欽", "head": "GA009n0008_p0179a04"}, {"level": "3", "n": "", "type": "其他", "text": "如讓", "head": "GA009n0008_p0179a06"}, {"level": "3", "n": "", "type": "其他", "text": "如曜", "head": "GA009n0008_p0179a08"}, {"level": "3", "n": "", "type": "其他", "text": "性能", "head": "GA009n0008_p0180a02"}, {"level": "3", "n": "", "type": "其他", "text": "性空", "head": "GA009n0008_p0180a04"}, {"level": "3", "n": "", "type": "其他", "text": "性海", "head": "GA009n0008_p0180a05"}, {"level": "3", "n": "", "type": "其他", "text": "性寶", "head": "GA009n0008_p0180a06"}, {"level": "3", "n": "", "type": "其他", "text": "性樂", "head": "GA009n0008_p0180a06"}, {"level": "3", "n": "", "type": "其他", "text": "海鯨", "head": "GA009n0008_p0180a07"}, {"level": "3", "n": "", "type": "其他", "text": "海相", "head": "GA009n0008_p0180a08"}, {"level": "3", "n": "", "type": "其他", "text": "海筏", "head": "GA009n0008_p0181a01"}, {"level": "3", "n": "", "type": "其他", "text": "真聡", "head": "GA009n0008_p0181a01"}, {"level": "3", "n": "", "type": "其他", "text": "如弘", "head": "GA009n0008_p0181a02"}, {"level": "3", "n": "", "type": "其他", "text": "性徹", "head": "GA009n0008_p0181a03"}, {"level": "3", "n": "", "type": "其他", "text": "性璇", "head": "GA009n0008_p0181a03"}, {"level": "3", "n": "", "type": "其他", "text": "性嶽", "head": "GA009n0008_p0181a04"}, {"level": "3", "n": "", "type": "其他", "text": "海先", "head": "GA009n0008_p0181a05"}, {"level": "3", "n": "", "type": "其他", "text": "性印", "head": "GA009n0008_p0181a06"}, {"level": "3", "n": "", "type": "其他", "text": "性懋", "head": "GA009n0008_p0181a06"}, {"level": "3", "n": "", "type": "其他", "text": "海福", "head": "GA009n0008_p0181a07"}, {"level": "3", "n": "", "type": "其他", "text": "海灝", "head": "GA009n0008_p0181a07"}, {"level": "3", "n": "", "type": "其他", "text": "性", "head": "GA009n0008_p0181a07"}, {"level": "3", "n": "", "type": "其他", "text": "海寶", "head": "GA009n0008_p0181a08"}, {"level": "3", "n": "", "type": "其他", "text": "鎮海寺真融", "head": "GA009n0008_p0183a01"}, {"level": "3", "n": "", "type": "其他", "text": "如壽", "head": "GA009n0008_p0183a02"}, {"level": "3", "n": "", "type": "其他", "text": "如徳", "head": "GA009n0008_p0183a03"}, {"level": "3", "n": "", "type": "其他", "text": "如誠", "head": "GA009n0008_p0183a04"}, {"level": "3", "n": "", "type": "其他", "text": "如照", "head": "GA009n0008_p0183a04"}, {"level": "3", "n": "", "type": "其他", "text": "如光", "head": "GA009n0008_p0183a05"}, {"level": "3", "n": "", "type": "其他", "text": "如燈", "head": "GA009n0008_p0183a07"}, {"level": "3", "n": "", "type": "其他", "text": "如碧", "head": "GA009n0008_p0183a08"}, {"level": "3", "n": "", "type": "其他", "text": "如珂", "head": "GA009n0008_p0184a01"}, {"level": "3", "n": "", "type": "其他", "text": "性賢", "head": "GA009n0008_p0184a02"}, {"level": "1", "n": "", "type": "其他", "text": "高道", "head": "GA009n0008_p0184a04"}, {"level": "2", "n": "", "type": "其他", "text": "秦　安期生", "head": "GA009n0008_p0184a05"}, {"level": "2", "n": "", "type": "其他", "text": "漢　梅福", "head": "GA009n0008_p0184a06"}, {"level": "2", "n": "", "type": "其他", "text": "晉　葛,翁", "head": "GA009n0008_p0184a07"}, {"level": "2", "n": "", "type": "其他", "text": "元　王天助", "head": "GA009n0008_p0184a08"}, {"level": "1", "n": "", "type": "其他", "text": "物產", "head": "GA009n0008_p0185a01"}, {"level": "2", "n": "", "type": "序", "text": "序", "head": "GA009n0008_p0185a02"}, {"level": "2", "n": "", "type": "其他", "text": "穀", "head": "GA009n0008_p0185a07"}, {"level": "2", "n": "", "type": "其他", "text": "菜", "head": "GA009n0008_p0185a08"}, {"level": "2", "n": "", "type": "其他", "text": "木", "head": "GA009n0008_p0186a06"}, {"level": "2", "n": "", "type": "其他", "text": "果", "head": "GA009n0008_p0187a01"}, {"level": "2", "n": "", "type": "其他", "text": "竹", "head": "GA009n0008_p0187a03"}, {"level": "2", "n": "", "type": "其他", "text": "花", "head": "GA009n0008_p0187a05"}, {"level": "2", "n": "", "type": "其他", "text": "藥", "head": "GA009n0008_p0188a03"}, {"level": "2", "n": "", "type": "其他", "text": "鳥", "head": "GA009n0008_p0188a06"}, {"level": "2", "n": "", "type": "其他", "text": "獸", "head": "GA009n0008_p0189a02"}, {"level": "2", "n": "", "type": "其他", "text": "魚", "head": "GA009n0008_p0189a03"}, {"level": "2", "n": "", "type": "其他", "text": "龜", "head": "GA009n0008_p0189a05"}, {"level": "2", "n": "", "type": "其他", "text": "蛇", "head": "GA009n0008_p0189a06"}, {"level": "1", "n": "", "type": "其他", "text": "藝文", "head": "GA009n0008_p0191a03"}, {"level": "2", "n": "", "type": "序", "text": "序", "head": "GA009n0008_p0191a03"}, {"level": "2", "n": "", "type": "其他", "text": "雜著", "head": "GA009n0008_p0192a01"}, {"level": "3", "n": "", "type": "其他", "text": "觀音大士讃", "head": "GA009n0008_p0192a02"}, {"level": "3", "n": "", "type": "其他", "text": "留題寶陀禪寺碑偈", "head": "GA009n0008_p0197a04"}, {"level": "3", "n": "", "type": "其他", "text": "觀世音菩薩補陀巖示現偈", "head": "GA009n0008_p0201a06"}, {"level": "3", "n": "", "type": "其他", "text": "磐陀石觀日賦", "head": "GA009n0008_p0205a08"}, {"level": "3", "n": "", "type": "其他", "text": "清淨境亭銘", "head": "GA009n0008_p0212a03"}, {"level": "3", "n": "", "type": "其他", "text": "補陀山觀音偈", "head": "GA009n0008_p0221a08"}, {"level": "3", "n": "", "type": "其他", "text": "吳郡康時萬等捐貲造印《妙法蓮華經》二十四部送南海補陀山寶陀禪寺供奉", "head": "GA009n0008_p0225a05"}, {"level": "2", "n": "", "type": "其他", "text": "應制", "head": "GA009n0008_p0226a07"}, {"level": "3", "n": "", "type": "其他", "text": "聖母印施藏經讃", "head": "GA009n0008_p0226a08"}, {"level": "3", "n": "", "type": "其他", "text": "印《法華經》歌", "head": "GA009n0008_p0232a03"}, {"level": "3", "n": "", "type": "其他", "text": "恭遇皇上奉聖母,命賜南海寶陀寺藏經頌", "head": "GA009n0008_p0237a03"}, {"level": "3", "n": "", "type": "其他", "text": "補陀觀音大士頌", "head": "GA009n0008_p0242a03"}, {"level": "3", "n": "", "type": "其他", "text": "普陀寺募", "head": "GA009n0008_p0248a01"}, {"level": "3", "n": "", "type": "其他", "text": "普陀山太子,下藏零牙志", "head": "GA009n0008_p0255a05"}, {"level": "3", "n": "", "type": "其他", "text": "禮普陀大士偈", "head": "GA009n0008_p0257a06"}, {"level": "3", "n": "", "type": "其他", "text": "禮普陀大士偈", "head": "GA009n0008_p0261a04"}, {"level": "3", "n": "", "type": "其他", "text": "補陀海潮寺開山大智禪師碑", "head": "GA009n0008_p0263a08"}, {"level": "3", "n": "", "type": "其他", "text": "二大士傳", "head": "GA009n0008_p0268a02"}, {"level": "2", "n": "", "type": "其他", "text": "事畧", "head": "GA009n0008_p0271a03"}, {"level": "3", "n": "", "type": "其他", "text": "補陀洛迦山考", "head": "GA009n0008_p0271a04"}, {"level": "4", "n": "", "type": "其他", "text": "序", "head": "GA009n0008_p0271a06"}, {"level": "4", "n": "", "type": "其他", "text": "自在功徳品", "head": "GA009n0008_p0274a05"}, {"level": "4", "n": "", "type": "其他", "text": "洞宇封域品", "head": "GA009n0008_p0282a01"}, {"level": "4", "n": "", "type": "其他", "text": "感應祥異品", "head": "GA009n0008_p0287a03"}, {"level": "4", "n": "", "type": "其他", "text": "興建沿革品", "head": "GA009n0008_p0297a04"}, {"level": "3", "n": "", "type": "其他", "text": "跋", "head": "GA009n0008_p0309a01"}, {"level": "3", "n": "", "type": "其他", "text": "舊志序（四篇）", "head": "GA009n0008_p0312a07"}, {"level": "4", "n": "", "type": "其他", "text": "屠隆序", "head": "GA009n0008_p0312a08"}, {"level": "4", "n": "", "type": "其他", "text": "劉尚志序", "head": "GA009n0008_p0323a03"}, {"level": "4", "n": "", "type": "其他", "text": "汪應泰序", "head": "GA009n0008_p0328a05"}, {"level": "4", "n": "", "type": "其他", "text": "侯繼高序", "head": "GA009n0008_p0333a03"}, {"level": "3", "n": "", "type": "其他", "text": "甬東山水古蹟記", "head": "GA009n0008_p0338a05"}, {"level": "3", "n": "", "type": "其他", "text": "昌國州寳陀寺記", "head": "GA009n0008_p0346a08"}, {"level": "3", "n": "", "type": "其他", "text": "補陀山碑記", "head": "GA009n0008_p0354a05"}, {"level": "3", "n": "", "type": "其他", "text": "重修補陀山寳陀禪寺記", "head": "GA009n0008_p0358a05"}, {"level": "3", "n": "", "type": "其他", "text": "補陀洛伽山記", "head": "GA009n0008_p0368a05"}, {"level": "3", "n": "", "type": "其他", "text": "渡海記事", "head": "GA009n0008_p0377a06"}, {"level": "3", "n": "", "type": "其他", "text": "普陀寺碑記", "head": "GA009n0008_p0381a02"}, {"level": "2", "n": "", "type": "其他", "text": "詩,一", "head": "GA009n0008_p0389a03"}, {"level": "3", "n": "", "type": "其他", "text": "洛伽題咏", "head": "GA009n0008_p0389a04"}, {"level": "3", "n": "", "type": "其他", "text": "遊補陀", "head": "GA009n0008_p0389a08"}, {"level": "3", "n": "", "type": "其他", "text": "遊補陀", "head": "GA009n0008_p0390a05"}, {"level": "3", "n": "", "type": "其他", "text": "夕泛海東尋梅岑山觀音洞遂登磐陀石望日出處（三首）", "head": "GA009n0008_p0391a02"}, {"level": "3", "n": "", "type": "其他", "text": "遊補陀", "head": "GA009n0008_p0393a02"}, {"level": "3", "n": "", "type": "其他", "text": "洛伽山望海（二首）", "head": "GA009n0008_p0393a08"}, {"level": "3", "n": "", "type": "其他", "text": "寳陀禪寺漫興", "head": "GA009n0008_p0395a02"}, {"level": "3", "n": "", "type": "其他", "text": "補陀山（四首）", "head": "GA009n0008_p0395a07"}, {"level": "3", "n": "", "type": "其他", "text": "遊補陀", "head": "GA009n0008_p0397a03"}, {"level": "3", "n": "", "type": "其他", "text": "禮洛伽山", "head": "GA009n0008_p0397a08"}, {"level": "3", "n": "", "type": "其他", "text": "題補陀（二首）", "head": "GA009n0008_p0398a05"}, {"level": "3", "n": "", "type": "其他", "text": "禮洛伽山（四首）", "head": "GA009n0008_p0399a05"}, {"level": "3", "n": "", "type": "其他", "text": "遊寳陀寺", "head": "GA009n0008_p0402a01"}, {"level": "3", "n": "", "type": "其他", "text": "夢遊補陀山", "head": "GA009n0008_p0402a06"}, {"level": "3", "n": "", "type": "其他", "text": "遊補陀山", "head": "GA009n0008_p0403a01"}, {"level": "3", "n": "", "type": "其他", "text": "登補陀", "head": "GA009n0008_p0403a06"}, {"level": "3", "n": "", "type": "其他", "text": "題洛伽", "head": "GA009n0008_p0404a03"}, {"level": "3", "n": "", "type": "其他", "text": "寄題補陀", "head": "GA009n0008_p0404a08"}, {"level": "3", "n": "", "type": "其他", "text": "禮補陀大士八韻", "head": "GA009n0008_p0405a03"}, {"level": "3", "n": "", "type": "其他", "text": "沈家門阻雨", "head": "GA009n0008_p0406a01"}, {"level": "3", "n": "", "type": "其他", "text": "喜晴", "head": "GA009n0008_p0406a06"}, {"level": "3", "n": "", "type": "其他", "text": "望補陀", "head": "GA009n0008_p0407a01"}, {"level": "3", "n": "", "type": "其他", "text": "題洛伽", "head": "GA009n0008_p0408a07"}, {"level": "3", "n": "", "type": "其他", "text": "題補陀", "head": "GA009n0008_p0409a04"}, {"level": "3", "n": "", "type": "其他", "text": "寄題補陀", "head": "GA009n0008_p0410a01"}, {"level": "3", "n": "", "type": "其他", "text": "龍女善財洞", "head": "GA009n0008_p0410a05"}, {"level": "3", "n": "", "type": "其他", "text": "寳陀寺禮大士（二首）", "head": "GA009n0008_p0411a02"}, {"level": "3", "n": "", "type": "其他", "text": "遊補陀（八首）", "head": "GA009n0008_p0414a04"}, {"level": "3", "n": "", "type": "其他", "text": "補陀十二景", "head": "GA009n0008_p0419a04"}, {"level": "4", "n": "", "type": "其他", "text": "梅灣春曉", "head": "GA009n0008_p0419a05"}, {"level": "4", "n": "", "type": "其他", "text": "茶山夙霧", "head": "GA009n0008_p0419a08"}, {"level": "4", "n": "", "type": "其他", "text": "古洞潮音", "head": "GA009n0008_p0420a03"}, {"level": "4", "n": "", "type": "其他", "text": "龜潭寒碧", "head": "GA009n0008_p0420a06"}, {"level": "4", "n": "", "type": "其他", "text": "天門清梵", "head": "GA009n0008_p0421a01"}, {"level": "4", "n": "", "type": "其他", "text": "磐陀曉日", "head": "GA009n0008_p0421a04"}, {"level": "4", "n": "", "type": "其他", "text": "千步金沙", "head": "GA009n0008_p0421a07"}, {"level": "4", "n": "", "type": "其他", "text": "蓮洋午渡", "head": "GA009n0008_p0422a02"}, {"level": "4", "n": "", "type": "其他", "text": "香爐翠靄", "head": "GA009n0008_p0422a05"}, {"level": "4", "n": "", "type": "其他", "text": "鉢盂鴻灝", "head": "GA009n0008_p0422a08"}, {"level": "4", "n": "", "type": "其他", "text": "洛伽燈火", "head": "GA009n0008_p0423a03"}, {"level": "4", "n": "", "type": "其他", "text": "靜室茶烟", "head": "GA009n0008_p0423a06"}, {"level": "3", "n": "", "type": "其他", "text": "題補陀", "head": "GA009n0008_p0424a01"}, {"level": "3", "n": "", "type": "其他", "text": "夢遊補陀", "head": "GA009n0008_p0425a03"}, {"level": "3", "n": "", "type": "其他", "text": "潮音洞", "head": "GA009n0008_p0425a08"}, {"level": "3", "n": "", "type": "其他", "text": "題補陀", "head": "GA009n0008_p0426a04"}, {"level": "3", "n": "", "type": "其他", "text": "題補陀", "head": "GA009n0008_p0427a01"}, {"level": "3", "n": "", "type": "其他", "text": "題補陀", "head": "GA009n0008_p0427a06"}, {"level": "3", "n": "", "type": "其他", "text": "禮補陀山", "head": "GA009n0008_p0428a03"}, {"level": "3", "n": "", "type": "其他", "text": "題潮音洞", "head": "GA009n0008_p0429a07"}, {"level": "3", "n": "", "type": "其他", "text": "寳陀寺", "head": "GA009n0008_p0430a04"}, {"level": "3", "n": "", "type": "其他", "text": "遊補陀", "head": "GA009n0008_p0430a07"}, {"level": "3", "n": "", "type": "其他", "text": "題洛伽", "head": "GA009n0008_p0431a03"}, {"level": "3", "n": "", "type": "其他", "text": "題補陀", "head": "GA009n0008_p0431a07"}, {"level": "3", "n": "", "type": "其他", "text": "題補陀（二首）", "head": "GA009n0008_p0432a03"}, {"level": "3", "n": "", "type": "其他", "text": "題補陀", "head": "GA009n0008_p0433a03"}, {"level": "3", "n": "", "type": "其他", "text": "再遊普陀", "head": "GA009n0008_p0433a08"}, {"level": "3", "n": "", "type": "其他", "text": "洛伽山", "head": "GA009n0008_p0434a05"}, {"level": "3", "n": "", "type": "其他", "text": "題補陀", "head": "GA009n0008_p0435a05"}, {"level": "3", "n": "", "type": "其他", "text": "潮音洞", "head": "GA009n0008_p0436a02"}, {"level": "3", "n": "", "type": "其他", "text": "磐陀石", "head": "GA009n0008_p0436a07"}, {"level": "3", "n": "", "type": "其他", "text": "遊補陀", "head": "GA009n0008_p0437a02"}, {"level": "3", "n": "", "type": "其他", "text": "題洛伽", "head": "GA009n0008_p0437a07"}, {"level": "3", "n": "", "type": "其他", "text": "題洛伽", "head": "GA009n0008_p0438a04"}, {"level": "3", "n": "", "type": "其他", "text": "海門望補陀", "head": "GA009n0008_p0439a01"}, {"level": "3", "n": "", "type": "其他", "text": "和家兄寄題補陀", "head": "GA009n0008_p0439a06"}, {"level": "3", "n": "", "type": "其他", "text": "潮音洞", "head": "GA009n0008_p0440a03"}, {"level": "3", "n": "", "type": "其他", "text": "遊靜室", "head": "GA009n0008_p0440a07"}, {"level": "3", "n": "", "type": "其他", "text": "題補陀", "head": "GA009n0008_p0441a03"}, {"level": "3", "n": "", "type": "其他", "text": "題補陀", "head": "GA009n0008_p0441a08"}, {"level": "3", "n": "", "type": "其他", "text": "寄題普陀", "head": "GA009n0008_p0444a04"}, {"level": "3", "n": "", "type": "其他", "text": "寄題補陀洛伽（二首）", "head": "GA009n0008_p0445a01"}, {"level": "3", "n": "", "type": "其他", "text": "題補陀", "head": "GA009n0008_p0446a01"}, {"level": "3", "n": "", "type": "其他", "text": "禮洛伽", "head": "GA009n0008_p0446a05"}, {"level": "3", "n": "", "type": "其他", "text": "登補陀山", "head": "GA009n0008_p0447a02"}, {"level": "3", "n": "", "type": "其他", "text": "題補陀", "head": "GA009n0008_p0447a07"}, {"level": "3", "n": "", "type": "其他", "text": "題鎮海寺", "head": "GA009n0008_p0448a04"}, {"level": "3", "n": "", "type": "其他", "text": "遊補陀山寺", "head": "GA009n0008_p0449a01"}, {"level": "3", "n": "", "type": "其他", "text": "題洛伽", "head": "GA009n0008_p0449a06"}, {"level": "3", "n": "", "type": "其他", "text": "題補陀", "head": "GA009n0008_p0450a03"}, {"level": "3", "n": "", "type": "其他", "text": "遊補陀山寺（十四首）", "head": "GA009n0008_p0450a08"}, {"level": "4", "n": "", "type": "其他", "text": "遊補陀山寺", "head": "GA009n0008_p0450a08"}, {"level": "4", "n": "", "type": "其他", "text": "其一", "head": "GA009n0008_p0451a01"}, {"level": "4", "n": "", "type": "其他", "text": "梅灣春曉", "head": "GA009n0008_p0451a05"}, {"level": "4", "n": "", "type": "其他", "text": "茶山夙霧", "head": "GA009n0008_p0451a08"}, {"level": "4", "n": "", "type": "其他", "text": "古洞潮音", "head": "GA009n0008_p0452a03"}, {"level": "4", "n": "", "type": "其他", "text": "龜潭寒碧", "head": "GA009n0008_p0452a06"}, {"level": "4", "n": "", "type": "其他", "text": "天門清梵", "head": "GA009n0008_p0453a01"}, {"level": "4", "n": "", "type": "其他", "text": "磐陀旭日", "head": "GA009n0008_p0453a04"}, {"level": "4", "n": "", "type": "其他", "text": "千步金沙", "head": "GA009n0008_p0453a07"}, {"level": "4", "n": "", "type": "其他", "text": "蓮洋午渡", "head": "GA009n0008_p0454a02"}, {"level": "4", "n": "", "type": "其他", "text": "洛伽燈火", "head": "GA009n0008_p0454a05"}, {"level": "4", "n": "", "type": "其他", "text": "香爐翠靄", "head": "GA009n0008_p0454a08"}, {"level": "4", "n": "", "type": "其他", "text": "鉢盂鴻灝", "head": "GA009n0008_p0455a03"}, {"level": "4", "n": "", "type": "其他", "text": "靜室茶烟", "head": "GA009n0008_p0455a06"}, {"level": "3", "n": "", "type": "其他", "text": "遊補陀山寺", "head": "GA009n0008_p0456a01"}, {"level": "3", "n": "", "type": "其他", "text": "題洛伽", "head": "GA009n0008_p0456a06"}, {"level": "3", "n": "", "type": "其他", "text": "題洛伽", "head": "GA009n0008_p0457a03"}, {"level": "3", "n": "", "type": "其他", "text": "題補陀", "head": "GA009n0008_p0457a08"}, {"level": "3", "n": "", "type": "其他", "text": "題洛伽", "head": "GA009n0008_p0458a05"}, {"level": "3", "n": "", "type": "其他", "text": "題洛伽", "head": "GA009n0008_p0459a02"}, {"level": "3", "n": "", "type": "其他", "text": "遊補陀", "head": "GA009n0008_p0459a07"}, {"level": "3", "n": "", "type": "其他", "text": "題洛伽", "head": "GA009n0008_p0460a04"}, {"level": "3", "n": "", "type": "其他", "text": "再守茲土重登普陀", "head": "GA009n0008_p0461a01"}, {"level": "3", "n": "", "type": "其他", "text": "渡蓮,洋", "head": "GA009n0008_p0461a07"}, {"level": "3", "n": "", "type": "其他", "text": "題洛伽", "head": "GA009n0008_p0462a03"}, {"level": "3", "n": "", "type": "其他", "text": "春日,補陀洛伽山", "head": "GA009n0008_p0462a06"}, {"level": "3", "n": "", "type": "其他", "text": "逰補陀", "head": "GA009n0008_p0463a04"}, {"level": "3", "n": "", "type": "其他", "text": "逰補陀", "head": "GA009n0008_p0464a06"}, {"level": "3", "n": "", "type": "其他", "text": "寄題補陀", "head": "GA009n0008_p0465a03"}, {"level": "3", "n": "", "type": "其他", "text": "逰補陀", "head": "GA009n0008_p0465a08"}, {"level": "3", "n": "", "type": "其他", "text": "今上敕賜護國鎮海禪寺奉題一首", "head": "GA009n0008_p0466a04"}, {"level": "3", "n": "", "type": "其他", "text": "題補陀（四首）", "head": "GA009n0008_p0467a02"}, {"level": "3", "n": "", "type": "其他", "text": "題普陀", "head": "GA009n0008_p0469a07"}, {"level": "3", "n": "", "type": "其他", "text": "逰普陀長律八韻", "head": "GA009n0008_p0471a01"}, {"level": "3", "n": "", "type": "其他", "text": "題補陀洛伽山（一首）", "head": "GA009n0008_p0472a03"}, {"level": "3", "n": "", "type": "其他", "text": "咏洛伽", "head": "GA009n0008_p0473a01"}, {"level": "3", "n": "", "type": "其他", "text": "謁補陀", "head": "GA009n0008_p0473a06"}, {"level": "3", "n": "", "type": "其他", "text": "渡海", "head": "GA009n0008_p0474a04"}, {"level": "3", "n": "", "type": "其他", "text": "禮洛伽山大士遍閱大海諸勝（八首）", "head": "GA009n0008_p0475a01"}, {"level": "3", "n": "", "type": "其他", "text": "登白華山曲徑靜憩", "head": "GA009n0008_p0480a02"}, {"level": "3", "n": "", "type": "其他", "text": "初至普陀即景（二首）", "head": "GA009n0008_p0480a07"}, {"level": "3", "n": "", "type": "其他", "text": "遊磐陀歸遇雨", "head": "GA009n0008_p0482a02"}, {"level": "3", "n": "", "type": "其他", "text": "雨中尋普陀諸勝", "head": "GA009n0008_p0482a06"}, {"level": "3", "n": "", "type": "其他", "text": "朝陽庵", "head": "GA009n0008_p0483a03"}, {"level": "3", "n": "", "type": "其他", "text": "晚晴見月偶述", "head": "GA009n0008_p0483a07"}, {"level": "3", "n": "", "type": "其他", "text": "望海", "head": "GA009n0008_p0484a04"}, {"level": "3", "n": "", "type": "其他", "text": "潮音洞", "head": "GA009n0008_p0485a06"}, {"level": "3", "n": "", "type": "其他", "text": "育恩院山石竒勝當為普陀諸靜室之冠", "head": "GA009n0008_p0486a01"}, {"level": "3", "n": "", "type": "其他", "text": "題普陀（三首）", "head": "GA009n0008_p0487a04"}, {"level": "3", "n": "", "type": "其他", "text": "無邉禪師避靜磐陀石下以詩為贈", "head": "GA009n0008_p0489a03"}, {"level": "3", "n": "", "type": "其他", "text": "過禮補陀", "head": "GA009n0008_p0490a01"}, {"level": "3", "n": "", "type": "其他", "text": "舟過補陀", "head": "GA009n0008_p0490a06"}, {"level": "3", "n": "", "type": "其他", "text": "補陀十二詠", "head": "GA009n0008_p0491a03"}, {"level": "4", "n": "", "type": "其他", "text": "梅灣春暁", "head": "GA009n0008_p0491a04"}, {"level": "4", "n": "", "type": "其他", "text": "茶山宿霧", "head": "GA009n0008_p0491a07"}, {"level": "4", "n": "", "type": "其他", "text": "古洞潮音", "head": "GA009n0008_p0492a02"}, {"level": "4", "n": "", "type": "其他", "text": "龜潭寒碧", "head": "GA009n0008_p0492a05"}, {"level": "4", "n": "", "type": "其他", "text": "天門清梵", "head": "GA009n0008_p0492a08"}, {"level": "4", "n": "", "type": "其他", "text": "磐陀暁日", "head": "GA009n0008_p0493a03"}, {"level": "4", "n": "", "type": "其他", "text": "千步金沙", "head": "GA009n0008_p0493a06"}, {"level": "4", "n": "", "type": "其他", "text": "蓮洋午渡", "head": "GA009n0008_p0494a01"}, {"level": "4", "n": "", "type": "其他", "text": "香爐晴靄", "head": "GA009n0008_p0494a04"}, {"level": "4", "n": "", "type": "其他", "text": "鉢盂鴻灝", "head": "GA009n0008_p0494a07"}, {"level": "4", "n": "", "type": "其他", "text": "洛伽燈火", "head": "GA009n0008_p0495a02"}, {"level": "4", "n": "", "type": "其他", "text": "淨室茶烟", "head": "GA009n0008_p0495a05"}, {"level": "3", "n": "", "type": "其他", "text": "逰磐陀菴登,頭石之作", "head": "GA009n0008_p0495a08"}, {"level": "2", "n": "", "type": "其他", "text": "詩,二", "head": "GA009n0008_p0497a03"}, {"level": "3", "n": "", "type": "其他", "text": "送僧禮普陀", "head": "GA009n0008_p0497a04"}, {"level": "3", "n": "", "type": "其他", "text": "贈補陀僧", "head": "GA009n0008_p0497a07"}, {"level": "3", "n": "", "type": "其他", "text": "贈一乗上人", "head": "GA009n0008_p0498a04"}, {"level": "3", "n": "", "type": "其他", "text": "贈大智師", "head": "GA009n0008_p0498a07"}, {"level": "3", "n": "", "type": "其他", "text": "贈大智師", "head": "GA009n0008_p0499a03"}, {"level": "3", "n": "", "type": "其他", "text": "贈南海翠崖師", "head": "GA009n0008_p0499a07"}, {"level": "3", "n": "", "type": "其他", "text": "補陀僧真語應詔入京受賜還山謁予鄂渚兼致緯真儀部書賦此為贈", "head": "GA009n0008_p0500a02"}, {"level": "3", "n": "", "type": "其他", "text": "送無用法師禮五臺歌", "head": "GA009n0008_p0501a01"}, {"level": "3", "n": "", "type": "其他", "text": "過海潮贈大智禪師", "head": "GA009n0008_p0506a03"}, {"level": "3", "n": "", "type": "其他", "text": "竹菴師住持補陀賦贈", "head": "GA009n0008_p0507a01"}, {"level": "3", "n": "", "type": "其他", "text": "寂菴上人歸補陀以二詩送之", "head": "GA009n0008_p0507a07"}, {"level": "3", "n": "", "type": "其他", "text": "寂菴法師新膺常住寄贈（一首）", "head": "GA009n0008_p0509a02"}, {"level": "3", "n": "", "type": "其他", "text": "送廓哉上人歸普陀", "head": "GA009n0008_p0509a08"}, {"level": "3", "n": "", "type": "其他", "text": "贈竹菴師住補陀", "head": "GA009n0008_p0510a06"}, {"level": "3", "n": "", "type": "其他", "text": "送烱侍者禮普陀", "head": "GA009n0008_p0511a02"}, {"level": "3", "n": "", "type": "其他", "text": "竹菴上人自　闕還山賦贈", "head": "GA009n0008_p0511a05"}, {"level": "3", "n": "", "type": "其他", "text": "贈敏菴上人", "head": "GA009n0008_p0512a02"}, {"level": "3", "n": "", "type": "其他", "text": "江夏逢竹菴上人還補陀贈以四偈", "head": "GA009n0008_p0512a05"}, {"level": "3", "n": "", "type": "其他", "text": "送忠公自楚禮普陀", "head": "GA009n0008_p0514a02"}, {"level": "3", "n": "", "type": "其他", "text": "贈遜吾上人", "head": "GA009n0008_p0514a07"}, {"level": "3", "n": "", "type": "其他", "text": "贈遜吾上人", "head": "GA009n0008_p0515a03"}, {"level": "3", "n": "", "type": "其他", "text": "禮南海過無用師靜室", "head": "GA009n0008_p0515a06"}, {"level": "3", "n": "", "type": "其他", "text": "贈翠崖上人", "head": "GA009n0008_p0516a08"}, {"level": "3", "n": "", "type": "其他", "text": "贈僧遜吾詣闕還", "head": "GA009n0008_p0517a05"}, {"level": "3", "n": "", "type": "其他", "text": "秋日送昱光上人還歸南海", "head": "GA009n0008_p0518a01"}, {"level": "3", "n": "", "type": "其他", "text": "贈守拙上人", "head": "GA009n0008_p0518a06"}, {"level": "3", "n": "", "type": "其他", "text": "贈遜吾上人", "head": "GA009n0008_p0519a03"}, {"level": "3", "n": "", "type": "其他", "text": "贈寂菴法師", "head": "GA009n0008_p0519a06"}, {"level": "3", "n": "", "type": "其他", "text": "一瓢行贈海潮玉田上人行脚", "head": "GA009n0008_p0520a02"}, {"level": "3", "n": "", "type": "其他", "text": "廓哉上人陪遊補陀", "head": "GA009n0008_p0521a03"}, {"level": "3", "n": "", "type": "其他", "text": "送了然上人歸補陀", "head": "GA009n0008_p0521a07"}, {"level": "3", "n": "", "type": "其他", "text": "補陀潤渠昱光二上人行脚之燕訪余邸舍遂禮五臺賦此送之", "head": "GA009n0008_p0522a03"}, {"level": "3", "n": "", "type": "其他", "text": "贈萬容上人", "head": "GA009n0008_p0523a02"}, {"level": "3", "n": "", "type": "其他", "text": "贈三藏上人", "head": "GA009n0008_p0523a05"}, {"level": "3", "n": "", "type": "其他", "text": "送補陀潤渠師自長安禮五臺", "head": "GA009n0008_p0523a08"}, {"level": "3", "n": "", "type": "其他", "text": "贈守拙上人", "head": "GA009n0008_p0525a02"}, {"level": "3", "n": "", "type": "其他", "text": "昱光道兄禮五臺還南海為歌贈之", "head": "GA009n0008_p0525a07"}, {"level": "3", "n": "", "type": "其他", "text": "贈無邊上人", "head": "GA009n0008_p0527a01"}, {"level": "3", "n": "", "type": "其他", "text": "贈大乘上人", "head": "GA009n0008_p0527a04"}, {"level": "3", "n": "", "type": "其他", "text": "本行上人", "head": "GA009n0008_p0527a07"}, {"level": "3", "n": "", "type": "其他", "text": "寄萬容上人", "head": "GA009n0008_p0528a02"}, {"level": "3", "n": "", "type": "其他", "text": "三藏上人", "head": "GA009n0008_p0528a05"}, {"level": "3", "n": "", "type": "其他", "text": "贈昱光上人", "head": "GA009n0008_p0528a08"}, {"level": "3", "n": "", "type": "其他", "text": "無邊上人讃", "head": "GA009n0008_p0529a03"}, {"level": "3", "n": "", "type": "其他", "text": "贈大乘上人", "head": "GA009n0008_p0529a06"}, {"level": "3", "n": "", "type": "其他", "text": "送千如法師之補陀山", "head": "GA009n0008_p0530a01"}, {"level": "3", "n": "", "type": "其他", "text": "過普陀晤潤田諸兄作", "head": "GA009n0008_p0530a06"}, {"level": "3", "n": "", "type": "其他", "text": "潤渠法友禮五臺歸南海賦此贈之", "head": "GA009n0008_p0531a03"}, {"level": "3", "n": "", "type": "其他", "text": "春日歸普陀", "head": "GA009n0008_p0532a05"}, {"level": "3", "n": "", "type": "其他", "text": "同秘藏、休遠、慧舟禮南海", "head": "GA009n0008_p0533a02"}, {"level": "3", "n": "", "type": "其他", "text": "昱光上人自南海來清凉將圖南別賦此送之", "head": "GA009n0008_p0533a08"}, {"level": "3", "n": "", "type": "其他", "text": "贈玉峯上人", "head": "GA009n0008_p0534a06"}, {"level": "3", "n": "", "type": "其他", "text": "贈勝林法侣", "head": "GA009n0008_p0535a01"}, {"level": "3", "n": "", "type": "其他", "text": "補陀歌為勝林上人賦", "head": "GA009n0008_p0535a04"}, {"level": "3", "n": "", "type": "其他", "text": "同充菴師禮南海", "head": "GA009n0008_p0536a04"}, {"level": "3", "n": "", "type": "其他", "text": "贈大智師", "head": "GA009n0008_p0536a08"}, {"level": "3", "n": "", "type": "其他", "text": "贈守拙師", "head": "GA009n0008_p0537a05"}, {"level": "3", "n": "", "type": "其他", "text": "補陀贈素明上人", "head": "GA009n0008_p0538a04"}, {"level": "3", "n": "", "type": "其他", "text": "贈補陀元初上人", "head": "GA009n0008_p0539a01"}, {"level": "3", "n": "", "type": "其他", "text": "禮補陀訪守拙師", "head": "GA009n0008_p0539a05"}, {"level": "3", "n": "", "type": "其他", "text": "贈,界上人", "head": "GA009n0008_p0540a02"}, {"level": "3", "n": "", "type": "其他", "text": "守拙上人兼董補陀志成率爾為贈", "head": "GA009n0008_p0540a05"}, {"level": "3", "n": "", "type": "其他", "text": "題補陀并贈守拙上人", "head": "GA009n0008_p0541a02"}, {"level": "3", "n": "", "type": "其他", "text": "贈普光上人（二首）", "head": "GA009n0008_p0543a07"}, {"level": "3", "n": "", "type": "其他", "text": "贈守拙師", "head": "GA009n0008_p0544a05"}, {"level": "3", "n": "", "type": "其他", "text": "無窮上人索贈言示,二偈", "head": "GA009n0008_p0545a06"}, {"level": "3", "n": "", "type": "其他", "text": "贈竒峰上人", "head": "GA009n0008_p0546a04"}, {"level": "3", "n": "", "type": "其他", "text": "贈補陀山無邉上人", "head": "GA009n0008_p0547a01"}, {"level": "3", "n": "", "type": "其他", "text": "贈太空上人募塑諸大士像", "head": "GA009n0008_p0547a07"}, {"level": "3", "n": "", "type": "其他", "text": "初到普陀偕奇峰素明上人閱慈雲石次周君衡韻", "head": "GA009n0008_p0548a05"}, {"level": "3", "n": "", "type": "其他", "text": "遊白華山菴精舍為昱光上人題", "head": "GA009n0008_p0549a02"}, {"level": "3", "n": "", "type": "其他", "text": "將歸仍赴昱光精舍偕竒峰素明大願諸上人一齋而別", "head": "GA009n0008_p0549a06"}, {"level": "3", "n": "", "type": "其他", "text": "贈玉峰上人", "head": "GA009n0008_p0550a04"}, {"level": "3", "n": "", "type": "其他", "text": "題白華菴贈昱光禪師（一首）", "head": "GA009n0008_p0550a08"}, {"level": "3", "n": "", "type": "其他", "text": "贈白華菴昱光禪師", "head": "GA009n0008_p0552a03"}, {"level": "3", "n": "", "type": "其他", "text": "逰白華庵贈朗徹禪兄（二首）", "head": "GA009n0008_p0552a08"}, {"level": "4", "n": "", "type": "其他", "text": "別白華菴朗公後阻風蓮花洋却寄", "head": "GA009n0008_p0554a02"}, {"level": "3", "n": "", "type": "其他", "text": "寄題洛伽", "head": "GA009n0008_p0554a07"}, {"level": "3", "n": "", "type": "其他", "text": "寄贈昱光禪師", "head": "GA009n0008_p0555a05"}, {"level": "3", "n": "", "type": "其他", "text": "白華庵方丈落成贈朗徹上人", "head": "GA009n0008_p0556a01"}, {"level": "3", "n": "", "type": "其他", "text": "白華菴贈朗徹上人", "head": "GA009n0008_p0557a01"}, {"level": "3", "n": "", "type": "其他", "text": "題洛伽山（二首）", "head": "GA009n0008_p0557a07"}, {"level": "3", "n": "", "type": "其他", "text": "宿白華菴訪贈朗徹禪師", "head": "GA009n0008_p0559a01"}, {"level": "3", "n": "", "type": "其他", "text": "法華洞", "head": "GA009n0008_p0559a07"}, {"level": "3", "n": "", "type": "其他", "text": "題十二景", "head": "GA009n0008_p0560a03"}, {"level": "4", "n": "", "type": "其他", "text": "梅湾春暁", "head": "GA009n0008_p0560a04"}, {"level": "4", "n": "", "type": "其他", "text": "茶山夙霧", "head": "GA009n0008_p0560a08"}, {"level": "4", "n": "", "type": "其他", "text": "古洞潮音", "head": "GA009n0008_p0561a03"}, {"level": "4", "n": "", "type": "其他", "text": "龜潭寒碧", "head": "GA009n0008_p0561a06"}, {"level": "4", "n": "", "type": "其他", "text": "天門清梵", "head": "GA009n0008_p0562a01"}, {"level": "4", "n": "", "type": "其他", "text": "磐陀暁日", "head": "GA009n0008_p0562a04"}, {"level": "4", "n": "", "type": "其他", "text": "千步金沙", "head": "GA009n0008_p0562a07"}, {"level": "4", "n": "", "type": "其他", "text": "蓮洋午渡", "head": "GA009n0008_p0563a02"}, {"level": "4", "n": "", "type": "其他", "text": "香爐翠靄", "head": "GA009n0008_p0563a05"}, {"level": "4", "n": "", "type": "其他", "text": "鉢盂鴻灝", "head": "GA009n0008_p0563a08"}, {"level": "4", "n": "", "type": "其他", "text": "洛伽燈火", "head": "GA009n0008_p0564a03"}, {"level": "4", "n": "", "type": "其他", "text": "靜室茶烟", "head": "GA009n0008_p0564a06"}, {"level": "3", "n": "", "type": "其他", "text": "梅灣春暁", "head": "GA009n0008_p0565a01"}, {"level": "3", "n": "", "type": "其他", "text": "茶山夙霧", "head": "GA009n0008_p0565a04"}, {"level": "3", "n": "", "type": "其他", "text": "古洞潮音", "head": "GA009n0008_p0565a07"}, {"level": "3", "n": "", "type": "其他", "text": "龜潭寒碧", "head": "GA009n0008_p0566a02"}, {"level": "3", "n": "", "type": "其他", "text": "天門清梵", "head": "GA009n0008_p0566a05"}, {"level": "3", "n": "", "type": "其他", "text": "磐陀暁日", "head": "GA009n0008_p0566a08"}, {"level": "3", "n": "", "type": "其他", "text": "千步金沙", "head": "GA009n0008_p0567a03"}, {"level": "3", "n": "", "type": "其他", "text": "蓮洋午渡", "head": "GA009n0008_p0567a06"}, {"level": "3", "n": "", "type": "其他", "text": "香鑪翠靄", "head": "GA009n0008_p0568a01"}, {"level": "3", "n": "", "type": "其他", "text": "鉢盂鴻灝", "head": "GA009n0008_p0568a04"}, {"level": "3", "n": "", "type": "其他", "text": "洛伽燈火", "head": "GA009n0008_p0568a07"}, {"level": "3", "n": "", "type": "其他", "text": "靜室茶烟", "head": "GA009n0008_p0569a02"}, {"level": "3", "n": "", "type": "其他", "text": "題補陀（四首）", "head": "GA009n0008_p0569a05"}, {"level": "3", "n": "", "type": "其他", "text": "寄題補陀", "head": "GA009n0008_p0572a01"}, {"level": "3", "n": "", "type": "其他", "text": "禮普陀", "head": "GA009n0008_p0572a06"}, {"level": "3", "n": "", "type": "其他", "text": "禮補陀", "head": "GA009n0008_p0573a03"}, {"level": "3", "n": "", "type": "其他", "text": "贈守拙上人（二首）", "head": "GA009n0008_p0573a08"}, {"level": "3", "n": "", "type": "其他", "text": "贈守拙師", "head": "GA009n0008_p0574a06"}, {"level": "3", "n": "", "type": "其他", "text": "送昱光上人歸南海", "head": "GA009n0008_p0575a08"}, {"level": "3", "n": "", "type": "其他", "text": "普陀山寺鼎新住持迥公爰拜左善世之命　　賦此為贈", "head": "GA009n0008_p0576a05"}, {"level": "3", "n": "", "type": "其他", "text": "贈寂菴上人", "head": "GA009n0008_p0577a04"}, {"level": "3", "n": "", "type": "其他", "text": "妙用禪師西竺庵重題賦贈", "head": "GA009n0008_p0578a02"}]