[{"n": "1", "fun": "open", "head": "GA011n0010_p0073a01"}, {"n": "2", "fun": "open", "head": "GA011n0010_p0085a01"}, {"n": "3", "fun": "open", "head": "GA011n0010_p0147a01"}, {"n": "4", "fun": "open", "head": "GA011n0010_p0193a01"}, {"n": "4", "fun": "open", "head": "GA011n0010_p0233a01"}, {"n": "5", "fun": "open", "head": "GA011n0010_p0303a01"}, {"n": "6", "fun": "open", "head": "GA011n0010_p0317a01"}, {"n": "7", "fun": "open", "head": "GA011n0010_p0333a01"}, {"n": "8", "fun": "open", "head": "GA011n0010_p0361a01"}, {"n": "8", "fun": "open", "head": "GA011n0010_p0377a01"}]