[{"n": "1", "fun": "open", "head": "GA011n0010_p0073a01", "title": "明州阿育王山志卷第一"}, {"n": "2", "fun": "open", "head": "GA011n0010_p0085a01", "title": "明州阿育王山志卷第二"}, {"n": "3", "fun": "open", "head": "GA011n0010_p0147a01", "title": "明州阿育王山志卷第三"}, {"n": "4", "fun": "open", "head": "GA011n0010_p0193a01", "title": "明州阿育王山志卷第四"}, {"n": "4", "fun": "open", "head": "GA011n0010_p0233a01", "title": "明州阿育王山志卷第四下"}, {"n": "5", "fun": "open", "head": "GA011n0010_p0303a01", "title": "明州阿育王山志卷第五"}, {"n": "6", "fun": "open", "head": "GA011n0010_p0317a01", "title": "明州阿育王山志卷第六"}, {"n": "7", "fun": "open", "head": "GA011n0010_p0333a01", "title": "明州阿育王山志卷第七"}, {"n": "8", "fun": "open", "head": "GA011n0010_p0361a01", "title": "明州阿育王山志卷第八"}, {"n": "8", "fun": "open", "head": "GA011n0010_p0377a01", "title": "明州阿育王山志卷第八下"}]