[{"n": "1", "fun": "open", "head": "GA022n0020_p0055a01", "title": "龍井見聞錄卷一"}, {"n": "1", "fun": "close", "head": "GA022n0020_p0092a08", "title": "龍井見聞錄卷一"}, {"n": "2", "fun": "open", "head": "GA022n0020_p0093a01", "title": "龍井見聞錄卷二"}, {"n": "2", "fun": "close", "head": "GA022n0020_p0118a08", "title": "龍井見聞錄卷二"}, {"n": "3", "fun": "open", "head": "GA022n0020_p0119a01", "title": "龍井見聞錄卷三"}, {"n": "3", "fun": "close", "head": "GA022n0020_p0146a08", "title": "龍井見聞錄卷三"}, {"n": "4", "fun": "open", "head": "GA022n0020_p0147a01", "title": "龍井見聞錄卷四"}, {"n": "4", "fun": "close", "head": "GA022n0020_p0184a08", "title": "龍井見聞錄卷四"}, {"n": "5", "fun": "open", "head": "GA022n0020_p0185a01", "title": "龍井見聞錄卷五"}, {"n": "5", "fun": "close", "head": "GA022n0020_p0200a08", "title": "龍井見聞錄卷五"}, {"n": "6", "fun": "open", "head": "GA022n0020_p0201a01", "title": "龍井見聞錄卷六"}, {"n": "6", "fun": "close", "head": "GA022n0020_p0230a08", "title": "龍井見聞錄卷六"}, {"n": "7", "fun": "open", "head": "GA022n0020_p0231a01", "title": "龍井見聞錄卷七"}, {"n": "7", "fun": "close", "head": "GA022n0020_p0278a08", "title": "龍井見聞錄卷七"}, {"n": "8", "fun": "open", "head": "GA022n0020_p0279a01", "title": "龍井見聞錄卷八"}, {"n": "8", "fun": "close", "head": "GA022n0020_p0348a08", "title": "龍井見聞錄卷八"}, {"n": "9", "fun": "open", "head": "GA022n0020_p0349a01", "title": "龍井見聞錄卷九"}, {"n": "9", "fun": "close", "head": "GA022n0020_p0390a08", "title": "龍井見聞錄卷九"}, {"n": "10", "fun": "open", "head": "GA022n0020_p0391a01", "title": "龍井見聞錄卷十"}, {"n": "10", "fun": "close", "head": "GA022n0020_p0448a08", "title": "龍井見聞錄卷十"}, {"n": "11", "fun": "open", "head": "GA022n0020_p0461a01", "title": "附：宋僧元淨外傳"}, {"n": "", "fun": "close", "head": "GA022n0020_p0488a08", "title": "附宋僧元淨外傳卷上"}, {"n": "12", "fun": "open", "head": "GA022n0020_p0489a01", "title": "附：宋僧元淨外傳"}, {"n": "", "fun": "close", "head": "GA022n0020_p0522a08", "title": "附宋僧元淨外傳卷下"}]