[{"level": "1", "n": "", "type": "其他", "text": "錄文六", "head": "ZW09n0073f_p0104a02"}, {"level": "2", "n": "", "type": "序", "text": "梁朝傅大士頌金剛經序", "head": "ZW09n0073f_p0104a04"}, {"level": "2", "n": "", "type": "其他", "text": "淨口業真言", "head": "ZW09n0073f_p0105a05"}, {"level": "2", "n": "", "type": "其他", "text": "虛空藏菩薩普供養真言", "head": "ZW09n0073f_p0105a07"}, {"level": "2", "n": "", "type": "其他", "text": "奉請八金剛", "head": "ZW09n0073f_p0105a09"}, {"level": "2", "n": "", "type": "其他", "text": "奉請四菩薩", "head": "ZW09n0073f_p0105a18"}, {"level": "2", "n": "", "type": "其他", "text": "隨文讚頌", "head": "ZW09n0073f_p0106a01"}, {"level": "2", "n": "", "type": "其他", "text": "大身真言", "head": "ZW09n0073f_p0130a07"}, {"level": "2", "n": "", "type": "其他", "text": "隨心真言", "head": "ZW09n0073f_p0130a10"}, {"level": "2", "n": "", "type": "其他", "text": "心中心真言", "head": "ZW09n0073f_p0130a13"}]