[{"level": "1", "n": "", "type": "其他", "text": "錄文八", "head": "ZW09n0073h_p0166a01"}, {"level": "2", "n": "", "type": "其他", "text": "梁朝傅大士夾頌金剛經", "head": "ZW09n0073h_p0166a03"}, {"level": "2", "n": "", "type": "其他", "text": "淨口業真言", "head": "ZW09n0073h_p0166a22"}, {"level": "2", "n": "", "type": "其他", "text": "安土地真言", "head": "ZW09n0073h_p0166a24"}, {"level": "2", "n": "", "type": "其他", "text": "虛空藏菩薩普供養真言", "head": "ZW09n0073h_p0166a27"}, {"level": "2", "n": "", "type": "其他", "text": "奉請八金剛", "head": "ZW09n0073h_p0167a01"}, {"level": "2", "n": "", "type": "其他", "text": "奉請四菩薩", "head": "ZW09n0073h_p0167a10"}, {"level": "2", "n": "", "type": "其他", "text": "發願文", "head": "ZW09n0073h_p0167a15"}, {"level": "2", "n": "", "type": "其他", "text": "持經梵音", "head": "ZW09n0073h_p0167a21"}, {"level": "2", "n": "", "type": "其他", "text": "隨文讚頌", "head": "ZW09n0073h_p0168a01"}, {"level": "3", "n": "", "type": "其他", "text": "法會因由分第一", "head": "ZW09n0073h_p0168a03"}, {"level": "3", "n": "", "type": "其他", "text": "善現啟請分第二", "head": "ZW09n0073h_p0168a15"}, {"level": "3", "n": "", "type": "其他", "text": "大乘正宗分第三", "head": "ZW09n0073h_p0169a04"}, {"level": "3", "n": "", "type": "其他", "text": "妙行無住分第四", "head": "ZW09n0073h_p0169a19"}, {"level": "3", "n": "", "type": "其他", "text": "如理實見分第五", "head": "ZW09n0073h_p0171a25"}, {"level": "3", "n": "", "type": "其他", "text": "正信希有分第六", "head": "ZW09n0073h_p0172a09"}, {"level": "3", "n": "", "type": "其他", "text": "無得無說分第七", "head": "ZW09n0073h_p0174a01"}, {"level": "3", "n": "", "type": "其他", "text": "依法出生分第八", "head": "ZW09n0073h_p0174a21"}, {"level": "3", "n": "", "type": "其他", "text": "一切無相分第九", "head": "ZW09n0073h_p0175a08"}, {"level": "3", "n": "", "type": "其他", "text": "莊嚴淨土分第十", "head": "ZW09n0073h_p0176a12"}, {"level": "3", "n": "", "type": "其他", "text": "無為福勝分第十一", "head": "ZW09n0073h_p0177a17"}, {"level": "3", "n": "", "type": "其他", "text": "尊重正教分第十二", "head": "ZW09n0073h_p0178a05"}, {"level": "3", "n": "", "type": "其他", "text": "如法受持分第十三", "head": "ZW09n0073h_p0178a18"}, {"level": "3", "n": "", "type": "其他", "text": "離相寂滅分第十四", "head": "ZW09n0073h_p0180a04"}, {"level": "3", "n": "", "type": "其他", "text": "持經功德分第十五", "head": "ZW09n0073h_p0183a13"}, {"level": "3", "n": "", "type": "其他", "text": "能淨業障分第十六", "head": "ZW09n0073h_p0184a14"}, {"level": "3", "n": "", "type": "其他", "text": "究竟無我分第十七", "head": "ZW09n0073h_p0185a05"}, {"level": "3", "n": "", "type": "其他", "text": "一體同觀分第十八", "head": "ZW09n0073h_p0186a21"}, {"level": "3", "n": "", "type": "其他", "text": "法界通化分第十九", "head": "ZW09n0073h_p0187a22"}, {"level": "3", "n": "", "type": "其他", "text": "離色離相分第二十", "head": "ZW09n0073h_p0188a07"}, {"level": "3", "n": "", "type": "其他", "text": "非說所說分第二十一", "head": "ZW09n0073h_p0188a21"}, {"level": "3", "n": "", "type": "其他", "text": "無法可得分第二十二", "head": "ZW09n0073h_p0189a11"}, {"level": "3", "n": "", "type": "其他", "text": "淨心行善分第二十三", "head": "ZW09n0073h_p0189a23"}, {"level": "3", "n": "", "type": "其他", "text": "福智無比分第二十四", "head": "ZW09n0073h_p0190a07"}, {"level": "3", "n": "", "type": "其他", "text": "化無所化分第二十五", "head": "ZW09n0073h_p0190a20"}, {"level": "3", "n": "", "type": "其他", "text": "法身非相分第二十六", "head": "ZW09n0073h_p0191a08"}, {"level": "3", "n": "", "type": "其他", "text": "無斷無滅分第二十七", "head": "ZW09n0073h_p0191a23"}, {"level": "3", "n": "", "type": "其他", "text": "不受不貪分第二十八", "head": "ZW09n0073h_p0192a09"}, {"level": "3", "n": "", "type": "其他", "text": "威儀寂靜分第二十九", "head": "ZW09n0073h_p0192a23"}, {"level": "3", "n": "", "type": "其他", "text": "一合理相分第三十", "head": "ZW09n0073h_p0193a08"}, {"level": "3", "n": "", "type": "其他", "text": "知見不生分第三十一", "head": "ZW09n0073h_p0193a25"}, {"level": "3", "n": "", "type": "其他", "text": "應化非真分第三十二", "head": "ZW09n0073h_p0194a14"}]