[{"level": "1", "n": "", "type": "序", "text": "序", "head": "T28n1548_p0525a03"}, {"level": "1", "n": "1", "type": "品", "text": "問分", "head": "T28n1548_p0525c06"}, {"level": "2", "n": "1", "type": "品", "text": "1 入品", "head": "T28n1548_p0525c06"}, {"level": "2", "n": "2", "type": "品", "text": "2 界品", "head": "T28n1548_p0534b10"}, {"level": "2", "n": "3", "type": "品", "text": "3 陰品", "head": "T28n1548_p0543a06"}, {"level": "2", "n": "4", "type": "品", "text": "4 四聖諦品", "head": "T28n1548_p0552c15"}, {"level": "2", "n": "5", "type": "品", "text": "5 根品", "head": "T28n1548_p0560a10"}, {"level": "2", "n": "6", "type": "品", "text": "6 七覺品", "head": "T28n1548_p0568a27"}, {"level": "2", "n": "7", "type": "品", "text": "7 不善根品", "head": "T28n1548_p0570a29"}, {"level": "2", "n": "8", "type": "品", "text": "8 善根品", "head": "T28n1548_p0571a15"}, {"level": "2", "n": "9", "type": "品", "text": "9 大品", "head": "T28n1548_p0572c16"}, {"level": "2", "n": "10", "type": "品", "text": "10 優婆塞品", "head": "T28n1548_p0573c09"}, {"level": "1", "n": "2", "type": "品", "text": "非問分", "head": "T28n1548_p0575b09"}, {"level": "2", "n": "1", "type": "品", "text": "1 界品", "head": "T28n1548_p0575b09"}, {"level": "2", "n": "2", "type": "品", "text": "2 業品", "head": "T28n1548_p0579b24"}, {"level": "2", "n": "3", "type": "品", "text": "3 人品", "head": "T28n1548_p0584c17"}, {"level": "2", "n": "4", "type": "品", "text": "4 智品", "head": "T28n1548_p0589c10"}, {"level": "3", "n": "", "type": "", "text": "1", "head": "T28n1548_p0589c10"}, {"level": "3", "n": "", "type": "", "text": "2", "head": "T28n1548_p0596b02"}, {"level": "3", "n": "", "type": "", "text": "3", "head": "T28n1548_p0600a03"}, {"level": "2", "n": "5", "type": "品", "text": "5 緣品", "head": "T28n1548_p0606a20"}, {"level": "2", "n": "6", "type": "品", "text": "6 念處品", "head": "T28n1548_p0612b27"}, {"level": "2", "n": "7", "type": "品", "text": "7 正勤品", "head": "T28n1548_p0616c08"}, {"level": "2", "n": "8", "type": "品", "text": "8 神足品", "head": "T28n1548_p0617a21"}, {"level": "2", "n": "9", "type": "品", "text": "9 禪品", "head": "T28n1548_p0619c26"}, {"level": "2", "n": "10", "type": "品", "text": "10 道品", "head": "T28n1548_p0625a06"}, {"level": "3", "n": "", "type": "", "text": "1", "head": "T28n1548_p0625a06"}, {"level": "3", "n": "", "type": "", "text": "2", "head": "T28n1548_p0631c21"}, {"level": "3", "n": "", "type": "", "text": "3", "head": "T28n1548_p0638c04"}, {"level": "2", "n": "11", "type": "品", "text": "11 煩惱品", "head": "T28n1548_p0646a09"}, {"level": "3", "n": "", "type": "", "text": "1", "head": "T28n1548_p0646a09"}, {"level": "3", "n": "", "type": "", "text": "2", "head": "T28n1548_p0650c17"}, {"level": "3", "n": "", "type": "", "text": "3", "head": "T28n1548_p0655b02"}, {"level": "1", "n": "3", "type": "品", "text": "攝相應分", "head": "T28n1548_p0661a17"}, {"level": "2", "n": "1", "type": "品", "text": "1 攝品", "head": "T28n1548_p0661a17"}, {"level": "3", "n": "", "type": "", "text": "1", "head": "T28n1548_p0661a17"}, {"level": "3", "n": "", "type": "", "text": "2", "head": "T28n1548_p0667b10"}, {"level": "2", "n": "2", "type": "品", "text": "2 相應品", "head": "T28n1548_p0671c06"}, {"level": "3", "n": "", "type": "", "text": "1", "head": "T28n1548_p0671c06"}, {"level": "3", "n": "", "type": "", "text": "2", "head": "T28n1548_p0674a02"}, {"level": "1", "n": "4", "type": "品", "text": "緒分", "head": "T28n1548_p0679b06"}, {"level": "2", "n": "1", "type": "品", "text": "1 遍品", "head": "T28n1548_p0679b06"}, {"level": "2", "n": "2", "type": "品", "text": "2 因品", "head": "T28n1548_p0687b18"}, {"level": "2", "n": "3", "type": "品", "text": "3 名色品", "head": "T28n1548_p0689a19"}, {"level": "2", "n": "4", "type": "品", "text": "4 假結品", "head": "T28n1548_p0690b01"}, {"level": "2", "n": "5", "type": "品", "text": "5 行品", "head": "T28n1548_p0694b11"}, {"level": "2", "n": "6", "type": "品", "text": "6 觸品", "head": "T28n1548_p0694c12"}, {"level": "2", "n": "7", "type": "品", "text": "7 假心品", "head": "T28n1548_p0697b17"}, {"level": "2", "n": "8", "type": "品", "text": "8 十不善業道品", "head": "T28n1548_p0700a12"}, {"level": "2", "n": "9", "type": "品", "text": "9 十善業道品", "head": "T28n1548_p0700c08"}, {"level": "2", "n": "10", "type": "品", "text": "10 定品", "head": "T28n1548_p0701b07"}]