[{"level": "1", "n": "1", "type": "品", "text": "序品", "head": "T28n1552_p0869c07"}, {"level": "1", "n": "2", "type": "品", "text": "1 界品", "head": "T28n1552_p0870b09"}, {"level": "1", "n": "3", "type": "品", "text": "2 行品", "head": "T28n1552_p0880c19"}, {"level": "1", "n": "4", "type": "品", "text": "3 業品", "head": "T28n1552_p0888a12"}, {"level": "1", "n": "5", "type": "品", "text": "4 使品", "head": "T28n1552_p0899c13"}, {"level": "1", "n": "6", "type": "品", "text": "5 賢聖品", "head": "T28n1552_p0907c23"}, {"level": "1", "n": "7", "type": "品", "text": "6 智品", "head": "T28n1552_p0916c07"}, {"level": "1", "n": "8", "type": "品", "text": "7 定品", "head": "T28n1552_p0923c26"}, {"level": "1", "n": "9", "type": "品", "text": "8 修多羅品", "head": "T28n1552_p0931b21"}, {"level": "1", "n": "10", "type": "品", "text": "9 雜品", "head": "T28n1552_p0942b23"}, {"level": "1", "n": "11", "type": "品", "text": "10 擇品", "head": "T28n1552_p0950b06"}, {"level": "1", "n": "12", "type": "品", "text": "11 論品", "head": "T28n1552_p0963c23"}]