[{"level": "1", "n": "", "type": "序", "text": "序", "head": "T28n1551_p0833b09"}, {"level": "1", "n": "1", "type": "品", "text": "1 界品", "head": "T28n1551_p0833c07"}, {"level": "1", "n": "2", "type": "品", "text": "2 行品", "head": "T28n1551_p0836b26"}, {"level": "1", "n": "4", "type": "品", "text": "3 業品", "head": "T28n1551_p0839c07"}, {"level": "1", "n": "5", "type": "品", "text": "4 使品", "head": "T28n1551_p0843c23"}, {"level": "1", "n": "6", "type": "品", "text": "5 賢聖品", "head": "T28n1551_p0848b17"}, {"level": "1", "n": "7", "type": "品", "text": "6 智品", "head": "T28n1551_p0852a23"}, {"level": "1", "n": "8", "type": "品", "text": "7 定品", "head": "T28n1551_p0855c29"}, {"level": "1", "n": "9", "type": "品", "text": "8 修多羅品", "head": "T28n1551_p0859c29"}, {"level": "1", "n": "10", "type": "品", "text": "9 雜品", "head": "T28n1551_p0865c06"}, {"level": "1", "n": "11", "type": "品", "text": "10 問論品", "head": "T28n1551_p0868c26"}]