[{"level": "1", "n": "", "type": "其他", "text": "卷首", "head": "GA021n0019_p0003a01"}, {"level": "2", "n": "", "type": "其他", "text": "李因培序", "head": "GA021n0019_p0003a01"}, {"level": "2", "n": "", "type": "其他", "text": "杭世駿序", "head": "GA021n0019_p0007a01"}, {"level": "2", "n": "", "type": "其他", "text": "實月序", "head": "GA021n0019_p0011a01"}, {"level": "2", "n": "", "type": "其他", "text": "寺圖", "head": "GA021n0019_p0015a01"}, {"level": "2", "n": "", "type": "其他", "text": "總目", "head": "GA021n0019_p0019a01"}, {"level": "1", "n": "", "type": "其他", "text": "恩寵", "head": "GA021n0019_p0021a02"}, {"level": "2", "n": "", "type": "其他", "text": "序", "head": "GA021n0019_p0021a03"}, {"level": "2", "n": "", "type": "其他", "text": "聖祖皇帝恩寵", "head": "GA021n0019_p0022a04"}, {"level": "2", "n": "", "type": "其他", "text": "世宗皇帝恩寵", "head": "GA021n0019_p0024a05"}, {"level": "3", "n": "", "type": "其他", "text": "御賜", "head": "GA021n0019_p0024a05"}, {"level": "3", "n": "", "type": "其他", "text": "諭旨", "head": "GA021n0019_p0025a08"}, {"level": "3", "n": "", "type": "其他", "text": "御製偈頌", "head": "GA021n0019_p0027a01"}, {"level": "3", "n": "", "type": "其他", "text": "御製傳讚", "head": "GA021n0019_p0027a08"}, {"level": "4", "n": "", "type": "其他", "text": "概述", "head": "GA021n0019_p0027a08"}, {"level": "4", "n": "", "type": "其他", "text": "僧肇", "head": "GA021n0019_p0028a01"}, {"level": "4", "n": "", "type": "其他", "text": "寶誌", "head": "GA021n0019_p0030a03"}, {"level": "4", "n": "", "type": "其他", "text": "慧思", "head": "GA021n0019_p0032a06"}, {"level": "4", "n": "", "type": "其他", "text": "元覺", "head": "GA021n0019_p0035a02"}, {"level": "4", "n": "", "type": "其他", "text": "慧忠", "head": "GA021n0019_p0036a08"}, {"level": "4", "n": "", "type": "其他", "text": "道一", "head": "GA021n0019_p0038a09"}, {"level": "4", "n": "", "type": "其他", "text": "希遷", "head": "GA021n0019_p0041a01"}, {"level": "4", "n": "", "type": "其他", "text": "惟儼", "head": "GA021n0019_p0043a05"}, {"level": "4", "n": "", "type": "其他", "text": "澄觀", "head": "GA021n0019_p0045a07"}, {"level": "4", "n": "", "type": "其他", "text": "寒山", "head": "GA021n0019_p0047a10"}, {"level": "4", "n": "", "type": "其他", "text": "拾得", "head": "GA021n0019_p0050a03"}, {"level": "4", "n": "", "type": "其他", "text": "希運", "head": "GA021n0019_p0052a05"}, {"level": "4", "n": "", "type": "其他", "text": "從諗", "head": "GA021n0019_p0054a07"}, {"level": "4", "n": "", "type": "其他", "text": "景岑", "head": "GA021n0019_p0056a04"}, {"level": "4", "n": "", "type": "其他", "text": "靈祐", "head": "GA021n0019_p0058a07"}, {"level": "4", "n": "", "type": "其他", "text": "義元", "head": "GA021n0019_p0060a08"}, {"level": "4", "n": "", "type": "其他", "text": "慧寂", "head": "GA021n0019_p0062a09"}, {"level": "4", "n": "", "type": "其他", "text": "良价", "head": "GA021n0019_p0065a04"}, {"level": "4", "n": "", "type": "其他", "text": "大同", "head": "GA021n0019_p0067a07"}, {"level": "4", "n": "", "type": "其他", "text": "本寂", "head": "GA021n0019_p0069a09"}, {"level": "4", "n": "", "type": "其他", "text": "師備", "head": "GA021n0019_p0071a10"}, {"level": "4", "n": "", "type": "其他", "text": "文偃", "head": "GA021n0019_p0074a02"}, {"level": "4", "n": "", "type": "其他", "text": "桂琛", "head": "GA021n0019_p0076a04"}, {"level": "4", "n": "", "type": "其他", "text": "文益", "head": "GA021n0019_p0078a06"}, {"level": "4", "n": "", "type": "其他", "text": "德韶", "head": "GA021n0019_p0081a01"}, {"level": "4", "n": "", "type": "其他", "text": "重顯", "head": "GA021n0019_p0083a03"}, {"level": "4", "n": "", "type": "其他", "text": "延壽", "head": "GA021n0019_p0085a05"}, {"level": "4", "n": "", "type": "其他", "text": "義懷", "head": "GA021n0019_p0088a02"}, {"level": "4", "n": "", "type": "其他", "text": "克勤", "head": "GA021n0019_p0090a03"}, {"level": "4", "n": "", "type": "其他", "text": "宏袾", "head": "GA021n0019_p0092a05"}, {"level": "4", "n": "", "type": "其他", "text": "通琇", "head": "GA021n0019_p0094a07"}, {"level": "4", "n": "", "type": "其他", "text": "行森", "head": "GA021n0019_p0096a09"}, {"level": "2", "n": "", "type": "其他", "text": "高宗皇帝恩寵", "head": "GA021n0019_p0099a05"}, {"level": "1", "n": "", "type": "其他", "text": "梵宇", "head": "GA021n0019_p0107a02"}, {"level": "2", "n": "", "type": "其他", "text": "序", "head": "GA021n0019_p0107a03"}, {"level": "2", "n": "", "type": "其他", "text": "敕建理安寺", "head": "GA021n0019_p0107a10"}, {"level": "2", "n": "", "type": "其他", "text": "附刑部尚書臣胡會恩敕建理安寺膳僧山田記", "head": "GA021n0019_p0111a06"}, {"level": "2", "n": "", "type": "其他", "text": "梵剎規制", "head": "GA021n0019_p0112a09"}, {"level": "3", "n": "", "type": "其他", "text": "概述", "head": "GA021n0019_p0112a09"}, {"level": "3", "n": "", "type": "其他", "text": "御碑亭", "head": "GA021n0019_p0113a01"}, {"level": "3", "n": "", "type": "其他", "text": "山門", "head": "GA021n0019_p0113a04"}, {"level": "3", "n": "", "type": "其他", "text": "彌勒殿", "head": "GA021n0019_p0113a05"}, {"level": "3", "n": "", "type": "其他", "text": "大雄寶殿", "head": "GA021n0019_p0113a09"}, {"level": "4", "n": "", "type": "其他", "text": "微笑堂額", "head": "GA021n0019_p0113a09"}, {"level": "4", "n": "", "type": "其他", "text": "孫儀：微笑堂詩", "head": "GA021n0019_p0114a09"}, {"level": "3", "n": "", "type": "其他", "text": "禪堂", "head": "GA021n0019_p0115a01"}, {"level": "3", "n": "", "type": "其他", "text": "法堂", "head": "GA021n0019_p0115a05"}, {"level": "3", "n": "", "type": "其他", "text": "藏樓", "head": "GA021n0019_p0116a09"}, {"level": "3", "n": "", "type": "其他", "text": "松巔閣", "head": "GA021n0019_p0117a05"}, {"level": "4", "n": "", "type": "其他", "text": "來機亦赴額", "head": "GA021n0019_p0117a05"}, {"level": "4", "n": "", "type": "其他", "text": "曹寅：松巔閣記", "head": "GA021n0019_p0117a10"}, {"level": "4", "n": "", "type": "其他", "text": "趙韓：登理安寺山閣望江詩", "head": "GA021n0019_p0119a03"}, {"level": "4", "n": "", "type": "其他", "text": "吳之鯨：松巔閣詩", "head": "GA021n0019_p0119a04"}, {"level": "4", "n": "", "type": "其他", "text": "蔣全昌：松巔閣詩", "head": "GA021n0019_p0119a05"}, {"level": "4", "n": "", "type": "其他", "text": "蔣泰濂：松閣待月詩", "head": "GA021n0019_p0119a06"}, {"level": "4", "n": "", "type": "其他", "text": "趙之翰：雪晴登閣詩", "head": "GA021n0019_p0119a07"}, {"level": "3", "n": "", "type": "其他", "text": "方丈", "head": "GA021n0019_p0119a09"}, {"level": "3", "n": "", "type": "其他", "text": "西方丈", "head": "GA021n0019_p0120a03"}, {"level": "3", "n": "", "type": "其他", "text": "伏虎堂", "head": "GA021n0019_p0120a05"}, {"level": "3", "n": "", "type": "其他", "text": "法雨堂", "head": "GA021n0019_p0120a06"}, {"level": "3", "n": "", "type": "其他", "text": "庫房", "head": "GA021n0019_p0120a07"}, {"level": "3", "n": "", "type": "其他", "text": "經書房", "head": "GA021n0019_p0120a08"}, {"level": "3", "n": "", "type": "其他", "text": "且住閣", "head": "GA021n0019_p0120a09"}, {"level": "4", "n": "", "type": "其他", "text": "概述", "head": "GA021n0019_p0120a09"}, {"level": "4", "n": "", "type": "其他", "text": "法雨大師：摩竭提窟且住菴銘并序", "head": "GA021n0019_p0121a02"}, {"level": "4", "n": "", "type": "其他", "text": "蔣全昌：登摩竭提窟詩", "head": "GA021n0019_p0121a06"}, {"level": "4", "n": "", "type": "其他", "text": "徐時泰：且住菴詩", "head": "GA021n0019_p0121a07"}, {"level": "4", "n": "", "type": "其他", "text": "魏,登：且住閣廢基詩", "head": "GA021n0019_p0121a08"}, {"level": "3", "n": "", "type": "其他", "text": "符夢閣", "head": "GA021n0019_p0121a10"}, {"level": "4", "n": "", "type": "其他", "text": "概述", "head": "GA021n0019_p0121a10"}, {"level": "4", "n": "", "type": "其他", "text": "法雨大師：符夢閣記", "head": "GA021n0019_p0122a02"}, {"level": "4", "n": "", "type": "其他", "text": "吳廷簡：察泉歌并序", "head": "GA021n0019_p0122a10"}, {"level": "4", "n": "", "type": "其他", "text": "蔣全昌：符夢閣詩", "head": "GA021n0019_p0123a03"}, {"level": "4", "n": "", "type": "其他", "text": "崔世召：上符夢閣詩", "head": "GA021n0019_p0123a04"}, {"level": "4", "n": "", "type": "其他", "text": "崔嵸：上符夢閣詩", "head": "GA021n0019_p0123a06"}, {"level": "3", "n": "", "type": "其他", "text": "煮雪齋", "head": "GA021n0019_p0123a08"}, {"level": "4", "n": "", "type": "其他", "text": "概述", "head": "GA021n0019_p0123a08"}, {"level": "4", "n": "", "type": "其他", "text": "卓爾昌：煮雪齋詩", "head": "GA021n0019_p0123a08"}, {"level": "3", "n": "", "type": "其他", "text": "掛衲齋", "head": "GA021n0019_p0123a09"}, {"level": "4", "n": "", "type": "其他", "text": "概述", "head": "GA021n0019_p0123a09"}, {"level": "4", "n": "", "type": "其他", "text": "蔣全昌：掛衲齋詩", "head": "GA021n0019_p0123a09"}, {"level": "3", "n": "", "type": "其他", "text": "齋堂", "head": "GA021n0019_p0124a01"}, {"level": "4", "n": "", "type": "其他", "text": "概述", "head": "GA021n0019_p0124a01"}, {"level": "4", "n": "", "type": "其他", "text": "法雨大師：齋堂銘", "head": "GA021n0019_p0124a02"}, {"level": "3", "n": "", "type": "其他", "text": "廚房", "head": "GA021n0019_p0124a05"}, {"level": "3", "n": "", "type": "其他", "text": "雜貯寮", "head": "GA021n0019_p0124a06"}, {"level": "3", "n": "", "type": "其他", "text": "茶房", "head": "GA021n0019_p0124a07"}, {"level": "3", "n": "", "type": "其他", "text": "旦過堂", "head": "GA021n0019_p0124a08"}, {"level": "3", "n": "", "type": "其他", "text": "首座寮", "head": "GA021n0019_p0124a09"}, {"level": "3", "n": "", "type": "其他", "text": "西堂寮", "head": "GA021n0019_p0124a10"}, {"level": "3", "n": "", "type": "其他", "text": "後堂寮", "head": "GA021n0019_p0125a01"}, {"level": "3", "n": "", "type": "其他", "text": "堂主寮", "head": "GA021n0019_p0125a02"}, {"level": "3", "n": "", "type": "其他", "text": "都監寮", "head": "GA021n0019_p0125a03"}, {"level": "3", "n": "", "type": "其他", "text": "監院寮", "head": "GA021n0019_p0125a04"}, {"level": "3", "n": "", "type": "其他", "text": "維那寮", "head": "GA021n0019_p0125a05"}, {"level": "3", "n": "", "type": "其他", "text": "書記寮", "head": "GA021n0019_p0125a06"}, {"level": "3", "n": "", "type": "其他", "text": "副寺寮", "head": "GA021n0019_p0125a07"}, {"level": "3", "n": "", "type": "其他", "text": "知藏寮", "head": "GA021n0019_p0125a08"}, {"level": "3", "n": "", "type": "其他", "text": "藏主寮", "head": "GA021n0019_p0125a09"}, {"level": "3", "n": "", "type": "其他", "text": "知客寮", "head": "GA021n0019_p0125a10"}, {"level": "3", "n": "", "type": "其他", "text": "參頭寮", "head": "GA021n0019_p0126a01"}, {"level": "3", "n": "", "type": "其他", "text": "監收寮", "head": "GA021n0019_p0126a02"}, {"level": "3", "n": "", "type": "其他", "text": "典座寮", "head": "GA021n0019_p0126a03"}, {"level": "3", "n": "", "type": "其他", "text": "值歲寮", "head": "GA021n0019_p0126a04"}, {"level": "3", "n": "", "type": "其他", "text": "山寮", "head": "GA021n0019_p0126a05"}, {"level": "3", "n": "", "type": "其他", "text": "浴堂淨所", "head": "GA021n0019_p0126a06"}, {"level": "3", "n": "", "type": "其他", "text": "青箬菴", "head": "GA021n0019_p0126a07"}, {"level": "4", "n": "", "type": "其他", "text": "概述", "head": "GA021n0019_p0126a07"}, {"level": "4", "n": "", "type": "其他", "text": "法雨大師：青箬菴詩二首", "head": "GA021n0019_p0126a07"}, {"level": "4", "n": "", "type": "其他", "text": "蔣全昌：青箬菴詩", "head": "GA021n0019_p0126a10"}, {"level": "3", "n": "", "type": "其他", "text": "布毛菴", "head": "GA021n0019_p0127a04"}, {"level": "4", "n": "", "type": "其他", "text": "概述", "head": "GA021n0019_p0127a04"}, {"level": "4", "n": "", "type": "其他", "text": "法雨大師偈", "head": "GA021n0019_p0127a04"}, {"level": "3", "n": "", "type": "其他", "text": "誦帚菴", "head": "GA021n0019_p0127a09"}, {"level": "4", "n": "", "type": "其他", "text": "概述", "head": "GA021n0019_p0127a09"}, {"level": "4", "n": "", "type": "其他", "text": "法雨大師偈", "head": "GA021n0019_p0127a09"}, {"level": "1", "n": "", "type": "其他", "text": "山水", "head": "GA021n0019_p0129a02"}, {"level": "2", "n": "", "type": "其他", "text": "序", "head": "GA021n0019_p0129a03"}, {"level": "2", "n": "", "type": "其他", "text": "楊梅嶺", "head": "GA021n0019_p0131a09"}, {"level": "3", "n": "", "type": "其他", "text": "概述", "head": "GA021n0019_p0131a10"}, {"level": "3", "n": "", "type": "其他", "text": "郭祥正：楊梅塢詩", "head": "GA021n0019_p0132a01"}, {"level": "3", "n": "", "type": "其他", "text": "張振孫：晚入楊梅塢途中詩", "head": "GA021n0019_p0132a02"}, {"level": "3", "n": "", "type": "其他", "text": "朱彝尊：楊梅塢詩", "head": "GA021n0019_p0132a03"}, {"level": "3", "n": "", "type": "其他", "text": "金志章：自楊梅塢循九溪、十八澗至理安寺詩二首", "head": "GA021n0019_p0132a04"}, {"level": "2", "n": "", "type": "其他", "text": "九溪", "head": "GA021n0019_p0132a07"}, {"level": "3", "n": "", "type": "其他", "text": "概述", "head": "GA021n0019_p0132a08"}, {"level": "3", "n": "", "type": "其他", "text": "周文璞：九溪十八澗詩", "head": "GA021n0019_p0132a08"}, {"level": "3", "n": "", "type": "其他", "text": "又：再遊九溪詩", "head": "GA021n0019_p0132a10"}, {"level": "3", "n": "", "type": "其他", "text": "張昱：九溪詩", "head": "GA021n0019_p0133a01"}, {"level": "3", "n": "", "type": "其他", "text": "朱彝尊：九溪詩", "head": "GA021n0019_p0133a02"}, {"level": "3", "n": "", "type": "其他", "text": "許承祖：九溪詩", "head": "GA021n0019_p0133a03"}, {"level": "2", "n": "", "type": "其他", "text": "九溪橋", "head": "GA021n0019_p0133a05"}, {"level": "3", "n": "", "type": "其他", "text": "概述", "head": "GA021n0019_p0133a06"}, {"level": "3", "n": "", "type": "其他", "text": "徐,翓：九溪橋詩", "head": "GA021n0019_p0133a07"}, {"level": "3", "n": "", "type": "其他", "text": "徐,翀：九溪橋詩", "head": "GA021n0019_p0133a07"}, {"level": "2", "n": "", "type": "其他", "text": "陳秘書監褚玠墓", "head": "GA021n0019_p0133a09"}, {"level": "2", "n": "", "type": "其他", "text": "十八澗", "head": "GA021n0019_p0134a01"}, {"level": "3", "n": "", "type": "其他", "text": "概述", "head": "GA021n0019_p0134a02"}, {"level": "3", "n": "", "type": "其他", "text": "譚元春：遊十八澗，贈佛石僧詩", "head": "GA021n0019_p0134a02"}, {"level": "3", "n": "", "type": "其他", "text": "張祖望：十八澗詩", "head": "GA021n0019_p0134a03"}, {"level": "3", "n": "", "type": "其他", "text": "卓爾昌：十八澗詩", "head": "GA021n0019_p0134a04"}, {"level": "3", "n": "", "type": "其他", "text": "楊文驄：十八澗詩二首", "head": "GA021n0019_p0134a05"}, {"level": "3", "n": "", "type": "其他", "text": "王道焜：遊十八澗，贈佛石師詩", "head": "GA021n0019_p0134a08"}, {"level": "3", "n": "", "type": "其他", "text": "僧戒如：澗中早行詩", "head": "GA021n0019_p0134a09"}, {"level": "3", "n": "", "type": "其他", "text": "聞啟祥：雲棲晚歸，原擬取道十八澗，以多虎有戒心不果詩", "head": "GA021n0019_p0135a01"}, {"level": "3", "n": "", "type": "其他", "text": "嚴繩孫：十八澗詩", "head": "GA021n0019_p0135a02"}, {"level": "3", "n": "", "type": "其他", "text": "朱彝尊：十八澗詩", "head": "GA021n0019_p0135a06"}, {"level": "3", "n": "", "type": "其他", "text": "許承祖：十八澗詩", "head": "GA021n0019_p0135a07"}, {"level": "2", "n": "", "type": "其他", "text": "法雨泉", "head": "GA021n0019_p0135a09"}, {"level": "3", "n": "", "type": "其他", "text": "概述", "head": "GA021n0019_p0135a10"}, {"level": "3", "n": "", "type": "其他", "text": "翁汝進：法雨泉銘", "head": "GA021n0019_p0136a01"}, {"level": "3", "n": "", "type": "其他", "text": "周雯：法雨泉銘", "head": "GA021n0019_p0136a01"}, {"level": "3", "n": "", "type": "其他", "text": "馮夢禎：法雨泉詩", "head": "GA021n0019_p0136a04"}, {"level": "3", "n": "", "type": "其他", "text": "吳之鯨：法雨泉詩", "head": "GA021n0019_p0136a05"}, {"level": "3", "n": "", "type": "其他", "text": "戴澳：法雨泉詩", "head": "GA021n0019_p0136a06"}, {"level": "3", "n": "", "type": "其他", "text": "楊師孔：法雨泉詩", "head": "GA021n0019_p0136a08"}, {"level": "3", "n": "", "type": "其他", "text": "蔣如奇：法雨泉詩", "head": "GA021n0019_p0136a09"}, {"level": "3", "n": "", "type": "其他", "text": "蔣全昌：法雨泉詩", "head": "GA021n0019_p0136a10"}, {"level": "3", "n": "", "type": "其他", "text": "周正儒：法雨泉詩二首", "head": "GA021n0019_p0137a01"}, {"level": "3", "n": "", "type": "其他", "text": "王道焜：法雨泉詩", "head": "GA021n0019_p0137a04"}, {"level": "3", "n": "", "type": "其他", "text": "徐時泰：法雨泉詩", "head": "GA021n0019_p0137a06"}, {"level": "3", "n": "", "type": "其他", "text": "黃允交：法雨泉詩", "head": "GA021n0019_p0137a07"}, {"level": "3", "n": "", "type": "其他", "text": "張遂辰：過理安澗中石泉池上詩并序", "head": "GA021n0019_p0137a07"}, {"level": "3", "n": "", "type": "其他", "text": "周雯：法雨巖詩", "head": "GA021n0019_p0138a01"}, {"level": "3", "n": "", "type": "其他", "text": "周宣猷：遊理安寺且住閣、尋法雨池詩", "head": "GA021n0019_p0138a02"}, {"level": "2", "n": "", "type": "其他", "text": "涌泉", "head": "GA021n0019_p0138a09"}, {"level": "3", "n": "", "type": "其他", "text": "概述", "head": "GA021n0019_p0138a10"}, {"level": "3", "n": "", "type": "其他", "text": "徐堂：重濬涌泉記", "head": "GA021n0019_p0139a01"}, {"level": "2", "n": "", "type": "其他", "text": "螺髻峰", "head": "GA021n0019_p0139a10"}, {"level": "3", "n": "", "type": "其他", "text": "概述", "head": "GA021n0019_p0140a01"}, {"level": "3", "n": "", "type": "其他", "text": "法雨大師：螺髻峰題詞", "head": "GA021n0019_p0140a04"}, {"level": "3", "n": "", "type": "其他", "text": "楊式玉：螺髻峰詩", "head": "GA021n0019_p0140a05"}, {"level": "2", "n": "", "type": "其他", "text": "廻象峰", "head": "GA021n0019_p0140a09"}, {"level": "3", "n": "", "type": "其他", "text": "概述", "head": "GA021n0019_p0140a10"}, {"level": "3", "n": "", "type": "其他", "text": "法雨大師：廻象峰詩二首", "head": "GA021n0019_p0140a10"}, {"level": "2", "n": "", "type": "其他", "text": "獅子峰", "head": "GA021n0019_p0141a03"}, {"level": "3", "n": "", "type": "其他", "text": "概述", "head": "GA021n0019_p0141a04"}, {"level": "3", "n": "", "type": "其他", "text": "楊傑：獅子峰詩", "head": "GA021n0019_p0141a05"}, {"level": "3", "n": "", "type": "其他", "text": "楊維楨：獅子峰觀潮詩二首", "head": "GA021n0019_p0141a06"}, {"level": "3", "n": "", "type": "其他", "text": "法雨大師：獅子峰詩", "head": "GA021n0019_p0141a09"}, {"level": "2", "n": "", "type": "其他", "text": "白鶴峰", "head": "GA021n0019_p0142a01"}, {"level": "3", "n": "", "type": "其他", "text": "概述", "head": "GA021n0019_p0142a02"}, {"level": "3", "n": "", "type": "其他", "text": "法雨大師：白鶴峰題詞", "head": "GA021n0019_p0142a02"}, {"level": "2", "n": "", "type": "其他", "text": "八覺峰", "head": "GA021n0019_p0142a05"}, {"level": "3", "n": "", "type": "其他", "text": "概述", "head": "GA021n0019_p0142a06"}, {"level": "3", "n": "", "type": "其他", "text": "法雨大師：八覺峰題詞", "head": "GA021n0019_p0142a07"}, {"level": "2", "n": "", "type": "其他", "text": "摩碧峰", "head": "GA021n0019_p0142a10"}, {"level": "3", "n": "", "type": "其他", "text": "概述", "head": "GA021n0019_p0143a01"}, {"level": "3", "n": "", "type": "其他", "text": "法雨大師：摩碧峰詩", "head": "GA021n0019_p0143a01"}, {"level": "2", "n": "", "type": "其他", "text": "月輪峰", "head": "GA021n0019_p0143a03"}, {"level": "3", "n": "", "type": "其他", "text": "概述", "head": "GA021n0019_p0143a04"}, {"level": "3", "n": "", "type": "其他", "text": "錢思復：月輪峰詩", "head": "GA021n0019_p0143a05"}, {"level": "3", "n": "", "type": "其他", "text": "法雨大師：月輪峰詩", "head": "GA021n0019_p0143a07"}, {"level": "2", "n": "", "type": "其他", "text": "五雲峰", "head": "GA021n0019_p0143a09"}, {"level": "3", "n": "", "type": "其他", "text": "概述", "head": "GA021n0019_p0143a10"}, {"level": "3", "n": "", "type": "其他", "text": "法雨大師：五雲峰詩", "head": "GA021n0019_p0144a04"}, {"level": "2", "n": "", "type": "其他", "text": "大人峰", "head": "GA021n0019_p0144a06"}, {"level": "3", "n": "", "type": "其他", "text": "概述", "head": "GA021n0019_p0144a07"}, {"level": "3", "n": "", "type": "其他", "text": "法雨大師：大人峰題詞", "head": "GA021n0019_p0144a09"}, {"level": "3", "n": "", "type": "其他", "text": "應菴華禪師：銘大人峰詩", "head": "GA021n0019_p0145a01"}, {"level": "3", "n": "", "type": "其他", "text": "僧越澗：咏大人峰詩", "head": "GA021n0019_p0145a02"}, {"level": "3", "n": "", "type": "其他", "text": "月巖峰禪師：大人峰詩", "head": "GA021n0019_p0145a03"}, {"level": "2", "n": "", "type": "其他", "text": "吼獅巖", "head": "GA021n0019_p0145a05"}, {"level": "3", "n": "", "type": "其他", "text": "概述", "head": "GA021n0019_p0145a06"}, {"level": "3", "n": "", "type": "其他", "text": "佛石大師：吼獅巖詩", "head": "GA021n0019_p0145a06"}, {"level": "2", "n": "", "type": "其他", "text": "佛石巖", "head": "GA021n0019_p0145a08"}, {"level": "3", "n": "", "type": "其他", "text": "概述", "head": "GA021n0019_p0145a09"}, {"level": "3", "n": "", "type": "其他", "text": "法雨大師：佛石巖詩二首", "head": "GA021n0019_p0145a10"}, {"level": "3", "n": "", "type": "其他", "text": "黃毓礽：佛石巖詩", "head": "GA021n0019_p0146a01"}, {"level": "2", "n": "", "type": "其他", "text": "問虎洞", "head": "GA021n0019_p0146a03"}, {"level": "3", "n": "", "type": "其他", "text": "概述", "head": "GA021n0019_p0146a04"}, {"level": "3", "n": "", "type": "其他", "text": "法雨大師：問虎洞偈", "head": "GA021n0019_p0146a04"}, {"level": "2", "n": "", "type": "其他", "text": "合掌巖", "head": "GA021n0019_p0146a06"}, {"level": "3", "n": "", "type": "其他", "text": "概述", "head": "GA021n0019_p0146a07"}, {"level": "3", "n": "", "type": "其他", "text": "法雨大師：合掌巖偈", "head": "GA021n0019_p0146a07"}, {"level": "3", "n": "", "type": "其他", "text": "黃毓礽：合掌巖詩", "head": "GA021n0019_p0146a08"}, {"level": "2", "n": "", "type": "其他", "text": "鹿臥崖", "head": "GA021n0019_p0146a09"}, {"level": "3", "n": "", "type": "其他", "text": "概述", "head": "GA021n0019_p0146a10"}, {"level": "3", "n": "", "type": "其他", "text": "法雨大師：鹿臥崖題詞", "head": "GA021n0019_p0147a01"}, {"level": "2", "n": "", "type": "其他", "text": "羅漢石", "head": "GA021n0019_p0147a02"}, {"level": "3", "n": "", "type": "其他", "text": "法雨大師：羅漢石詩", "head": "GA021n0019_p0147a03"}, {"level": "2", "n": "", "type": "其他", "text": "先照臺", "head": "GA021n0019_p0147a05"}, {"level": "3", "n": "", "type": "其他", "text": "法雨大師：先照臺詩", "head": "GA021n0019_p0147a06"}, {"level": "2", "n": "", "type": "其他", "text": "懸鼓巖", "head": "GA021n0019_p0147a07"}, {"level": "3", "n": "", "type": "其他", "text": "法雨大師：懸鼓巖詩", "head": "GA021n0019_p0147a08"}, {"level": "2", "n": "", "type": "其他", "text": "鶴澗亭", "head": "GA021n0019_p0147a09"}, {"level": "3", "n": "", "type": "其他", "text": "許承祖：鶴澗亭詩", "head": "GA021n0019_p0147a10"}, {"level": "3", "n": "", "type": "其他", "text": "楊式玉：鶴澗亭詩", "head": "GA021n0019_p0147a10"}, {"level": "2", "n": "", "type": "其他", "text": "猪頭塢", "head": "GA021n0019_p0148a02"}, {"level": "3", "n": "", "type": "其他", "text": "楊式玉：猪頭塢詩", "head": "GA021n0019_p0148a03"}, {"level": "1", "n": "", "type": "其他", "text": "田畝", "head": "GA021n0019_p0149a02"}, {"level": "2", "n": "", "type": "其他", "text": "序", "head": "GA021n0019_p0149a03"}, {"level": "2", "n": "", "type": "其他", "text": "山", "head": "GA021n0019_p0150a01"}, {"level": "2", "n": "", "type": "其他", "text": "田", "head": "GA021n0019_p0157a07"}, {"level": "3", "n": "", "type": "其他", "text": "概述", "head": "GA021n0019_p0157a08"}, {"level": "3", "n": "", "type": "其他", "text": "四明戴澳：藏閣僧田疏", "head": "GA021n0019_p0162a04"}, {"level": "3", "n": "", "type": "其他", "text": "楊師孔：募藏閣僧田疏", "head": "GA021n0019_p0162a09"}, {"level": "3", "n": "", "type": "其他", "text": "黎元寬：募置齋田疏", "head": "GA021n0019_p0163a04"}, {"level": "3", "n": "", "type": "其他", "text": "沈洵：齋田碑記", "head": "GA021n0019_p0164a06"}, {"level": "3", "n": "", "type": "其他", "text": "順治四年秀水免差徭帖", "head": "GA021n0019_p0166a03"}, {"level": "2", "n": "", "type": "其他", "text": "地", "head": "GA021n0019_p0181a09"}, {"level": "2", "n": "", "type": "其他", "text": "蕩", "head": "GA021n0019_p0183a07"}, {"level": "2", "n": "", "type": "其他", "text": "其他", "head": "GA021n0019_p0187a03"}, {"level": "2", "n": "", "type": "其他", "text": "完糧數目", "head": "GA021n0019_p0188a01"}, {"level": "2", "n": "", "type": "其他", "text": "下院", "head": "GA021n0019_p0189a08"}, {"level": "2", "n": "", "type": "其他", "text": "當事禁約", "head": "GA021n0019_p0190a05"}, {"level": "3", "n": "", "type": "其他", "text": "藩司憲牌", "head": "GA021n0019_p0190a06"}, {"level": "3", "n": "", "type": "其他", "text": "概述", "head": "GA021n0019_p0190a07"}, {"level": "3", "n": "", "type": "其他", "text": "牌案（定限即日繳）", "head": "GA021n0019_p0192a03"}, {"level": "3", "n": "", "type": "其他", "text": "呈詞", "head": "GA021n0019_p0194a05"}, {"level": "3", "n": "", "type": "其他", "text": "牌案", "head": "GA021n0019_p0196a04"}, {"level": "3", "n": "", "type": "其他", "text": "示詞", "head": "GA021n0019_p0197a05"}, {"level": "3", "n": "", "type": "其他", "text": "示稿", "head": "GA021n0019_p0198a09"}, {"level": "3", "n": "", "type": "其他", "text": "督憲委錢塘縣諭理安打七牌案", "head": "GA021n0019_p0200a09"}, {"level": "1", "n": "", "type": "其他", "text": "禪宗", "head": "GA021n0019_p0203a02"}, {"level": "2", "n": "", "type": "其他", "text": "序", "head": "GA021n0019_p0203a03"}, {"level": "2", "n": "", "type": "其他", "text": "唐", "head": "GA021n0019_p0203a10"}, {"level": "3", "n": "", "type": "其他", "text": "開山始祖．唐伏虎志逢禪師", "head": "GA021n0019_p0203a10"}, {"level": "2", "n": "", "type": "其他", "text": "明", "head": "GA021n0019_p0208a10"}, {"level": "3", "n": "", "type": "其他", "text": "重開山祖．明法雨仲光禪師", "head": "GA021n0019_p0208a10"}, {"level": "3", "n": "", "type": "其他", "text": "開法始祖．傳臨濟正宗第三十一代．箬庵問禪師", "head": "GA021n0019_p0214a01"}, {"level": "2", "n": "", "type": "其他", "text": "清", "head": "GA021n0019_p0226a07"}, {"level": "3", "n": "", "type": "其他", "text": "傳臨濟正宗第三十二代．第二次住持曉菴昱禪師", "head": "GA021n0019_p0226a07"}, {"level": "3", "n": "", "type": "其他", "text": "傳臨濟正宗第三十二代．第三次住持梅谷悅禪師", "head": "GA021n0019_p0230a08"}, {"level": "3", "n": "", "type": "其他", "text": "傳臨濟正宗第三十二代．第四次住持濟水洸禪師", "head": "GA021n0019_p0234a03"}, {"level": "3", "n": "", "type": "其他", "text": "傳臨濟正宗第三十二代．第五次住持天笠珍禪師", "head": "GA021n0019_p0234a07"}, {"level": "3", "n": "", "type": "其他", "text": "傳臨濟正宗第三十二代．第六次住持斯瑞法禪師", "head": "GA021n0019_p0241a06"}, {"level": "3", "n": "", "type": "其他", "text": "傳臨濟正宗第三十二代．第七次住持汝風杲禪師", "head": "GA021n0019_p0241a08"}, {"level": "3", "n": "", "type": "其他", "text": "傳臨濟正宗第三十二代．第八次住持子山如禪師", "head": "GA021n0019_p0243a01"}, {"level": "3", "n": "", "type": "其他", "text": "傳臨濟正宗第三十二代．第九次住持六吉謙禪師", "head": "GA021n0019_p0243a04"}, {"level": "3", "n": "", "type": "其他", "text": "傳臨濟正宗第三十三代．第十次住持獨超方禪師", "head": "GA021n0019_p0243a07"}, {"level": "3", "n": "", "type": "其他", "text": "傳臨濟正宗第三十三代．第十一次住持鐵眉元禪師", "head": "GA021n0019_p0245a08"}, {"level": "3", "n": "", "type": "其他", "text": "傳臨濟正宗第三十三代．第十二次住持睦菴孝禪師", "head": "GA021n0019_p0245a10"}, {"level": "3", "n": "", "type": "其他", "text": "傳臨濟正宗第三十三代．第十三次住持夢菴格禪師", "head": "GA021n0019_p0246a03"}, {"level": "3", "n": "", "type": "其他", "text": "傳臨濟正宗第三十三代．第十四次住持臨澗月禪師", "head": "GA021n0019_p0250a02"}, {"level": "3", "n": "", "type": "其他", "text": "傳臨濟正宗第三十三代．第十五次住持越鑑徹禪師", "head": "GA021n0019_p0250a05"}, {"level": "3", "n": "", "type": "其他", "text": "傳臨濟正宗第三十三代．第十六次住持翰如學禪師", "head": "GA021n0019_p0251a08"}, {"level": "3", "n": "", "type": "其他", "text": "傳臨濟正宗第三十三代．第十七次住持遠涵著禪師", "head": "GA021n0019_p0251a10"}, {"level": "3", "n": "", "type": "其他", "text": "傳臨濟正宗第三十四代．第十八次住持迦陵音禪師", "head": "GA021n0019_p0252a02"}, {"level": "3", "n": "", "type": "其他", "text": "傳臨濟正宗第三十四代．第十九次住持祖燈紹禪師", "head": "GA021n0019_p0255a10"}, {"level": "3", "n": "", "type": "其他", "text": "傳臨濟正宗第三十四代．第二十次住持調梅鼎禪師", "head": "GA021n0019_p0256a02"}, {"level": "4", "n": "", "type": "其他", "text": "概述", "head": "GA021n0019_p0256a03"}, {"level": "4", "n": "", "type": "其他", "text": "莊親王撰塔院碑銘", "head": "GA021n0019_p0261a07"}, {"level": "3", "n": "", "type": "其他", "text": "傳臨濟正宗第三十五代．第二十一次住持雨懷慧禪師", "head": "GA021n0019_p0265a01"}, {"level": "3", "n": "", "type": "其他", "text": "傳臨濟正宗第三十五代．第二十二次住持法南勝禪師", "head": "GA021n0019_p0266a03"}, {"level": "3", "n": "", "type": "其他", "text": "傳臨濟正宗第三十四代．第二十三次住持溶菴湛禪師", "head": "GA021n0019_p0273a03"}, {"level": "3", "n": "", "type": "其他", "text": "傳臨濟正宗第三十四代．第二十四次住持佛日羲禪師", "head": "GA021n0019_p0274a09"}, {"level": "3", "n": "", "type": "其他", "text": "傳臨濟正宗第三十五代．第二十五次住持正宗道禪師", "head": "GA021n0019_p0278a04"}, {"level": "3", "n": "", "type": "其他", "text": "傳臨濟正宗第三十五代．第二十六次住持智朗月禪師", "head": "GA021n0019_p0280a05"}, {"level": "2", "n": "", "type": "其他", "text": "附舊紀", "head": "GA021n0019_p0284a02"}, {"level": "3", "n": "", "type": "其他", "text": "無塵禪師", "head": "GA021n0019_p0284a03"}, {"level": "3", "n": "", "type": "其他", "text": "靜明尊者", "head": "GA021n0019_p0291a05"}, {"level": "2", "n": "", "type": "其他", "text": "錄賢", "head": "GA021n0019_p0296a01"}, {"level": "3", "n": "", "type": "其他", "text": "普勤", "head": "GA021n0019_p0296a02"}, {"level": "3", "n": "", "type": "其他", "text": "普田", "head": "GA021n0019_p0297a08"}, {"level": "3", "n": "", "type": "其他", "text": "周普牟", "head": "GA021n0019_p0298a04"}, {"level": "1", "n": "", "type": "其他", "text": "規約", "head": "GA021n0019_p0301a02"}, {"level": "2", "n": "", "type": "其他", "text": "序", "head": "GA021n0019_p0301a03"}, {"level": "2", "n": "", "type": "其他", "text": "法雨大師遺囑", "head": "GA021n0019_p0302a06"}, {"level": "2", "n": "", "type": "其他", "text": "法雨大師：出家七種不留", "head": "GA021n0019_p0308a04"}, {"level": "2", "n": "", "type": "其他", "text": "箬菴禪師同住規約", "head": "GA021n0019_p0309a02"}, {"level": "2", "n": "", "type": "其他", "text": "箬菴禪師禪堂規約", "head": "GA021n0019_p0313a06"}, {"level": "2", "n": "", "type": "其他", "text": "箬菴禪師禪堂結制規約", "head": "GA021n0019_p0317a07"}, {"level": "2", "n": "", "type": "其他", "text": "箬菴禪師客堂規約", "head": "GA021n0019_p0320a03"}, {"level": "2", "n": "", "type": "其他", "text": "箬菴祖師浴規", "head": "GA021n0019_p0324a01"}, {"level": "2", "n": "", "type": "其他", "text": "箬菴禪師,房規約", "head": "GA021n0019_p0325a05"}, {"level": "2", "n": "", "type": "其他", "text": "箬菴禪師兩序規約", "head": "GA021n0019_p0326a09"}, {"level": "2", "n": "", "type": "其他", "text": "箬菴禪師接引庵規約", "head": "GA021n0019_p0355a05"}, {"level": "2", "n": "", "type": "其他", "text": "箬菴禪師接引菴列職規約", "head": "GA021n0019_p0358a06"}, {"level": "2", "n": "", "type": "其他", "text": "迦陵禪師規約", "head": "GA021n0019_p0360a04"}, {"level": "2", "n": "", "type": "其他", "text": "迦陵禪師經房規約", "head": "GA021n0019_p0371a03"}, {"level": "1", "n": "", "type": "其他", "text": "著述", "head": "GA021n0019_p0375a02"}, {"level": "2", "n": "", "type": "其他", "text": "序", "head": "GA021n0019_p0375a03"}, {"level": "2", "n": "", "type": "其他", "text": "《理安寺紀》四卷", "head": "GA021n0019_p0376a01"}, {"level": "3", "n": "", "type": "其他", "text": "概述", "head": "GA021n0019_p0376a02"}, {"level": "3", "n": "", "type": "其他", "text": "仁和吳樹虛序", "head": "GA021n0019_p0376a03"}, {"level": "3", "n": "", "type": "其他", "text": "住持實月跋", "head": "GA021n0019_p0377a06"}, {"level": "2", "n": "", "type": "其他", "text": "《南澗集》一卷", "head": "GA021n0019_p0378a03"}, {"level": "2", "n": "", "type": "其他", "text": "《山居詩》一卷", "head": "GA021n0019_p0378a05"}, {"level": "3", "n": "", "type": "其他", "text": "概述", "head": "GA021n0019_p0378a06"}, {"level": "3", "n": "", "type": "其他", "text": "雪嶠大師序", "head": "GA021n0019_p0378a07"}, {"level": "2", "n": "", "type": "其他", "text": "《續五燈存稿》十二卷", "head": "GA021n0019_p0380a06"}, {"level": "3", "n": "", "type": "其他", "text": "概述", "head": "GA021n0019_p0380a07"}, {"level": "3", "n": "", "type": "其他", "text": "華亭沈荃序", "head": "GA021n0019_p0380a08"}, {"level": "3", "n": "", "type": "其他", "text": "門人行昱序", "head": "GA021n0019_p0381a09"}, {"level": "2", "n": "", "type": "其他", "text": "《箬菴禪師語錄》十卷", "head": "GA021n0019_p0382a09"}, {"level": "3", "n": "", "type": "其他", "text": "概述", "head": "GA021n0019_p0382a10"}, {"level": "3", "n": "", "type": "其他", "text": "蔡聯璧序", "head": "GA021n0019_p0383a01"}, {"level": "3", "n": "", "type": "其他", "text": "門人行昱重刻《箬菴和尚語錄》序", "head": "GA021n0019_p0384a01"}, {"level": "2", "n": "", "type": "其他", "text": "《正宗錄》六十一卷", "head": "GA021n0019_p0384a10"}, {"level": "3", "n": "", "type": "其他", "text": "概述", "head": "GA021n0019_p0385a01"}, {"level": "3", "n": "", "type": "其他", "text": "自序", "head": "GA021n0019_p0385a02"}, {"level": "2", "n": "", "type": "其他", "text": "《列祖提綱錄》四十二卷", "head": "GA021n0019_p0386a06"}, {"level": "3", "n": "", "type": "其他", "text": "概述", "head": "GA021n0019_p0386a07"}, {"level": "3", "n": "", "type": "其他", "text": "錢塘陸圻序", "head": "GA021n0019_p0386a08"}, {"level": "3", "n": "", "type": "其他", "text": "住黃梅四祖雙峰山．東吳沙門．戒顯序", "head": "GA021n0019_p0387a06"}, {"level": "3", "n": "", "type": "其他", "text": "住金陵棲霞寺．古閩沙門．大依序", "head": "GA021n0019_p0388a09"}, {"level": "3", "n": "", "type": "其他", "text": "自序", "head": "GA021n0019_p0390a01"}, {"level": "2", "n": "", "type": "其他", "text": "《梅谷禪師語錄》八卷", "head": "GA021n0019_p0391a03"}, {"level": "3", "n": "", "type": "其他", "text": "宋之繩序", "head": "GA021n0019_p0391a04"}, {"level": "3", "n": "", "type": "其他", "text": "如臯范端序", "head": "GA021n0019_p0391a09"}, {"level": "3", "n": "", "type": "其他", "text": "釋大依序", "head": "GA021n0019_p0392a07"}, {"level": "3", "n": "", "type": "其他", "text": "鶴林釋行植序", "head": "GA021n0019_p0394a02"}, {"level": "2", "n": "", "type": "其他", "text": "《顯正說》一卷", "head": "GA021n0019_p0395a07"}, {"level": "3", "n": "", "type": "其他", "text": "概述", "head": "GA021n0019_p0395a08"}, {"level": "3", "n": "", "type": "其他", "text": "天笠珍禪師序", "head": "GA021n0019_p0395a09"}, {"level": "2", "n": "", "type": "其他", "text": "《正法錄》一卷", "head": "GA021n0019_p0398a04"}, {"level": "3", "n": "", "type": "其他", "text": "概述", "head": "GA021n0019_p0398a05"}, {"level": "3", "n": "", "type": "其他", "text": "自序", "head": "GA021n0019_p0398a06"}, {"level": "2", "n": "", "type": "其他", "text": "《回生訣》一卷，《正訛錄》一卷，《傳戒儀範》二卷", "head": "GA021n0019_p0399a04"}, {"level": "3", "n": "", "type": "其他", "text": "概述", "head": "GA021n0019_p0399a05"}, {"level": "3", "n": "", "type": "其他", "text": "《回生訣》自序", "head": "GA021n0019_p0399a06"}, {"level": "2", "n": "", "type": "其他", "text": "《濟水洸禪師語錄》一卷", "head": "GA021n0019_p0399a10"}, {"level": "3", "n": "", "type": "其他", "text": "仁和楊鼐序", "head": "GA021n0019_p0400a01"}, {"level": "2", "n": "", "type": "其他", "text": "《曉庵昱禪師語錄》三卷", "head": "GA021n0019_p0401a01"}, {"level": "3", "n": "", "type": "其他", "text": "天笠禪師序", "head": "GA021n0019_p0401a02"}, {"level": "2", "n": "", "type": "其他", "text": "《楚萍集》一卷", "head": "GA021n0019_p0402a01"}, {"level": "3", "n": "", "type": "其他", "text": "概述", "head": "GA021n0019_p0402a02"}, {"level": "3", "n": "", "type": "其他", "text": "自序", "head": "GA021n0019_p0402a03"}, {"level": "2", "n": "", "type": "其他", "text": "《天笠珍禪師語錄》十二卷", "head": "GA021n0019_p0402a08"}, {"level": "3", "n": "", "type": "其他", "text": "嘉定張立廉序", "head": "GA021n0019_p0402a09"}, {"level": "3", "n": "", "type": "其他", "text": "曉庵禪師序", "head": "GA021n0019_p0403a04"}, {"level": "3", "n": "", "type": "其他", "text": "門人超格序", "head": "GA021n0019_p0403a08"}, {"level": "2", "n": "", "type": "其他", "text": "《獨超方禪師語錄》一卷，《淨土格言》一卷", "head": "GA021n0019_p0404a05"}, {"level": "3", "n": "", "type": "其他", "text": "世宗憲皇帝御製語錄序", "head": "GA021n0019_p0404a06"}, {"level": "2", "n": "", "type": "其他", "text": "《夢庵格禪師語錄》八卷，《寶倫集》二卷", "head": "GA021n0019_p0405a06"}, {"level": "2", "n": "", "type": "其他", "text": "《越鑑徹禪師語錄》一卷", "head": "GA021n0019_p0405a07"}, {"level": "3", "n": "", "type": "其他", "text": "迦陵禪師序", "head": "GA021n0019_p0405a08"}, {"level": "2", "n": "", "type": "其他", "text": "《宗鑑法林》七十二卷", "head": "GA021n0019_p0406a03"}, {"level": "2", "n": "", "type": "其他", "text": "《雜毒海》八卷", "head": "GA021n0019_p0406a05"}, {"level": "3", "n": "", "type": "其他", "text": "概述", "head": "GA021n0019_p0406a06"}, {"level": "3", "n": "", "type": "其他", "text": "恕中愠禪師序", "head": "GA021n0019_p0406a07"}, {"level": "3", "n": "", "type": "其他", "text": "梅谷禪師序", "head": "GA021n0019_p0407a02"}, {"level": "3", "n": "", "type": "其他", "text": "自序", "head": "GA021n0019_p0407a10"}, {"level": "2", "n": "", "type": "其他", "text": "《迦陵音禪師語錄》二十卷", "head": "GA021n0019_p0408a08"}, {"level": "3", "n": "", "type": "其他", "text": "鳩江丁懋學序", "head": "GA021n0019_p0408a09"}, {"level": "3", "n": "", "type": "其他", "text": "釋超蕉序", "head": "GA021n0019_p0410a02"}, {"level": "3", "n": "", "type": "其他", "text": "住吳興弁山釋仁岠序", "head": "GA021n0019_p0411a02"}, {"level": "2", "n": "", "type": "其他", "text": "《迦陵禪師語要》一卷，《指要》一卷", "head": "GA021n0019_p0411a10"}, {"level": "2", "n": "", "type": "其他", "text": "《調梅鼎禪師語錄》二十卷", "head": "GA021n0019_p0412a01"}, {"level": "3", "n": "", "type": "其他", "text": "和碩莊親王序", "head": "GA021n0019_p0412a02"}, {"level": "3", "n": "", "type": "其他", "text": "孟維邃序", "head": "GA021n0019_p0412a09"}, {"level": "3", "n": "", "type": "其他", "text": "文覺禪師序", "head": "GA021n0019_p0413a07"}, {"level": "3", "n": "", "type": "其他", "text": "春臺後錄序", "head": "GA021n0019_p0414a08"}, {"level": "2", "n": "", "type": "其他", "text": "《外集》八卷", "head": "GA021n0019_p0416a01"}, {"level": "3", "n": "", "type": "其他", "text": "概述", "head": "GA021n0019_p0416a02"}, {"level": "3", "n": "", "type": "其他", "text": "同德序", "head": "GA021n0019_p0416a03"}, {"level": "3", "n": "", "type": "其他", "text": "自序", "head": "GA021n0019_p0416a10"}, {"level": "2", "n": "", "type": "其他", "text": "《佛日羲禪師語錄》八卷", "head": "GA021n0019_p0417a08"}, {"level": "3", "n": "", "type": "其他", "text": "概述", "head": "GA021n0019_p0417a09"}, {"level": "3", "n": "", "type": "其他", "text": "自序", "head": "GA021n0019_p0417a10"}, {"level": "1", "n": "", "type": "其他", "text": "藝文", "head": "GA021n0019_p0421a02"}, {"level": "2", "n": "", "type": "其他", "text": "序", "head": "GA021n0019_p0421a03"}, {"level": "2", "n": "", "type": "其他", "text": "詩", "head": "GA021n0019_p0422a04"}, {"level": "3", "n": "", "type": "其他", "text": "贈佛石大師", "head": "GA021n0019_p0422a05"}, {"level": "3", "n": "", "type": "其他", "text": "澹社", "head": "GA021n0019_p0423a04"}, {"level": "3", "n": "", "type": "其他", "text": "同竇淮南、黃貞父訪理安方丈", "head": "GA021n0019_p0423a09"}, {"level": "3", "n": "", "type": "其他", "text": "次百穀韻", "head": "GA021n0019_p0425a06"}, {"level": "3", "n": "", "type": "其他", "text": "冬日寄懷佛石大師，再訂見訪之約", "head": "GA021n0019_p0427a09"}, {"level": "3", "n": "", "type": "其他", "text": "師過訪雪竇，言返故山，詩以送之", "head": "GA021n0019_p0428a03"}, {"level": "3", "n": "", "type": "其他", "text": "過訪閣中，賦贈佛石大師", "head": "GA021n0019_p0429a06"}, {"level": "3", "n": "", "type": "其他", "text": "謝師烹葵", "head": "GA021n0019_p0433a01"}, {"level": "3", "n": "", "type": "其他", "text": "謝師贈木帳鉤", "head": "GA021n0019_p0433a03"}, {"level": "3", "n": "", "type": "其他", "text": "訪佛石禪師", "head": "GA021n0019_p0433a05"}, {"level": "3", "n": "", "type": "其他", "text": "壽佛石禪師", "head": "GA021n0019_p0433a09"}, {"level": "3", "n": "", "type": "其他", "text": "賦贈佛石大師", "head": "GA021n0019_p0434a07"}, {"level": "3", "n": "", "type": "其他", "text": "題長松圖，為佛石大師壽", "head": "GA021n0019_p0435a04"}, {"level": "3", "n": "", "type": "其他", "text": "呈佛石禪師", "head": "GA021n0019_p0435a07"}, {"level": "3", "n": "", "type": "其他", "text": "十八澗紀事", "head": "GA021n0019_p0436a01"}, {"level": "3", "n": "", "type": "其他", "text": "別法雨大師，歸自蘇隄，桃花未殘", "head": "GA021n0019_p0437a01"}, {"level": "3", "n": "", "type": "其他", "text": "與法雨大師話舊", "head": "GA021n0019_p0437a05"}, {"level": "3", "n": "", "type": "其他", "text": "奉訪法雨大師", "head": "GA021n0019_p0438a01"}, {"level": "3", "n": "", "type": "其他", "text": "贈佛禪師", "head": "GA021n0019_p0438a04"}, {"level": "3", "n": "", "type": "其他", "text": "同畹仲年兄奉訪法雨大師", "head": "GA021n0019_p0438a07"}, {"level": "3", "n": "", "type": "其他", "text": "春日訪法雨師", "head": "GA021n0019_p0439a05"}, {"level": "3", "n": "", "type": "其他", "text": "次家君韻", "head": "GA021n0019_p0439a08"}, {"level": "3", "n": "", "type": "其他", "text": "雪中寄懷法雨大師", "head": "GA021n0019_p0440a02"}, {"level": "3", "n": "", "type": "其他", "text": "奉訪法雨大師", "head": "GA021n0019_p0440a05"}, {"level": "3", "n": "", "type": "其他", "text": "赴澹社", "head": "GA021n0019_p0440a09"}, {"level": "3", "n": "", "type": "其他", "text": "寄懷法雨大師", "head": "GA021n0019_p0441a07"}, {"level": "3", "n": "", "type": "其他", "text": "次太史兄韻", "head": "GA021n0019_p0442a02"}, {"level": "3", "n": "", "type": "其他", "text": "與法雨大師約", "head": "GA021n0019_p0443a10"}, {"level": "3", "n": "", "type": "其他", "text": "訪佛石禪師", "head": "GA021n0019_p0444a04"}, {"level": "3", "n": "", "type": "其他", "text": "辛未暮春參法雨大師", "head": "GA021n0019_p0445a05"}, {"level": "3", "n": "", "type": "其他", "text": "訪法雨大師賦贈", "head": "GA021n0019_p0445a09"}, {"level": "3", "n": "", "type": "其他", "text": "同爾廸、立之自龍井至十八澗", "head": "GA021n0019_p0446a06"}, {"level": "3", "n": "", "type": "其他", "text": "和廸翁韻", "head": "GA021n0019_p0446a09"}, {"level": "3", "n": "", "type": "其他", "text": "秋日訪法雨大師賦贈", "head": "GA021n0019_p0447a02"}, {"level": "3", "n": "", "type": "其他", "text": "和前韻", "head": "GA021n0019_p0447a06"}, {"level": "3", "n": "", "type": "其他", "text": "久欽和尚，未遂頂禮，詩以奉約", "head": "GA021n0019_p0447a10"}, {"level": "3", "n": "", "type": "其他", "text": "訪佛石大師", "head": "GA021n0019_p0448a04"}, {"level": "3", "n": "", "type": "其他", "text": "奉贈法雨大師", "head": "GA021n0019_p0449a01"}, {"level": "3", "n": "", "type": "其他", "text": "題澗中卻贈", "head": "GA021n0019_p0449a08"}, {"level": "3", "n": "", "type": "其他", "text": "夏日過訪法雨大師", "head": "GA021n0019_p0450a07"}, {"level": "3", "n": "", "type": "其他", "text": "酬月下遊石梁卻贈", "head": "GA021n0019_p0451a03"}, {"level": "3", "n": "", "type": "其他", "text": "都下寄懷，始約結伴入山，今負前約", "head": "GA021n0019_p0451a06"}, {"level": "3", "n": "", "type": "其他", "text": "靈鷲寄贈", "head": "GA021n0019_p0451a09"}, {"level": "3", "n": "", "type": "其他", "text": "夏日同癯鶴師訪佛大師", "head": "GA021n0019_p0452a02"}, {"level": "3", "n": "", "type": "其他", "text": "久別，過訪佛石大師", "head": "GA021n0019_p0453a04"}, {"level": "3", "n": "", "type": "其他", "text": "奉訪佛石禪師", "head": "GA021n0019_p0453a07"}, {"level": "3", "n": "", "type": "其他", "text": "佛師嗣紫伯祖翁，因訪訂盟同居", "head": "GA021n0019_p0454a04"}, {"level": "3", "n": "", "type": "其他", "text": "師雁山歸，過訪", "head": "GA021n0019_p0454a07"}, {"level": "3", "n": "", "type": "其他", "text": "訪佛石大師不遇", "head": "GA021n0019_p0455a09"}, {"level": "3", "n": "", "type": "其他", "text": "寄懷理安和尚", "head": "GA021n0019_p0456a02"}, {"level": "3", "n": "", "type": "其他", "text": "懷理安師伯", "head": "GA021n0019_p0456a06"}, {"level": "3", "n": "", "type": "其他", "text": "喜箬庵禪師至", "head": "GA021n0019_p0456a10"}, {"level": "3", "n": "", "type": "其他", "text": "訪鹿長居士", "head": "GA021n0019_p0457a04"}, {"level": "3", "n": "", "type": "其他", "text": "南澗和尚病起、招致，用蔣鹿長韻，即事奉贈", "head": "GA021n0019_p0457a08"}, {"level": "3", "n": "", "type": "其他", "text": "病後，喜山臣居士至，即韻奉答", "head": "GA021n0019_p0458a03"}, {"level": "3", "n": "", "type": "其他", "text": "入山看箬大師病，次韻", "head": "GA021n0019_p0458a07"}, {"level": "3", "n": "", "type": "其他", "text": "船居", "head": "GA021n0019_p0459a01"}, {"level": "3", "n": "", "type": "其他", "text": "和箬大師湖舫見示", "head": "GA021n0019_p0459a08"}, {"level": "3", "n": "", "type": "其他", "text": "和南澗和尚養疴湖舫", "head": "GA021n0019_p0460a02"}, {"level": "3", "n": "", "type": "其他", "text": "次韻，呈箬大師，兼索山臣道人和", "head": "GA021n0019_p0460a06"}, {"level": "3", "n": "", "type": "其他", "text": "答周生道兄", "head": "GA021n0019_p0460a10"}, {"level": "3", "n": "", "type": "其他", "text": "湖舫呈箬大師、乞法語，兼和諸社兄", "head": "GA021n0019_p0461a04"}, {"level": "3", "n": "", "type": "其他", "text": "答穉含居士", "head": "GA021n0019_p0461a09"}, {"level": "3", "n": "", "type": "其他", "text": "喜周生、穉含兩居士盟，賦贈", "head": "GA021n0019_p0462a03"}, {"level": "3", "n": "", "type": "其他", "text": "喜觀周生、穉含兩兄盟", "head": "GA021n0019_p0462a07"}, {"level": "3", "n": "", "type": "其他", "text": "次韻，贈周生盟兄，兼呈箬大師", "head": "GA021n0019_p0463a01"}, {"level": "3", "n": "", "type": "其他", "text": "次韻，呈箬大師", "head": "GA021n0019_p0463a05"}, {"level": "3", "n": "", "type": "其他", "text": "湖舫得晤箬和尚，次諸社兄韻", "head": "GA021n0019_p0463a09"}, {"level": "3", "n": "", "type": "其他", "text": "同聖翼道兄參箬和尚，因讀唱和詩，次韻", "head": "GA021n0019_p0464a03"}, {"level": "3", "n": "", "type": "其他", "text": "次韻和穉含盟弟", "head": "GA021n0019_p0465a01"}, {"level": "3", "n": "", "type": "其他", "text": "承箬大師法語開示，呈偈謝誨", "head": "GA021n0019_p0465a05"}, {"level": "3", "n": "", "type": "其他", "text": "訪箬和尚湖舫不值，和韻", "head": "GA021n0019_p0465a09"}, {"level": "3", "n": "", "type": "其他", "text": "箬和尚舟中，喜遇舊知佘周老", "head": "GA021n0019_p0466a03"}, {"level": "3", "n": "", "type": "其他", "text": "箬大師養疴湖舫，俊力疾隨之，因和韻", "head": "GA021n0019_p0466a07"}, {"level": "3", "n": "", "type": "其他", "text": "病中聞穉含同諸法友集箬大師湖舫，次韻", "head": "GA021n0019_p0467a02"}, {"level": "3", "n": "", "type": "其他", "text": "奉酬箬庵大師", "head": "GA021n0019_p0467a07"}, {"level": "3", "n": "", "type": "其他", "text": "抱病訪箬庵大師十首", "head": "GA021n0019_p0468a07"}, {"level": "4", "n": "", "type": "其他", "text": "概述", "head": "GA021n0019_p0468a07"}, {"level": "4", "n": "", "type": "其他", "text": "其一", "head": "GA021n0019_p0469a02"}, {"level": "4", "n": "", "type": "其他", "text": "其二", "head": "GA021n0019_p0469a06"}, {"level": "4", "n": "", "type": "其他", "text": "其三", "head": "GA021n0019_p0469a10"}, {"level": "4", "n": "", "type": "其他", "text": "其四", "head": "GA021n0019_p0470a04"}, {"level": "4", "n": "", "type": "其他", "text": "其五", "head": "GA021n0019_p0470a08"}, {"level": "4", "n": "", "type": "其他", "text": "其六", "head": "GA021n0019_p0471a02"}, {"level": "4", "n": "", "type": "其他", "text": "其七", "head": "GA021n0019_p0471a06"}, {"level": "4", "n": "", "type": "其他", "text": "其八", "head": "GA021n0019_p0471a10"}, {"level": "4", "n": "", "type": "其他", "text": "其九", "head": "GA021n0019_p0472a04"}, {"level": "4", "n": "", "type": "其他", "text": "其十", "head": "GA021n0019_p0472a08"}, {"level": "3", "n": "", "type": "其他", "text": "贈箬庵和尚", "head": "GA021n0019_p0473a02"}, {"level": "3", "n": "", "type": "其他", "text": "辛未秋日偕李世初遊十八澗，次韻", "head": "GA021n0019_p0473a09"}, {"level": "3", "n": "", "type": "其他", "text": "登符夢閣，次韻", "head": "GA021n0019_p0474a03"}, {"level": "3", "n": "", "type": "其他", "text": "遊理安寺", "head": "GA021n0019_p0474a07"}, {"level": "3", "n": "", "type": "其他", "text": "悼箬庵法兄和尚", "head": "GA021n0019_p0474a10"}, {"level": "3", "n": "", "type": "其他", "text": "理安寺", "head": "GA021n0019_p0475a03"}, {"level": "3", "n": "", "type": "其他", "text": "遊理安寺", "head": "GA021n0019_p0475a06"}, {"level": "3", "n": "", "type": "其他", "text": "贈濟水和尚", "head": "GA021n0019_p0475a09"}, {"level": "3", "n": "", "type": "其他", "text": "訪梅谷和尚不遇，宿南澗寺有懷", "head": "GA021n0019_p0476a02"}, {"level": "3", "n": "", "type": "其他", "text": "南澗坐月", "head": "GA021n0019_p0476a06"}, {"level": "3", "n": "", "type": "其他", "text": "喜箬庵和尚應劉郡伯請，出住靈峰", "head": "GA021n0019_p0476a09"}, {"level": "3", "n": "", "type": "其他", "text": "再覲堂頭笠翁師叔，賦此呈電將圖久侍座下", "head": "GA021n0019_p0477a02"}, {"level": "3", "n": "", "type": "其他", "text": "同印持，子蔣、子岸昆季，十八澗訪佛日禪師四首", "head": "GA021n0019_p0477a07"}, {"level": "3", "n": "", "type": "其他", "text": "自雲棲回，道經理安寺，遇夢庵上人，同尋諸勝，晚至龍井作", "head": "GA021n0019_p0478a07"}, {"level": "3", "n": "", "type": "其他", "text": "理安寺", "head": "GA021n0019_p0479a08"}, {"level": "3", "n": "", "type": "其他", "text": "且住庵", "head": "GA021n0019_p0480a01"}, {"level": "3", "n": "", "type": "其他", "text": "法雨泉", "head": "GA021n0019_p0480a04"}, {"level": "3", "n": "", "type": "其他", "text": "理安寺", "head": "GA021n0019_p0480a07"}, {"level": "3", "n": "", "type": "其他", "text": "理安寺前亭子", "head": "GA021n0019_p0480a10"}, {"level": "3", "n": "", "type": "其他", "text": "呈理安和尚", "head": "GA021n0019_p0481a05"}, {"level": "3", "n": "", "type": "其他", "text": "南澗六詠", "head": "GA021n0019_p0481a09"}, {"level": "3", "n": "", "type": "其他", "text": "謁迦陵和尚", "head": "GA021n0019_p0483a02"}, {"level": "3", "n": "", "type": "其他", "text": "夏日同金觀察、丁處士過理安", "head": "GA021n0019_p0483a05"}, {"level": "3", "n": "", "type": "其他", "text": "理安寺", "head": "GA021n0019_p0483a09"}, {"level": "3", "n": "", "type": "其他", "text": "理安寺", "head": "GA021n0019_p0485a04"}, {"level": "3", "n": "", "type": "其他", "text": "西湖漁唱", "head": "GA021n0019_p0485a07"}, {"level": "3", "n": "", "type": "其他", "text": "同人游九溪十八澗分韻", "head": "GA021n0019_p0486a08"}, {"level": "3", "n": "", "type": "其他", "text": "十月七日重游理安寺", "head": "GA021n0019_p0489a06"}, {"level": "3", "n": "", "type": "其他", "text": "理安寺", "head": "GA021n0019_p0490a09"}, {"level": "3", "n": "", "type": "其他", "text": "同人遊理安山，訪佛石和尚于松巔閣，分賦得遇字，卻贈", "head": "GA021n0019_p0491a02"}, {"level": "3", "n": "", "type": "其他", "text": "曉入理安山，訪智公方丈", "head": "GA021n0019_p0491a10"}, {"level": "3", "n": "", "type": "其他", "text": "甲戌秋日同沈鵬游理安寺，贈嘯亭上人", "head": "GA021n0019_p0492a05"}, {"level": "3", "n": "", "type": "其他", "text": "同作", "head": "GA021n0019_p0492a09"}, {"level": "3", "n": "", "type": "其他", "text": "理安寺四首", "head": "GA021n0019_p0493a02"}, {"level": "3", "n": "", "type": "其他", "text": "入南澗，禮箬祖塔", "head": "GA021n0019_p0494a01"}, {"level": "3", "n": "", "type": "其他", "text": "春朝遊虎跑、真珠二泉，遂歷馬鞍山，憩九溪石壁精舍", "head": "GA021n0019_p0494a05"}, {"level": "3", "n": "", "type": "其他", "text": "遊理安寺", "head": "GA021n0019_p0495a04"}, {"level": "3", "n": "", "type": "其他", "text": "仲秋雨中游理安寺，奉訪智公和尚", "head": "GA021n0019_p0495a07"}, {"level": "3", "n": "", "type": "其他", "text": "登大人峰", "head": "GA021n0019_p0496a02"}, {"level": "3", "n": "", "type": "其他", "text": "理安寺與智公上人話舊", "head": "GA021n0019_p0496a04"}, {"level": "3", "n": "", "type": "其他", "text": "理安夜坐", "head": "GA021n0019_p0496a07"}, {"level": "3", "n": "", "type": "其他", "text": "寺樓曉起", "head": "GA021n0019_p0497a01"}, {"level": "3", "n": "", "type": "其他", "text": "遊南澗，留贈佛石禪師二絕", "head": "GA021n0019_p0497a04"}, {"level": "3", "n": "", "type": "其他", "text": "禮箬菴祖塔", "head": "GA021n0019_p0497a09"}, {"level": "3", "n": "", "type": "其他", "text": "溪橋晚步", "head": "GA021n0019_p0498a02"}, {"level": "2", "n": "", "type": "其他", "text": "賦", "head": "GA021n0019_p0498a05"}, {"level": "3", "n": "", "type": "其他", "text": "理安寺賦", "head": "GA021n0019_p0498a06"}, {"level": "2", "n": "", "type": "其他", "text": "疏", "head": "GA021n0019_p0501a09"}, {"level": "3", "n": "", "type": "其他", "text": "十八澗結庵疏", "head": "GA021n0019_p0501a10"}, {"level": "3", "n": "", "type": "其他", "text": "重建理安禪寺疏", "head": "GA021n0019_p0502a09"}, {"level": "3", "n": "", "type": "其他", "text": "書理安寺緣疏後", "head": "GA021n0019_p0510a01"}, {"level": "2", "n": "", "type": "其他", "text": "序", "head": "GA021n0019_p0511a01"}, {"level": "3", "n": "", "type": "其他", "text": "澹社序", "head": "GA021n0019_p0511a02"}, {"level": "3", "n": "", "type": "其他", "text": "壽法雨大師序", "head": "GA021n0019_p0513a01"}, {"level": "2", "n": "", "type": "其他", "text": "記", "head": "GA021n0019_p0517a02"}, {"level": "3", "n": "", "type": "其他", "text": "南澗棲禪記", "head": "GA021n0019_p0517a03"}, {"level": "2", "n": "", "type": "其他", "text": "書", "head": "GA021n0019_p0520a02"}, {"level": "3", "n": "", "type": "其他", "text": "復箬庵問禪師書", "head": "GA021n0019_p0520a03"}, {"level": "3", "n": "", "type": "其他", "text": "上理安箬庵大和尚", "head": "GA021n0019_p0521a05"}, {"level": "3", "n": "", "type": "其他", "text": "再上箬庵大和尚", "head": "GA021n0019_p0523a01"}, {"level": "2", "n": "", "type": "其他", "text": "題跋", "head": "GA021n0019_p0524a08"}, {"level": "3", "n": "", "type": "其他", "text": "題箬庵問禪師《普說》", "head": "GA021n0019_p0524a09"}]