[{"n": "1", "fun": "open", "head": "ZW08n0068_p0054a23", "title": "如來廣孝十種報恩道場教誡儀文"}, {"n": "2", "fun": "open", "head": "ZW08n0068_p0090a02", "title": "如來廣孝十種報恩道場儀文卷上"}, {"n": "2", "fun": "close", "head": "ZW08n0068_p0123a11", "title": "如來廣孝十種報恩道場儀文卷上終"}, {"n": "3", "fun": "open", "head": "ZW08n0068_p0123a14", "title": "如來廣孝十種報恩道場紀讚"}, {"n": "4", "fun": "open", "head": "ZW08n0068_p0145a07", "title": "如來廣孝十種報恩道場儀文卷中"}, {"n": "4", "fun": "close", "head": "ZW08n0068_p0201a15", "title": "如來廣孝十種報恩道場儀文卷中終"}, {"n": "5", "fun": "open", "head": "ZW08n0068_p0202a02", "title": "如來廣孝十種報恩道場儀文卷下"}, {"n": "5", "fun": "close", "head": "ZW08n0068_p0261a12", "title": "如來廣孝十種報恩道場儀文卷下終"}, {"n": "6", "fun": "open", "head": "ZW08n0068_p0262a02", "title": "如來廣孝十種報恩道場三時提綱"}, {"n": "6", "fun": "close", "head": "ZW08n0068_p0304a19", "title": "如來廣孝十種報恩道場三時提綱終"}, {"n": "7", "fun": "open", "head": "ZW08n0068_p0305a02", "title": "如來廣孝十種報恩道場密教卷上"}, {"n": "7", "fun": "close", "head": "ZW08n0068_p0332a11", "title": "如來廣孝十種報恩道場密教卷上\n終"}, {"n": "8", "fun": "open", "head": "ZW08n0068_p0332a16", "title": "如來廣孝十種報恩道場密教卷下"}, {"n": "2", "fun": "close", "head": "ZW08n0068_p0358a14", "title": "如來廣孝十種報恩道場密教卷下終"}]