[{"n": "1", "fun": "open", "head": "ZW08n0068_p0054a23"}, {"n": "2", "fun": "open", "head": "ZW08n0068_p0090a02"}, {"n": "2", "fun": "close", "head": "ZW08n0068_p0123a11"}, {"n": "3", "fun": "open", "head": "ZW08n0068_p0123a14"}, {"n": "4", "fun": "open", "head": "ZW08n0068_p0145a07"}, {"n": "4", "fun": "close", "head": "ZW08n0068_p0201a15"}, {"n": "5", "fun": "open", "head": "ZW08n0068_p0202a02"}, {"n": "5", "fun": "close", "head": "ZW08n0068_p0261a12"}, {"n": "6", "fun": "open", "head": "ZW08n0068_p0262a02"}, {"n": "6", "fun": "close", "head": "ZW08n0068_p0304a19"}, {"n": "7", "fun": "open", "head": "ZW08n0068_p0305a02"}, {"n": "7", "fun": "close", "head": "ZW08n0068_p0332a11"}, {"n": "8", "fun": "open", "head": "ZW08n0068_p0332a16"}, {"n": "2", "fun": "close", "head": "ZW08n0068_p0358a14"}]