[{"level": "1", "n": "", "type": "其他", "text": "第十七篇", "head": "N39n0018_p0001a01"}, {"level": "2", "n": "", "type": "其他", "text": "五二一　三鳥本生譚", "head": "N39n0018_p0001a04"}, {"level": "3", "n": "", "type": "其他", "text": "序分", "head": "N39n0018_p0001a07"}, {"level": "3", "n": "", "type": "其他", "text": "主分", "head": "N39n0018_p0002a02"}, {"level": "3", "n": "", "type": "其他", "text": "結分", "head": "N39n0018_p0014a09"}, {"level": "2", "n": "", "type": "其他", "text": "五二二　娑羅槃迦仙本生譚", "head": "N39n0018_p0015a05"}, {"level": "3", "n": "", "type": "其他", "text": "序分", "head": "N39n0018_p0015a07"}, {"level": "3", "n": "", "type": "其他", "text": "主分", "head": "N39n0018_p0017a09"}, {"level": "3", "n": "", "type": "其他", "text": "結分", "head": "N39n0018_p0037a05"}, {"level": "2", "n": "", "type": "其他", "text": "五二三　阿蘭布薩天女本生譚", "head": "N39n0018_p0039a06"}, {"level": "3", "n": "", "type": "其他", "text": "序分", "head": "N39n0018_p0039a08"}, {"level": "3", "n": "", "type": "其他", "text": "主分", "head": "N39n0018_p0039a13"}, {"level": "3", "n": "", "type": "其他", "text": "結分", "head": "N39n0018_p0049a13"}, {"level": "2", "n": "", "type": "其他", "text": "五二四　護螺龍王本生譚", "head": "N39n0018_p0050a11"}, {"level": "3", "n": "", "type": "其他", "text": "序分", "head": "N39n0018_p0050a13"}, {"level": "3", "n": "", "type": "其他", "text": "主分", "head": "N39n0018_p0051a02"}, {"level": "3", "n": "", "type": "其他", "text": "結分", "head": "N39n0018_p0063a01"}, {"level": "2", "n": "", "type": "其他", "text": "五二五　小須陀蘇摩王本生譚", "head": "N39n0018_p0063a05"}, {"level": "3", "n": "", "type": "其他", "text": "序分", "head": "N39n0018_p0063a07"}, {"level": "3", "n": "", "type": "其他", "text": "主分", "head": "N39n0018_p0063a09"}, {"level": "3", "n": "", "type": "其他", "text": "結分", "head": "N39n0018_p0077a09"}, {"level": "1", "n": "", "type": "其他", "text": "第十八篇", "head": "N39n0018_p0079a01"}, {"level": "2", "n": "", "type": "其他", "text": "五二六　那利妮伽王女本生譚", "head": "N39n0018_p0079a04"}, {"level": "3", "n": "", "type": "其他", "text": "序分", "head": "N39n0018_p0079a07"}, {"level": "3", "n": "", "type": "其他", "text": "主分", "head": "N39n0018_p0079a10"}, {"level": "3", "n": "", "type": "其他", "text": "結分", "head": "N39n0018_p0092a09"}, {"level": "2", "n": "", "type": "其他", "text": "五二七　溫瑪丹提女本生譚", "head": "N39n0018_p0093a02"}, {"level": "3", "n": "", "type": "其他", "text": "序分", "head": "N39n0018_p0093a04"}, {"level": "3", "n": "", "type": "其他", "text": "主分", "head": "N39n0018_p0094a05"}, {"level": "3", "n": "", "type": "其他", "text": "結分", "head": "N39n0018_p0113a01"}, {"level": "2", "n": "", "type": "其他", "text": "五二八　大菩提普行沙門本生譚", "head": "N39n0018_p0113a10"}, {"level": "3", "n": "", "type": "其他", "text": "序分", "head": "N39n0018_p0113a12"}, {"level": "3", "n": "", "type": "其他", "text": "主分", "head": "N39n0018_p0114a01"}, {"level": "3", "n": "", "type": "其他", "text": "結分", "head": "N39n0018_p0132a13"}, {"level": "1", "n": "", "type": "其他", "text": "第十九篇", "head": "N39n0018_p0134a01"}, {"level": "2", "n": "", "type": "其他", "text": "五二九　須那迦辟支佛本生譚", "head": "N39n0018_p0134a04"}, {"level": "3", "n": "", "type": "其他", "text": "序分", "head": "N39n0018_p0134a07"}, {"level": "3", "n": "", "type": "其他", "text": "主分", "head": "N39n0018_p0134a10"}, {"level": "3", "n": "", "type": "其他", "text": "結分", "head": "N39n0018_p0150a01"}, {"level": "2", "n": "", "type": "其他", "text": "五三〇　珊乞闍仙本生譚", "head": "N39n0018_p0152a02"}, {"level": "3", "n": "", "type": "其他", "text": "序分", "head": "N39n0018_p0152a04"}, {"level": "3", "n": "", "type": "其他", "text": "主分", "head": "N39n0018_p0154a01"}, {"level": "3", "n": "", "type": "其他", "text": "結分", "head": "N39n0018_p0166a02"}, {"level": "1", "n": "", "type": "其他", "text": "第二十篇", "head": "N39n0018_p0171a01"}, {"level": "2", "n": "", "type": "其他", "text": "五三一　姑尸王本生譚", "head": "N39n0018_p0171a04"}, {"level": "3", "n": "", "type": "其他", "text": "序分", "head": "N39n0018_p0171a07"}, {"level": "3", "n": "", "type": "其他", "text": "主分", "head": "N39n0018_p0172a04"}, {"level": "3", "n": "", "type": "其他", "text": "結分", "head": "N39n0018_p0211a08"}, {"level": "2", "n": "", "type": "其他", "text": "五三二　數那難陀仙本生譚", "head": "N39n0018_p0212a08"}, {"level": "3", "n": "", "type": "其他", "text": "序分", "head": "N39n0018_p0212a11"}, {"level": "3", "n": "", "type": "其他", "text": "主分", "head": "N39n0018_p0212a14"}, {"level": "3", "n": "", "type": "其他", "text": "結分", "head": "N39n0018_p0235a13"}]