[{"level": "1", "n": "", "type": "其他", "text": "第二篇", "head": "N33n0018_p0001a01"}, {"level": "2", "n": "", "type": "其他", "text": "第一章　剛強品", "head": "N33n0018_p0001a04"}, {"level": "3", "n": "", "type": "其他", "text": "一五一　王訓本生譚", "head": "N33n0018_p0001a07"}, {"level": "4", "n": "", "type": "其他", "text": "序分", "head": "N33n0018_p0001a10"}, {"level": "4", "n": "", "type": "其他", "text": "主分", "head": "N33n0018_p0002a06"}, {"level": "4", "n": "", "type": "其他", "text": "結分", "head": "N33n0018_p0005a03"}, {"level": "3", "n": "", "type": "其他", "text": "一五二　豺本生譚", "head": "N33n0018_p0005a10"}, {"level": "4", "n": "", "type": "其他", "text": "序分", "head": "N33n0018_p0005a12"}, {"level": "4", "n": "", "type": "其他", "text": "主分", "head": "N33n0018_p0006a11"}, {"level": "4", "n": "", "type": "其他", "text": "結分", "head": "N33n0018_p0009a01"}, {"level": "3", "n": "", "type": "其他", "text": "一五三　野豬本生譚", "head": "N33n0018_p0009a12"}, {"level": "4", "n": "", "type": "其他", "text": "序分", "head": "N33n0018_p0009a14"}, {"level": "4", "n": "", "type": "其他", "text": "主分", "head": "N33n0018_p0011a01"}, {"level": "4", "n": "", "type": "其他", "text": "結分", "head": "N33n0018_p0012a08"}, {"level": "3", "n": "", "type": "其他", "text": "一五四　龍本生譚", "head": "N33n0018_p0013a02"}, {"level": "4", "n": "", "type": "其他", "text": "序分", "head": "N33n0018_p0013a04"}, {"level": "4", "n": "", "type": "其他", "text": "主分", "head": "N33n0018_p0014a06"}, {"level": "4", "n": "", "type": "其他", "text": "結分", "head": "N33n0018_p0015a08"}, {"level": "3", "n": "", "type": "其他", "text": "一五五　伽伽婆羅門本生譚", "head": "N33n0018_p0016a02"}, {"level": "4", "n": "", "type": "其他", "text": "序分", "head": "N33n0018_p0016a04"}, {"level": "4", "n": "", "type": "其他", "text": "主分", "head": "N33n0018_p0016a14"}, {"level": "4", "n": "", "type": "其他", "text": "結分", "head": "N33n0018_p0018a13"}, {"level": "3", "n": "", "type": "其他", "text": "一五六　無私心本生譚", "head": "N33n0018_p0019a02"}, {"level": "4", "n": "", "type": "其他", "text": "序分", "head": "N33n0018_p0019a04"}, {"level": "4", "n": "", "type": "其他", "text": "主分", "head": "N33n0018_p0019a08"}, {"level": "4", "n": "", "type": "其他", "text": "結分", "head": "N33n0018_p0023a07"}, {"level": "3", "n": "", "type": "其他", "text": "一五七　有德本生譚", "head": "N33n0018_p0024a03"}, {"level": "4", "n": "", "type": "其他", "text": "序分", "head": "N33n0018_p0024a05"}, {"level": "4", "n": "", "type": "其他", "text": "主分", "head": "N33n0018_p0026a08"}, {"level": "4", "n": "", "type": "其他", "text": "結分", "head": "N33n0018_p0029a03"}, {"level": "3", "n": "", "type": "其他", "text": "一五八　善頰本生譚", "head": "N33n0018_p0029a10"}, {"level": "4", "n": "", "type": "其他", "text": "序分", "head": "N33n0018_p0029a12"}, {"level": "4", "n": "", "type": "其他", "text": "主分", "head": "N33n0018_p0030a06"}, {"level": "4", "n": "", "type": "其他", "text": "結分", "head": "N33n0018_p0031a10"}, {"level": "3", "n": "", "type": "其他", "text": "一五九　孔雀本生譚", "head": "N33n0018_p0031a13"}, {"level": "4", "n": "", "type": "其他", "text": "序分", "head": "N33n0018_p0032a01"}, {"level": "4", "n": "", "type": "其他", "text": "主分", "head": "N33n0018_p0032a07"}, {"level": "4", "n": "", "type": "其他", "text": "結分", "head": "N33n0018_p0035a12"}, {"level": "3", "n": "", "type": "其他", "text": "一六〇　紺青鴉本生譚", "head": "N33n0018_p0036a02"}, {"level": "4", "n": "", "type": "其他", "text": "序分", "head": "N33n0018_p0036a04"}, {"level": "4", "n": "", "type": "其他", "text": "主分", "head": "N33n0018_p0036a09"}, {"level": "4", "n": "", "type": "其他", "text": "結分", "head": "N33n0018_p0038a02"}, {"level": "2", "n": "", "type": "其他", "text": "第二章　親交品", "head": "N33n0018_p0039a01"}, {"level": "3", "n": "", "type": "其他", "text": "一六一　因陀羅同姓本生譚", "head": "N33n0018_p0039a04"}, {"level": "4", "n": "", "type": "其他", "text": "序分", "head": "N33n0018_p0039a07"}, {"level": "4", "n": "", "type": "其他", "text": "主分", "head": "N33n0018_p0039a10"}, {"level": "4", "n": "", "type": "其他", "text": "結分", "head": "N33n0018_p0040a13"}, {"level": "3", "n": "", "type": "其他", "text": "一六二　親交本生譚", "head": "N33n0018_p0041a02"}, {"level": "4", "n": "", "type": "其他", "text": "序分", "head": "N33n0018_p0041a04"}, {"level": "4", "n": "", "type": "其他", "text": "主分", "head": "N33n0018_p0041a09"}, {"level": "4", "n": "", "type": "其他", "text": "結分", "head": "N33n0018_p0042a13"}, {"level": "3", "n": "", "type": "其他", "text": "一六三　須師摩王本生譚", "head": "N33n0018_p0043a02"}, {"level": "4", "n": "", "type": "其他", "text": "序分", "head": "N33n0018_p0043a04"}, {"level": "4", "n": "", "type": "其他", "text": "主分", "head": "N33n0018_p0044a05"}, {"level": "4", "n": "", "type": "其他", "text": "結分", "head": "N33n0018_p0047a04"}, {"level": "3", "n": "", "type": "其他", "text": "一六四　鷲本生譚", "head": "N33n0018_p0047a11"}, {"level": "4", "n": "", "type": "其他", "text": "序分", "head": "N33n0018_p0047a13"}, {"level": "4", "n": "", "type": "其他", "text": "主分", "head": "N33n0018_p0048a04"}, {"level": "4", "n": "", "type": "其他", "text": "結分", "head": "N33n0018_p0049a13"}, {"level": "3", "n": "", "type": "其他", "text": "一六五　鼬本生譚", "head": "N33n0018_p0050a03"}, {"level": "4", "n": "", "type": "其他", "text": "序分", "head": "N33n0018_p0050a05"}, {"level": "4", "n": "", "type": "其他", "text": "主分", "head": "N33n0018_p0050a08"}, {"level": "4", "n": "", "type": "其他", "text": "結分", "head": "N33n0018_p0051a08"}, {"level": "3", "n": "", "type": "其他", "text": "一六六　烏婆沙魯哈婆羅門本生譚", "head": "N33n0018_p0051a11"}, {"level": "4", "n": "", "type": "其他", "text": "序分", "head": "N33n0018_p0051a13"}, {"level": "4", "n": "", "type": "其他", "text": "主分", "head": "N33n0018_p0052a12"}, {"level": "4", "n": "", "type": "其他", "text": "結分", "head": "N33n0018_p0053a13"}, {"level": "3", "n": "", "type": "其他", "text": "一六七　完美本生譚", "head": "N33n0018_p0054a02"}, {"level": "4", "n": "", "type": "其他", "text": "序分", "head": "N33n0018_p0054a04"}, {"level": "4", "n": "", "type": "其他", "text": "主分", "head": "N33n0018_p0054a14"}, {"level": "4", "n": "", "type": "其他", "text": "結分", "head": "N33n0018_p0055a10"}, {"level": "3", "n": "", "type": "其他", "text": "一六八　鷹本生譚", "head": "N33n0018_p0055a13"}, {"level": "4", "n": "", "type": "其他", "text": "序分", "head": "N33n0018_p0056a01"}, {"level": "4", "n": "", "type": "其他", "text": "主分", "head": "N33n0018_p0056a05"}, {"level": "4", "n": "", "type": "其他", "text": "結分", "head": "N33n0018_p0057a10"}, {"level": "3", "n": "", "type": "其他", "text": "一六九　阿邏迦仙本生譚", "head": "N33n0018_p0057a13"}, {"level": "4", "n": "", "type": "其他", "text": "序分", "head": "N33n0018_p0058a01"}, {"level": "4", "n": "", "type": "其他", "text": "主分", "head": "N33n0018_p0058a13"}, {"level": "4", "n": "", "type": "其他", "text": "結分", "head": "N33n0018_p0059a09"}, {"level": "3", "n": "", "type": "其他", "text": "一七〇　伽美雷翁本生譚", "head": "N33n0018_p0060a05"}, {"level": "2", "n": "", "type": "其他", "text": "第三章　善法品", "head": "N33n0018_p0061a01"}, {"level": "3", "n": "", "type": "其他", "text": "一七一　善法本生譚", "head": "N33n0018_p0061a04"}, {"level": "4", "n": "", "type": "其他", "text": "序分", "head": "N33n0018_p0061a07"}, {"level": "4", "n": "", "type": "其他", "text": "主分", "head": "N33n0018_p0062a10"}, {"level": "4", "n": "", "type": "其他", "text": "結分", "head": "N33n0018_p0063a10"}, {"level": "3", "n": "", "type": "其他", "text": "一七二　達陀羅山本生譚", "head": "N33n0018_p0063a13"}, {"level": "4", "n": "", "type": "其他", "text": "序分", "head": "N33n0018_p0064a01"}, {"level": "4", "n": "", "type": "其他", "text": "主分", "head": "N33n0018_p0065a02"}, {"level": "4", "n": "", "type": "其他", "text": "結分", "head": "N33n0018_p0065a13"}, {"level": "3", "n": "", "type": "其他", "text": "一七三　猿猴本生譚", "head": "N33n0018_p0066a06"}, {"level": "4", "n": "", "type": "其他", "text": "序分", "head": "N33n0018_p0066a08"}, {"level": "4", "n": "", "type": "其他", "text": "主分", "head": "N33n0018_p0066a12"}, {"level": "4", "n": "", "type": "其他", "text": "結分", "head": "N33n0018_p0068a04"}, {"level": "3", "n": "", "type": "其他", "text": "一七四　叛逆猿猴本生譚", "head": "N33n0018_p0068a07"}, {"level": "4", "n": "", "type": "其他", "text": "序分", "head": "N33n0018_p0068a09"}, {"level": "4", "n": "", "type": "其他", "text": "主分", "head": "N33n0018_p0068a12"}, {"level": "4", "n": "", "type": "其他", "text": "結分", "head": "N33n0018_p0070a01"}, {"level": "3", "n": "", "type": "其他", "text": "一七五　日輪供養本生譚", "head": "N33n0018_p0070a04"}, {"level": "4", "n": "", "type": "其他", "text": "序分", "head": "N33n0018_p0070a06"}, {"level": "4", "n": "", "type": "其他", "text": "主分", "head": "N33n0018_p0070a07"}, {"level": "4", "n": "", "type": "其他", "text": "結分", "head": "N33n0018_p0071a11"}, {"level": "3", "n": "", "type": "其他", "text": "一七六　一握豌豆本生譚", "head": "N33n0018_p0072a02"}, {"level": "4", "n": "", "type": "其他", "text": "序分", "head": "N33n0018_p0072a04"}, {"level": "4", "n": "", "type": "其他", "text": "主分", "head": "N33n0018_p0072a12"}, {"level": "4", "n": "", "type": "其他", "text": "結分", "head": "N33n0018_p0073a14"}, {"level": "3", "n": "", "type": "其他", "text": "一七七　鎮頭迦樹本生譚", "head": "N33n0018_p0074a04"}, {"level": "4", "n": "", "type": "其他", "text": "序分", "head": "N33n0018_p0074a06"}, {"level": "4", "n": "", "type": "其他", "text": "主分", "head": "N33n0018_p0074a10"}, {"level": "4", "n": "", "type": "其他", "text": "結分", "head": "N33n0018_p0076a08"}, {"level": "3", "n": "", "type": "其他", "text": "一七八　龜本生譚", "head": "N33n0018_p0076a11"}, {"level": "4", "n": "", "type": "其他", "text": "序分", "head": "N33n0018_p0076a13"}, {"level": "4", "n": "", "type": "其他", "text": "主分", "head": "N33n0018_p0077a06"}, {"level": "4", "n": "", "type": "其他", "text": "結分", "head": "N33n0018_p0078a13"}, {"level": "3", "n": "", "type": "其他", "text": "一七九　正法婆羅門本生譚", "head": "N33n0018_p0079a02"}, {"level": "4", "n": "", "type": "其他", "text": "序分", "head": "N33n0018_p0079a04"}, {"level": "4", "n": "", "type": "其他", "text": "主分", "head": "N33n0018_p0079a14"}, {"level": "4", "n": "", "type": "其他", "text": "結分", "head": "N33n0018_p0081a06"}, {"level": "3", "n": "", "type": "其他", "text": "一八〇　難施本生譚", "head": "N33n0018_p0082a02"}, {"level": "4", "n": "", "type": "其他", "text": "序分", "head": "N33n0018_p0082a04"}, {"level": "4", "n": "", "type": "其他", "text": "主分", "head": "N33n0018_p0082a11"}, {"level": "4", "n": "", "type": "其他", "text": "結分", "head": "N33n0018_p0083a10"}, {"level": "2", "n": "", "type": "其他", "text": "第四章　無雙品", "head": "N33n0018_p0084a01"}, {"level": "3", "n": "", "type": "其他", "text": "一八一　無雙王子本生譚", "head": "N33n0018_p0084a04"}, {"level": "4", "n": "", "type": "其他", "text": "序分", "head": "N33n0018_p0084a07"}, {"level": "4", "n": "", "type": "其他", "text": "主分", "head": "N33n0018_p0084a09"}, {"level": "4", "n": "", "type": "其他", "text": "結分", "head": "N33n0018_p0088a02"}, {"level": "3", "n": "", "type": "其他", "text": "一八二　戰場住居本生譚", "head": "N33n0018_p0088a10"}, {"level": "4", "n": "", "type": "其他", "text": "序分", "head": "N33n0018_p0088a12"}, {"level": "4", "n": "", "type": "其他", "text": "主分", "head": "N33n0018_p0091a07"}, {"level": "4", "n": "", "type": "其他", "text": "結分", "head": "N33n0018_p0092a08"}, {"level": "3", "n": "", "type": "其他", "text": "一八三　濾水本生譚", "head": "N33n0018_p0093a02"}, {"level": "4", "n": "", "type": "其他", "text": "序分", "head": "N33n0018_p0093a04"}, {"level": "4", "n": "", "type": "其他", "text": "主分", "head": "N33n0018_p0093a14"}, {"level": "4", "n": "", "type": "其他", "text": "結分", "head": "N33n0018_p0095a01"}, {"level": "3", "n": "", "type": "其他", "text": "一八四　山牙本生譚", "head": "N33n0018_p0095a04"}, {"level": "4", "n": "", "type": "其他", "text": "序分", "head": "N33n0018_p0095a06"}, {"level": "4", "n": "", "type": "其他", "text": "主分", "head": "N33n0018_p0095a09"}, {"level": "4", "n": "", "type": "其他", "text": "結分", "head": "N33n0018_p0096a09"}, {"level": "3", "n": "", "type": "其他", "text": "一八五　不喜本生譚", "head": "N33n0018_p0096a12"}, {"level": "4", "n": "", "type": "其他", "text": "序分", "head": "N33n0018_p0096a14"}, {"level": "4", "n": "", "type": "其他", "text": "主分", "head": "N33n0018_p0097a08"}, {"level": "4", "n": "", "type": "其他", "text": "結分", "head": "N33n0018_p0098a04"}, {"level": "3", "n": "", "type": "其他", "text": "一八六　凝乳運搬王本生譚", "head": "N33n0018_p0098a06"}, {"level": "4", "n": "", "type": "其他", "text": "序分", "head": "N33n0018_p0098a09"}, {"level": "4", "n": "", "type": "其他", "text": "主分", "head": "N33n0018_p0098a13"}, {"level": "4", "n": "", "type": "其他", "text": "結分", "head": "N33n0018_p0103a07"}, {"level": "3", "n": "", "type": "其他", "text": "一八七　四美本生譚", "head": "N33n0018_p0103a09"}, {"level": "4", "n": "", "type": "其他", "text": "序分", "head": "N33n0018_p0103a11"}, {"level": "4", "n": "", "type": "其他", "text": "主分", "head": "N33n0018_p0104a03"}, {"level": "4", "n": "", "type": "其他", "text": "結分", "head": "N33n0018_p0104a12"}, {"level": "3", "n": "", "type": "其他", "text": "一八八　獅子豺本生譚", "head": "N33n0018_p0105a04"}, {"level": "4", "n": "", "type": "其他", "text": "序分", "head": "N33n0018_p0105a06"}, {"level": "4", "n": "", "type": "其他", "text": "主分", "head": "N33n0018_p0105a10"}, {"level": "4", "n": "", "type": "其他", "text": "結分", "head": "N33n0018_p0106a09"}, {"level": "3", "n": "", "type": "其他", "text": "一八九　獅子皮本生譚", "head": "N33n0018_p0106a12"}, {"level": "4", "n": "", "type": "其他", "text": "序分", "head": "N33n0018_p0106a14"}, {"level": "4", "n": "", "type": "其他", "text": "主分", "head": "N33n0018_p0107a02"}, {"level": "4", "n": "", "type": "其他", "text": "結分", "head": "N33n0018_p0108a01"}, {"level": "3", "n": "", "type": "其他", "text": "一九〇　戒德利益本生譚", "head": "N33n0018_p0108a04"}, {"level": "4", "n": "", "type": "其他", "text": "序分", "head": "N33n0018_p0108a06"}, {"level": "4", "n": "", "type": "其他", "text": "主分", "head": "N33n0018_p0109a02"}, {"level": "4", "n": "", "type": "其他", "text": "結分", "head": "N33n0018_p0110a06"}, {"level": "2", "n": "", "type": "其他", "text": "第五章　魯哈迦品", "head": "N33n0018_p0111a01"}, {"level": "3", "n": "", "type": "其他", "text": "一九一　魯哈迦婆羅門本生譚", "head": "N33n0018_p0111a04"}, {"level": "4", "n": "", "type": "其他", "text": "序分", "head": "N33n0018_p0111a07"}, {"level": "4", "n": "", "type": "其他", "text": "主分", "head": "N33n0018_p0111a11"}, {"level": "4", "n": "", "type": "其他", "text": "結分", "head": "N33n0018_p0113a03"}, {"level": "3", "n": "", "type": "其他", "text": "一九二　吉祥黑耳本生譚", "head": "N33n0018_p0113a07"}, {"level": "3", "n": "", "type": "其他", "text": "一九三　小蓮華王本生譚", "head": "N33n0018_p0113a10"}, {"level": "4", "n": "", "type": "其他", "text": "序分", "head": "N33n0018_p0113a12"}, {"level": "4", "n": "", "type": "其他", "text": "主分", "head": "N33n0018_p0114a04"}, {"level": "4", "n": "", "type": "其他", "text": "結分", "head": "N33n0018_p0119a05"}, {"level": "3", "n": "", "type": "其他", "text": "一九四　寶珠竊盜本生譚", "head": "N33n0018_p0120a06"}, {"level": "4", "n": "", "type": "其他", "text": "序分", "head": "N33n0018_p0120a08"}, {"level": "4", "n": "", "type": "其他", "text": "主分", "head": "N33n0018_p0120a11"}, {"level": "4", "n": "", "type": "其他", "text": "結分", "head": "N33n0018_p0123a05"}, {"level": "3", "n": "", "type": "其他", "text": "一九五　山麓本生譚", "head": "N33n0018_p0123a11"}, {"level": "4", "n": "", "type": "其他", "text": "序分", "head": "N33n0018_p0123a13"}, {"level": "4", "n": "", "type": "其他", "text": "主分", "head": "N33n0018_p0124a06"}, {"level": "4", "n": "", "type": "其他", "text": "結分", "head": "N33n0018_p0125a05"}, {"level": "3", "n": "", "type": "其他", "text": "一九六　雲馬本生譚", "head": "N33n0018_p0125a08"}, {"level": "4", "n": "", "type": "其他", "text": "序分", "head": "N33n0018_p0125a10"}, {"level": "4", "n": "", "type": "其他", "text": "主分", "head": "N33n0018_p0126a03"}, {"level": "4", "n": "", "type": "其他", "text": "結分", "head": "N33n0018_p0128a03"}, {"level": "3", "n": "", "type": "其他", "text": "一九七　怨親本生譚", "head": "N33n0018_p0130a02"}, {"level": "4", "n": "", "type": "其他", "text": "序分", "head": "N33n0018_p0130a04"}, {"level": "4", "n": "", "type": "其他", "text": "主分", "head": "N33n0018_p0130a13"}, {"level": "4", "n": "", "type": "其他", "text": "結分", "head": "N33n0018_p0131a09"}, {"level": "3", "n": "", "type": "其他", "text": "一九八　羅陀鸚鵡本生譚", "head": "N33n0018_p0131a12"}, {"level": "4", "n": "", "type": "其他", "text": "序分", "head": "N33n0018_p0131a14"}, {"level": "4", "n": "", "type": "其他", "text": "主分", "head": "N33n0018_p0132a05"}, {"level": "4", "n": "", "type": "其他", "text": "結分", "head": "N33n0018_p0133a10"}, {"level": "3", "n": "", "type": "其他", "text": "一九九　家長本生譚", "head": "N33n0018_p0133a13"}, {"level": "4", "n": "", "type": "其他", "text": "序分", "head": "N33n0018_p0134a01"}, {"level": "4", "n": "", "type": "其他", "text": "主分", "head": "N33n0018_p0134a03"}, {"level": "4", "n": "", "type": "其他", "text": "結分", "head": "N33n0018_p0135a12"}, {"level": "3", "n": "", "type": "其他", "text": "二〇〇　善戒本生譚", "head": "N33n0018_p0136a02"}, {"level": "4", "n": "", "type": "其他", "text": "序分", "head": "N33n0018_p0136a04"}, {"level": "4", "n": "", "type": "其他", "text": "主分", "head": "N33n0018_p0136a10"}, {"level": "4", "n": "", "type": "其他", "text": "結分", "head": "N33n0018_p0137a07"}, {"level": "2", "n": "", "type": "其他", "text": "第六章　那塔木達魯哈品", "head": "N33n0018_p0138a01"}, {"level": "3", "n": "", "type": "其他", "text": "二〇一　獄舍本生譚", "head": "N33n0018_p0138a04"}, {"level": "4", "n": "", "type": "其他", "text": "序分", "head": "N33n0018_p0138a07"}, {"level": "4", "n": "", "type": "其他", "text": "主分", "head": "N33n0018_p0139a02"}, {"level": "4", "n": "", "type": "其他", "text": "結分", "head": "N33n0018_p0140a03"}, {"level": "3", "n": "", "type": "其他", "text": "二〇二　耽戲本生譚", "head": "N33n0018_p0140a10"}, {"level": "4", "n": "", "type": "其他", "text": "序分", "head": "N33n0018_p0140a13"}, {"level": "4", "n": "", "type": "其他", "text": "主分", "head": "N33n0018_p0141a10"}, {"level": "4", "n": "", "type": "其他", "text": "結分", "head": "N33n0018_p0143a06"}, {"level": "3", "n": "", "type": "其他", "text": "二〇三　犍度本生譚", "head": "N33n0018_p0143a13"}, {"level": "4", "n": "", "type": "其他", "text": "序分", "head": "N33n0018_p0144a01"}, {"level": "4", "n": "", "type": "其他", "text": "主分", "head": "N33n0018_p0144a08"}, {"level": "4", "n": "", "type": "其他", "text": "結分", "head": "N33n0018_p0146a10"}, {"level": "3", "n": "", "type": "其他", "text": "二〇四　維拉迦烏本生譚", "head": "N33n0018_p0147a02"}, {"level": "4", "n": "", "type": "其他", "text": "序分", "head": "N33n0018_p0147a04"}, {"level": "4", "n": "", "type": "其他", "text": "主分", "head": "N33n0018_p0147a08"}, {"level": "4", "n": "", "type": "其他", "text": "結分", "head": "N33n0018_p0148a14"}, {"level": "3", "n": "", "type": "其他", "text": "二〇五　恒伽魚本生譚", "head": "N33n0018_p0149a06"}, {"level": "4", "n": "", "type": "其他", "text": "序分", "head": "N33n0018_p0149a08"}, {"level": "4", "n": "", "type": "其他", "text": "主分", "head": "N33n0018_p0150a04"}, {"level": "4", "n": "", "type": "其他", "text": "結分", "head": "N33n0018_p0151a02"}, {"level": "3", "n": "", "type": "其他", "text": "二〇六　羚羊本生譚", "head": "N33n0018_p0151a08"}, {"level": "4", "n": "", "type": "其他", "text": "序分", "head": "N33n0018_p0151a10"}, {"level": "4", "n": "", "type": "其他", "text": "主分", "head": "N33n0018_p0151a13"}, {"level": "4", "n": "", "type": "其他", "text": "結分", "head": "N33n0018_p0153a14"}, {"level": "3", "n": "", "type": "其他", "text": "二〇七　阿薩迦王本生譚", "head": "N33n0018_p0154a06"}, {"level": "4", "n": "", "type": "其他", "text": "序分", "head": "N33n0018_p0154a08"}, {"level": "4", "n": "", "type": "其他", "text": "主分", "head": "N33n0018_p0154a12"}, {"level": "4", "n": "", "type": "其他", "text": "結分", "head": "N33n0018_p0157a02"}, {"level": "3", "n": "", "type": "其他", "text": "二〇八　鰐本生譚", "head": "N33n0018_p0157a09"}, {"level": "4", "n": "", "type": "其他", "text": "序分", "head": "N33n0018_p0157a11"}, {"level": "4", "n": "", "type": "其他", "text": "主分", "head": "N33n0018_p0157a14"}, {"level": "4", "n": "", "type": "其他", "text": "結分", "head": "N33n0018_p0159a10"}, {"level": "3", "n": "", "type": "其他", "text": "二〇九　鷓鴣本生譚", "head": "N33n0018_p0160a04"}, {"level": "4", "n": "", "type": "其他", "text": "序分", "head": "N33n0018_p0160a06"}, {"level": "4", "n": "", "type": "其他", "text": "主分", "head": "N33n0018_p0160a13"}, {"level": "4", "n": "", "type": "其他", "text": "結分", "head": "N33n0018_p0161a10"}, {"level": "3", "n": "", "type": "其他", "text": "二一〇　堪達伽羅迦啄木鳥本生譚", "head": "N33n0018_p0162a02"}, {"level": "4", "n": "", "type": "其他", "text": "序分", "head": "N33n0018_p0162a04"}, {"level": "4", "n": "", "type": "其他", "text": "主分", "head": "N33n0018_p0162a07"}, {"level": "4", "n": "", "type": "其他", "text": "結分", "head": "N33n0018_p0163a11"}, {"level": "2", "n": "", "type": "其他", "text": "第七章　香草叢品", "head": "N33n0018_p0165a01"}, {"level": "3", "n": "", "type": "其他", "text": "二一一　蘇摩達陀婆羅門子本生譚", "head": "N33n0018_p0165a05"}, {"level": "4", "n": "", "type": "其他", "text": "序分", "head": "N33n0018_p0165a08"}, {"level": "4", "n": "", "type": "其他", "text": "主分", "head": "N33n0018_p0165a13"}, {"level": "4", "n": "", "type": "其他", "text": "結分", "head": "N33n0018_p0168a02"}, {"level": "3", "n": "", "type": "其他", "text": "二一二　殘食本生譚", "head": "N33n0018_p0168a06"}, {"level": "4", "n": "", "type": "其他", "text": "序分", "head": "N33n0018_p0168a08"}, {"level": "4", "n": "", "type": "其他", "text": "主分", "head": "N33n0018_p0168a12"}, {"level": "4", "n": "", "type": "其他", "text": "結分", "head": "N33n0018_p0170a05"}, {"level": "3", "n": "", "type": "其他", "text": "二一三　巴魯王本生譚", "head": "N33n0018_p0170a09"}, {"level": "4", "n": "", "type": "其他", "text": "序分", "head": "N33n0018_p0170a11"}, {"level": "4", "n": "", "type": "其他", "text": "主分", "head": "N33n0018_p0172a07"}, {"level": "4", "n": "", "type": "其他", "text": "結分", "head": "N33n0018_p0174a02"}, {"level": "3", "n": "", "type": "其他", "text": "二一四　河水滿本生譚", "head": "N33n0018_p0174a11"}, {"level": "4", "n": "", "type": "其他", "text": "序分", "head": "N33n0018_p0174a13"}, {"level": "4", "n": "", "type": "其他", "text": "主分", "head": "N33n0018_p0175a04"}, {"level": "4", "n": "", "type": "其他", "text": "結分", "head": "N33n0018_p0176a06"}, {"level": "3", "n": "", "type": "其他", "text": "二一五　龜本生譚", "head": "N33n0018_p0177a02"}, {"level": "4", "n": "", "type": "其他", "text": "序分", "head": "N33n0018_p0177a04"}, {"level": "4", "n": "", "type": "其他", "text": "主分", "head": "N33n0018_p0177a07"}, {"level": "4", "n": "", "type": "其他", "text": "結分", "head": "N33n0018_p0178a14"}, {"level": "3", "n": "", "type": "其他", "text": "二一六　魚本生譚", "head": "N33n0018_p0179a07"}, {"level": "4", "n": "", "type": "其他", "text": "序分", "head": "N33n0018_p0179a09"}, {"level": "4", "n": "", "type": "其他", "text": "主分", "head": "N33n0018_p0179a13"}, {"level": "4", "n": "", "type": "其他", "text": "結分", "head": "N33n0018_p0180a07"}, {"level": "3", "n": "", "type": "其他", "text": "二一七　塞句女本生譚", "head": "N33n0018_p0181a02"}, {"level": "4", "n": "", "type": "其他", "text": "序分", "head": "N33n0018_p0181a04"}, {"level": "4", "n": "", "type": "其他", "text": "主分", "head": "N33n0018_p0181a09"}, {"level": "4", "n": "", "type": "其他", "text": "結分", "head": "N33n0018_p0182a05"}, {"level": "3", "n": "", "type": "其他", "text": "二一八　詐騙商人本生譚", "head": "N33n0018_p0182a12"}, {"level": "4", "n": "", "type": "其他", "text": "序分", "head": "N33n0018_p0182a14"}, {"level": "4", "n": "", "type": "其他", "text": "主分", "head": "N33n0018_p0183a09"}, {"level": "4", "n": "", "type": "其他", "text": "結分", "head": "N33n0018_p0185a06"}, {"level": "3", "n": "", "type": "其他", "text": "二一九　誹謗本生譚", "head": "N33n0018_p0185a09"}, {"level": "4", "n": "", "type": "其他", "text": "序分", "head": "N33n0018_p0185a11"}, {"level": "4", "n": "", "type": "其他", "text": "主分", "head": "N33n0018_p0186a02"}, {"level": "4", "n": "", "type": "其他", "text": "結分", "head": "N33n0018_p0187a07"}, {"level": "3", "n": "", "type": "其他", "text": "二二〇　法幢本生譚", "head": "N33n0018_p0187a10"}, {"level": "4", "n": "", "type": "其他", "text": "序分", "head": "N33n0018_p0187a12"}, {"level": "4", "n": "", "type": "其他", "text": "主分", "head": "N33n0018_p0188a01"}, {"level": "4", "n": "", "type": "其他", "text": "結分", "head": "N33n0018_p0194a07"}, {"level": "2", "n": "", "type": "其他", "text": "第八章　袈裟品", "head": "N33n0018_p0197a01"}, {"level": "3", "n": "", "type": "其他", "text": "二二一　袈裟本生譚", "head": "N33n0018_p0197a05"}, {"level": "4", "n": "", "type": "其他", "text": "序分", "head": "N33n0018_p0197a08"}, {"level": "4", "n": "", "type": "其他", "text": "主分", "head": "N33n0018_p0198a08"}, {"level": "4", "n": "", "type": "其他", "text": "結分", "head": "N33n0018_p0199a10"}, {"level": "3", "n": "", "type": "其他", "text": "二二二　小難提耶猿本生譚", "head": "N33n0018_p0200a05"}, {"level": "4", "n": "", "type": "其他", "text": "序分", "head": "N33n0018_p0200a08"}, {"level": "4", "n": "", "type": "其他", "text": "主分", "head": "N33n0018_p0200a13"}, {"level": "4", "n": "", "type": "其他", "text": "結分", "head": "N33n0018_p0203a09"}, {"level": "3", "n": "", "type": "其他", "text": "二二三　囊食本生譚", "head": "N33n0018_p0204a02"}, {"level": "4", "n": "", "type": "其他", "text": "序分", "head": "N33n0018_p0204a04"}, {"level": "4", "n": "", "type": "其他", "text": "主分", "head": "N33n0018_p0205a01"}, {"level": "4", "n": "", "type": "其他", "text": "結分", "head": "N33n0018_p0207a02"}, {"level": "3", "n": "", "type": "其他", "text": "二二四　鰐本生譚", "head": "N33n0018_p0207a05"}, {"level": "4", "n": "", "type": "其他", "text": "序分", "head": "N33n0018_p0207a06"}, {"level": "4", "n": "", "type": "其他", "text": "主分", "head": "N33n0018_p0207a07"}, {"level": "3", "n": "", "type": "其他", "text": "二二五　堪忍禮讚者本生譚", "head": "N33n0018_p0207a13"}, {"level": "4", "n": "", "type": "其他", "text": "序分", "head": "N33n0018_p0208a01"}, {"level": "4", "n": "", "type": "其他", "text": "主分", "head": "N33n0018_p0208a04"}, {"level": "4", "n": "", "type": "其他", "text": "結分", "head": "N33n0018_p0208a14"}, {"level": "3", "n": "", "type": "其他", "text": "二二六　梟本生譚", "head": "N33n0018_p0209a03"}, {"level": "4", "n": "", "type": "其他", "text": "序分", "head": "N33n0018_p0209a05"}, {"level": "4", "n": "", "type": "其他", "text": "主分", "head": "N33n0018_p0209a07"}, {"level": "4", "n": "", "type": "其他", "text": "結分", "head": "N33n0018_p0210a04"}, {"level": "3", "n": "", "type": "其他", "text": "二二七　糞食蟲本生譚", "head": "N33n0018_p0210a07"}, {"level": "4", "n": "", "type": "其他", "text": "序分", "head": "N33n0018_p0210a09"}, {"level": "4", "n": "", "type": "其他", "text": "主分", "head": "N33n0018_p0212a01"}, {"level": "4", "n": "", "type": "其他", "text": "結分", "head": "N33n0018_p0212a14"}, {"level": "3", "n": "", "type": "其他", "text": "二二八　迦瑪尼他婆羅門本生譚", "head": "N33n0018_p0213a06"}, {"level": "4", "n": "", "type": "其他", "text": "序分", "head": "N33n0018_p0213a08"}, {"level": "4", "n": "", "type": "其他", "text": "主分", "head": "N33n0018_p0213a10"}, {"level": "4", "n": "", "type": "其他", "text": "結分", "head": "N33n0018_p0216a03"}, {"level": "3", "n": "", "type": "其他", "text": "二二九　逃亡本生譚", "head": "N33n0018_p0216a13"}, {"level": "4", "n": "", "type": "其他", "text": "序分", "head": "N33n0018_p0217a01"}, {"level": "4", "n": "", "type": "其他", "text": "主分", "head": "N33n0018_p0217a12"}, {"level": "4", "n": "", "type": "其他", "text": "結分", "head": "N33n0018_p0218a11"}, {"level": "3", "n": "", "type": "其他", "text": "二三〇　第二逃亡本生譚", "head": "N33n0018_p0219a04"}, {"level": "4", "n": "", "type": "其他", "text": "序分", "head": "N33n0018_p0219a06"}, {"level": "4", "n": "", "type": "其他", "text": "主分", "head": "N33n0018_p0219a12"}, {"level": "4", "n": "", "type": "其他", "text": "結分", "head": "N33n0018_p0220a10"}, {"level": "2", "n": "", "type": "其他", "text": "第九章　革履品", "head": "N33n0018_p0221a01"}, {"level": "3", "n": "", "type": "其他", "text": "二三一　革履本生譚", "head": "N33n0018_p0221a05"}, {"level": "4", "n": "", "type": "其他", "text": "序分", "head": "N33n0018_p0221a08"}, {"level": "4", "n": "", "type": "其他", "text": "主分", "head": "N33n0018_p0221a12"}, {"level": "4", "n": "", "type": "其他", "text": "結分", "head": "N33n0018_p0223a09"}, {"level": "3", "n": "", "type": "其他", "text": "二三二　琵琶竿本生譚", "head": "N33n0018_p0223a12"}, {"level": "4", "n": "", "type": "其他", "text": "序分", "head": "N33n0018_p0223a14"}, {"level": "4", "n": "", "type": "其他", "text": "主分", "head": "N33n0018_p0224a10"}, {"level": "4", "n": "", "type": "其他", "text": "結分", "head": "N33n0018_p0225a10"}, {"level": "3", "n": "", "type": "其他", "text": "二三三　鐖箭本生譚", "head": "N33n0018_p0225a13"}, {"level": "4", "n": "", "type": "其他", "text": "序分", "head": "N33n0018_p0226a01"}, {"level": "4", "n": "", "type": "其他", "text": "主分", "head": "N33n0018_p0226a05"}, {"level": "4", "n": "", "type": "其他", "text": "結分", "head": "N33n0018_p0227a04"}, {"level": "3", "n": "", "type": "其他", "text": "二三四　阿西達布妃本生譚", "head": "N33n0018_p0228a02"}, {"level": "4", "n": "", "type": "其他", "text": "序分", "head": "N33n0018_p0228a04"}, {"level": "4", "n": "", "type": "其他", "text": "主分", "head": "N33n0018_p0229a01"}, {"level": "4", "n": "", "type": "其他", "text": "結分", "head": "N33n0018_p0230a02"}, {"level": "3", "n": "", "type": "其他", "text": "二三五　越闍那迦遊行者本生譚", "head": "N33n0018_p0230a08"}, {"level": "4", "n": "", "type": "其他", "text": "序分", "head": "N33n0018_p0230a10"}, {"level": "4", "n": "", "type": "其他", "text": "主分", "head": "N33n0018_p0231a04"}, {"level": "4", "n": "", "type": "其他", "text": "結分", "head": "N33n0018_p0232a06"}, {"level": "3", "n": "", "type": "其他", "text": "二三六　青鷺本生譚", "head": "N33n0018_p0232a13"}, {"level": "4", "n": "", "type": "其他", "text": "序分", "head": "N33n0018_p0233a01"}, {"level": "4", "n": "", "type": "其他", "text": "主分", "head": "N33n0018_p0233a04"}, {"level": "4", "n": "", "type": "其他", "text": "結分", "head": "N33n0018_p0233a14"}, {"level": "3", "n": "", "type": "其他", "text": "二三七　娑祇多婆羅門本生譚", "head": "N33n0018_p0234a06"}, {"level": "4", "n": "", "type": "其他", "text": "序分", "head": "N33n0018_p0234a08"}, {"level": "4", "n": "", "type": "其他", "text": "主分", "head": "N33n0018_p0234a10"}, {"level": "4", "n": "", "type": "其他", "text": "結分", "head": "N33n0018_p0235a02"}, {"level": "3", "n": "", "type": "其他", "text": "二三八　一句本生譚", "head": "N33n0018_p0235a05"}, {"level": "4", "n": "", "type": "其他", "text": "序分", "head": "N33n0018_p0235a07"}, {"level": "4", "n": "", "type": "其他", "text": "主分", "head": "N33n0018_p0235a13"}, {"level": "4", "n": "", "type": "其他", "text": "結分", "head": "N33n0018_p0236a09"}, {"level": "3", "n": "", "type": "其他", "text": "二三九　綠母本生譚", "head": "N33n0018_p0237a05"}, {"level": "4", "n": "", "type": "其他", "text": "序分", "head": "N33n0018_p0237a07"}, {"level": "4", "n": "", "type": "其他", "text": "主分", "head": "N33n0018_p0238a02"}, {"level": "4", "n": "", "type": "其他", "text": "結分", "head": "N33n0018_p0239a03"}, {"level": "3", "n": "", "type": "其他", "text": "二四〇　大黃王本生譚", "head": "N33n0018_p0239a06"}, {"level": "4", "n": "", "type": "其他", "text": "序分", "head": "N33n0018_p0239a08"}, {"level": "4", "n": "", "type": "其他", "text": "主分", "head": "N33n0018_p0240a02"}, {"level": "4", "n": "", "type": "其他", "text": "結分", "head": "N33n0018_p0242a01"}, {"level": "2", "n": "", "type": "其他", "text": "第十章　豺品", "head": "N33n0018_p0243a01"}, {"level": "3", "n": "", "type": "其他", "text": "二四一　一切牙豺本生譚", "head": "N33n0018_p0243a05"}, {"level": "4", "n": "", "type": "其他", "text": "序分", "head": "N33n0018_p0243a08"}, {"level": "4", "n": "", "type": "其他", "text": "主分", "head": "N33n0018_p0244a01"}, {"level": "4", "n": "", "type": "其他", "text": "結分", "head": "N33n0018_p0246a03"}, {"level": "3", "n": "", "type": "其他", "text": "二四二　犬本生譚", "head": "N33n0018_p0246a10"}, {"level": "4", "n": "", "type": "其他", "text": "序分", "head": "N33n0018_p0246a12"}, {"level": "4", "n": "", "type": "其他", "text": "主分", "head": "N33n0018_p0247a07"}, {"level": "4", "n": "", "type": "其他", "text": "結分", "head": "N33n0018_p0248a04"}, {"level": "3", "n": "", "type": "其他", "text": "二四三　古提拉音樂本生譚", "head": "N33n0018_p0249a02"}, {"level": "4", "n": "", "type": "其他", "text": "序分", "head": "N33n0018_p0249a04"}, {"level": "4", "n": "", "type": "其他", "text": "主分", "head": "N33n0018_p0249a12"}, {"level": "4", "n": "", "type": "其他", "text": "結分", "head": "N33n0018_p0257a14"}, {"level": "3", "n": "", "type": "其他", "text": "二四四　離欲本生譚", "head": "N33n0018_p0258a12"}, {"level": "4", "n": "", "type": "其他", "text": "序分", "head": "N33n0018_p0258a14"}, {"level": "4", "n": "", "type": "其他", "text": "主分", "head": "N33n0018_p0259a06"}, {"level": "4", "n": "", "type": "其他", "text": "結分", "head": "N33n0018_p0260a05"}, {"level": "3", "n": "", "type": "其他", "text": "二四五　根本方便本生譚", "head": "N33n0018_p0260a08"}, {"level": "4", "n": "", "type": "其他", "text": "序分", "head": "N33n0018_p0260a10"}, {"level": "4", "n": "", "type": "其他", "text": "主分", "head": "N33n0018_p0261a09"}, {"level": "4", "n": "", "type": "其他", "text": "結分", "head": "N33n0018_p0263a01"}, {"level": "3", "n": "", "type": "其他", "text": "二四六　油教訓本生譚", "head": "N33n0018_p0263a13"}, {"level": "4", "n": "", "type": "其他", "text": "序分", "head": "N33n0018_p0264a01"}, {"level": "4", "n": "", "type": "其他", "text": "主分", "head": "N33n0018_p0264a07"}, {"level": "4", "n": "", "type": "其他", "text": "結分", "head": "N33n0018_p0265a04"}, {"level": "3", "n": "", "type": "其他", "text": "二四七　帕丹迦利王子本生譚", "head": "N33n0018_p0265a10"}, {"level": "4", "n": "", "type": "其他", "text": "序分", "head": "N33n0018_p0265a12"}, {"level": "4", "n": "", "type": "其他", "text": "主分", "head": "N33n0018_p0266a04"}, {"level": "4", "n": "", "type": "其他", "text": "結分", "head": "N33n0018_p0267a04"}, {"level": "3", "n": "", "type": "其他", "text": "二四八　緊祝迦喻本生譚", "head": "N33n0018_p0267a10"}, {"level": "4", "n": "", "type": "其他", "text": "序分", "head": "N33n0018_p0267a12"}, {"level": "4", "n": "", "type": "其他", "text": "主分", "head": "N33n0018_p0268a05"}, {"level": "4", "n": "", "type": "其他", "text": "結分", "head": "N33n0018_p0269a03"}, {"level": "3", "n": "", "type": "其他", "text": "二四九　薩羅迦猿本生譚", "head": "N33n0018_p0270a02"}, {"level": "4", "n": "", "type": "其他", "text": "序分", "head": "N33n0018_p0270a04"}, {"level": "4", "n": "", "type": "其他", "text": "主分", "head": "N33n0018_p0270a14"}, {"level": "4", "n": "", "type": "其他", "text": "結分", "head": "N33n0018_p0271a14"}, {"level": "3", "n": "", "type": "其他", "text": "二五〇　猿本生譚", "head": "N33n0018_p0272a03"}, {"level": "4", "n": "", "type": "其他", "text": "序分", "head": "N33n0018_p0272a05"}, {"level": "4", "n": "", "type": "其他", "text": "主分", "head": "N33n0018_p0272a10"}, {"level": "4", "n": "", "type": "其他", "text": "結分", "head": "N33n0018_p0273a11"}]