[{"n": "1", "fun": "open", "head": "ZW07n0062_p0115a10", "title": "藥師道場解經頌文灌頂章句教誡儀文"}, {"n": "1", "fun": "close", "head": "ZW07n0062_p0132a09", "title": "藥師灌頂章句教誡終"}, {"n": "2", "fun": "open", "head": "ZW07n0062_p0133a02", "title": "佛說消災延壽藥師灌頂章句一時儀文"}, {"n": "2", "fun": "close", "head": "ZW07n0062_p0150a12", "title": "一時儀文終"}, {"n": "3", "fun": "open", "head": "ZW07n0062_p0151a02", "title": "佛說藥師二時科儀文"}, {"n": "3", "fun": "close", "head": "ZW07n0062_p0165a20", "title": "藥師道場解經頌文二時儀文終"}, {"n": "4", "fun": "open", "head": "ZW07n0062_p0166a02", "title": "佛說藥師三時儀文"}, {"n": "4", "fun": "close", "head": "ZW07n0062_p0198a10", "title": "藥師科範三時儀文終"}, {"n": "5", "fun": "open", "head": "ZW07n0062_p0199a02", "title": "藥師灌頂章句拔苦過罪生死得度綱目"}, {"n": "5", "fun": "close", "head": "ZW07n0062_p0209a13", "title": "灌頂章句終"}, {"n": "6", "fun": "open", "head": "ZW07n0062_p0210a02", "title": "佛說藥師三時密咒"}, {"n": "6", "fun": "close", "head": "ZW07n0062_p0221a15", "title": "佛說藥師灌頂章句密咒三時教誡終"}]