[{"n": "1", "fun": "open", "head": "ZW07n0062_p0115a10"}, {"n": "1", "fun": "close", "head": "ZW07n0062_p0132a09"}, {"n": "2", "fun": "open", "head": "ZW07n0062_p0133a02"}, {"n": "2", "fun": "close", "head": "ZW07n0062_p0150a12"}, {"n": "3", "fun": "open", "head": "ZW07n0062_p0151a02"}, {"n": "3", "fun": "close", "head": "ZW07n0062_p0165a20"}, {"n": "4", "fun": "open", "head": "ZW07n0062_p0166a02"}, {"n": "4", "fun": "close", "head": "ZW07n0062_p0198a10"}, {"n": "5", "fun": "open", "head": "ZW07n0062_p0199a02"}, {"n": "5", "fun": "close", "head": "ZW07n0062_p0209a13"}, {"n": "6", "fun": "open", "head": "ZW07n0062_p0210a02"}, {"n": "6", "fun": "close", "head": "ZW07n0062_p0221a15"}]