[{"n": "1", "fun": "open", "head": "ZW07n0063_p0231a06", "title": "佛說淨度三昧經卷第一"}, {"n": "1", "fun": "close", "head": "ZW07n0063_p0261a07", "title": "淨度經卷第一"}, {"n": "2", "fun": "open", "head": "ZW07n0063_p0262a02", "title": "淨度三昧經卷第二"}, {"n": "2", "fun": "close", "head": "ZW07n0063_p0291a14", "title": "淨度經卷第二"}, {"n": "3", "fun": "open", "head": "ZW07n0063_p0292a02", "title": "佛說淨度經卷第三"}, {"n": "3", "fun": "close", "head": "ZW07n0063_p0326a07", "title": "淨度三昧經卷第三"}]