[{"level": "1", "n": "", "type": "其他", "text": "第七品　隨眠雙論", "head": "N52n0028_p0001a03"}, {"level": "2", "n": "", "type": "其他", "text": "第一　隨增分", "head": "N52n0028_p0002a03"}, {"level": "2", "n": "", "type": "其他", "text": "第二　有隨眠分", "head": "N52n0028_p0059a03"}, {"level": "2", "n": "", "type": "其他", "text": "第三　斷分", "head": "N52n0028_p0118a12"}, {"level": "2", "n": "", "type": "其他", "text": "第四　徧知分", "head": "N52n0028_p0170a03"}, {"level": "2", "n": "", "type": "其他", "text": "第五　已斷分", "head": "N52n0028_p0224a10"}, {"level": "2", "n": "", "type": "其他", "text": "第六　生分", "head": "N52n0028_p0276a03"}, {"level": "2", "n": "", "type": "其他", "text": "第七　界分", "head": "N52n0028_p0277a03"}]