[{"level": "1", "n": "", "type": "其他", "text": "題解", "head": "ZW08n0069_p0359a02"}, {"level": "1", "n": "", "type": "其他", "text": "錄文", "head": "ZW08n0069_p0360a21"}, {"level": "2", "n": "", "type": "其他", "text": "日光經", "head": "ZW08n0069_p0360a23"}, {"level": "2", "n": "", "type": "其他", "text": "太陽經", "head": "ZW08n0069_p0362a03"}, {"level": "2", "n": "", "type": "其他", "text": "月光經", "head": "ZW08n0069_p0363a19"}, {"level": "2", "n": "", "type": "其他", "text": "太陰經", "head": "ZW08n0069_p0364a08"}, {"level": "2", "n": "", "type": "其他", "text": "金剛般若波羅蜜經纂", "head": "ZW08n0069_p0368a21"}]