[{"n": "1", "fun": "open", "head": "GA010n0009_p0003a01"}, {"n": "1", "fun": "open", "head": "GA010n0009_p0031a01"}, {"n": "1", "fun": "close", "head": "GA010n0009_p0079a12"}, {"n": "2", "fun": "open", "head": "GA010n0009_p0081a01"}, {"n": "2", "fun": "close", "head": "GA010n0009_p0170a12"}, {"n": "3", "fun": "open", "head": "GA010n0009_p0171a01"}, {"n": "3", "fun": "close", "head": "GA010n0009_p0206a12"}, {"n": "4", "fun": "open", "head": "GA010n0009_p0207a01"}, {"n": "4", "fun": "close", "head": "GA010n0009_p0232a12"}, {"n": "5", "fun": "open", "head": "GA010n0009_p0233a01"}, {"n": "5", "fun": "close", "head": "GA010n0009_p0337d01"}, {"n": "6", "fun": "open", "head": "GA010n0009_p0339a01"}, {"n": "6", "fun": "close", "head": "GA010n0009_p0448a12"}, {"n": "7", "fun": "open", "head": "GA010n0009_p0449a01"}, {"n": "7", "fun": "close", "head": "GA010n0009_p0493a12"}, {"n": "8", "fun": "open", "head": "GA010n0009_p0495a01"}, {"n": "8", "fun": "close", "head": "GA010n0009_p0521a12"}, {"n": "9", "fun": "open", "head": "GA010n0009_p0523a01"}, {"n": "9", "fun": "close", "head": "GA010n0009_p0530a12"}, {"n": "10", "fun": "open", "head": "GA010n0009_p0531a01"}, {"n": "10", "fun": "close", "head": "GA010n0009_p0555a12"}, {"n": "11", "fun": "open", "head": "GA010n0009_p0557a01"}, {"n": "11", "fun": "close", "head": "GA010n0009_p0590a12"}, {"n": "12", "fun": "open", "head": "GA010n0009_p0591a01"}, {"n": "12", "fun": "close", "head": "GA010n0009_p0638a01"}]