[{"n": "1", "fun": "open", "head": "GA010n0009_p0003a01", "title": "普陀洛迦新志卷首"}, {"n": "1", "fun": "open", "head": "GA010n0009_p0031a01", "title": "普陀洛迦新志卷一"}, {"n": "1", "fun": "close", "head": "GA010n0009_p0079a12", "title": "普陀洛迦新志卷一終"}, {"n": "2", "fun": "open", "head": "GA010n0009_p0081a01", "title": "普陀洛迦新志卷二"}, {"n": "2", "fun": "close", "head": "GA010n0009_p0170a12", "title": "普陀洛迦新志卷二終"}, {"n": "3", "fun": "open", "head": "GA010n0009_p0171a01", "title": "普陀洛迦新志卷三"}, {"n": "3", "fun": "close", "head": "GA010n0009_p0206a12", "title": "普陀洛迦新志卷三終"}, {"n": "4", "fun": "open", "head": "GA010n0009_p0207a01", "title": "普陀洛迦新志卷四"}, {"n": "4", "fun": "close", "head": "GA010n0009_p0232a12", "title": "普陀洛迦新志卷四終"}, {"n": "5", "fun": "open", "head": "GA010n0009_p0233a01", "title": "普陀洛迦新志卷五"}, {"n": "5", "fun": "close", "head": "GA010n0009_p0337d01", "title": "普陀洛迦新志卷五終"}, {"n": "6", "fun": "open", "head": "GA010n0009_p0339a01", "title": "普陀洛迦新志卷六"}, {"n": "6", "fun": "close", "head": "GA010n0009_p0448a12", "title": "普陀洛迦新志卷六終"}, {"n": "7", "fun": "open", "head": "GA010n0009_p0449a01", "title": "普陀洛迦新志卷七"}, {"n": "7", "fun": "close", "head": "GA010n0009_p0493a12", "title": "普陀洛迦新志卷七終"}, {"n": "8", "fun": "open", "head": "GA010n0009_p0495a01", "title": "普陀洛迦新志卷八"}, {"n": "8", "fun": "close", "head": "GA010n0009_p0521a12", "title": "普陀洛迦新志卷八終"}, {"n": "9", "fun": "open", "head": "GA010n0009_p0523a01", "title": "普陀洛迦新志卷九"}, {"n": "9", "fun": "close", "head": "GA010n0009_p0530a12", "title": "普陀洛迦新志卷九終"}, {"n": "10", "fun": "open", "head": "GA010n0009_p0531a01", "title": "普陀洛迦新志卷十"}, {"n": "10", "fun": "close", "head": "GA010n0009_p0555a12", "title": "普陀洛迦新志卷十終"}, {"n": "11", "fun": "open", "head": "GA010n0009_p0557a01", "title": "普陀洛迦新志卷十一"}, {"n": "11", "fun": "close", "head": "GA010n0009_p0590a12", "title": "普陀洛迦新志卷十一終"}, {"n": "12", "fun": "open", "head": "GA010n0009_p0591a01", "title": "普陀洛迦新志卷十二"}, {"n": "12", "fun": "close", "head": "GA010n0009_p0638a01", "title": "普陀洛迦新志卷十二終"}]