[{"level": "1", "n": "", "type": "其他", "text": "前言", "head": "ZW06n0057_p0389a05"}, {"level": "1", "n": "", "type": "其他", "text": "一、雲南阿吒力教經典簡目", "head": "ZW06n0057_p0389a25"}, {"level": "1", "n": "", "type": "其他", "text": "二、雲南阿吒力教經典為明代佛教之「教」所用科儀", "head": "ZW06n0057_p0394a18"}, {"level": "1", "n": "", "type": "其他", "text": "三、阿吒力教經典是研究中國民俗佛教的重要資料", "head": "ZW06n0057_p0399a09"}]