[{"level": "1", "n": "", "type": "其他", "text": "題解", "head": "ZW06n0051_p0035a02"}, {"level": "1", "n": "", "type": "其他", "text": "錄文", "head": "ZW06n0051_p0036a01"}, {"level": "2", "n": "", "type": "其他", "text": "楞嚴解冤釋結道場教誡儀文", "head": "ZW06n0051_p0036a02"}, {"level": "3", "n": "", "type": "其他", "text": "壇前教誡", "head": "ZW06n0051_p0036a05"}, {"level": "4", "n": "", "type": "其他", "text": "第一、壇外教誡", "head": "ZW06n0051_p0036a09"}, {"level": "4", "n": "", "type": "其他", "text": "第二、道場次序", "head": "ZW06n0051_p0038a03"}, {"level": "4", "n": "", "type": "其他", "text": "第三、道場合用", "head": "ZW06n0051_p0039a08"}, {"level": "4", "n": "", "type": "其他", "text": "第四、安置尊像", "head": "ZW06n0051_p0040a06"}, {"level": "4", "n": "", "type": "其他", "text": "第五、道場元由", "head": "ZW06n0051_p0041a05"}, {"level": "4", "n": "", "type": "其他", "text": "其他", "head": "ZW06n0051_p0043a02"}, {"level": "5", "n": "", "type": "其他", "text": "入壇參禮", "head": "ZW06n0051_p0043a02"}, {"level": "5", "n": "", "type": "其他", "text": "淨三業儀", "head": "ZW06n0051_p0043a14"}, {"level": "5", "n": "", "type": "其他", "text": "焚香儀文", "head": "ZW06n0051_p0044a13"}, {"level": "5", "n": "", "type": "其他", "text": "灑淨科文", "head": "ZW06n0051_p0045a05"}, {"level": "5", "n": "", "type": "其他", "text": "淨壇論文", "head": "ZW06n0051_p0046a01"}, {"level": "5", "n": "", "type": "其他", "text": "結界論文", "head": "ZW06n0051_p0046a12"}, {"level": "5", "n": "", "type": "其他", "text": "散花論文", "head": "ZW06n0051_p0048a22"}, {"level": "3", "n": "", "type": "其他", "text": "第一時號破妄顯真", "head": "ZW06n0051_p0049a08"}, {"level": "4", "n": "", "type": "其他", "text": "第一、敘述齋意", "head": "ZW06n0051_p0050a03"}, {"level": "4", "n": "", "type": "其他", "text": "第二、歎佛宣疏", "head": "ZW06n0051_p0051a14"}, {"level": "4", "n": "", "type": "其他", "text": "第三、警策大眾", "head": "ZW06n0051_p0052a09"}, {"level": "4", "n": "", "type": "其他", "text": "第四、啟請聖賢", "head": "ZW06n0051_p0053a07"}, {"level": "4", "n": "", "type": "其他", "text": "第五、啟祝真靈", "head": "ZW06n0051_p0057a04"}, {"level": "2", "n": "", "type": "其他", "text": "楞嚴解冤釋結道場儀文", "head": "ZW06n0051_p0063a01"}, {"level": "3", "n": "", "type": "其他", "text": "續第一時號破妄顯真", "head": "ZW06n0051_p0063a03"}, {"level": "4", "n": "", "type": "其他", "text": "第六、舉揚宗教", "head": "ZW06n0051_p0064a03"}, {"level": "4", "n": "", "type": "其他", "text": "第七、三心五願", "head": "ZW06n0051_p0066a10"}, {"level": "4", "n": "", "type": "其他", "text": "第八、如來設教", "head": "ZW06n0051_p0070a05"}, {"level": "4", "n": "", "type": "其他", "text": "第九、敘陳冤債", "head": "ZW06n0051_p0073a03"}, {"level": "4", "n": "", "type": "其他", "text": "第十、菩薩化現", "head": "ZW06n0051_p0077a01"}, {"level": "4", "n": "", "type": "其他", "text": "第十一、感應勸誡", "head": "ZW06n0051_p0079a06"}, {"level": "3", "n": "", "type": "其他", "text": "第二時號解冤釋結", "head": "ZW06n0051_p0086a03"}, {"level": "4", "n": "", "type": "其他", "text": "第一、警策大眾", "head": "ZW06n0051_p0086a16"}, {"level": "4", "n": "", "type": "其他", "text": "第二、讚禮聖賢", "head": "ZW06n0051_p0088a01"}, {"level": "4", "n": "", "type": "其他", "text": "第三、明解結同體", "head": "ZW06n0051_p0094a05"}, {"level": "4", "n": "", "type": "其他", "text": "第四、廣釋除疑", "head": "ZW06n0051_p0095a14"}, {"level": "4", "n": "", "type": "其他", "text": "第五、依經重誦", "head": "ZW06n0051_p0097a14"}, {"level": "4", "n": "", "type": "其他", "text": "第六、再指超門", "head": "ZW06n0051_p0099a06"}, {"level": "4", "n": "", "type": "其他", "text": "第七、六解一亡", "head": "ZW06n0051_p0100a14"}, {"level": "4", "n": "", "type": "其他", "text": "第八、綰疊通疑", "head": "ZW06n0051_p0102a01"}, {"level": "4", "n": "", "type": "其他", "text": "第九、比明修解", "head": "ZW06n0051_p0104a04"}, {"level": "4", "n": "", "type": "其他", "text": "第十、懺除冤業", "head": "ZW06n0051_p0107a03"}, {"level": "3", "n": "", "type": "其他", "text": "第三時號成就菩提", "head": "ZW06n0051_p0120a03"}, {"level": "4", "n": "", "type": "其他", "text": "第一、警策大眾", "head": "ZW06n0051_p0120a14"}, {"level": "4", "n": "", "type": "其他", "text": "第二、讚禮聖賢", "head": "ZW06n0051_p0121a10"}, {"level": "4", "n": "", "type": "其他", "text": "第三、三觀修行", "head": "ZW06n0051_p0127a02"}, {"level": "4", "n": "", "type": "其他", "text": "第四、四無量心", "head": "ZW06n0051_p0129a16"}, {"level": "4", "n": "", "type": "其他", "text": "第五、依位漸修", "head": "ZW06n0051_p0133a07"}, {"level": "4", "n": "", "type": "其他", "text": "第六、忘心頓證", "head": "ZW06n0051_p0136a13"}, {"level": "4", "n": "", "type": "其他", "text": "第七、根塵解結", "head": "ZW06n0051_p0138a02"}, {"level": "4", "n": "", "type": "其他", "text": "第八、事法供養", "head": "ZW06n0051_p0148a07"}, {"level": "4", "n": "", "type": "其他", "text": "第九、行香表懺", "head": "ZW06n0051_p0149a13"}, {"level": "4", "n": "", "type": "其他", "text": "第十、禮別聖賢", "head": "ZW06n0051_p0149a14"}, {"level": "3", "n": "", "type": "附文", "text": "附錄", "head": "ZW06n0051_p0152a04"}, {"level": "2", "n": "", "type": "其他", "text": "楞嚴解冤釋結道場儀提綱", "head": "ZW06n0051_p0153a01"}, {"level": "3", "n": "", "type": "其他", "text": "教誡開壇", "head": "ZW06n0051_p0153a03"}, {"level": "3", "n": "", "type": "其他", "text": "第一時", "head": "ZW06n0051_p0166a21"}, {"level": "3", "n": "", "type": "其他", "text": "第二時", "head": "ZW06n0051_p0171a13"}, {"level": "3", "n": "", "type": "其他", "text": "第三時", "head": "ZW06n0051_p0179a01"}, {"level": "3", "n": "", "type": "附文", "text": "附錄一", "head": "ZW06n0051_p0186a01"}, {"level": "3", "n": "", "type": "附文", "text": "附錄二", "head": "ZW06n0051_p0186a13"}, {"level": "3", "n": "", "type": "附文", "text": "附錄三", "head": "ZW06n0051_p0187a15"}, {"level": "3", "n": "", "type": "附文", "text": "附錄四", "head": "ZW06n0051_p0188a15"}, {"level": "3", "n": "", "type": "附文", "text": "附錄五", "head": "ZW06n0051_p0191a14"}, {"level": "3", "n": "", "type": "附文", "text": "附錄六", "head": "ZW06n0051_p0192a15"}, {"level": "2", "n": "", "type": "其他", "text": "楞嚴解冤釋結道場密教", "head": "ZW06n0051_p0193a01"}, {"level": "3", "n": "", "type": "其他", "text": "教誡", "head": "ZW06n0051_p0193a03"}, {"level": "3", "n": "", "type": "其他", "text": "次序 (下)", "head": "ZW06n0051_p0193a08"}, {"level": "3", "n": "", "type": "其他", "text": "合用 (下)", "head": "ZW06n0051_p0193a13"}, {"level": "3", "n": "", "type": "其他", "text": "安置尊像 (下)", "head": "ZW06n0051_p0193a18"}, {"level": "3", "n": "", "type": "其他", "text": "道場元由 (下)", "head": "ZW06n0051_p0194a02"}, {"level": "3", "n": "", "type": "其他", "text": "加持誦摩利支天菩薩神咒　(至)安息香真言", "head": "ZW06n0051_p0194a07"}, {"level": "3", "n": "", "type": "其他", "text": "誦般若心經　咒油真言", "head": "ZW06n0051_p0194a15"}, {"level": "3", "n": "", "type": "其他", "text": "咒燈真言", "head": "ZW06n0051_p0194a19"}, {"level": "3", "n": "", "type": "其他", "text": "大悲咒　咒水真言", "head": "ZW06n0051_p0194a21"}, {"level": "3", "n": "", "type": "其他", "text": "咒壇中諸供養真言", "head": "ZW06n0051_p0195a05"}, {"level": "3", "n": "", "type": "其他", "text": "諸部因緣諸咒", "head": "ZW06n0051_p0195a15"}, {"level": "3", "n": "", "type": "其他", "text": "入壇 (下)", "head": "ZW06n0051_p0195a16"}, {"level": "3", "n": "", "type": "其他", "text": "淨三業真言", "head": "ZW06n0051_p0195a17"}, {"level": "3", "n": "", "type": "其他", "text": "燒香真言", "head": "ZW06n0051_p0195a22"}, {"level": "3", "n": "", "type": "其他", "text": "擁護三業百字真言", "head": "ZW06n0051_p0196a01"}, {"level": "3", "n": "", "type": "其他", "text": "入壇真言", "head": "ZW06n0051_p0196a11"}, {"level": "3", "n": "", "type": "其他", "text": "別界真言", "head": "ZW06n0051_p0196a16"}, {"level": "3", "n": "", "type": "其他", "text": "散花真言", "head": "ZW06n0051_p0196a21"}, {"level": "3", "n": "", "type": "其他", "text": "入壇參佛", "head": "ZW06n0051_p0196a25"}, {"level": "3", "n": "", "type": "其他", "text": "普禮啟白真言", "head": "ZW06n0051_p0197a05"}, {"level": "3", "n": "", "type": "其他", "text": "請座真言", "head": "ZW06n0051_p0197a11"}, {"level": "3", "n": "", "type": "其他", "text": "警策", "head": "ZW06n0051_p0197a15"}, {"level": "3", "n": "", "type": "其他", "text": "啟請", "head": "ZW06n0051_p0198a02"}, {"level": "3", "n": "", "type": "其他", "text": "警覺諸佛出定真言", "head": "ZW06n0051_p0198a16"}, {"level": "3", "n": "", "type": "其他", "text": "禮請真言", "head": "ZW06n0051_p0198a23"}, {"level": "3", "n": "", "type": "其他", "text": "結印誦蓮華捧足真言", "head": "ZW06n0051_p0199a04"}, {"level": "3", "n": "", "type": "其他", "text": "淨輪座真言", "head": "ZW06n0051_p0199a08"}, {"level": "3", "n": "", "type": "其他", "text": "如來請座真言", "head": "ZW06n0051_p0199a12"}, {"level": "3", "n": "", "type": "其他", "text": "禮拜真言", "head": "ZW06n0051_p0199a16"}, {"level": "3", "n": "", "type": "其他", "text": "懸幡真言", "head": "ZW06n0051_p0199a21"}, {"level": "3", "n": "", "type": "其他", "text": "天曹部眾真言", "head": "ZW06n0051_p0199a26"}, {"level": "3", "n": "", "type": "其他", "text": "周天列宿真言", "head": "ZW06n0051_p0200a07"}, {"level": "3", "n": "", "type": "其他", "text": "地水二司真言", "head": "ZW06n0051_p0200a17"}, {"level": "3", "n": "", "type": "其他", "text": "普召集真言", "head": "ZW06n0051_p0200a24"}, {"level": "3", "n": "", "type": "其他", "text": "供養諸佛飲食真言", "head": "ZW06n0051_p0201a03"}, {"level": "3", "n": "", "type": "其他", "text": "獻鬼神食真言", "head": "ZW06n0051_p0201a07"}, {"level": "3", "n": "", "type": "其他", "text": "施面然鬼王食咒", "head": "ZW06n0051_p0201a12"}, {"level": "3", "n": "", "type": "其他", "text": "行甘露水真言", "head": "ZW06n0051_p0201a14"}, {"level": "3", "n": "", "type": "其他", "text": "普供養真言", "head": "ZW06n0051_p0201a19"}, {"level": "3", "n": "", "type": "其他", "text": "迴向", "head": "ZW06n0051_p0201a21"}, {"level": "3", "n": "", "type": "其他", "text": "陞座", "head": "ZW06n0051_p0201a22"}, {"level": "3", "n": "", "type": "其他", "text": "字母真言", "head": "ZW06n0051_p0201a23"}, {"level": "3", "n": "", "type": "其他", "text": "發菩提心真言　金剛披甲真言", "head": "ZW06n0051_p0202a07"}, {"level": "3", "n": "", "type": "其他", "text": "堅固菩提心真言", "head": "ZW06n0051_p0202a11"}, {"level": "3", "n": "", "type": "其他", "text": "一切如來心真言", "head": "ZW06n0051_p0202a13"}, {"level": "3", "n": "", "type": "其他", "text": "諸佛心印真言", "head": "ZW06n0051_p0202a22"}, {"level": "3", "n": "", "type": "其他", "text": "一切如來金剛披甲真言", "head": "ZW06n0051_p0203a02"}, {"level": "3", "n": "", "type": "其他", "text": "一切如來心中心真言　(至)隨心咒", "head": "ZW06n0051_p0203a11"}, {"level": "3", "n": "", "type": "其他", "text": "一切如來灌頂真言", "head": "ZW06n0051_p0203a18"}, {"level": "3", "n": "", "type": "其他", "text": "解百生冤家陀羅尼", "head": "ZW06n0051_p0203a21"}, {"level": "3", "n": "", "type": "其他", "text": "摩利支天大三寶真言", "head": "ZW06n0051_p0204a03"}, {"level": "3", "n": "", "type": "其他", "text": "摩利支菩薩決定成就真言", "head": "ZW06n0051_p0204a12"}, {"level": "3", "n": "", "type": "其他", "text": "摩利支禁冤兵真言", "head": "ZW06n0051_p0205a08"}, {"level": "3", "n": "", "type": "其他", "text": "隱身神力真言", "head": "ZW06n0051_p0205a16"}, {"level": "3", "n": "", "type": "其他", "text": "遇大難想菩薩結其衣角真言", "head": "ZW06n0051_p0205a19"}, {"level": "3", "n": "", "type": "其他", "text": "諸難不侵真言", "head": "ZW06n0051_p0206a05"}, {"level": "3", "n": "", "type": "其他", "text": "佛頂心蓮花手自在心王真言", "head": "ZW06n0051_p0206a11"}, {"level": "3", "n": "", "type": "其他", "text": "虛空藏菩薩離冤憎會神咒", "head": "ZW06n0051_p0207a02"}, {"level": "3", "n": "", "type": "其他", "text": "虛空藏菩薩隨願成就咒", "head": "ZW06n0051_p0207a08"}, {"level": "3", "n": "", "type": "其他", "text": "香供養真言", "head": "ZW06n0051_p0207a18"}, {"level": "3", "n": "", "type": "其他", "text": "花供養真言", "head": "ZW06n0051_p0207a22"}, {"level": "3", "n": "", "type": "其他", "text": "燈供養真言", "head": "ZW06n0051_p0208a01"}, {"level": "3", "n": "", "type": "其他", "text": "塗供養真言", "head": "ZW06n0051_p0208a05"}, {"level": "3", "n": "", "type": "其他", "text": "果供養真言", "head": "ZW06n0051_p0208a09"}, {"level": "3", "n": "", "type": "其他", "text": "普供養真言", "head": "ZW06n0051_p0208a13"}, {"level": "3", "n": "", "type": "其他", "text": "入壇歎佛", "head": "ZW06n0051_p0209a04"}, {"level": "3", "n": "", "type": "其他", "text": "信禮解冤結菩薩", "head": "ZW06n0051_p0209a20"}, {"level": "3", "n": "", "type": "其他", "text": "讚禮上聖", "head": "ZW06n0051_p0209a21"}, {"level": "3", "n": "", "type": "其他", "text": "諸佛出定真言　禮請真言", "head": "ZW06n0051_p0210a08"}, {"level": "3", "n": "", "type": "其他", "text": "第二時陞座", "head": "ZW06n0051_p0210a17"}, {"level": "3", "n": "", "type": "其他", "text": "四十二字母真言", "head": "ZW06n0051_p0210a18"}, {"level": "3", "n": "", "type": "其他", "text": "如來頂相咒", "head": "ZW06n0051_p0211a05"}, {"level": "3", "n": "", "type": "其他", "text": "如來眼相咒", "head": "ZW06n0051_p0211a11"}, {"level": "3", "n": "", "type": "其他", "text": "解冤結真言", "head": "ZW06n0051_p0211a13"}, {"level": "3", "n": "", "type": "其他", "text": "首楞嚴心印咒　(至)解冤結咒", "head": "ZW06n0051_p0211a19"}, {"level": "3", "n": "", "type": "其他", "text": "首楞嚴心印咒", "head": "ZW06n0051_p0212a13"}, {"level": "3", "n": "", "type": "其他", "text": "南無解冤結菩薩", "head": "ZW06n0051_p0213a04"}, {"level": "3", "n": "", "type": "其他", "text": "加持首楞嚴心印咒　(至)解結神咒", "head": "ZW06n0051_p0213a09"}, {"level": "3", "n": "", "type": "其他", "text": "解冤結神咒", "head": "ZW06n0051_p0213a15"}, {"level": "3", "n": "", "type": "其他", "text": "南無解冤結菩薩", "head": "ZW06n0051_p0214a01"}, {"level": "3", "n": "", "type": "其他", "text": "加持首楞嚴心印咒　(至)解冤結神咒", "head": "ZW06n0051_p0214a06"}, {"level": "3", "n": "", "type": "其他", "text": "解冤結神咒", "head": "ZW06n0051_p0214a12"}, {"level": "3", "n": "", "type": "其他", "text": "楞嚴心印咒　(至)解冤結真言", "head": "ZW06n0051_p0214a25"}, {"level": "3", "n": "", "type": "其他", "text": "楞嚴心印咒　(至)解冤結真言", "head": "ZW06n0051_p0215a18"}, {"level": "3", "n": "", "type": "其他", "text": "楞嚴心印咒　(至)解冤結真言", "head": "ZW06n0051_p0216a13"}, {"level": "3", "n": "", "type": "其他", "text": "東方阿閦滅罪真言", "head": "ZW06n0051_p0217a04"}, {"level": "3", "n": "", "type": "其他", "text": "摧罪障真言", "head": "ZW06n0051_p0217a13"}, {"level": "3", "n": "", "type": "其他", "text": "召罪障真言", "head": "ZW06n0051_p0217a17"}, {"level": "3", "n": "", "type": "其他", "text": "普懺罪真言", "head": "ZW06n0051_p0217a20"}, {"level": "3", "n": "", "type": "其他", "text": "警策大眾", "head": "ZW06n0051_p0218a04"}, {"level": "3", "n": "", "type": "其他", "text": "讚禮上聖", "head": "ZW06n0051_p0218a20"}, {"level": "3", "n": "", "type": "其他", "text": "禮拜真言　(至)召請真言", "head": "ZW06n0051_p0219a10"}, {"level": "3", "n": "", "type": "其他", "text": "三時陞座", "head": "ZW06n0051_p0219a21"}, {"level": "3", "n": "", "type": "其他", "text": "加持三寶字母陀羅尼", "head": "ZW06n0051_p0220a01"}, {"level": "3", "n": "", "type": "其他", "text": "稽首梵音三歸依", "head": "ZW06n0051_p0220a06"}, {"level": "3", "n": "", "type": "其他", "text": "摩利支天菩薩解冤結真言", "head": "ZW06n0051_p0220a12"}, {"level": "3", "n": "", "type": "其他", "text": "隨心陀羅尼", "head": "ZW06n0051_p0220a20"}, {"level": "3", "n": "", "type": "其他", "text": "摩利支心真言", "head": "ZW06n0051_p0220a22"}, {"level": "3", "n": "", "type": "其他", "text": "六字最上心真言", "head": "ZW06n0051_p0220a25"}, {"level": "3", "n": "", "type": "其他", "text": "佛頂無能勝陀羅尼", "head": "ZW06n0051_p0221a06"}, {"level": "3", "n": "", "type": "其他", "text": "菩薩能令冤家為害不成真言", "head": "ZW06n0051_p0222a11"}, {"level": "3", "n": "", "type": "其他", "text": "虛空藏菩薩無盡降伏冤家真言", "head": "ZW06n0051_p0223a02"}, {"level": "3", "n": "", "type": "其他", "text": "救濟一切眾生真言", "head": "ZW06n0051_p0223a15"}, {"level": "3", "n": "", "type": "其他", "text": "香供養真言", "head": "ZW06n0051_p0223a24"}, {"level": "3", "n": "", "type": "其他", "text": "花供養真言", "head": "ZW06n0051_p0224a03"}, {"level": "3", "n": "", "type": "其他", "text": "燈供養真言", "head": "ZW06n0051_p0224a07"}, {"level": "3", "n": "", "type": "其他", "text": "塗供養真言", "head": "ZW06n0051_p0224a11"}, {"level": "3", "n": "", "type": "其他", "text": "果供養真言", "head": "ZW06n0051_p0224a15"}, {"level": "3", "n": "", "type": "其他", "text": "普供養真言", "head": "ZW06n0051_p0224a19"}, {"level": "3", "n": "", "type": "其他", "text": "楞嚴解結疏", "head": "ZW06n0051_p0225a02"}]