[{"n": "1", "fun": "open", "head": "GA026n0024_p0025a01", "title": "杭州上天竺講寺志卷之一"}, {"n": "1", "fun": "close", "head": "GA026n0024_p0051a10", "title": "上天竺講寺志卷一終"}, {"n": "2", "fun": "open", "head": "GA026n0024_p0053a01", "title": "杭州上天竺講寺志卷之二"}, {"n": "2", "fun": "close", "head": "GA026n0024_p0069a10", "title": "上天竺講寺志卷二終"}, {"n": "3", "fun": "open", "head": "GA026n0024_p0071a01", "title": "杭州上天竺講寺志卷之三"}, {"n": "3", "fun": "close", "head": "GA026n0024_p0095a10", "title": "上天竺講寺志卷三終"}, {"n": "4", "fun": "open", "head": "GA026n0024_p0097a01", "title": "杭州上天竺講寺志卷之四"}, {"n": "4", "fun": "close", "head": "GA026n0024_p0119a10", "title": "上天竺講寺志卷四終"}, {"n": "5", "fun": "open", "head": "GA026n0024_p0121a01", "title": "杭州上天竺講寺志卷之五"}, {"n": "5", "fun": "close", "head": "GA026n0024_p0150a10", "title": "上天竺講寺志卷五終"}, {"n": "6", "fun": "open", "head": "GA026n0024_p0151a01", "title": "杭州上天竺講寺志卷之六"}, {"n": "6", "fun": "close", "head": "GA026n0024_p0170a10", "title": "上天竺講寺志卷六終"}, {"n": "7", "fun": "open", "head": "GA026n0024_p0171a01", "title": "杭州上天竺講寺志卷之七"}, {"n": "7", "fun": "close", "head": "GA026n0024_p0199a10", "title": "上天竺講寺志卷七終"}, {"n": "8", "fun": "open", "head": "GA026n0024_p0201a01", "title": "杭州上天竺講寺志卷之八"}, {"n": "8", "fun": "close", "head": "GA026n0024_p0226a10", "title": "上天竺講寺卷八終"}, {"n": "9", "fun": "open", "head": "GA026n0024_p0227a01", "title": "杭州上天竺講寺志卷之九"}, {"n": "9", "fun": "close", "head": "GA026n0024_p0244a10", "title": "上天竺講寺志卷九終"}, {"n": "10", "fun": "open", "head": "GA026n0024_p0245a01", "title": "杭州上天竺講寺志卷之十"}, {"n": "10", "fun": "close", "head": "GA026n0024_p0283a10", "title": "上天竺講寺志卷十終"}, {"n": "11", "fun": "open", "head": "GA026n0024_p0285a01", "title": "杭州上天竺講寺志卷之十一"}, {"n": "11", "fun": "close", "head": "GA026n0024_p0316a10", "title": "上天竺講寺志卷十一終"}, {"n": "12", "fun": "open", "head": "GA026n0024_p0317a01", "title": "杭州上天竺講寺志卷之十二"}, {"n": "12", "fun": "close", "head": "GA026n0024_p0344a10", "title": "上天竺講寺志卷十二終"}, {"n": "13", "fun": "open", "head": "GA026n0024_p0345a01", "title": "杭州上天竺講寺志卷之十三"}, {"n": "13", "fun": "close", "head": "GA026n0024_p0360a10", "title": "上天竺講寺志卷十三終"}, {"n": "14", "fun": "open", "head": "GA026n0024_p0361a01", "title": "杭州上天竺講寺志卷之十四"}, {"n": "14", "fun": "close", "head": "GA026n0024_p0399a10", "title": "上天竺山志卷十四終"}, {"n": "15", "fun": "open", "head": "GA026n0024_p0401a01", "title": "杭州上天竺講寺志卷之十五"}, {"n": "15", "fun": "close", "head": "GA026n0024_p0436a10", "title": "上天竺講寺志卷十五終"}]