[{"n": "1", "fun": "open", "head": "GA026n0024_p0025a01"}, {"n": "1", "fun": "close", "head": "GA026n0024_p0051a10"}, {"n": "2", "fun": "open", "head": "GA026n0024_p0053a01"}, {"n": "2", "fun": "close", "head": "GA026n0024_p0069a10"}, {"n": "3", "fun": "open", "head": "GA026n0024_p0071a01"}, {"n": "3", "fun": "close", "head": "GA026n0024_p0095a10"}, {"n": "4", "fun": "open", "head": "GA026n0024_p0097a01"}, {"n": "4", "fun": "close", "head": "GA026n0024_p0119a10"}, {"n": "5", "fun": "open", "head": "GA026n0024_p0121a01"}, {"n": "5", "fun": "close", "head": "GA026n0024_p0150a10"}, {"n": "6", "fun": "open", "head": "GA026n0024_p0151a01"}, {"n": "6", "fun": "close", "head": "GA026n0024_p0170a10"}, {"n": "7", "fun": "open", "head": "GA026n0024_p0171a01"}, {"n": "7", "fun": "close", "head": "GA026n0024_p0199a10"}, {"n": "8", "fun": "open", "head": "GA026n0024_p0201a01"}, {"n": "8", "fun": "close", "head": "GA026n0024_p0226a10"}, {"n": "9", "fun": "open", "head": "GA026n0024_p0227a01"}, {"n": "9", "fun": "close", "head": "GA026n0024_p0244a10"}, {"n": "10", "fun": "open", "head": "GA026n0024_p0245a01"}, {"n": "10", "fun": "close", "head": "GA026n0024_p0283a10"}, {"n": "11", "fun": "open", "head": "GA026n0024_p0285a01"}, {"n": "11", "fun": "close", "head": "GA026n0024_p0316a10"}, {"n": "12", "fun": "open", "head": "GA026n0024_p0317a01"}, {"n": "12", "fun": "close", "head": "GA026n0024_p0344a10"}, {"n": "13", "fun": "open", "head": "GA026n0024_p0345a01"}, {"n": "13", "fun": "close", "head": "GA026n0024_p0360a10"}, {"n": "14", "fun": "open", "head": "GA026n0024_p0361a01"}, {"n": "14", "fun": "close", "head": "GA026n0024_p0399a10"}, {"n": "15", "fun": "open", "head": "GA026n0024_p0401a01"}, {"n": "15", "fun": "close", "head": "GA026n0024_p0436a10"}]