[{"level": "1", "n": "", "type": "其他", "text": "第一品　根雙論", "head": "N51n0028_p0001a01"}, {"level": "2", "n": "", "type": "其他", "text": "總說分", "head": "N51n0028_p0001a09"}, {"level": "2", "n": "", "type": "其他", "text": "義釋分", "head": "N51n0028_p0007a02"}, {"level": "1", "n": "", "type": "其他", "text": "第二品　蘊雙論", "head": "N51n0028_p0018a05"}, {"level": "2", "n": "", "type": "其他", "text": "第一　施設分", "head": "N51n0028_p0018a07"}, {"level": "3", "n": "", "type": "其他", "text": "總說分", "head": "N51n0028_p0018a11"}, {"level": "3", "n": "", "type": "其他", "text": "義釋分", "head": "N51n0028_p0022a02"}, {"level": "2", "n": "", "type": "其他", "text": "第二　轉分", "head": "N51n0028_p0030a07"}, {"level": "3", "n": "", "type": "其他", "text": "生分", "head": "N51n0028_p0030a09"}, {"level": "3", "n": "", "type": "其他", "text": "滅分", "head": "N51n0028_p0045a02"}, {"level": "3", "n": "", "type": "其他", "text": "生滅分", "head": "N51n0028_p0058a07"}, {"level": "2", "n": "", "type": "其他", "text": "第三　徧知分", "head": "N51n0028_p0070a08"}, {"level": "1", "n": "", "type": "其他", "text": "第三品　處雙論", "head": "N51n0028_p0072a08"}, {"level": "2", "n": "", "type": "其他", "text": "第一　施設分", "head": "N51n0028_p0072a11"}, {"level": "3", "n": "", "type": "其他", "text": "總說分", "head": "N51n0028_p0073a02"}, {"level": "3", "n": "", "type": "其他", "text": "義釋分", "head": "N51n0028_p0076a02"}, {"level": "2", "n": "", "type": "其他", "text": "第二　轉分", "head": "N51n0028_p0081a13"}, {"level": "3", "n": "", "type": "其他", "text": "生分", "head": "N51n0028_p0082a02"}, {"level": "3", "n": "", "type": "其他", "text": "滅分", "head": "N51n0028_p0144a09"}, {"level": "3", "n": "", "type": "其他", "text": "生滅分", "head": "N51n0028_p0191a07"}, {"level": "2", "n": "", "type": "其他", "text": "第三　徧知分", "head": "N51n0028_p0217a13"}, {"level": "1", "n": "", "type": "其他", "text": "第四品　界雙論", "head": "N51n0028_p0220a06"}, {"level": "2", "n": "", "type": "其他", "text": "第一　施設分", "head": "N51n0028_p0220a09"}, {"level": "3", "n": "", "type": "其他", "text": "總說分", "head": "N51n0028_p0220a13"}, {"level": "3", "n": "", "type": "其他", "text": "義釋分", "head": "N51n0028_p0223a02"}, {"level": "2", "n": "", "type": "其他", "text": "第二　轉分", "head": "N51n0028_p0229a02"}, {"level": "2", "n": "", "type": "其他", "text": "第三　徧知分", "head": "N51n0028_p0230a07"}, {"level": "1", "n": "", "type": "其他", "text": "第五品　諦雙論", "head": "N51n0028_p0230a10"}, {"level": "2", "n": "", "type": "其他", "text": "第一　施設分", "head": "N51n0028_p0230a13"}, {"level": "3", "n": "", "type": "其他", "text": "總說分", "head": "N51n0028_p0231a02"}, {"level": "3", "n": "", "type": "其他", "text": "義釋分", "head": "N51n0028_p0233a10"}, {"level": "2", "n": "", "type": "其他", "text": "第二　轉分", "head": "N51n0028_p0238a04"}, {"level": "3", "n": "", "type": "其他", "text": "生分", "head": "N51n0028_p0238a07"}, {"level": "3", "n": "", "type": "其他", "text": "滅分", "head": "N51n0028_p0263a12"}, {"level": "3", "n": "", "type": "其他", "text": "生滅分", "head": "N51n0028_p0284a03"}, {"level": "2", "n": "", "type": "其他", "text": "第三　徧知分", "head": "N51n0028_p0295a09"}, {"level": "1", "n": "", "type": "其他", "text": "第六品　行雙論", "head": "N51n0028_p0298a02"}, {"level": "2", "n": "", "type": "其他", "text": "第一　施設分", "head": "N51n0028_p0298a05"}, {"level": "3", "n": "", "type": "其他", "text": "總說分", "head": "N51n0028_p0298a10"}, {"level": "3", "n": "", "type": "其他", "text": "義釋分", "head": "N51n0028_p0299a12"}, {"level": "2", "n": "", "type": "其他", "text": "第二　轉分", "head": "N51n0028_p0302a10"}, {"level": "3", "n": "", "type": "其他", "text": "生分", "head": "N51n0028_p0302a12"}, {"level": "3", "n": "", "type": "其他", "text": "滅分", "head": "N51n0028_p0324a13"}, {"level": "3", "n": "", "type": "其他", "text": "生滅分", "head": "N51n0028_p0343a04"}, {"level": "2", "n": "", "type": "其他", "text": "第三　徧知分", "head": "N51n0028_p0354a05"}]