[{"level": "1", "n": "", "type": "其他", "text": "題解", "head": "ZW03n0025_p0070a02"}, {"level": "1", "n": "", "type": "其他", "text": "錄文", "head": "ZW03n0025_p0071a01"}, {"level": "2", "n": "", "type": "其他", "text": "文殊師利品第五", "head": "ZW03n0025_p0071a06"}, {"level": "2", "n": "", "type": "其他", "text": "不思議品第六", "head": "ZW03n0025_p0100a17"}, {"level": "2", "n": "", "type": "其他", "text": "觀眾生品第七", "head": "ZW03n0025_p0112a01"}, {"level": "2", "n": "", "type": "其他", "text": "佛道品第八", "head": "ZW03n0025_p0136a01"}, {"level": "2", "n": "", "type": "其他", "text": "入不二法門品第九", "head": "ZW03n0025_p0152a01"}, {"level": "2", "n": "", "type": "其他", "text": "香積佛品第十", "head": "ZW03n0025_p0162a04"}, {"level": "2", "n": "", "type": "其他", "text": "菩薩行品第十一", "head": "ZW03n0025_p0174a14"}, {"level": "2", "n": "", "type": "其他", "text": "見阿閦佛品第十二", "head": "ZW03n0025_p0190a18"}, {"level": "2", "n": "", "type": "其他", "text": "法供養品第十三", "head": "ZW03n0025_p0201a03"}, {"level": "2", "n": "", "type": "其他", "text": "囑累品第十四", "head": "ZW03n0025_p0211a05"}]