[{"level": "1", "n": "", "type": "其他", "text": "總序", "head": "N31n0018_p0001a02"}, {"level": "2", "n": "", "type": "其他", "text": "序偈", "head": "N31n0018_p0001a07"}, {"level": "2", "n": "", "type": "其他", "text": "一　遠因緣譚", "head": "N31n0018_p0004a11"}, {"level": "3", "n": "", "type": "其他", "text": "善慧婆羅門", "head": "N31n0018_p0004a12"}, {"level": "3", "n": "", "type": "其他", "text": "不死城", "head": "N31n0018_p0005a08"}, {"level": "3", "n": "", "type": "其他", "text": "善慧之冥想", "head": "N31n0018_p0006a13"}, {"level": "3", "n": "", "type": "其他", "text": "有與非有、生死與涅槃", "head": "N31n0018_p0007a10"}, {"level": "3", "n": "", "type": "其他", "text": "過在不求道之人", "head": "N31n0018_p0008a09"}, {"level": "3", "n": "", "type": "其他", "text": "棄腐爛之身", "head": "N31n0018_p0010a01"}, {"level": "3", "n": "", "type": "其他", "text": "善慧之出家修行", "head": "N31n0018_p0011a08"}, {"level": "3", "n": "", "type": "其他", "text": "燃燈佛之出世", "head": "N31n0018_p0014a12"}, {"level": "3", "n": "", "type": "其他", "text": "燃燈佛來喜樂城", "head": "N31n0018_p0015a06"}, {"level": "3", "n": "", "type": "其他", "text": "城民供佛", "head": "N31n0018_p0015a11"}, {"level": "3", "n": "", "type": "其他", "text": "善慧之飛行見聞", "head": "N31n0018_p0015a14"}, {"level": "3", "n": "", "type": "其他", "text": "善慧身俯泥土之上", "head": "N31n0018_p0017a02"}, {"level": "3", "n": "", "type": "其他", "text": "善慧之誓願", "head": "N31n0018_p0020a12"}, {"level": "3", "n": "", "type": "其他", "text": "燃燈佛之預言", "head": "N31n0018_p0022a06"}, {"level": "3", "n": "", "type": "其他", "text": "人天歡喜", "head": "N31n0018_p0024a09"}, {"level": "3", "n": "", "type": "其他", "text": "汝必成佛", "head": "N31n0018_p0025a01"}, {"level": "3", "n": "", "type": "其他", "text": "佛語無虛妄", "head": "N31n0018_p0031a02"}, {"level": "3", "n": "", "type": "其他", "text": "布施波羅蜜", "head": "N31n0018_p0032a05"}, {"level": "3", "n": "", "type": "其他", "text": "護戒波羅蜜", "head": "N31n0018_p0033a07"}, {"level": "3", "n": "", "type": "其他", "text": "出離波羅蜜", "head": "N31n0018_p0034a07"}, {"level": "3", "n": "", "type": "其他", "text": "智慧波羅蜜", "head": "N31n0018_p0035a08"}, {"level": "3", "n": "", "type": "其他", "text": "精進波羅蜜", "head": "N31n0018_p0036a09"}, {"level": "3", "n": "", "type": "其他", "text": "堪忍波羅蜜", "head": "N31n0018_p0037a12"}, {"level": "3", "n": "", "type": "其他", "text": "真實波羅蜜", "head": "N31n0018_p0038a12"}, {"level": "3", "n": "", "type": "其他", "text": "決定波羅蜜", "head": "N31n0018_p0039a13"}, {"level": "3", "n": "", "type": "其他", "text": "慈波羅蜜", "head": "N31n0018_p0040a13"}, {"level": "3", "n": "", "type": "其他", "text": "捨波羅蜜", "head": "N31n0018_p0041a13"}, {"level": "3", "n": "", "type": "其他", "text": "三種波羅蜜", "head": "N31n0018_p0042a13"}, {"level": "3", "n": "", "type": "其他", "text": "大地震動", "head": "N31n0018_p0044a04"}, {"level": "3", "n": "", "type": "其他", "text": "群眾歡喜", "head": "N31n0018_p0045a13"}, {"level": "3", "n": "", "type": "其他", "text": "諸天讚祝", "head": "N31n0018_p0046a06"}, {"level": "3", "n": "", "type": "其他", "text": "其後之燃燈佛", "head": "N31n0018_p0048a11"}, {"level": "3", "n": "", "type": "其他", "text": "憍陳如佛", "head": "N31n0018_p0053a06"}, {"level": "3", "n": "", "type": "其他", "text": "吉祥佛", "head": "N31n0018_p0054a07"}, {"level": "3", "n": "", "type": "其他", "text": "吉祥佛之大施", "head": "N31n0018_p0055a05"}, {"level": "3", "n": "", "type": "其他", "text": "燒身供養", "head": "N31n0018_p0055a12"}, {"level": "3", "n": "", "type": "其他", "text": "善喜婆羅門", "head": "N31n0018_p0056a08"}, {"level": "3", "n": "", "type": "其他", "text": "善意佛", "head": "N31n0018_p0060a06"}, {"level": "3", "n": "", "type": "其他", "text": "離曰佛", "head": "N31n0018_p0061a02"}, {"level": "3", "n": "", "type": "其他", "text": "所照佛", "head": "N31n0018_p0061a09"}, {"level": "3", "n": "", "type": "其他", "text": "高見佛", "head": "N31n0018_p0062a02"}, {"level": "3", "n": "", "type": "其他", "text": "蓮華佛", "head": "N31n0018_p0062a11"}, {"level": "3", "n": "", "type": "其他", "text": "那羅陀佛", "head": "N31n0018_p0063a14"}, {"level": "3", "n": "", "type": "其他", "text": "蓮華上佛", "head": "N31n0018_p0064a09"}, {"level": "3", "n": "", "type": "其他", "text": "善慧佛", "head": "N31n0018_p0065a04"}, {"level": "3", "n": "", "type": "其他", "text": "善生佛", "head": "N31n0018_p0065a13"}, {"level": "3", "n": "", "type": "其他", "text": "喜見佛", "head": "N31n0018_p0066a08"}, {"level": "3", "n": "", "type": "其他", "text": "義見佛", "head": "N31n0018_p0067a02"}, {"level": "3", "n": "", "type": "其他", "text": "法見佛", "head": "N31n0018_p0067a10"}, {"level": "3", "n": "", "type": "其他", "text": "義成就佛", "head": "N31n0018_p0068a04"}, {"level": "3", "n": "", "type": "其他", "text": "帝沙佛", "head": "N31n0018_p0068a13"}, {"level": "3", "n": "", "type": "其他", "text": "弗沙佛", "head": "N31n0018_p0069a10"}, {"level": "3", "n": "", "type": "其他", "text": "毘婆尸佛", "head": "N31n0018_p0070a04"}, {"level": "3", "n": "", "type": "其他", "text": "尸棄佛", "head": "N31n0018_p0070a13"}, {"level": "3", "n": "", "type": "其他", "text": "毘沙浮佛", "head": "N31n0018_p0071a08"}, {"level": "3", "n": "", "type": "其他", "text": "拘留孫佛", "head": "N31n0018_p0072a02"}, {"level": "3", "n": "", "type": "其他", "text": "拘那含牟尼佛", "head": "N31n0018_p0072a11"}, {"level": "3", "n": "", "type": "其他", "text": "迦葉佛", "head": "N31n0018_p0073a07"}, {"level": "3", "n": "", "type": "其他", "text": "一切佛", "head": "N31n0018_p0074a02"}, {"level": "3", "n": "", "type": "其他", "text": "菩提資糧之成滿", "head": "N31n0018_p0075a04"}, {"level": "3", "n": "", "type": "其他", "text": "施波羅蜜之成滿", "head": "N31n0018_p0077a05"}, {"level": "3", "n": "", "type": "其他", "text": "持戒波羅蜜之成滿", "head": "N31n0018_p0077a12"}, {"level": "3", "n": "", "type": "其他", "text": "出離波羅蜜之成滿", "head": "N31n0018_p0078a04"}, {"level": "3", "n": "", "type": "其他", "text": "智慧波羅蜜之成滿", "head": "N31n0018_p0078a10"}, {"level": "3", "n": "", "type": "其他", "text": "精進波羅蜜之成滿", "head": "N31n0018_p0079a03"}, {"level": "3", "n": "", "type": "其他", "text": "堪忍波羅蜜", "head": "N31n0018_p0079a08"}, {"level": "3", "n": "", "type": "其他", "text": "真實波羅蜜之成滿", "head": "N31n0018_p0079a12"}, {"level": "3", "n": "", "type": "其他", "text": "決定波羅蜜", "head": "N31n0018_p0080a02"}, {"level": "3", "n": "", "type": "其他", "text": "慈波羅蜜之成滿", "head": "N31n0018_p0080a06"}, {"level": "3", "n": "", "type": "其他", "text": "捨波羅蜜", "head": "N31n0018_p0080a10"}, {"level": "2", "n": "", "type": "其他", "text": "二　不遠因緣譚", "head": "N31n0018_p0081a08"}, {"level": "3", "n": "", "type": "其他", "text": "三種之豫告", "head": "N31n0018_p0081a09"}, {"level": "3", "n": "", "type": "其他", "text": "諸天懇願", "head": "N31n0018_p0082a05"}, {"level": "3", "n": "", "type": "其他", "text": "五種之觀察", "head": "N31n0018_p0082a11"}, {"level": "3", "n": "", "type": "其他", "text": "下生之宣言", "head": "N31n0018_p0084a10"}, {"level": "3", "n": "", "type": "其他", "text": "托胎之奇瑞", "head": "N31n0018_p0085a01"}, {"level": "3", "n": "", "type": "其他", "text": "菩薩之母", "head": "N31n0018_p0086a12"}, {"level": "3", "n": "", "type": "其他", "text": "降誕", "head": "N31n0018_p0087a07"}, {"level": "3", "n": "", "type": "其他", "text": "三生之發語", "head": "N31n0018_p0088a10"}, {"level": "3", "n": "", "type": "其他", "text": "七者同時出現", "head": "N31n0018_p0089a05"}, {"level": "3", "n": "", "type": "其他", "text": "阿私陀仙", "head": "N31n0018_p0089a12"}, {"level": "3", "n": "", "type": "其他", "text": "那拉伽少年之出家", "head": "N31n0018_p0091a02"}, {"level": "3", "n": "", "type": "其他", "text": "相好占觀", "head": "N31n0018_p0091a11"}, {"level": "3", "n": "", "type": "其他", "text": "或佛或轉輪王", "head": "N31n0018_p0092a10"}, {"level": "3", "n": "", "type": "其他", "text": "五群比丘", "head": "N31n0018_p0093a03"}, {"level": "3", "n": "", "type": "其他", "text": "耕種之式", "head": "N31n0018_p0094a06"}, {"level": "3", "n": "", "type": "其他", "text": "樹影之奇瑞", "head": "N31n0018_p0094a14"}, {"level": "3", "n": "", "type": "其他", "text": "三時殿", "head": "N31n0018_p0095a07"}, {"level": "3", "n": "", "type": "其他", "text": "競技", "head": "N31n0018_p0095a11"}, {"level": "3", "n": "", "type": "其他", "text": "四門出遊", "head": "N31n0018_p0096a04"}, {"level": "3", "n": "", "type": "其他", "text": "最後之莊飾", "head": "N31n0018_p0097a07"}, {"level": "3", "n": "", "type": "其他", "text": "羅睺羅之誕生", "head": "N31n0018_p0098a09"}, {"level": "3", "n": "", "type": "其他", "text": "大出家", "head": "N31n0018_p0098a13"}, {"level": "3", "n": "", "type": "其他", "text": "歌舞姬之醜態", "head": "N31n0018_p0100a11"}, {"level": "3", "n": "", "type": "其他", "text": "出城", "head": "N31n0018_p0101a10"}, {"level": "3", "n": "", "type": "其他", "text": "天人之奉送", "head": "N31n0018_p0104a01"}, {"level": "3", "n": "", "type": "其他", "text": "阿奴摩河", "head": "N31n0018_p0104a10"}, {"level": "3", "n": "", "type": "其他", "text": "落飾", "head": "N31n0018_p0105a07"}, {"level": "3", "n": "", "type": "其他", "text": "迦提伽羅之友情", "head": "N31n0018_p0106a06"}, {"level": "3", "n": "", "type": "其他", "text": "犍陟之悲死", "head": "N31n0018_p0106a12"}, {"level": "3", "n": "", "type": "其他", "text": "菩薩入王舍城", "head": "N31n0018_p0107a04"}, {"level": "3", "n": "", "type": "其他", "text": "兩仙人", "head": "N31n0018_p0108a07"}, {"level": "3", "n": "", "type": "其他", "text": "五仙人", "head": "N31n0018_p0108a11"}, {"level": "3", "n": "", "type": "其他", "text": "苦行", "head": "N31n0018_p0108a14"}, {"level": "3", "n": "", "type": "其他", "text": "苦行之放棄", "head": "N31n0018_p0109a10"}, {"level": "3", "n": "", "type": "其他", "text": "乳糜供養", "head": "N31n0018_p0110a02"}, {"level": "3", "n": "", "type": "其他", "text": "善生於此一日中", "head": "N31n0018_p0111a01"}, {"level": "3", "n": "", "type": "其他", "text": "水浴", "head": "N31n0018_p0112a04"}, {"level": "3", "n": "", "type": "其他", "text": "逆流之奇蹟", "head": "N31n0018_p0112a10"}, {"level": "3", "n": "", "type": "其他", "text": "四方觀察", "head": "N31n0018_p0113a05"}, {"level": "3", "n": "", "type": "其他", "text": "菩薩之決心", "head": "N31n0018_p0114a01"}, {"level": "3", "n": "", "type": "其他", "text": "惡魔之來襲", "head": "N31n0018_p0114a04"}, {"level": "3", "n": "", "type": "其他", "text": "九嵐", "head": "N31n0018_p0115a07"}, {"level": "3", "n": "", "type": "其他", "text": "於是魔王思惟", "head": "N31n0018_p0115a11"}, {"level": "3", "n": "", "type": "其他", "text": "魔軍退散", "head": "N31n0018_p0118a06"}, {"level": "3", "n": "", "type": "其他", "text": "大悟", "head": "N31n0018_p0119a08"}, {"level": "2", "n": "", "type": "其他", "text": "三　近因緣譚", "head": "N31n0018_p0121a04"}, {"level": "3", "n": "", "type": "其他", "text": "初七日", "head": "N31n0018_p0121a07"}, {"level": "3", "n": "", "type": "其他", "text": "第二七日", "head": "N31n0018_p0122a02"}, {"level": "3", "n": "", "type": "其他", "text": "第三七日", "head": "N31n0018_p0122a08"}, {"level": "3", "n": "", "type": "其他", "text": "第四七日", "head": "N31n0018_p0122a10"}, {"level": "3", "n": "", "type": "其他", "text": "第五七日", "head": "N31n0018_p0122a14"}, {"level": "3", "n": "", "type": "其他", "text": "魔王喪膽", "head": "N31n0018_p0123a02"}, {"level": "3", "n": "", "type": "其他", "text": "魔女之誘惑", "head": "N31n0018_p0123a12"}, {"level": "3", "n": "", "type": "其他", "text": "第六七日", "head": "N31n0018_p0125a09"}, {"level": "3", "n": "", "type": "其他", "text": "第七七日", "head": "N31n0018_p0125a12"}, {"level": "3", "n": "", "type": "其他", "text": "帝梨富沙、跋梨迦之供養", "head": "N31n0018_p0126a04"}, {"level": "3", "n": "", "type": "其他", "text": "梵天勸請", "head": "N31n0018_p0126a14"}, {"level": "3", "n": "", "type": "其他", "text": "初轉法輪", "head": "N31n0018_p0127a05"}, {"level": "3", "n": "", "type": "其他", "text": "無我相經", "head": "N31n0018_p0128a08"}, {"level": "3", "n": "", "type": "其他", "text": "耶舍之歸佛", "head": "N31n0018_p0129a07"}, {"level": "3", "n": "", "type": "其他", "text": "賢群青年之歸佛", "head": "N31n0018_p0129a12"}, {"level": "3", "n": "", "type": "其他", "text": "迦葉之歸佛", "head": "N31n0018_p0129a14"}, {"level": "3", "n": "", "type": "其他", "text": "頻婆沙羅王之歸佛", "head": "N31n0018_p0130a03"}, {"level": "3", "n": "", "type": "其他", "text": "王舍城民之拜佛", "head": "N31n0018_p0131a12"}, {"level": "3", "n": "", "type": "其他", "text": "帝釋天之開道", "head": "N31n0018_p0132a03"}, {"level": "3", "n": "", "type": "其他", "text": "竹林園奉獻", "head": "N31n0018_p0133a05"}, {"level": "3", "n": "", "type": "其他", "text": "舍利弗、目犍連之歸佛", "head": "N31n0018_p0133a12"}, {"level": "3", "n": "", "type": "其他", "text": "淨飯大王之苦慮", "head": "N31n0018_p0134a04"}, {"level": "3", "n": "", "type": "其他", "text": "迦留陀夷之出家", "head": "N31n0018_p0135a02"}, {"level": "3", "n": "", "type": "其他", "text": "優陀夷之勸誘", "head": "N31n0018_p0135a14"}, {"level": "3", "n": "", "type": "其他", "text": "佛赴迦毘羅衛城", "head": "N31n0018_p0137a08"}, {"level": "3", "n": "", "type": "其他", "text": "淨飯大王之供養", "head": "N31n0018_p0137a14"}, {"level": "3", "n": "", "type": "其他", "text": "釋族之迎佛", "head": "N31n0018_p0138a11"}, {"level": "3", "n": "", "type": "其他", "text": "釋族驚奇瑞", "head": "N31n0018_p0139a02"}, {"level": "3", "n": "", "type": "其他", "text": "毘輸安呾囉王子本生譚", "head": "N31n0018_p0139a12"}, {"level": "3", "n": "", "type": "其他", "text": "迦毘羅衛之行乞", "head": "N31n0018_p0140a05"}, {"level": "3", "n": "", "type": "其他", "text": "淨飯大王獲二果", "head": "N31n0018_p0141a07"}, {"level": "3", "n": "", "type": "其他", "text": "羅睺羅母之拜佛", "head": "N31n0018_p0142a11"}, {"level": "3", "n": "", "type": "其他", "text": "難陀之出家", "head": "N31n0018_p0143a10"}, {"level": "3", "n": "", "type": "其他", "text": "羅睺羅之出家", "head": "N31n0018_p0144a01"}, {"level": "3", "n": "", "type": "其他", "text": "淨飯大王獲不還果", "head": "N31n0018_p0144a13"}, {"level": "3", "n": "", "type": "其他", "text": "給孤獨長者", "head": "N31n0018_p0145a04"}, {"level": "3", "n": "", "type": "其他", "text": "祇園精舍之建立", "head": "N31n0018_p0145a07"}, {"level": "3", "n": "", "type": "其他", "text": "佛入祇園精舍", "head": "N31n0018_p0145a14"}, {"level": "3", "n": "", "type": "其他", "text": "精舍落成之慶讚", "head": "N31n0018_p0147a07"}, {"level": "3", "n": "", "type": "其他", "text": "過去大精舍之建立", "head": "N31n0018_p0147a10"}, {"level": "1", "n": "", "type": "其他", "text": "第一篇之一", "head": "N31n0018_p0149a02"}, {"level": "2", "n": "", "type": "其他", "text": "第一章　無戲論品", "head": "N31n0018_p0149a05"}, {"level": "3", "n": "", "type": "其他", "text": "一　無戲論本生譚", "head": "N31n0018_p0149a07"}, {"level": "4", "n": "", "type": "其他", "text": "序分", "head": "N31n0018_p0149a10"}, {"level": "4", "n": "", "type": "其他", "text": "主分", "head": "N31n0018_p0153a07"}, {"level": "4", "n": "", "type": "其他", "text": "結分", "head": "N31n0018_p0158a03"}, {"level": "3", "n": "", "type": "其他", "text": "二　砂道本生譚", "head": "N31n0018_p0159a12"}, {"level": "4", "n": "", "type": "其他", "text": "序分", "head": "N31n0018_p0160a01"}, {"level": "4", "n": "", "type": "其他", "text": "主分", "head": "N31n0018_p0161a08"}, {"level": "4", "n": "", "type": "其他", "text": "結分", "head": "N31n0018_p0163a03"}, {"level": "3", "n": "", "type": "其他", "text": "三　貪慾商人本生譚", "head": "N31n0018_p0163a11"}, {"level": "4", "n": "", "type": "其他", "text": "序分", "head": "N31n0018_p0163a13"}, {"level": "4", "n": "", "type": "其他", "text": "主分", "head": "N31n0018_p0164a03"}, {"level": "4", "n": "", "type": "其他", "text": "結分", "head": "N31n0018_p0166a07"}, {"level": "3", "n": "", "type": "其他", "text": "四　周羅財官本生譚", "head": "N31n0018_p0167a02"}, {"level": "4", "n": "", "type": "其他", "text": "序分", "head": "N31n0018_p0167a04"}, {"level": "4", "n": "", "type": "其他", "text": "主分", "head": "N31n0018_p0174a12"}, {"level": "4", "n": "", "type": "其他", "text": "結分", "head": "N31n0018_p0177a06"}, {"level": "3", "n": "", "type": "其他", "text": "五　稻稈本生譚", "head": "N31n0018_p0178a02"}, {"level": "4", "n": "", "type": "其他", "text": "序分", "head": "N31n0018_p0178a04"}, {"level": "4", "n": "", "type": "其他", "text": "主分", "head": "N31n0018_p0179a07"}, {"level": "4", "n": "", "type": "其他", "text": "結分", "head": "N31n0018_p0181a04"}, {"level": "3", "n": "", "type": "其他", "text": "六　天法本生譚", "head": "N31n0018_p0181a07"}, {"level": "4", "n": "", "type": "其他", "text": "序分", "head": "N31n0018_p0181a09"}, {"level": "4", "n": "", "type": "其他", "text": "主分", "head": "N31n0018_p0182a12"}, {"level": "4", "n": "", "type": "其他", "text": "結分", "head": "N31n0018_p0185a14"}, {"level": "3", "n": "", "type": "其他", "text": "七　採薪女本生譚", "head": "N31n0018_p0186a07"}, {"level": "4", "n": "", "type": "其他", "text": "序分", "head": "N31n0018_p0186a09"}, {"level": "4", "n": "", "type": "其他", "text": "主分", "head": "N31n0018_p0187a05"}, {"level": "4", "n": "", "type": "其他", "text": "結分", "head": "N31n0018_p0188a10"}, {"level": "3", "n": "", "type": "其他", "text": "八　首領王本生譚", "head": "N31n0018_p0188a13"}, {"level": "4", "n": "", "type": "其他", "text": "序分", "head": "N31n0018_p0189a01"}, {"level": "4", "n": "", "type": "其他", "text": "主分", "head": "N31n0018_p0189a04"}, {"level": "4", "n": "", "type": "其他", "text": "結分", "head": "N31n0018_p0189a11"}, {"level": "3", "n": "", "type": "其他", "text": "九　摩迦王本生譚", "head": "N31n0018_p0190a03"}, {"level": "4", "n": "", "type": "其他", "text": "序分", "head": "N31n0018_p0190a05"}, {"level": "4", "n": "", "type": "其他", "text": "主分", "head": "N31n0018_p0190a11"}, {"level": "4", "n": "", "type": "其他", "text": "結分", "head": "N31n0018_p0192a02"}, {"level": "3", "n": "", "type": "其他", "text": "一〇　樂住本生譚", "head": "N31n0018_p0192a10"}, {"level": "4", "n": "", "type": "其他", "text": "序分", "head": "N31n0018_p0192a12"}, {"level": "4", "n": "", "type": "其他", "text": "主分", "head": "N31n0018_p0193a09"}, {"level": "4", "n": "", "type": "其他", "text": "結分", "head": "N31n0018_p0195a01"}, {"level": "2", "n": "", "type": "其他", "text": "第二章　戒行品", "head": "N31n0018_p0196a01"}, {"level": "3", "n": "", "type": "其他", "text": "一一　瑞相鹿本生譚", "head": "N31n0018_p0196a04"}, {"level": "4", "n": "", "type": "其他", "text": "序分", "head": "N31n0018_p0196a07"}, {"level": "4", "n": "", "type": "其他", "text": "主分", "head": "N31n0018_p0197a06"}, {"level": "4", "n": "", "type": "其他", "text": "結分", "head": "N31n0018_p0198a13"}, {"level": "3", "n": "", "type": "其他", "text": "一二　榕樹鹿本生譚", "head": "N31n0018_p0199a06"}, {"level": "4", "n": "", "type": "其他", "text": "序分", "head": "N31n0018_p0199a09"}, {"level": "4", "n": "", "type": "其他", "text": "主分", "head": "N31n0018_p0204a07"}, {"level": "4", "n": "", "type": "其他", "text": "結分", "head": "N31n0018_p0208a02"}, {"level": "3", "n": "", "type": "其他", "text": "一三　結節本生譚", "head": "N31n0018_p0208a12"}, {"level": "4", "n": "", "type": "其他", "text": "序分", "head": "N31n0018_p0208a14"}, {"level": "4", "n": "", "type": "其他", "text": "主分", "head": "N31n0018_p0209a06"}, {"level": "4", "n": "", "type": "其他", "text": "結分", "head": "N31n0018_p0210a10"}, {"level": "3", "n": "", "type": "其他", "text": "一四　風鹿本生譚", "head": "N31n0018_p0211a06"}, {"level": "4", "n": "", "type": "其他", "text": "序分", "head": "N31n0018_p0211a08"}, {"level": "4", "n": "", "type": "其他", "text": "主分", "head": "N31n0018_p0213a04"}, {"level": "4", "n": "", "type": "其他", "text": "結分", "head": "N31n0018_p0214a06"}, {"level": "3", "n": "", "type": "其他", "text": "一五　訶羅第雅鹿本生譚", "head": "N31n0018_p0214a10"}, {"level": "4", "n": "", "type": "其他", "text": "序分", "head": "N31n0018_p0214a12"}, {"level": "4", "n": "", "type": "其他", "text": "主分", "head": "N31n0018_p0215a02"}, {"level": "4", "n": "", "type": "其他", "text": "結分", "head": "N31n0018_p0215a13"}, {"level": "3", "n": "", "type": "其他", "text": "一六　三臥鹿本生譚", "head": "N31n0018_p0216a03"}, {"level": "4", "n": "", "type": "其他", "text": "序分", "head": "N31n0018_p0216a05"}, {"level": "4", "n": "", "type": "其他", "text": "主分", "head": "N31n0018_p0218a13"}, {"level": "4", "n": "", "type": "其他", "text": "結分", "head": "N31n0018_p0220a01"}, {"level": "3", "n": "", "type": "其他", "text": "一七　風本生譚", "head": "N31n0018_p0220a08"}, {"level": "4", "n": "", "type": "其他", "text": "序分", "head": "N31n0018_p0220a10"}, {"level": "4", "n": "", "type": "其他", "text": "主分", "head": "N31n0018_p0221a02"}, {"level": "4", "n": "", "type": "其他", "text": "結分", "head": "N31n0018_p0221a08"}, {"level": "3", "n": "", "type": "其他", "text": "一八　死者供物本生譚", "head": "N31n0018_p0221a12"}, {"level": "4", "n": "", "type": "其他", "text": "序分", "head": "N31n0018_p0221a14"}, {"level": "4", "n": "", "type": "其他", "text": "主分", "head": "N31n0018_p0222a06"}, {"level": "4", "n": "", "type": "其他", "text": "結分", "head": "N31n0018_p0224a03"}, {"level": "3", "n": "", "type": "其他", "text": "一九　祈願供養本生譚", "head": "N31n0018_p0224a05"}, {"level": "4", "n": "", "type": "其他", "text": "序分", "head": "N31n0018_p0224a07"}, {"level": "4", "n": "", "type": "其他", "text": "主分", "head": "N31n0018_p0224a12"}, {"level": "4", "n": "", "type": "其他", "text": "結分", "head": "N31n0018_p0225a04"}, {"level": "3", "n": "", "type": "其他", "text": "二〇　蘆飲本生譚", "head": "N31n0018_p0225a06"}, {"level": "4", "n": "", "type": "其他", "text": "序分", "head": "N31n0018_p0225a08"}, {"level": "4", "n": "", "type": "其他", "text": "主分", "head": "N31n0018_p0225a13"}, {"level": "4", "n": "", "type": "其他", "text": "結分", "head": "N31n0018_p0227a12"}, {"level": "2", "n": "", "type": "其他", "text": "第三章　羚羊品", "head": "N31n0018_p0229a01"}, {"level": "3", "n": "", "type": "其他", "text": "二一　羚羊本生譚", "head": "N31n0018_p0229a04"}, {"level": "4", "n": "", "type": "其他", "text": "序分", "head": "N31n0018_p0229a07"}, {"level": "4", "n": "", "type": "其他", "text": "主分", "head": "N31n0018_p0229a12"}, {"level": "4", "n": "", "type": "其他", "text": "結分", "head": "N31n0018_p0230a13"}, {"level": "3", "n": "", "type": "其他", "text": "二二　犬本生譚", "head": "N31n0018_p0231a03"}, {"level": "4", "n": "", "type": "其他", "text": "序分", "head": "N31n0018_p0231a05"}, {"level": "4", "n": "", "type": "其他", "text": "主分", "head": "N31n0018_p0231a07"}, {"level": "4", "n": "", "type": "其他", "text": "結分", "head": "N31n0018_p0233a13"}, {"level": "3", "n": "", "type": "其他", "text": "二三　駿馬本生譚", "head": "N31n0018_p0234a06"}, {"level": "4", "n": "", "type": "其他", "text": "序分", "head": "N31n0018_p0234a08"}, {"level": "4", "n": "", "type": "其他", "text": "主分", "head": "N31n0018_p0234a11"}, {"level": "4", "n": "", "type": "其他", "text": "結分", "head": "N31n0018_p0236a11"}, {"level": "3", "n": "", "type": "其他", "text": "二四　良馬本生譚", "head": "N31n0018_p0237a05"}, {"level": "4", "n": "", "type": "其他", "text": "序分", "head": "N31n0018_p0237a07"}, {"level": "4", "n": "", "type": "其他", "text": "主分", "head": "N31n0018_p0237a09"}, {"level": "4", "n": "", "type": "其他", "text": "結分", "head": "N31n0018_p0238a04"}, {"level": "3", "n": "", "type": "其他", "text": "二五　沐浴場本生譚", "head": "N31n0018_p0238a07"}, {"level": "4", "n": "", "type": "其他", "text": "序分", "head": "N31n0018_p0238a09"}, {"level": "4", "n": "", "type": "其他", "text": "主分", "head": "N31n0018_p0241a06"}, {"level": "4", "n": "", "type": "其他", "text": "結分", "head": "N31n0018_p0242a07"}, {"level": "3", "n": "", "type": "其他", "text": "二六　女顏象本生譚", "head": "N31n0018_p0243a02"}, {"level": "4", "n": "", "type": "其他", "text": "序分", "head": "N31n0018_p0243a04"}, {"level": "4", "n": "", "type": "其他", "text": "主分", "head": "N31n0018_p0244a10"}, {"level": "4", "n": "", "type": "其他", "text": "結分", "head": "N31n0018_p0246a05"}, {"level": "3", "n": "", "type": "其他", "text": "二七　常習本生譚", "head": "N31n0018_p0246a09"}, {"level": "4", "n": "", "type": "其他", "text": "序分", "head": "N31n0018_p0246a11"}, {"level": "4", "n": "", "type": "其他", "text": "主分", "head": "N31n0018_p0247a04"}, {"level": "4", "n": "", "type": "其他", "text": "結分", "head": "N31n0018_p0248a09"}, {"level": "3", "n": "", "type": "其他", "text": "二八　觀喜滿牛本生譚", "head": "N31n0018_p0249a02"}, {"level": "4", "n": "", "type": "其他", "text": "序分", "head": "N31n0018_p0249a04"}, {"level": "4", "n": "", "type": "其他", "text": "主分", "head": "N31n0018_p0249a09"}, {"level": "4", "n": "", "type": "其他", "text": "結分", "head": "N31n0018_p0251a05"}, {"level": "3", "n": "", "type": "其他", "text": "二九　黑牛本生譚", "head": "N31n0018_p0251a13"}, {"level": "4", "n": "", "type": "其他", "text": "序分", "head": "N31n0018_p0252a01"}, {"level": "4", "n": "", "type": "其他", "text": "主分", "head": "N31n0018_p0252a10"}, {"level": "4", "n": "", "type": "其他", "text": "結分", "head": "N31n0018_p0254a05"}, {"level": "3", "n": "", "type": "其他", "text": "三〇　姆尼迦豚本生譚", "head": "N31n0018_p0254a12"}, {"level": "4", "n": "", "type": "其他", "text": "序分", "head": "N31n0018_p0254a14"}, {"level": "4", "n": "", "type": "其他", "text": "主分", "head": "N31n0018_p0255a05"}, {"level": "4", "n": "", "type": "其他", "text": "結分", "head": "N31n0018_p0256a04"}, {"level": "2", "n": "", "type": "其他", "text": "第四章　雛鳥品", "head": "N31n0018_p0257a01"}, {"level": "3", "n": "", "type": "其他", "text": "三一　雛鳥本生譚", "head": "N31n0018_p0257a04"}, {"level": "4", "n": "", "type": "其他", "text": "序分", "head": "N31n0018_p0257a07"}, {"level": "4", "n": "", "type": "其他", "text": "主分", "head": "N31n0018_p0258a08"}, {"level": "4", "n": "", "type": "其他", "text": "結分", "head": "N31n0018_p0266a06"}, {"level": "3", "n": "", "type": "其他", "text": "三二　舞踊本生譚", "head": "N31n0018_p0267a02"}, {"level": "4", "n": "", "type": "其他", "text": "序分", "head": "N31n0018_p0267a04"}, {"level": "4", "n": "", "type": "其他", "text": "主分", "head": "N31n0018_p0268a02"}, {"level": "4", "n": "", "type": "其他", "text": "結分", "head": "N31n0018_p0269a04"}, {"level": "3", "n": "", "type": "其他", "text": "三三　和合本生譚", "head": "N31n0018_p0269a08"}, {"level": "4", "n": "", "type": "其他", "text": "序分", "head": "N31n0018_p0269a10"}, {"level": "4", "n": "", "type": "其他", "text": "主分", "head": "N31n0018_p0269a14"}, {"level": "4", "n": "", "type": "其他", "text": "結分", "head": "N31n0018_p0271a10"}, {"level": "3", "n": "", "type": "其他", "text": "三四　魚本生譚", "head": "N31n0018_p0272a02"}, {"level": "4", "n": "", "type": "其他", "text": "序分", "head": "N31n0018_p0272a04"}, {"level": "4", "n": "", "type": "其他", "text": "主分", "head": "N31n0018_p0272a08"}, {"level": "4", "n": "", "type": "其他", "text": "結分", "head": "N31n0018_p0273a08"}, {"level": "3", "n": "", "type": "其他", "text": "三五　鶉本生譚", "head": "N31n0018_p0274a02"}, {"level": "4", "n": "", "type": "其他", "text": "序分", "head": "N31n0018_p0274a04"}, {"level": "4", "n": "", "type": "其他", "text": "主分", "head": "N31n0018_p0275a08"}, {"level": "4", "n": "", "type": "其他", "text": "結分", "head": "N31n0018_p0277a09"}, {"level": "3", "n": "", "type": "其他", "text": "三六　鳥本生譚", "head": "N31n0018_p0278a08"}, {"level": "4", "n": "", "type": "其他", "text": "序分", "head": "N31n0018_p0278a10"}, {"level": "4", "n": "", "type": "其他", "text": "主分", "head": "N31n0018_p0279a06"}, {"level": "4", "n": "", "type": "其他", "text": "結分", "head": "N31n0018_p0280a02"}, {"level": "3", "n": "", "type": "其他", "text": "三七　鷓鴣本生譚", "head": "N31n0018_p0281a02"}, {"level": "4", "n": "", "type": "其他", "text": "序分", "head": "N31n0018_p0281a04"}, {"level": "4", "n": "", "type": "其他", "text": "主分", "head": "N31n0018_p0283a02"}, {"level": "4", "n": "", "type": "其他", "text": "結分", "head": "N31n0018_p0284a02"}, {"level": "3", "n": "", "type": "其他", "text": "三八　青鷺本生譚", "head": "N31n0018_p0285a09"}, {"level": "4", "n": "", "type": "其他", "text": "序分", "head": "N31n0018_p0285a11"}, {"level": "4", "n": "", "type": "其他", "text": "主分", "head": "N31n0018_p0287a07"}, {"level": "4", "n": "", "type": "其他", "text": "結分", "head": "N31n0018_p0289a13"}, {"level": "3", "n": "", "type": "其他", "text": "三九　難陀本生譚", "head": "N31n0018_p0290a08"}, {"level": "4", "n": "", "type": "其他", "text": "序分", "head": "N31n0018_p0290a10"}, {"level": "4", "n": "", "type": "其他", "text": "主分", "head": "N31n0018_p0291a04"}, {"level": "4", "n": "", "type": "其他", "text": "結分", "head": "N31n0018_p0292a10"}, {"level": "3", "n": "", "type": "其他", "text": "四〇　迦提羅樹炭火本生譚", "head": "N31n0018_p0292a13"}, {"level": "4", "n": "", "type": "其他", "text": "序分", "head": "N31n0018_p0293a01"}, {"level": "4", "n": "", "type": "其他", "text": "主分", "head": "N31n0018_p0299a09"}, {"level": "4", "n": "", "type": "其他", "text": "結分", "head": "N31n0018_p0301a14"}, {"level": "2", "n": "", "type": "其他", "text": "第五章　利愛品", "head": "N31n0018_p0304a01"}, {"level": "3", "n": "", "type": "其他", "text": "四一　羅沙伽長老本生譚", "head": "N31n0018_p0304a04"}, {"level": "4", "n": "", "type": "其他", "text": "序分", "head": "N31n0018_p0304a07"}, {"level": "4", "n": "", "type": "其他", "text": "主分", "head": "N31n0018_p0307a12"}, {"level": "4", "n": "", "type": "其他", "text": "結分", "head": "N31n0018_p0313a02"}, {"level": "3", "n": "", "type": "其他", "text": "四二　鳩本生譚", "head": "N31n0018_p0314a06"}, {"level": "4", "n": "", "type": "其他", "text": "序分", "head": "N31n0018_p0314a09"}, {"level": "4", "n": "", "type": "其他", "text": "主分", "head": "N31n0018_p0314a14"}, {"level": "4", "n": "", "type": "其他", "text": "結分", "head": "N31n0018_p0317a06"}, {"level": "3", "n": "", "type": "其他", "text": "四三　竹蛇本生譚", "head": "N31n0018_p0318a02"}, {"level": "4", "n": "", "type": "其他", "text": "序分", "head": "N31n0018_p0318a04"}, {"level": "4", "n": "", "type": "其他", "text": "主分", "head": "N31n0018_p0318a08"}, {"level": "4", "n": "", "type": "其他", "text": "結分", "head": "N31n0018_p0319a14"}, {"level": "3", "n": "", "type": "其他", "text": "四四　蚊本生譚", "head": "N31n0018_p0321a02"}, {"level": "4", "n": "", "type": "其他", "text": "序分", "head": "N31n0018_p0321a04"}, {"level": "4", "n": "", "type": "其他", "text": "主分", "head": "N31n0018_p0322a01"}, {"level": "4", "n": "", "type": "其他", "text": "結分", "head": "N31n0018_p0322a13"}, {"level": "3", "n": "", "type": "其他", "text": "四五　赤牛女本生譚", "head": "N31n0018_p0323a07"}, {"level": "4", "n": "", "type": "其他", "text": "序分", "head": "N31n0018_p0323a09"}, {"level": "4", "n": "", "type": "其他", "text": "主分", "head": "N31n0018_p0324a02"}, {"level": "4", "n": "", "type": "其他", "text": "結分", "head": "N31n0018_p0324a09"}, {"level": "3", "n": "", "type": "其他", "text": "四六　毀園本生譚", "head": "N31n0018_p0324a13"}, {"level": "4", "n": "", "type": "其他", "text": "序分", "head": "N31n0018_p0325a01"}, {"level": "4", "n": "", "type": "其他", "text": "主分", "head": "N31n0018_p0325a09"}, {"level": "4", "n": "", "type": "其他", "text": "結分", "head": "N31n0018_p0326a12"}, {"level": "3", "n": "", "type": "其他", "text": "四七　酒本生譚", "head": "N31n0018_p0327a02"}, {"level": "4", "n": "", "type": "其他", "text": "序分", "head": "N31n0018_p0327a04"}, {"level": "4", "n": "", "type": "其他", "text": "主分", "head": "N31n0018_p0328a01"}, {"level": "4", "n": "", "type": "其他", "text": "結分", "head": "N31n0018_p0328a09"}, {"level": "3", "n": "", "type": "其他", "text": "四八　智雲咒文本生譚", "head": "N31n0018_p0329a02"}, {"level": "4", "n": "", "type": "其他", "text": "序分", "head": "N31n0018_p0329a04"}, {"level": "4", "n": "", "type": "其他", "text": "主分", "head": "N31n0018_p0329a07"}, {"level": "4", "n": "", "type": "其他", "text": "結分", "head": "N31n0018_p0333a06"}, {"level": "3", "n": "", "type": "其他", "text": "四九　星宿本生譚", "head": "N31n0018_p0334a02"}, {"level": "4", "n": "", "type": "其他", "text": "序分", "head": "N31n0018_p0334a04"}, {"level": "4", "n": "", "type": "其他", "text": "主分", "head": "N31n0018_p0335a06"}, {"level": "4", "n": "", "type": "其他", "text": "結分", "head": "N31n0018_p0336a07"}, {"level": "3", "n": "", "type": "其他", "text": "五〇　無智本生譚", "head": "N31n0018_p0336a11"}, {"level": "4", "n": "", "type": "其他", "text": "序分", "head": "N31n0018_p0336a13"}, {"level": "4", "n": "", "type": "其他", "text": "主分", "head": "N31n0018_p0337a01"}, {"level": "4", "n": "", "type": "其他", "text": "結分", "head": "N31n0018_p0339a02"}]