[{"level": "1", "n": "", "type": "其他", "text": "題解", "head": "ZW02n0021_p0355a02"}, {"level": "1", "n": "", "type": "其他", "text": "正文", "head": "ZW02n0021_p0358a04"}, {"level": "2", "n": "", "type": "其他", "text": "第一章", "head": "ZW02n0021_p0358a08"}, {"level": "3", "n": "", "type": "其他", "text": "§1.1", "head": "ZW02n0021_p0358a10"}, {"level": "3", "n": "", "type": "其他", "text": "§1.2", "head": "ZW02n0021_p0359a07"}, {"level": "3", "n": "", "type": "其他", "text": "§1.3", "head": "ZW02n0021_p0359a13"}, {"level": "3", "n": "", "type": "其他", "text": "§1.4", "head": "ZW02n0021_p0359a23"}, {"level": "3", "n": "", "type": "其他", "text": "§1.5", "head": "ZW02n0021_p0360a25"}, {"level": "3", "n": "", "type": "其他", "text": "§1.6", "head": "ZW02n0021_p0361a08"}, {"level": "3", "n": "", "type": "其他", "text": "§1.7", "head": "ZW02n0021_p0361a16"}, {"level": "3", "n": "", "type": "其他", "text": "§1.8", "head": "ZW02n0021_p0361a19"}, {"level": "3", "n": "", "type": "其他", "text": "§1.9", "head": "ZW02n0021_p0362a12"}, {"level": "3", "n": "", "type": "其他", "text": "§1.10", "head": "ZW02n0021_p0363a07"}, {"level": "3", "n": "", "type": "其他", "text": "§1.11", "head": "ZW02n0021_p0363a08"}, {"level": "3", "n": "", "type": "其他", "text": "§1.12", "head": "ZW02n0021_p0363a09"}, {"level": "3", "n": "", "type": "其他", "text": "§1.13", "head": "ZW02n0021_p0363a23"}, {"level": "3", "n": "", "type": "其他", "text": "§1.14", "head": "ZW02n0021_p0364a07"}, {"level": "3", "n": "", "type": "其他", "text": "§1.15", "head": "ZW02n0021_p0364a17"}, {"level": "3", "n": "", "type": "其他", "text": "§1.16", "head": "ZW02n0021_p0364a26"}, {"level": "3", "n": "", "type": "其他", "text": "§1.17", "head": "ZW02n0021_p0365a09"}, {"level": "3", "n": "", "type": "其他", "text": "§1.18", "head": "ZW02n0021_p0365a10"}, {"level": "3", "n": "", "type": "其他", "text": "§1.19", "head": "ZW02n0021_p0365a12"}, {"level": "3", "n": "", "type": "其他", "text": "§1.20", "head": "ZW02n0021_p0365a20"}, {"level": "3", "n": "", "type": "其他", "text": "§1.21", "head": "ZW02n0021_p0366a01"}, {"level": "3", "n": "", "type": "其他", "text": "§1.22", "head": "ZW02n0021_p0366a02"}, {"level": "3", "n": "", "type": "其他", "text": "§1.23", "head": "ZW02n0021_p0366a04"}, {"level": "3", "n": "", "type": "其他", "text": "§1.24", "head": "ZW02n0021_p0366a22"}, {"level": "3", "n": "", "type": "其他", "text": "§1.25", "head": "ZW02n0021_p0367a01"}, {"level": "3", "n": "", "type": "其他", "text": "§1.26", "head": "ZW02n0021_p0367a06"}, {"level": "3", "n": "", "type": "其他", "text": "§1.27", "head": "ZW02n0021_p0367a15"}, {"level": "3", "n": "", "type": "其他", "text": "§1.28", "head": "ZW02n0021_p0367a21"}, {"level": "3", "n": "", "type": "其他", "text": "§1.29", "head": "ZW02n0021_p0367a27"}, {"level": "3", "n": "", "type": "其他", "text": "§1.30", "head": "ZW02n0021_p0368a06"}, {"level": "3", "n": "", "type": "其他", "text": "§1.31", "head": "ZW02n0021_p0368a11"}, {"level": "3", "n": "", "type": "其他", "text": "§1.32", "head": "ZW02n0021_p0368a22"}, {"level": "3", "n": "", "type": "其他", "text": "§1.33", "head": "ZW02n0021_p0368a24"}, {"level": "3", "n": "", "type": "其他", "text": "§1.34", "head": "ZW02n0021_p0369a05"}, {"level": "3", "n": "", "type": "其他", "text": "§1.35", "head": "ZW02n0021_p0370a22"}, {"level": "2", "n": "", "type": "其他", "text": "第二章", "head": "ZW02n0021_p0371a03"}, {"level": "3", "n": "", "type": "其他", "text": "§2.1", "head": "ZW02n0021_p0371a05"}, {"level": "3", "n": "", "type": "其他", "text": "§2.2", "head": "ZW02n0021_p0371a22"}, {"level": "3", "n": "", "type": "其他", "text": "§2.3", "head": "ZW02n0021_p0372a01"}, {"level": "3", "n": "", "type": "其他", "text": "§2.4", "head": "ZW02n0021_p0372a07"}, {"level": "3", "n": "", "type": "其他", "text": "§2.5", "head": "ZW02n0021_p0372a27"}, {"level": "3", "n": "", "type": "其他", "text": "§2.6", "head": "ZW02n0021_p0373a18"}, {"level": "3", "n": "", "type": "其他", "text": "§2.7", "head": "ZW02n0021_p0374a07"}, {"level": "3", "n": "", "type": "其他", "text": "§2.8", "head": "ZW02n0021_p0374a17"}, {"level": "3", "n": "", "type": "其他", "text": "§2.9", "head": "ZW02n0021_p0374a22"}, {"level": "3", "n": "", "type": "其他", "text": "§2.10", "head": "ZW02n0021_p0375a01"}, {"level": "3", "n": "", "type": "其他", "text": "§2.11", "head": "ZW02n0021_p0375a08"}, {"level": "3", "n": "", "type": "其他", "text": "§2.12", "head": "ZW02n0021_p0375a12"}, {"level": "3", "n": "", "type": "其他", "text": "§2.13", "head": "ZW02n0021_p0375a14"}, {"level": "3", "n": "", "type": "其他", "text": "§2.14", "head": "ZW02n0021_p0375a16"}, {"level": "3", "n": "", "type": "其他", "text": "§2.15", "head": "ZW02n0021_p0376a02"}, {"level": "3", "n": "", "type": "其他", "text": "§2.16", "head": "ZW02n0021_p0376a04"}, {"level": "3", "n": "", "type": "其他", "text": "§2.17", "head": "ZW02n0021_p0376a05"}, {"level": "3", "n": "", "type": "其他", "text": "§2.18", "head": "ZW02n0021_p0376a07"}, {"level": "3", "n": "", "type": "其他", "text": "§2.19", "head": "ZW02n0021_p0376a20"}, {"level": "3", "n": "", "type": "其他", "text": "§2.20", "head": "ZW02n0021_p0376a27"}, {"level": "3", "n": "", "type": "其他", "text": "§2.21", "head": "ZW02n0021_p0377a02"}, {"level": "3", "n": "", "type": "其他", "text": "§2.22", "head": "ZW02n0021_p0377a06"}, {"level": "3", "n": "", "type": "其他", "text": "§2.23", "head": "ZW02n0021_p0377a12"}, {"level": "3", "n": "", "type": "其他", "text": "§2.24", "head": "ZW02n0021_p0377a23"}, {"level": "3", "n": "", "type": "其他", "text": "§2.25", "head": "ZW02n0021_p0378a02"}, {"level": "3", "n": "", "type": "其他", "text": "§2.26", "head": "ZW02n0021_p0379a03"}, {"level": "3", "n": "", "type": "其他", "text": "§2.27", "head": "ZW02n0021_p0379a12"}, {"level": "3", "n": "", "type": "其他", "text": "§2.28", "head": "ZW02n0021_p0379a16"}, {"level": "3", "n": "", "type": "其他", "text": "§2.29", "head": "ZW02n0021_p0379a18"}, {"level": "3", "n": "", "type": "其他", "text": "§2.30", "head": "ZW02n0021_p0379a24"}, {"level": "3", "n": "", "type": "其他", "text": "§2.31", "head": "ZW02n0021_p0380a05"}, {"level": "3", "n": "", "type": "其他", "text": "§2.32", "head": "ZW02n0021_p0380a10"}, {"level": "3", "n": "", "type": "其他", "text": "§2.33", "head": "ZW02n0021_p0380a17"}, {"level": "3", "n": "", "type": "其他", "text": "§2.34", "head": "ZW02n0021_p0381a02"}, {"level": "3", "n": "", "type": "其他", "text": "§2.35", "head": "ZW02n0021_p0381a12"}, {"level": "3", "n": "", "type": "其他", "text": "§2.36", "head": "ZW02n0021_p0381a18"}, {"level": "3", "n": "", "type": "其他", "text": "§2.37", "head": "ZW02n0021_p0381a21"}, {"level": "3", "n": "", "type": "其他", "text": "§2.38", "head": "ZW02n0021_p0382a08"}, {"level": "3", "n": "", "type": "其他", "text": "§2.39", "head": "ZW02n0021_p0382a12"}, {"level": "3", "n": "", "type": "其他", "text": "§2.40", "head": "ZW02n0021_p0382a18"}, {"level": "3", "n": "", "type": "其他", "text": "§2.41", "head": "ZW02n0021_p0382a24"}, {"level": "3", "n": "", "type": "其他", "text": "§2.42", "head": "ZW02n0021_p0383a03"}, {"level": "3", "n": "", "type": "其他", "text": "§2.43", "head": "ZW02n0021_p0383a05"}, {"level": "3", "n": "", "type": "其他", "text": "§2.44", "head": "ZW02n0021_p0383a10"}, {"level": "3", "n": "", "type": "其他", "text": "§2.45", "head": "ZW02n0021_p0383a16"}, {"level": "3", "n": "", "type": "其他", "text": "§2.46", "head": "ZW02n0021_p0383a19"}, {"level": "3", "n": "", "type": "其他", "text": "§2.47", "head": "ZW02n0021_p0383a22"}, {"level": "3", "n": "", "type": "其他", "text": "§2.48", "head": "ZW02n0021_p0383a26"}, {"level": "3", "n": "", "type": "其他", "text": "§2.49", "head": "ZW02n0021_p0384a13"}, {"level": "3", "n": "", "type": "其他", "text": "§2.50", "head": "ZW02n0021_p0385a03"}, {"level": "3", "n": "", "type": "其他", "text": "§2.51", "head": "ZW02n0021_p0385a06"}, {"level": "3", "n": "", "type": "其他", "text": "§2.52", "head": "ZW02n0021_p0385a11"}, {"level": "2", "n": "", "type": "其他", "text": "第三章", "head": "ZW02n0021_p0385a27"}, {"level": "3", "n": "", "type": "其他", "text": "§3.1", "head": "ZW02n0021_p0386a02"}, {"level": "3", "n": "", "type": "其他", "text": "§3.2", "head": "ZW02n0021_p0386a17"}, {"level": "3", "n": "", "type": "其他", "text": "§3.3", "head": "ZW02n0021_p0386a22"}, {"level": "3", "n": "", "type": "其他", "text": "§3.4", "head": "ZW02n0021_p0387a01"}, {"level": "3", "n": "", "type": "其他", "text": "§3.5", "head": "ZW02n0021_p0387a04"}, {"level": "3", "n": "", "type": "其他", "text": "§3.6", "head": "ZW02n0021_p0387a10"}, {"level": "3", "n": "", "type": "其他", "text": "§3.7", "head": "ZW02n0021_p0387a17"}, {"level": "3", "n": "", "type": "其他", "text": "§3.8", "head": "ZW02n0021_p0387a20"}, {"level": "3", "n": "", "type": "其他", "text": "§3.9", "head": "ZW02n0021_p0388a12"}, {"level": "3", "n": "", "type": "其他", "text": "§3.10", "head": "ZW02n0021_p0388a17"}, {"level": "3", "n": "", "type": "其他", "text": "§3.11", "head": "ZW02n0021_p0388a27"}, {"level": "3", "n": "", "type": "其他", "text": "§3.12", "head": "ZW02n0021_p0393a21"}, {"level": "3", "n": "", "type": "其他", "text": "§3.13", "head": "ZW02n0021_p0393a25"}, {"level": "3", "n": "", "type": "其他", "text": "§3.14", "head": "ZW02n0021_p0394a01"}, {"level": "3", "n": "", "type": "其他", "text": "§3.15", "head": "ZW02n0021_p0394a06"}, {"level": "3", "n": "", "type": "其他", "text": "§3.16", "head": "ZW02n0021_p0394a11"}, {"level": "3", "n": "", "type": "其他", "text": "§3.17", "head": "ZW02n0021_p0394a17"}, {"level": "3", "n": "", "type": "其他", "text": "§3.18", "head": "ZW02n0021_p0394a24"}, {"level": "2", "n": "", "type": "其他", "text": "第四章", "head": "ZW02n0021_p0395a02"}, {"level": "3", "n": "", "type": "其他", "text": "§4.1", "head": "ZW02n0021_p0395a03"}, {"level": "3", "n": "", "type": "其他", "text": "§4.2", "head": "ZW02n0021_p0395a06"}, {"level": "3", "n": "", "type": "其他", "text": "§4.3", "head": "ZW02n0021_p0395a12"}, {"level": "3", "n": "", "type": "其他", "text": "§4.4", "head": "ZW02n0021_p0395a18"}, {"level": "3", "n": "", "type": "其他", "text": "§4.5", "head": "ZW02n0021_p0396a06"}, {"level": "3", "n": "", "type": "其他", "text": "§4.6", "head": "ZW02n0021_p0396a10"}, {"level": "3", "n": "", "type": "其他", "text": "§4.7", "head": "ZW02n0021_p0396a16"}, {"level": "3", "n": "", "type": "其他", "text": "§4.8", "head": "ZW02n0021_p0396a22"}, {"level": "3", "n": "", "type": "其他", "text": "§4.9", "head": "ZW02n0021_p0396a27"}, {"level": "3", "n": "", "type": "其他", "text": "§4.10", "head": "ZW02n0021_p0397a07"}, {"level": "3", "n": "", "type": "其他", "text": "§4.11", "head": "ZW02n0021_p0397a10"}, {"level": "3", "n": "", "type": "其他", "text": "§4.12", "head": "ZW02n0021_p0397a21"}, {"level": "3", "n": "", "type": "其他", "text": "§4.13", "head": "ZW02n0021_p0398a03"}, {"level": "3", "n": "", "type": "其他", "text": "§4.14", "head": "ZW02n0021_p0398a08"}, {"level": "3", "n": "", "type": "其他", "text": "§4.15", "head": "ZW02n0021_p0398a10"}, {"level": "3", "n": "", "type": "其他", "text": "§4.16", "head": "ZW02n0021_p0398a12"}, {"level": "3", "n": "", "type": "其他", "text": "§4.17", "head": "ZW02n0021_p0398a18"}, {"level": "3", "n": "", "type": "其他", "text": "§4.18", "head": "ZW02n0021_p0398a19"}, {"level": "3", "n": "", "type": "其他", "text": "§4.19", "head": "ZW02n0021_p0398a21"}, {"level": "3", "n": "", "type": "其他", "text": "§4.20", "head": "ZW02n0021_p0398a22"}, {"level": "3", "n": "", "type": "其他", "text": "§4.21", "head": "ZW02n0021_p0399a22"}, {"level": "3", "n": "", "type": "其他", "text": "§4.22", "head": "ZW02n0021_p0400a01"}, {"level": "3", "n": "", "type": "其他", "text": "§4.23", "head": "ZW02n0021_p0400a12"}, {"level": "3", "n": "", "type": "其他", "text": "§4.24", "head": "ZW02n0021_p0400a17"}, {"level": "3", "n": "", "type": "其他", "text": "§4.25", "head": "ZW02n0021_p0400a20"}, {"level": "3", "n": "", "type": "其他", "text": "§4.26", "head": "ZW02n0021_p0400a25"}, {"level": "3", "n": "", "type": "其他", "text": "§4.27", "head": "ZW02n0021_p0401a08"}, {"level": "3", "n": "", "type": "其他", "text": "§4.28", "head": "ZW02n0021_p0401a13"}, {"level": "3", "n": "", "type": "其他", "text": "§4.29", "head": "ZW02n0021_p0401a17"}, {"level": "3", "n": "", "type": "其他", "text": "§4.30", "head": "ZW02n0021_p0402a04"}, {"level": "3", "n": "", "type": "其他", "text": "§4.31", "head": "ZW02n0021_p0402a07"}, {"level": "3", "n": "", "type": "其他", "text": "§4.32", "head": "ZW02n0021_p0402a15"}, {"level": "3", "n": "", "type": "其他", "text": "§4.33", "head": "ZW02n0021_p0402a18"}, {"level": "3", "n": "", "type": "其他", "text": "§4.34", "head": "ZW02n0021_p0402a22"}, {"level": "3", "n": "", "type": "其他", "text": "§4.35", "head": "ZW02n0021_p0402a24"}, {"level": "3", "n": "", "type": "其他", "text": "§4.36", "head": "ZW02n0021_p0403a03"}, {"level": "3", "n": "", "type": "其他", "text": "§4.37", "head": "ZW02n0021_p0403a08"}, {"level": "3", "n": "", "type": "其他", "text": "§4.38", "head": "ZW02n0021_p0403a26"}, {"level": "3", "n": "", "type": "其他", "text": "§4.39", "head": "ZW02n0021_p0404a06"}, {"level": "3", "n": "", "type": "其他", "text": "§4.40", "head": "ZW02n0021_p0404a12"}, {"level": "3", "n": "", "type": "其他", "text": "§4.41", "head": "ZW02n0021_p0404a14"}, {"level": "3", "n": "", "type": "其他", "text": "§4.42", "head": "ZW02n0021_p0404a17"}, {"level": "3", "n": "", "type": "其他", "text": "§4.43", "head": "ZW02n0021_p0404a25"}, {"level": "3", "n": "", "type": "其他", "text": "§4.44", "head": "ZW02n0021_p0405a04"}, {"level": "3", "n": "", "type": "其他", "text": "§4.45", "head": "ZW02n0021_p0405a09"}, {"level": "3", "n": "", "type": "其他", "text": "§4.46", "head": "ZW02n0021_p0405a10"}, {"level": "3", "n": "", "type": "其他", "text": "§4.47", "head": "ZW02n0021_p0405a16"}, {"level": "3", "n": "", "type": "其他", "text": "§4.48", "head": "ZW02n0021_p0405a23"}, {"level": "3", "n": "", "type": "其他", "text": "§4.49", "head": "ZW02n0021_p0406a04"}, {"level": "3", "n": "", "type": "其他", "text": "§4.50", "head": "ZW02n0021_p0406a06"}, {"level": "3", "n": "", "type": "其他", "text": "§4.51", "head": "ZW02n0021_p0406a08"}, {"level": "3", "n": "", "type": "其他", "text": "§4.52", "head": "ZW02n0021_p0406a10"}, {"level": "3", "n": "", "type": "其他", "text": "§4.53", "head": "ZW02n0021_p0406a18"}, {"level": "2", "n": "", "type": "其他", "text": "第五章", "head": "ZW02n0021_p0407a03"}, {"level": "3", "n": "", "type": "其他", "text": "§5.1", "head": "ZW02n0021_p0407a04"}, {"level": "3", "n": "", "type": "其他", "text": "§5.2", "head": "ZW02n0021_p0407a25"}, {"level": "3", "n": "", "type": "其他", "text": "§5.3", "head": "ZW02n0021_p0408a05"}, {"level": "3", "n": "", "type": "其他", "text": "§5.4", "head": "ZW02n0021_p0408a11"}, {"level": "3", "n": "", "type": "其他", "text": "§5.5", "head": "ZW02n0021_p0409a01"}, {"level": "3", "n": "", "type": "其他", "text": "§5.6", "head": "ZW02n0021_p0409a06"}, {"level": "3", "n": "", "type": "其他", "text": "§5.7", "head": "ZW02n0021_p0409a10"}, {"level": "3", "n": "", "type": "其他", "text": "§5.8", "head": "ZW02n0021_p0409a16"}, {"level": "3", "n": "", "type": "其他", "text": "§5.9", "head": "ZW02n0021_p0409a22"}, {"level": "3", "n": "", "type": "其他", "text": "§5.10", "head": "ZW02n0021_p0409a25"}, {"level": "3", "n": "", "type": "其他", "text": "§5.11", "head": "ZW02n0021_p0410a03"}, {"level": "3", "n": "", "type": "其他", "text": "§5.12", "head": "ZW02n0021_p0410a07"}, {"level": "3", "n": "", "type": "其他", "text": "§5.13", "head": "ZW02n0021_p0410a13"}, {"level": "3", "n": "", "type": "其他", "text": "§5.14", "head": "ZW02n0021_p0410a17"}, {"level": "3", "n": "", "type": "其他", "text": "§5.15", "head": "ZW02n0021_p0410a24"}, {"level": "3", "n": "", "type": "其他", "text": "§5.16", "head": "ZW02n0021_p0411a04"}, {"level": "3", "n": "", "type": "其他", "text": "§5.17", "head": "ZW02n0021_p0411a14"}, {"level": "3", "n": "", "type": "其他", "text": "§5.18", "head": "ZW02n0021_p0411a19"}, {"level": "3", "n": "", "type": "其他", "text": "§5.19", "head": "ZW02n0021_p0411a21"}, {"level": "3", "n": "", "type": "其他", "text": "§5.20", "head": "ZW02n0021_p0412a07"}, {"level": "3", "n": "", "type": "其他", "text": "§5.21", "head": "ZW02n0021_p0412a11"}, {"level": "3", "n": "", "type": "其他", "text": "§5.22", "head": "ZW02n0021_p0412a16"}, {"level": "3", "n": "", "type": "其他", "text": "§5.23", "head": "ZW02n0021_p0412a24"}, {"level": "3", "n": "", "type": "其他", "text": "§5.24", "head": "ZW02n0021_p0413a02"}, {"level": "3", "n": "", "type": "其他", "text": "§5.25", "head": "ZW02n0021_p0413a11"}, {"level": "3", "n": "", "type": "其他", "text": "§5.26", "head": "ZW02n0021_p0413a14"}, {"level": "3", "n": "", "type": "其他", "text": "§5.27", "head": "ZW02n0021_p0413a21"}, {"level": "3", "n": "", "type": "其他", "text": "§5.28", "head": "ZW02n0021_p0413a24"}, {"level": "3", "n": "", "type": "其他", "text": "§5.29", "head": "ZW02n0021_p0414a03"}, {"level": "3", "n": "", "type": "其他", "text": "§5.30", "head": "ZW02n0021_p0414a13"}, {"level": "3", "n": "", "type": "其他", "text": "§5.31", "head": "ZW02n0021_p0414a15"}, {"level": "3", "n": "", "type": "其他", "text": "§5.32", "head": "ZW02n0021_p0415a01"}, {"level": "3", "n": "", "type": "其他", "text": "§5.33", "head": "ZW02n0021_p0415a08"}, {"level": "3", "n": "", "type": "其他", "text": "§5.34", "head": "ZW02n0021_p0415a16"}, {"level": "3", "n": "", "type": "其他", "text": "§5.35", "head": "ZW02n0021_p0415a25"}, {"level": "3", "n": "", "type": "其他", "text": "§5.36", "head": "ZW02n0021_p0416a09"}, {"level": "3", "n": "", "type": "其他", "text": "§5.37", "head": "ZW02n0021_p0416a16"}, {"level": "3", "n": "", "type": "其他", "text": "§5.38", "head": "ZW02n0021_p0416a21"}, {"level": "3", "n": "", "type": "其他", "text": "§5.39", "head": "ZW02n0021_p0416a25"}, {"level": "3", "n": "", "type": "其他", "text": "§5.40", "head": "ZW02n0021_p0417a01"}, {"level": "3", "n": "", "type": "其他", "text": "§5.41", "head": "ZW02n0021_p0417a06"}, {"level": "3", "n": "", "type": "其他", "text": "§5.42", "head": "ZW02n0021_p0417a12"}, {"level": "3", "n": "", "type": "其他", "text": "§5.43", "head": "ZW02n0021_p0417a14"}, {"level": "3", "n": "", "type": "其他", "text": "§5.44", "head": "ZW02n0021_p0417a18"}, {"level": "2", "n": "", "type": "其他", "text": "第六章", "head": "ZW02n0021_p0417a23"}, {"level": "3", "n": "", "type": "其他", "text": "§6.1", "head": "ZW02n0021_p0417a24"}, {"level": "3", "n": "", "type": "其他", "text": "§6.2", "head": "ZW02n0021_p0418a09"}, {"level": "3", "n": "", "type": "其他", "text": "§6.3", "head": "ZW02n0021_p0418a16"}, {"level": "3", "n": "", "type": "其他", "text": "§6.4", "head": "ZW02n0021_p0418a17"}, {"level": "3", "n": "", "type": "其他", "text": "§6.5", "head": "ZW02n0021_p0418a22"}, {"level": "3", "n": "", "type": "其他", "text": "§6.6", "head": "ZW02n0021_p0419a08"}, {"level": "3", "n": "", "type": "其他", "text": "§6.7", "head": "ZW02n0021_p0419a21"}, {"level": "3", "n": "", "type": "其他", "text": "§6.8", "head": "ZW02n0021_p0420a05"}, {"level": "3", "n": "", "type": "其他", "text": "§6.9", "head": "ZW02n0021_p0420a11"}, {"level": "3", "n": "", "type": "其他", "text": "§6.10", "head": "ZW02n0021_p0420a22"}, {"level": "3", "n": "", "type": "其他", "text": "§6.11", "head": "ZW02n0021_p0421a09"}, {"level": "3", "n": "", "type": "其他", "text": "§6.12", "head": "ZW02n0021_p0421a13"}, {"level": "3", "n": "", "type": "其他", "text": "§6.13", "head": "ZW02n0021_p0421a17"}, {"level": "3", "n": "", "type": "其他", "text": "§6.14", "head": "ZW02n0021_p0421a22"}, {"level": "3", "n": "", "type": "其他", "text": "§6.15", "head": "ZW02n0021_p0422a02"}, {"level": "3", "n": "", "type": "其他", "text": "§6.16", "head": "ZW02n0021_p0422a11"}, {"level": "3", "n": "", "type": "其他", "text": "§6.17", "head": "ZW02n0021_p0422a20"}, {"level": "3", "n": "", "type": "其他", "text": "§6.18", "head": "ZW02n0021_p0422a24"}, {"level": "3", "n": "", "type": "其他", "text": "§6.19", "head": "ZW02n0021_p0423a06"}, {"level": "3", "n": "", "type": "其他", "text": "§6.20", "head": "ZW02n0021_p0423a09"}, {"level": "3", "n": "", "type": "其他", "text": "§6.21", "head": "ZW02n0021_p0423a19"}, {"level": "3", "n": "", "type": "其他", "text": "§6.22", "head": "ZW02n0021_p0423a24"}, {"level": "3", "n": "", "type": "其他", "text": "§6.23", "head": "ZW02n0021_p0424a02"}, {"level": "3", "n": "", "type": "其他", "text": "§6.24", "head": "ZW02n0021_p0424a24"}, {"level": "3", "n": "", "type": "其他", "text": "§6.25", "head": "ZW02n0021_p0425a02"}, {"level": "3", "n": "", "type": "其他", "text": "§6.26", "head": "ZW02n0021_p0425a05"}, {"level": "2", "n": "", "type": "其他", "text": "第七章", "head": "ZW02n0021_p0425a10"}, {"level": "3", "n": "", "type": "其他", "text": "§7.1", "head": "ZW02n0021_p0425a11"}, {"level": "3", "n": "", "type": "其他", "text": "§7.2", "head": "ZW02n0021_p0425a21"}, {"level": "3", "n": "", "type": "其他", "text": "§7.3", "head": "ZW02n0021_p0425a27"}, {"level": "3", "n": "", "type": "其他", "text": "§7.4", "head": "ZW02n0021_p0427a04"}, {"level": "3", "n": "", "type": "其他", "text": "§7.5", "head": "ZW02n0021_p0427a07"}, {"level": "3", "n": "", "type": "其他", "text": "§7.6", "head": "ZW02n0021_p0427a09"}, {"level": "3", "n": "", "type": "其他", "text": "§7.7", "head": "ZW02n0021_p0427a17"}, {"level": "3", "n": "", "type": "其他", "text": "§7.8", "head": "ZW02n0021_p0427a25"}, {"level": "3", "n": "", "type": "其他", "text": "§7.9", "head": "ZW02n0021_p0428a02"}, {"level": "3", "n": "", "type": "其他", "text": "§7.10", "head": "ZW02n0021_p0428a04"}, {"level": "3", "n": "", "type": "其他", "text": "§7.11", "head": "ZW02n0021_p0428a06"}, {"level": "3", "n": "", "type": "其他", "text": "§7.12", "head": "ZW02n0021_p0428a08"}, {"level": "3", "n": "", "type": "其他", "text": "§7.13", "head": "ZW02n0021_p0428a13"}, {"level": "3", "n": "", "type": "其他", "text": "§7.14", "head": "ZW02n0021_p0428a16"}, {"level": "3", "n": "", "type": "其他", "text": "§7.15", "head": "ZW02n0021_p0428a18"}, {"level": "3", "n": "", "type": "其他", "text": "§7.16", "head": "ZW02n0021_p0428a21"}, {"level": "3", "n": "", "type": "其他", "text": "§7.17", "head": "ZW02n0021_p0429a05"}, {"level": "3", "n": "", "type": "其他", "text": "§7.18", "head": "ZW02n0021_p0429a11"}, {"level": "3", "n": "", "type": "其他", "text": "§7.19", "head": "ZW02n0021_p0429a18"}, {"level": "3", "n": "", "type": "其他", "text": "§7.20", "head": "ZW02n0021_p0429a22"}, {"level": "3", "n": "", "type": "其他", "text": "§7.21", "head": "ZW02n0021_p0429a26"}, {"level": "3", "n": "", "type": "其他", "text": "§7.22", "head": "ZW02n0021_p0430a06"}, {"level": "3", "n": "", "type": "其他", "text": "§7.23", "head": "ZW02n0021_p0430a11"}, {"level": "3", "n": "", "type": "其他", "text": "§7.24", "head": "ZW02n0021_p0430a16"}, {"level": "3", "n": "", "type": "其他", "text": "§7.25", "head": "ZW02n0021_p0430a23"}, {"level": "3", "n": "", "type": "其他", "text": "§7.26", "head": "ZW02n0021_p0431a04"}, {"level": "3", "n": "", "type": "其他", "text": "§7.27", "head": "ZW02n0021_p0431a10"}, {"level": "3", "n": "", "type": "其他", "text": "§7.28", "head": "ZW02n0021_p0431a18"}, {"level": "3", "n": "", "type": "其他", "text": "§7.29", "head": "ZW02n0021_p0431a24"}, {"level": "3", "n": "", "type": "其他", "text": "§7.30", "head": "ZW02n0021_p0432a07"}, {"level": "3", "n": "", "type": "其他", "text": "§7.31", "head": "ZW02n0021_p0432a13"}, {"level": "3", "n": "", "type": "其他", "text": "§7.32", "head": "ZW02n0021_p0432a24"}, {"level": "3", "n": "", "type": "其他", "text": "§7.33", "head": "ZW02n0021_p0433a03"}, {"level": "3", "n": "", "type": "其他", "text": "§7.34", "head": "ZW02n0021_p0433a06"}, {"level": "2", "n": "", "type": "其他", "text": "第八章", "head": "ZW02n0021_p0433a14"}, {"level": "3", "n": "", "type": "其他", "text": "§8.1", "head": "ZW02n0021_p0433a15"}, {"level": "3", "n": "", "type": "其他", "text": "§8.2", "head": "ZW02n0021_p0433a25"}, {"level": "3", "n": "", "type": "其他", "text": "§8.3", "head": "ZW02n0021_p0434a03"}, {"level": "3", "n": "", "type": "其他", "text": "§8.4", "head": "ZW02n0021_p0434a07"}, {"level": "3", "n": "", "type": "其他", "text": "§8.5", "head": "ZW02n0021_p0434a11"}, {"level": "3", "n": "", "type": "其他", "text": "§8.6", "head": "ZW02n0021_p0434a18"}, {"level": "3", "n": "", "type": "其他", "text": "§8.7", "head": "ZW02n0021_p0435a01"}, {"level": "3", "n": "", "type": "其他", "text": "§8.8", "head": "ZW02n0021_p0435a06"}, {"level": "3", "n": "", "type": "其他", "text": "§8.9", "head": "ZW02n0021_p0435a16"}, {"level": "3", "n": "", "type": "其他", "text": "§8.10", "head": "ZW02n0021_p0435a18"}, {"level": "3", "n": "", "type": "其他", "text": "§8.11", "head": "ZW02n0021_p0437a14"}, {"level": "3", "n": "", "type": "其他", "text": "§8.12", "head": "ZW02n0021_p0437a17"}, {"level": "3", "n": "", "type": "其他", "text": "§8.13", "head": "ZW02n0021_p0438a27"}, {"level": "3", "n": "", "type": "其他", "text": "§8.14", "head": "ZW02n0021_p0439a02"}, {"level": "3", "n": "", "type": "其他", "text": "§8.15", "head": "ZW02n0021_p0439a07"}, {"level": "3", "n": "", "type": "其他", "text": "§8.16", "head": "ZW02n0021_p0439a20"}, {"level": "3", "n": "", "type": "其他", "text": "§8.17", "head": "ZW02n0021_p0439a23"}, {"level": "3", "n": "", "type": "其他", "text": "§8.18", "head": "ZW02n0021_p0440a01"}, {"level": "3", "n": "", "type": "其他", "text": "§8.19", "head": "ZW02n0021_p0440a04"}, {"level": "3", "n": "", "type": "其他", "text": "§8.20", "head": "ZW02n0021_p0440a08"}, {"level": "3", "n": "", "type": "其他", "text": "§8.21", "head": "ZW02n0021_p0440a10"}, {"level": "3", "n": "", "type": "其他", "text": "§8.22", "head": "ZW02n0021_p0440a16"}, {"level": "3", "n": "", "type": "其他", "text": "§8.23", "head": "ZW02n0021_p0440a22"}, {"level": "3", "n": "", "type": "其他", "text": "§8.24", "head": "ZW02n0021_p0440a26"}, {"level": "3", "n": "", "type": "其他", "text": "§8.25", "head": "ZW02n0021_p0441a03"}, {"level": "3", "n": "", "type": "其他", "text": "§8.26", "head": "ZW02n0021_p0441a13"}, {"level": "2", "n": "", "type": "其他", "text": "第九章", "head": "ZW02n0021_p0441a21"}, {"level": "3", "n": "", "type": "其他", "text": "§9.1", "head": "ZW02n0021_p0441a22"}, {"level": "3", "n": "", "type": "其他", "text": "§9.2", "head": "ZW02n0021_p0441a26"}, {"level": "3", "n": "", "type": "其他", "text": "§9.3", "head": "ZW02n0021_p0442a05"}, {"level": "3", "n": "", "type": "其他", "text": "§9.4", "head": "ZW02n0021_p0442a08"}, {"level": "3", "n": "", "type": "其他", "text": "§9.5", "head": "ZW02n0021_p0442a12"}, {"level": "3", "n": "", "type": "其他", "text": "§9.6", "head": "ZW02n0021_p0442a16"}, {"level": "3", "n": "", "type": "其他", "text": "§9.7", "head": "ZW02n0021_p0443a01"}, {"level": "3", "n": "", "type": "其他", "text": "§9.8", "head": "ZW02n0021_p0443a10"}, {"level": "3", "n": "", "type": "其他", "text": "§9.9", "head": "ZW02n0021_p0443a15"}, {"level": "3", "n": "", "type": "其他", "text": "§9.10", "head": "ZW02n0021_p0444a02"}, {"level": "3", "n": "", "type": "其他", "text": "§9.11", "head": "ZW02n0021_p0444a15"}, {"level": "3", "n": "", "type": "其他", "text": "§9.12", "head": "ZW02n0021_p0444a19"}, {"level": "3", "n": "", "type": "其他", "text": "§9.13", "head": "ZW02n0021_p0445a04"}, {"level": "3", "n": "", "type": "其他", "text": "§9.14", "head": "ZW02n0021_p0445a07"}, {"level": "3", "n": "", "type": "其他", "text": "§9.15", "head": "ZW02n0021_p0445a10"}, {"level": "3", "n": "", "type": "其他", "text": "§9.16", "head": "ZW02n0021_p0445a14"}, {"level": "3", "n": "", "type": "其他", "text": "§9.17", "head": "ZW02n0021_p0445a20"}, {"level": "3", "n": "", "type": "其他", "text": "§9.18", "head": "ZW02n0021_p0446a02"}, {"level": "3", "n": "", "type": "其他", "text": "§9.19", "head": "ZW02n0021_p0446a13"}, {"level": "3", "n": "", "type": "其他", "text": "§9.20", "head": "ZW02n0021_p0446a27"}, {"level": "3", "n": "", "type": "其他", "text": "§9.21", "head": "ZW02n0021_p0447a08"}, {"level": "3", "n": "", "type": "其他", "text": "§9.22", "head": "ZW02n0021_p0447a16"}, {"level": "3", "n": "", "type": "其他", "text": "§9.23", "head": "ZW02n0021_p0448a03"}, {"level": "3", "n": "", "type": "其他", "text": "§9.24", "head": "ZW02n0021_p0448a14"}, {"level": "3", "n": "", "type": "其他", "text": "§9.25", "head": "ZW02n0021_p0448a21"}, {"level": "3", "n": "", "type": "其他", "text": "§9.26", "head": "ZW02n0021_p0448a26"}, {"level": "3", "n": "", "type": "其他", "text": "§9.27", "head": "ZW02n0021_p0449a04"}, {"level": "3", "n": "", "type": "其他", "text": "§9.28", "head": "ZW02n0021_p0449a10"}, {"level": "3", "n": "", "type": "其他", "text": "§9.29", "head": "ZW02n0021_p0449a15"}, {"level": "3", "n": "", "type": "其他", "text": "§9.30", "head": "ZW02n0021_p0449a20"}, {"level": "3", "n": "", "type": "其他", "text": "§9.31", "head": "ZW02n0021_p0449a24"}, {"level": "3", "n": "", "type": "其他", "text": "§9.32", "head": "ZW02n0021_p0450a03"}, {"level": "3", "n": "", "type": "其他", "text": "§9.33", "head": "ZW02n0021_p0450a10"}, {"level": "3", "n": "", "type": "其他", "text": "§9.34", "head": "ZW02n0021_p0450a19"}, {"level": "3", "n": "", "type": "其他", "text": "§9.35", "head": "ZW02n0021_p0450a24"}, {"level": "3", "n": "", "type": "其他", "text": "§9.36", "head": "ZW02n0021_p0451a04"}, {"level": "3", "n": "", "type": "其他", "text": "§9.37", "head": "ZW02n0021_p0451a12"}, {"level": "3", "n": "", "type": "其他", "text": "§9.38", "head": "ZW02n0021_p0451a25"}, {"level": "3", "n": "", "type": "其他", "text": "§9.39", "head": "ZW02n0021_p0453a01"}, {"level": "3", "n": "", "type": "其他", "text": "§9.40", "head": "ZW02n0021_p0453a12"}, {"level": "3", "n": "", "type": "其他", "text": "§9.41", "head": "ZW02n0021_p0453a17"}, {"level": "3", "n": "", "type": "其他", "text": "§9.42", "head": "ZW02n0021_p0454a03"}, {"level": "3", "n": "", "type": "其他", "text": "§9.43", "head": "ZW02n0021_p0454a13"}, {"level": "3", "n": "", "type": "其他", "text": "§9.44", "head": "ZW02n0021_p0454a20"}, {"level": "3", "n": "", "type": "其他", "text": "§9.45", "head": "ZW02n0021_p0454a25"}, {"level": "3", "n": "", "type": "其他", "text": "§9.46", "head": "ZW02n0021_p0454a26"}, {"level": "3", "n": "", "type": "其他", "text": "§9.47", "head": "ZW02n0021_p0455a11"}, {"level": "3", "n": "", "type": "其他", "text": "§9.48", "head": "ZW02n0021_p0455a20"}, {"level": "3", "n": "", "type": "其他", "text": "§9.49", "head": "ZW02n0021_p0456a02"}, {"level": "2", "n": "", "type": "其他", "text": "第十章", "head": "ZW02n0021_p0456a17"}, {"level": "3", "n": "", "type": "其他", "text": "§10.1", "head": "ZW02n0021_p0456a18"}, {"level": "3", "n": "", "type": "其他", "text": "§10.2", "head": "ZW02n0021_p0456a25"}, {"level": "3", "n": "", "type": "其他", "text": "§10.3", "head": "ZW02n0021_p0456a27"}, {"level": "3", "n": "", "type": "其他", "text": "§10.4", "head": "ZW02n0021_p0457a06"}, {"level": "3", "n": "", "type": "其他", "text": "§10.5", "head": "ZW02n0021_p0457a20"}, {"level": "3", "n": "", "type": "其他", "text": "§10.6", "head": "ZW02n0021_p0457a23"}, {"level": "3", "n": "", "type": "其他", "text": "§10.7", "head": "ZW02n0021_p0458a16"}]