[{"n": "1", "fun": "open", "head": "GA024n0022_p0007a01"}, {"n": "1", "fun": "close", "head": "GA024n0022_p0013a10"}, {"n": "2", "fun": "open", "head": "GA024n0022_p0015a01"}, {"n": "2", "fun": "close", "head": "GA024n0022_p0028a10"}, {"n": "3", "fun": "open", "head": "GA024n0022_p0029a01"}, {"n": "3", "fun": "close", "head": "GA024n0022_p0074a10"}, {"n": "4", "fun": "open", "head": "GA024n0022_p0075a01"}, {"n": "4", "fun": "close", "head": "GA024n0022_p0098a10"}, {"n": "5", "fun": "open", "head": "GA024n0022_p0099a01"}, {"n": "5", "fun": "close", "head": "GA024n0022_p0210a10"}, {"n": "6", "fun": "open", "head": "GA024n0022_p0211a01"}, {"n": "6", "fun": "close", "head": "GA024n0022_p0326a10"}, {"n": "7", "fun": "open", "head": "GA024n0022_p0327a01"}, {"n": "7", "fun": "close", "head": "GA024n0022_p0341a10"}, {"n": "8", "fun": "open", "head": "GA024n0022_p0343a01"}, {"n": "8", "fun": "close", "head": "GA024n0022_p0359a10"}]