[{"n": "1", "fun": "open", "head": "GA024n0022_p0007a01", "title": "增修雲林寺志卷一"}, {"n": "1", "fun": "close", "head": "GA024n0022_p0013a10", "title": "雲林寺志卷一終"}, {"n": "2", "fun": "open", "head": "GA024n0022_p0015a01", "title": "增修雲林寺志卷二"}, {"n": "2", "fun": "close", "head": "GA024n0022_p0028a10", "title": "雲林寺志卷二終"}, {"n": "3", "fun": "open", "head": "GA024n0022_p0029a01", "title": "增修雲林寺志卷三"}, {"n": "3", "fun": "close", "head": "GA024n0022_p0074a10", "title": "雲林寺志卷三終"}, {"n": "4", "fun": "open", "head": "GA024n0022_p0075a01", "title": "增修雲林寺志卷四"}, {"n": "4", "fun": "close", "head": "GA024n0022_p0098a10", "title": "雲林寺志卷四終"}, {"n": "5", "fun": "open", "head": "GA024n0022_p0099a01", "title": "增修雲林寺志卷五"}, {"n": "5", "fun": "close", "head": "GA024n0022_p0210a10", "title": "雲林寺志卷五終"}, {"n": "6", "fun": "open", "head": "GA024n0022_p0211a01", "title": "增修雲林寺志卷六"}, {"n": "6", "fun": "close", "head": "GA024n0022_p0326a10", "title": "雲林寺志卷六終"}, {"n": "7", "fun": "open", "head": "GA024n0022_p0327a01", "title": "增修雲林寺志卷七"}, {"n": "7", "fun": "close", "head": "GA024n0022_p0341a10", "title": "雲林寺志卷七終"}, {"n": "8", "fun": "open", "head": "GA024n0022_p0343a01", "title": "增修雲林寺志卷八"}, {"n": "8", "fun": "close", "head": "GA024n0022_p0359a10", "title": "雲林寺志卷八終"}]