[{"level": "1", "n": "", "type": "其他", "text": "卷首", "head": "GA081n0084_p0001a01"}, {"level": "2", "n": "", "type": "序", "text": "序", "head": "GA081n0084_p0001a01"}, {"level": "3", "n": "", "type": "序", "text": "陸翼序", "head": "GA081n0084_p0001a01"}, {"level": "3", "n": "", "type": "其他", "text": "王繼文序", "head": "GA081n0084_p0005a01"}, {"level": "3", "n": "", "type": "其他", "text": "范承勳序", "head": "GA081n0084_p0015a01"}, {"level": "3", "n": "", "type": "其他", "text": "本元序", "head": "GA081n0084_p0025a01"}, {"level": "2", "n": "", "type": "其他", "text": "舊序", "head": "GA081n0084_p0033a01"}, {"level": "3", "n": "", "type": "其他", "text": "曹延生序", "head": "GA081n0084_p0033a01"}, {"level": "3", "n": "", "type": "其他", "text": "沈天錫序", "head": "GA081n0084_p0035a05"}, {"level": "3", "n": "", "type": "其他", "text": "大錯和尚序", "head": "GA081n0084_p0037a08"}, {"level": "2", "n": "", "type": "其他", "text": "目錄", "head": "GA081n0084_p0043a01"}, {"level": "2", "n": "", "type": "其他", "text": "迦葉尊者守衣入定像", "head": "GA081n0084_p0051a01"}, {"level": "2", "n": "", "type": "其他", "text": "鷄足山迦葉尊者讚", "head": "GA081n0084_p0052a01"}, {"level": "2", "n": "", "type": "其他", "text": "鷄山指掌圖", "head": "GA081n0084_p0053a01"}, {"level": "2", "n": "", "type": "其他", "text": "鷄足山指掌圖記", "head": "GA081n0084_p0061a01"}, {"level": "1", "n": "", "type": "其他", "text": "考證", "head": "GA081n0084_p0071a02"}, {"level": "2", "n": "", "type": "序", "text": "序", "head": "GA081n0084_p0071a03"}, {"level": "2", "n": "", "type": "其他", "text": "傳,正宗傳", "head": "GA081n0084_p0071a06"}, {"level": "2", "n": "", "type": "其他", "text": "曹溪一滴", "head": "GA081n0084_p0078a09"}, {"level": "2", "n": "", "type": "其他", "text": "大唐西域記", "head": "GA081n0084_p0080a08"}, {"level": "2", "n": "", "type": "其他", "text": "名勝志", "head": "GA081n0084_p0081a06"}, {"level": "2", "n": "", "type": "其他", "text": "顯傳", "head": "GA081n0084_p0082a04"}, {"level": "1", "n": "", "type": "其他", "text": "星野", "head": "GA081n0084_p0085a01"}, {"level": "2", "n": "", "type": "序", "text": "序", "head": "GA081n0084_p0085a02"}, {"level": "2", "n": "", "type": "其他", "text": "總說", "head": "GA081n0084_p0085a05"}, {"level": "1", "n": "", "type": "其他", "text": "形勢", "head": "GA081n0084_p0091a01"}, {"level": "2", "n": "", "type": "序", "text": "序", "head": "GA081n0084_p0091a02"}, {"level": "2", "n": "", "type": "其他", "text": "總說", "head": "GA081n0084_p0091a08"}, {"level": "1", "n": "", "type": "其他", "text": "山水（上）", "head": "GA081n0084_p0097a02"}, {"level": "2", "n": "", "type": "序", "text": "序", "head": "GA081n0084_p0097a03"}, {"level": "2", "n": "", "type": "其他", "text": "山", "head": "GA081n0084_p0097a07"}, {"level": "3", "n": "", "type": "其他", "text": "總說", "head": "GA081n0084_p0097a08"}, {"level": "3", "n": "", "type": "其他", "text": "天柱山", "head": "GA081n0084_p0104a08"}, {"level": "3", "n": "", "type": "其他", "text": "花石山", "head": "GA081n0084_p0105a03"}, {"level": "3", "n": "", "type": "其他", "text": "青檀山", "head": "GA081n0084_p0106a02"}, {"level": "3", "n": "", "type": "其他", "text": "面壁山", "head": "GA081n0084_p0106a07"}, {"level": "3", "n": "", "type": "其他", "text": "象鼻山", "head": "GA081n0084_p0107a01"}, {"level": "3", "n": "", "type": "其他", "text": "瓊樓山", "head": "GA081n0084_p0107a04"}, {"level": "3", "n": "", "type": "其他", "text": "天池山", "head": "GA081n0084_p0107a08"}, {"level": "3", "n": "", "type": "其他", "text": "鳳毛山", "head": "GA081n0084_p0108a02"}, {"level": "3", "n": "", "type": "其他", "text": "鉢盂山", "head": "GA081n0084_p0108a05"}, {"level": "3", "n": "", "type": "其他", "text": "馬頭山", "head": "GA081n0084_p0108a08"}, {"level": "3", "n": "", "type": "其他", "text": "羅星山", "head": "GA081n0084_p0109a01"}, {"level": "3", "n": "", "type": "其他", "text": "紫芝山", "head": "GA081n0084_p0109a04"}, {"level": "3", "n": "", "type": "其他", "text": "蒼波山", "head": "GA081n0084_p0109a06"}, {"level": "3", "n": "", "type": "其他", "text": "蹲象山", "head": "GA081n0084_p0110a01"}, {"level": "3", "n": "", "type": "其他", "text": "駢指山", "head": "GA081n0084_p0110a04"}, {"level": "3", "n": "", "type": "其他", "text": "松雲山", "head": "GA081n0084_p0110a07"}, {"level": "3", "n": "", "type": "其他", "text": "臥獅山", "head": "GA081n0084_p0111a01"}, {"level": "3", "n": "", "type": "其他", "text": "文筆山", "head": "GA081n0084_p0111a04"}, {"level": "3", "n": "", "type": "其他", "text": "滿月山", "head": "GA081n0084_p0111a06"}, {"level": "3", "n": "", "type": "其他", "text": "仙鶴山", "head": "GA081n0084_p0111a09"}, {"level": "3", "n": "", "type": "其他", "text": "錦霞山", "head": "GA081n0084_p0112a02"}, {"level": "3", "n": "", "type": "其他", "text": "紫雲山", "head": "GA081n0084_p0112a04"}, {"level": "3", "n": "", "type": "其他", "text": "鐘靈山", "head": "GA081n0084_p0112a06"}, {"level": "3", "n": "", "type": "其他", "text": "花影山", "head": "GA081n0084_p0112a08"}, {"level": "3", "n": "", "type": "其他", "text": "鳳凰山", "head": "GA081n0084_p0113a01"}, {"level": "3", "n": "", "type": "其他", "text": "象頭山", "head": "GA081n0084_p0113a03"}, {"level": "3", "n": "", "type": "其他", "text": "金母山", "head": "GA081n0084_p0113a05"}, {"level": "3", "n": "", "type": "其他", "text": "白花山", "head": "GA081n0084_p0113a08"}, {"level": "3", "n": "", "type": "其他", "text": "插屏山", "head": "GA081n0084_p0114a02"}, {"level": "3", "n": "", "type": "其他", "text": "高鼓樓山", "head": "GA081n0084_p0114a04"}, {"level": "3", "n": "", "type": "其他", "text": "天鼓山", "head": "GA081n0084_p0114a06"}, {"level": "3", "n": "", "type": "其他", "text": "集賢山", "head": "GA081n0084_p0114a09"}, {"level": "3", "n": "", "type": "其他", "text": "凌霄山", "head": "GA081n0084_p0115a03"}, {"level": "3", "n": "", "type": "其他", "text": "西顧山", "head": "GA081n0084_p0115a06"}, {"level": "3", "n": "", "type": "其他", "text": "青陽山", "head": "GA081n0084_p0115a09"}, {"level": "3", "n": "", "type": "其他", "text": "片玉山", "head": "GA081n0084_p0116a03"}, {"level": "3", "n": "", "type": "其他", "text": "西來山", "head": "GA081n0084_p0116a06"}, {"level": "3", "n": "", "type": "其他", "text": "公幹山", "head": "GA081n0084_p0117a01"}, {"level": "3", "n": "", "type": "其他", "text": "牟尼山", "head": "GA081n0084_p0117a07"}, {"level": "3", "n": "", "type": "其他", "text": "大覺山", "head": "GA081n0084_p0118a03"}, {"level": "2", "n": "", "type": "其他", "text": "峯", "head": "GA081n0084_p0118a08"}, {"level": "3", "n": "", "type": "其他", "text": "四觀峯", "head": "GA081n0084_p0118a09"}, {"level": "3", "n": "", "type": "其他", "text": "翠屏峯", "head": "GA081n0084_p0120a09"}, {"level": "3", "n": "", "type": "其他", "text": "玉枕峯", "head": "GA081n0084_p0121a06"}, {"level": "3", "n": "", "type": "其他", "text": "石鼓峯", "head": "GA081n0084_p0121a08"}, {"level": "3", "n": "", "type": "其他", "text": "象王峯", "head": "GA081n0084_p0122a03"}, {"level": "3", "n": "", "type": "其他", "text": "鳳頭峯", "head": "GA081n0084_p0122a06"}, {"level": "3", "n": "", "type": "其他", "text": "蓮花峯", "head": "GA081n0084_p0122a08"}, {"level": "2", "n": "", "type": "其他", "text": "巖壁", "head": "GA081n0084_p0123a02"}, {"level": "3", "n": "", "type": "其他", "text": "捨身巖", "head": "GA081n0084_p0123a03"}, {"level": "3", "n": "", "type": "其他", "text": "華首門", "head": "GA081n0084_p0123a08"}, {"level": "3", "n": "", "type": "其他", "text": "屏風崖", "head": "GA081n0084_p0126a09"}, {"level": "3", "n": "", "type": "其他", "text": "羅漢壁", "head": "GA081n0084_p0127a03"}, {"level": "3", "n": "", "type": "其他", "text": "觀音崖", "head": "GA081n0084_p0128a01"}, {"level": "3", "n": "", "type": "其他", "text": "般若崖", "head": "GA081n0084_p0128a03"}, {"level": "3", "n": "", "type": "其他", "text": "紫栢崖", "head": "GA081n0084_p0128a07"}, {"level": "3", "n": "", "type": "其他", "text": "霹靂崖", "head": "GA081n0084_p0128a09"}, {"level": "3", "n": "", "type": "其他", "text": "勒馬崖", "head": "GA081n0084_p0129a04"}, {"level": "3", "n": "", "type": "其他", "text": "九重崖", "head": "GA081n0084_p0129a07"}, {"level": "3", "n": "", "type": "其他", "text": "蕉鹿崖", "head": "GA081n0084_p0130a06"}, {"level": "3", "n": "", "type": "其他", "text": "白石崖", "head": "GA081n0084_p0130a08"}, {"level": "3", "n": "", "type": "其他", "text": "滴水崖", "head": "GA081n0084_p0131a06"}, {"level": "3", "n": "", "type": "其他", "text": "重陰崖", "head": "GA081n0084_p0132a01"}, {"level": "3", "n": "", "type": "其他", "text": "猢猻梯", "head": "GA081n0084_p0132a04"}, {"level": "3", "n": "", "type": "其他", "text": "壽星崖", "head": "GA081n0084_p0133a02"}, {"level": "3", "n": "", "type": "其他", "text": "千花崖", "head": "GA081n0084_p0133a05"}, {"level": "3", "n": "", "type": "其他", "text": "佛手崖", "head": "GA081n0084_p0133a08"}, {"level": "3", "n": "", "type": "其他", "text": "背光崖", "head": "GA081n0084_p0134a01"}, {"level": "3", "n": "", "type": "其他", "text": "獅子口", "head": "GA081n0084_p0134a05"}, {"level": "3", "n": "", "type": "其他", "text": "金猊崖", "head": "GA081n0084_p0134a08"}, {"level": "3", "n": "", "type": "其他", "text": "青獅崖", "head": "GA081n0084_p0135a03"}, {"level": "3", "n": "", "type": "其他", "text": "白象崖", "head": "GA081n0084_p0135a05"}, {"level": "3", "n": "", "type": "其他", "text": "滴雪崖", "head": "GA081n0084_p0135a08"}, {"level": "3", "n": "", "type": "其他", "text": "長離崖", "head": "GA081n0084_p0136a01"}, {"level": "3", "n": "", "type": "其他", "text": "文殊崖", "head": "GA081n0084_p0136a05"}, {"level": "3", "n": "", "type": "其他", "text": "叠書崖", "head": "GA081n0084_p0136a07"}, {"level": "3", "n": "", "type": "其他", "text": "楞伽崖", "head": "GA081n0084_p0137a02"}, {"level": "3", "n": "", "type": "其他", "text": "小猢猻梯", "head": "GA081n0084_p0137a04"}, {"level": "3", "n": "", "type": "其他", "text": "古碑崖", "head": "GA081n0084_p0137a07"}, {"level": "3", "n": "", "type": "其他", "text": "檀溪崖", "head": "GA081n0084_p0137a09"}, {"level": "3", "n": "", "type": "其他", "text": "聚仙崖", "head": "GA081n0084_p0138a03"}, {"level": "3", "n": "", "type": "其他", "text": "栴檀林", "head": "GA081n0084_p0138a05"}, {"level": "2", "n": "", "type": "其他", "text": "洞", "head": "GA081n0084_p0139a03"}, {"level": "3", "n": "", "type": "其他", "text": "玄關洞", "head": "GA081n0084_p0139a04"}, {"level": "3", "n": "", "type": "其他", "text": "石漏洞", "head": "GA081n0084_p0139a09"}, {"level": "3", "n": "", "type": "其他", "text": "文殊洞", "head": "GA081n0084_p0140a02"}, {"level": "3", "n": "", "type": "其他", "text": "仙奕洞", "head": "GA081n0084_p0140a04"}, {"level": "3", "n": "", "type": "其他", "text": "獅子洞", "head": "GA081n0084_p0140a07"}, {"level": "3", "n": "", "type": "其他", "text": "石广洞", "head": "GA081n0084_p0141a03"}, {"level": "3", "n": "", "type": "其他", "text": "白虎洞", "head": "GA081n0084_p0141a07"}, {"level": "3", "n": "", "type": "其他", "text": "斜陽洞", "head": "GA081n0084_p0142a01"}, {"level": "3", "n": "", "type": "其他", "text": "古佛洞", "head": "GA081n0084_p0142a06"}, {"level": "3", "n": "", "type": "其他", "text": "落伽洞", "head": "GA081n0084_p0142a09"}, {"level": "3", "n": "", "type": "其他", "text": "真武洞", "head": "GA081n0084_p0143a04"}, {"level": "3", "n": "", "type": "其他", "text": "黑熊洞", "head": "GA081n0084_p0143a08"}, {"level": "3", "n": "", "type": "其他", "text": "鳳眼洞", "head": "GA081n0084_p0144a02"}, {"level": "3", "n": "", "type": "其他", "text": "楊黼洞", "head": "GA081n0084_p0144a06"}, {"level": "3", "n": "", "type": "其他", "text": "重崖洞", "head": "GA081n0084_p0144a09"}, {"level": "3", "n": "", "type": "其他", "text": "麒麟洞", "head": "GA081n0084_p0145a06"}, {"level": "3", "n": "", "type": "其他", "text": "金華洞", "head": "GA081n0084_p0145a09"}, {"level": "3", "n": "", "type": "其他", "text": "仙鶴洞", "head": "GA081n0084_p0146a04"}, {"level": "3", "n": "", "type": "其他", "text": "華藏洞", "head": "GA081n0084_p0146a07"}, {"level": "3", "n": "", "type": "其他", "text": "小桃源洞", "head": "GA081n0084_p0147a08"}, {"level": "3", "n": "", "type": "其他", "text": "小石洞", "head": "GA081n0084_p0148a02"}, {"level": "3", "n": "", "type": "其他", "text": "騰蛇洞", "head": "GA081n0084_p0148a06"}, {"level": "3", "n": "", "type": "其他", "text": "收蛇洞", "head": "GA081n0084_p0149a01"}, {"level": "3", "n": "", "type": "其他", "text": "黃猿洞", "head": "GA081n0084_p0149a05"}, {"level": "3", "n": "", "type": "其他", "text": "泉經洞", "head": "GA081n0084_p0149a08"}, {"level": "3", "n": "", "type": "其他", "text": "卧虎洞", "head": "GA081n0084_p0150a02"}, {"level": "3", "n": "", "type": "其他", "text": "紅蛇洞", "head": "GA081n0084_p0150a04"}, {"level": "3", "n": "", "type": "其他", "text": "岳山洞", "head": "GA081n0084_p0150a07"}, {"level": "3", "n": "", "type": "其他", "text": "藏頭洞", "head": "GA081n0084_p0150a09"}, {"level": "3", "n": "", "type": "其他", "text": "玄鹿洞", "head": "GA081n0084_p0151a03"}, {"level": "3", "n": "", "type": "其他", "text": "箐口洞", "head": "GA081n0084_p0151a07"}, {"level": "3", "n": "", "type": "其他", "text": "碧雲洞", "head": "GA081n0084_p0152a01"}, {"level": "3", "n": "", "type": "其他", "text": "玄玄洞", "head": "GA081n0084_p0152a03"}, {"level": "3", "n": "", "type": "其他", "text": "壺天洞", "head": "GA081n0084_p0152a06"}, {"level": "3", "n": "", "type": "其他", "text": "小蓮房洞", "head": "GA081n0084_p0152a09"}, {"level": "3", "n": "", "type": "其他", "text": "大蓮房洞", "head": "GA081n0084_p0153a03"}, {"level": "3", "n": "", "type": "其他", "text": "飛光洞", "head": "GA081n0084_p0153a05"}, {"level": "3", "n": "", "type": "其他", "text": "石室洞", "head": "GA081n0084_p0153a08"}, {"level": "3", "n": "", "type": "其他", "text": "丹霞洞", "head": "GA081n0084_p0154a01"}, {"level": "3", "n": "", "type": "其他", "text": "一念洞", "head": "GA081n0084_p0154a04"}, {"level": "3", "n": "", "type": "其他", "text": "蟄龍洞", "head": "GA081n0084_p0154a06"}, {"level": "3", "n": "", "type": "其他", "text": "隠顯洞", "head": "GA081n0084_p0154a08"}, {"level": "3", "n": "", "type": "其他", "text": "小華首門", "head": "GA081n0084_p0155a02"}, {"level": "3", "n": "", "type": "其他", "text": "羚羊洞", "head": "GA081n0084_p0155a06"}, {"level": "3", "n": "", "type": "其他", "text": "老古洞", "head": "GA081n0084_p0155a08"}, {"level": "2", "n": "", "type": "其他", "text": "臺", "head": "GA081n0084_p0156a02"}, {"level": "3", "n": "", "type": "其他", "text": "禮佛臺", "head": "GA081n0084_p0156a03"}, {"level": "3", "n": "", "type": "其他", "text": "望臺", "head": "GA081n0084_p0156a08"}, {"level": "3", "n": "", "type": "其他", "text": "指顧臺", "head": "GA081n0084_p0157a04"}, {"level": "3", "n": "", "type": "其他", "text": "阿難臺", "head": "GA081n0084_p0157a07"}, {"level": "3", "n": "", "type": "其他", "text": "妙高臺", "head": "GA081n0084_p0157a09"}, {"level": "3", "n": "", "type": "其他", "text": "小沈臺", "head": "GA081n0084_p0158a02"}, {"level": "3", "n": "", "type": "其他", "text": "辭佛臺", "head": "GA081n0084_p0158a05"}, {"level": "2", "n": "", "type": "其他", "text": "坡", "head": "GA081n0084_p0158a09"}, {"level": "3", "n": "", "type": "其他", "text": "解脫坡", "head": "GA081n0084_p0159a01"}, {"level": "3", "n": "", "type": "其他", "text": "蜜哆坡", "head": "GA081n0084_p0159a04"}, {"level": "3", "n": "", "type": "其他", "text": "火雷坡", "head": "GA081n0084_p0159a06"}, {"level": "2", "n": "", "type": "其他", "text": "岡", "head": "GA081n0084_p0160a01"}, {"level": "3", "n": "", "type": "其他", "text": "迴龍岡", "head": "GA081n0084_p0160a02"}, {"level": "3", "n": "", "type": "其他", "text": "熊羆岡", "head": "GA081n0084_p0160a05"}, {"level": "3", "n": "", "type": "其他", "text": "橫琴岡", "head": "GA081n0084_p0160a08"}, {"level": "3", "n": "", "type": "其他", "text": "振衣岡", "head": "GA081n0084_p0161a02"}, {"level": "2", "n": "", "type": "其他", "text": "嶺", "head": "GA081n0084_p0161a05"}, {"level": "3", "n": "", "type": "其他", "text": "飛鳳嶺", "head": "GA081n0084_p0161a06"}, {"level": "3", "n": "", "type": "其他", "text": "御風嶺", "head": "GA081n0084_p0161a09"}, {"level": "3", "n": "", "type": "其他", "text": "太極嶺", "head": "GA081n0084_p0162a03"}, {"level": "3", "n": "", "type": "其他", "text": "雙泉嶺", "head": "GA081n0084_p0162a06"}, {"level": "3", "n": "", "type": "其他", "text": "拂袖嶺", "head": "GA081n0084_p0162a08"}, {"level": "2", "n": "", "type": "其他", "text": "石", "head": "GA081n0084_p0163a03"}, {"level": "3", "n": "", "type": "其他", "text": "棋盤石", "head": "GA081n0084_p0163a04"}, {"level": "3", "n": "", "type": "其他", "text": "昇仙石", "head": "GA081n0084_p0163a08"}, {"level": "3", "n": "", "type": "其他", "text": "華津石", "head": "GA081n0084_p0164a03"}, {"level": "3", "n": "", "type": "其他", "text": "眠獅石", "head": "GA081n0084_p0164a07"}, {"level": "3", "n": "", "type": "其他", "text": "子母石", "head": "GA081n0084_p0165a03"}, {"level": "3", "n": "", "type": "其他", "text": "袈裟石", "head": "GA081n0084_p0165a08"}, {"level": "3", "n": "", "type": "其他", "text": "玉屏石", "head": "GA081n0084_p0166a04"}, {"level": "3", "n": "", "type": "其他", "text": "獅頭石", "head": "GA081n0084_p0166a08"}, {"level": "3", "n": "", "type": "其他", "text": "盤陀石", "head": "GA081n0084_p0167a07"}, {"level": "3", "n": "", "type": "其他", "text": "半落石", "head": "GA081n0084_p0168a05"}, {"level": "3", "n": "", "type": "其他", "text": "跏趺石", "head": "GA081n0084_p0168a08"}, {"level": "3", "n": "", "type": "其他", "text": "片雲石", "head": "GA081n0084_p0169a01"}, {"level": "3", "n": "", "type": "其他", "text": "移石", "head": "GA081n0084_p0169a04"}, {"level": "3", "n": "", "type": "其他", "text": "翠屏石", "head": "GA081n0084_p0170a01"}, {"level": "3", "n": "", "type": "其他", "text": "雲生石", "head": "GA081n0084_p0170a04"}, {"level": "3", "n": "", "type": "其他", "text": "金剛石", "head": "GA081n0084_p0170a08"}, {"level": "3", "n": "", "type": "其他", "text": "雲鶴石", "head": "GA081n0084_p0171a03"}, {"level": "3", "n": "", "type": "其他", "text": "放光石", "head": "GA081n0084_p0171a05"}, {"level": "3", "n": "", "type": "其他", "text": "兠率石", "head": "GA081n0084_p0171a08"}, {"level": "3", "n": "", "type": "其他", "text": "螺文石", "head": "GA081n0084_p0172a02"}, {"level": "3", "n": "", "type": "其他", "text": "牛首石", "head": "GA081n0084_p0172a04"}, {"level": "3", "n": "", "type": "其他", "text": "曲筧石", "head": "GA081n0084_p0172a07"}, {"level": "3", "n": "", "type": "其他", "text": "念佛石", "head": "GA081n0084_p0173a02"}, {"level": "3", "n": "", "type": "其他", "text": "霹靂石", "head": "GA081n0084_p0173a05"}, {"level": "3", "n": "", "type": "其他", "text": "砥石", "head": "GA081n0084_p0174a04"}, {"level": "3", "n": "", "type": "其他", "text": "伏虎石", "head": "GA081n0084_p0174a07"}, {"level": "3", "n": "", "type": "其他", "text": "箕踞石", "head": "GA081n0084_p0175a01"}, {"level": "3", "n": "", "type": "其他", "text": "笋石", "head": "GA081n0084_p0175a04"}, {"level": "3", "n": "", "type": "其他", "text": "凭欄石", "head": "GA081n0084_p0175a06"}, {"level": "3", "n": "", "type": "其他", "text": "仙人牀", "head": "GA081n0084_p0175a09"}, {"level": "3", "n": "", "type": "其他", "text": "阿闍石", "head": "GA081n0084_p0176a03"}, {"level": "3", "n": "", "type": "其他", "text": "魚頭石", "head": "GA081n0084_p0176a05"}, {"level": "3", "n": "", "type": "其他", "text": "金鰲石", "head": "GA081n0084_p0176a08"}, {"level": "3", "n": "", "type": "其他", "text": "流雲石", "head": "GA081n0084_p0177a01"}, {"level": "3", "n": "", "type": "其他", "text": "雙柱石", "head": "GA081n0084_p0177a03"}, {"level": "3", "n": "", "type": "其他", "text": "龍樹石", "head": "GA081n0084_p0177a05"}, {"level": "3", "n": "", "type": "其他", "text": "拜佛石", "head": "GA081n0084_p0178a03"}, {"level": "3", "n": "", "type": "其他", "text": "鬼工石", "head": "GA081n0084_p0178a07"}, {"level": "3", "n": "", "type": "其他", "text": "無字碑", "head": "GA081n0084_p0179a01"}, {"level": "3", "n": "", "type": "其他", "text": "爛柯石", "head": "GA081n0084_p0179a06"}, {"level": "3", "n": "", "type": "其他", "text": "生公石", "head": "GA081n0084_p0179a08"}, {"level": "3", "n": "", "type": "其他", "text": "小盤陀石", "head": "GA081n0084_p0180a02"}, {"level": "3", "n": "", "type": "其他", "text": "潄玉石", "head": "GA081n0084_p0180a05"}, {"level": "3", "n": "", "type": "其他", "text": "謫星石", "head": "GA081n0084_p0180a08"}, {"level": "3", "n": "", "type": "其他", "text": "嶧陽石", "head": "GA081n0084_p0181a05"}, {"level": "3", "n": "", "type": "其他", "text": "三笑石", "head": "GA081n0084_p0181a08"}, {"level": "3", "n": "", "type": "其他", "text": "老人石", "head": "GA081n0084_p0182a02"}, {"level": "3", "n": "", "type": "其他", "text": "水心石", "head": "GA081n0084_p0182a04"}, {"level": "3", "n": "", "type": "其他", "text": "三多石", "head": "GA081n0084_p0182a06"}, {"level": "3", "n": "", "type": "其他", "text": "九品石", "head": "GA081n0084_p0183a02"}, {"level": "2", "n": "", "type": "其他", "text": "峽", "head": "GA081n0084_p0183a05"}, {"level": "3", "n": "", "type": "其他", "text": "束身峽", "head": "GA081n0084_p0183a06"}, {"level": "3", "n": "", "type": "其他", "text": "藏書峽", "head": "GA081n0084_p0184a01"}, {"level": "3", "n": "", "type": "其他", "text": "仰高峽", "head": "GA081n0084_p0184a03"}, {"level": "3", "n": "", "type": "其他", "text": "獅口峽", "head": "GA081n0084_p0185a01"}, {"level": "3", "n": "", "type": "其他", "text": "梯雲峽", "head": "GA081n0084_p0185a03"}, {"level": "3", "n": "", "type": "其他", "text": "玉井峽", "head": "GA081n0084_p0185a07"}, {"level": "3", "n": "", "type": "其他", "text": "蛇立峽", "head": "GA081n0084_p0186a01"}, {"level": "3", "n": "", "type": "其他", "text": "巨靈峽", "head": "GA081n0084_p0186a04"}, {"level": "3", "n": "", "type": "其他", "text": "神足峽", "head": "GA081n0084_p0186a09"}, {"level": "2", "n": "", "type": "其他", "text": "谷", "head": "GA081n0084_p0187a03"}, {"level": "3", "n": "", "type": "其他", "text": "通天谷", "head": "GA081n0084_p0187a04"}, {"level": "3", "n": "", "type": "其他", "text": "蟠龍谷", "head": "GA081n0084_p0187a08"}, {"level": "2", "n": "", "type": "其他", "text": "箐", "head": "GA081n0084_p0188a01"}, {"level": "3", "n": "", "type": "其他", "text": "檀花箐", "head": "GA081n0084_p0188a02"}, {"level": "3", "n": "", "type": "其他", "text": "蜜蜂箐", "head": "GA081n0084_p0189a01"}, {"level": "3", "n": "", "type": "其他", "text": "松花箐", "head": "GA081n0084_p0189a03"}, {"level": "3", "n": "", "type": "其他", "text": "萬里箐", "head": "GA081n0084_p0189a06"}, {"level": "3", "n": "", "type": "其他", "text": "山神箐", "head": "GA081n0084_p0189a09"}, {"level": "3", "n": "", "type": "其他", "text": "芭蕉箐", "head": "GA081n0084_p0190a02"}, {"level": "2", "n": "", "type": "其他", "text": "坪", "head": "GA081n0084_p0190a05"}, {"level": "3", "n": "", "type": "其他", "text": "明歌坪", "head": "GA081n0084_p0190a06"}, {"level": "3", "n": "", "type": "其他", "text": "羅漢坪", "head": "GA081n0084_p0190a09"}, {"level": "3", "n": "", "type": "其他", "text": "木香坪", "head": "GA081n0084_p0191a03"}, {"level": "3", "n": "", "type": "其他", "text": "萬松坪", "head": "GA081n0084_p0191a09"}, {"level": "3", "n": "", "type": "其他", "text": "憇佛坪", "head": "GA081n0084_p0192a04"}, {"level": "2", "n": "", "type": "其他", "text": "窟", "head": "GA081n0084_p0192a07"}, {"level": "3", "n": "", "type": "其他", "text": "金剛窟", "head": "GA081n0084_p0192a08"}, {"level": "2", "n": "", "type": "其他", "text": "窩", "head": "GA081n0084_p0193a03"}, {"level": "3", "n": "", "type": "其他", "text": "獅子窩", "head": "GA081n0084_p0193a04"}, {"level": "1", "n": "", "type": "其他", "text": "山水（下）", "head": "GA081n0084_p0195a02"}, {"level": "2", "n": "", "type": "其他", "text": "水", "head": "GA081n0084_p0195a03"}, {"level": "3", "n": "", "type": "其他", "text": "鷄足山源泉", "head": "GA081n0084_p0195a04"}, {"level": "3", "n": "", "type": "其他", "text": "三獻水", "head": "GA081n0084_p0204a04"}, {"level": "3", "n": "", "type": "其他", "text": "曹溪水", "head": "GA081n0084_p0205a03"}, {"level": "3", "n": "", "type": "其他", "text": "八功德水", "head": "GA081n0084_p0205a06"}, {"level": "3", "n": "", "type": "其他", "text": "珠簾水", "head": "GA081n0084_p0206a01"}, {"level": "3", "n": "", "type": "其他", "text": "河子孔水", "head": "GA081n0084_p0206a08"}, {"level": "3", "n": "", "type": "其他", "text": "三道水", "head": "GA081n0084_p0208a03"}, {"level": "2", "n": "", "type": "其他", "text": "溪", "head": "GA081n0084_p0209a02"}, {"level": "3", "n": "", "type": "其他", "text": "九子龍王溪", "head": "GA081n0084_p0209a03"}, {"level": "3", "n": "", "type": "其他", "text": "鳴琴溪", "head": "GA081n0084_p0209a06"}, {"level": "3", "n": "", "type": "其他", "text": "栴檀溪", "head": "GA081n0084_p0209a08"}, {"level": "3", "n": "", "type": "其他", "text": "花石溪", "head": "GA081n0084_p0210a02"}, {"level": "3", "n": "", "type": "其他", "text": "檀花溪", "head": "GA081n0084_p0210a05"}, {"level": "3", "n": "", "type": "其他", "text": "黃沙溪", "head": "GA081n0084_p0210a08"}, {"level": "3", "n": "", "type": "其他", "text": "杖溪", "head": "GA081n0084_p0211a02"}, {"level": "3", "n": "", "type": "其他", "text": "赤蕨溪", "head": "GA081n0084_p0211a05"}, {"level": "2", "n": "", "type": "其他", "text": "澗", "head": "GA081n0084_p0211a07"}, {"level": "3", "n": "", "type": "其他", "text": "虎跳澗", "head": "GA081n0084_p0211a08"}, {"level": "3", "n": "", "type": "其他", "text": "集流澗", "head": "GA081n0084_p0212a05"}, {"level": "3", "n": "", "type": "其他", "text": "秋濤澗", "head": "GA081n0084_p0212a08"}, {"level": "3", "n": "", "type": "其他", "text": "雙水澗", "head": "GA081n0084_p0213a02"}, {"level": "3", "n": "", "type": "其他", "text": "葫蘆澗", "head": "GA081n0084_p0213a04"}, {"level": "3", "n": "", "type": "其他", "text": "石鐘澗", "head": "GA081n0084_p0213a07"}, {"level": "2", "n": "", "type": "其他", "text": "壑", "head": "GA081n0084_p0214a01"}, {"level": "3", "n": "", "type": "其他", "text": "龍吟壑", "head": "GA081n0084_p0214a02"}, {"level": "3", "n": "", "type": "其他", "text": "吞天壑", "head": "GA081n0084_p0214a04"}, {"level": "3", "n": "", "type": "其他", "text": "騰蛟壑", "head": "GA081n0084_p0214a08"}, {"level": "2", "n": "", "type": "其他", "text": "瀑", "head": "GA081n0084_p0215a01"}, {"level": "3", "n": "", "type": "其他", "text": "玉龍瀑", "head": "GA081n0084_p0215a02"}, {"level": "3", "n": "", "type": "其他", "text": "栴林瀑", "head": "GA081n0084_p0215a08"}, {"level": "3", "n": "", "type": "其他", "text": "軟瀑", "head": "GA081n0084_p0216a03"}, {"level": "3", "n": "", "type": "其他", "text": "東峽瀑", "head": "GA081n0084_p0216a05"}, {"level": "3", "n": "", "type": "其他", "text": "蒼龍瀑", "head": "GA081n0084_p0217a01"}, {"level": "2", "n": "", "type": "其他", "text": "潭", "head": "GA081n0084_p0217a04"}, {"level": "3", "n": "", "type": "其他", "text": "大龍潭", "head": "GA081n0084_p0217a05"}, {"level": "3", "n": "", "type": "其他", "text": "小龍潭", "head": "GA081n0084_p0219a01"}, {"level": "3", "n": "", "type": "其他", "text": "石洞上潭", "head": "GA081n0084_p0219a05"}, {"level": "3", "n": "", "type": "其他", "text": "石洞下潭", "head": "GA081n0084_p0220a01"}, {"level": "3", "n": "", "type": "其他", "text": "小石洞潭", "head": "GA081n0084_p0220a05"}, {"level": "2", "n": "", "type": "其他", "text": "泉", "head": "GA081n0084_p0220a07"}, {"level": "3", "n": "", "type": "其他", "text": "金鷄泉", "head": "GA081n0084_p0220a08"}, {"level": "3", "n": "", "type": "其他", "text": "太極泉", "head": "GA081n0084_p0221a05"}, {"level": "3", "n": "", "type": "其他", "text": "碧雲泉", "head": "GA081n0084_p0221a07"}, {"level": "3", "n": "", "type": "其他", "text": "陰陽泉", "head": "GA081n0084_p0222a01"}, {"level": "3", "n": "", "type": "其他", "text": "一泓泉", "head": "GA081n0084_p0222a04"}, {"level": "3", "n": "", "type": "其他", "text": "清凉泉", "head": "GA081n0084_p0222a06"}, {"level": "3", "n": "", "type": "其他", "text": "石漏", "head": "GA081n0084_p0222a08"}, {"level": "3", "n": "", "type": "其他", "text": "天乙泉", "head": "GA081n0084_p0224a02"}, {"level": "3", "n": "", "type": "其他", "text": "環侍泉", "head": "GA081n0084_p0224a04"}, {"level": "3", "n": "", "type": "其他", "text": "濕雲泉", "head": "GA081n0084_p0224a06"}, {"level": "3", "n": "", "type": "其他", "text": "萬佛泉", "head": "GA081n0084_p0224a08"}, {"level": "3", "n": "", "type": "其他", "text": "三沸泉", "head": "GA081n0084_p0225a05"}, {"level": "3", "n": "", "type": "其他", "text": "雲湧泉", "head": "GA081n0084_p0225a07"}, {"level": "3", "n": "", "type": "其他", "text": "青龍泉", "head": "GA081n0084_p0225a09"}, {"level": "3", "n": "", "type": "其他", "text": "暗香泉", "head": "GA081n0084_p0226a02"}, {"level": "3", "n": "", "type": "其他", "text": "望臺泉", "head": "GA081n0084_p0226a05"}, {"level": "3", "n": "", "type": "其他", "text": "初地泉", "head": "GA081n0084_p0226a09"}, {"level": "3", "n": "", "type": "其他", "text": "三極泉", "head": "GA081n0084_p0227a02"}, {"level": "3", "n": "", "type": "其他", "text": "湧蓮泉", "head": "GA081n0084_p0227a06"}, {"level": "3", "n": "", "type": "其他", "text": "木香泉", "head": "GA081n0084_p0227a08"}, {"level": "3", "n": "", "type": "其他", "text": "女燈泉", "head": "GA081n0084_p0228a01"}, {"level": "3", "n": "", "type": "其他", "text": "潛龍泉", "head": "GA081n0084_p0228a04"}, {"level": "3", "n": "", "type": "其他", "text": "飲馬泉", "head": "GA081n0084_p0228a06"}, {"level": "3", "n": "", "type": "其他", "text": "潔泉", "head": "GA081n0084_p0228a08"}, {"level": "3", "n": "", "type": "其他", "text": "捉月泉", "head": "GA081n0084_p0229a01"}, {"level": "3", "n": "", "type": "其他", "text": "琉璃泉", "head": "GA081n0084_p0229a04"}, {"level": "3", "n": "", "type": "其他", "text": "浣石泉", "head": "GA081n0084_p0229a07"}, {"level": "3", "n": "", "type": "其他", "text": "伽音泉", "head": "GA081n0084_p0230a01"}, {"level": "3", "n": "", "type": "其他", "text": "湧泉", "head": "GA081n0084_p0230a03"}, {"level": "3", "n": "", "type": "其他", "text": "四歌泉", "head": "GA081n0084_p0230a06"}, {"level": "3", "n": "", "type": "其他", "text": "金龍泉", "head": "GA081n0084_p0230a09"}, {"level": "3", "n": "", "type": "其他", "text": "天乳泉", "head": "GA081n0084_p0231a02"}, {"level": "3", "n": "", "type": "其他", "text": "白露泉", "head": "GA081n0084_p0231a04"}, {"level": "3", "n": "", "type": "其他", "text": "香樟泉", "head": "GA081n0084_p0231a05"}, {"level": "3", "n": "", "type": "其他", "text": "醉象泉", "head": "GA081n0084_p0231a07"}, {"level": "3", "n": "", "type": "其他", "text": "箭括泉", "head": "GA081n0084_p0232a01"}, {"level": "3", "n": "", "type": "其他", "text": "金剛泉", "head": "GA081n0084_p0232a03"}, {"level": "3", "n": "", "type": "其他", "text": "射皷泉", "head": "GA081n0084_p0232a07"}, {"level": "3", "n": "", "type": "其他", "text": "碧紺泉", "head": "GA081n0084_p0232a09"}, {"level": "3", "n": "", "type": "其他", "text": "崩雪泉", "head": "GA081n0084_p0233a03"}, {"level": "3", "n": "", "type": "其他", "text": "鸚鵡泉", "head": "GA081n0084_p0233a05"}, {"level": "3", "n": "", "type": "其他", "text": "摩羅泉", "head": "GA081n0084_p0233a07"}, {"level": "3", "n": "", "type": "其他", "text": "石鹿泉", "head": "GA081n0084_p0233a09"}, {"level": "3", "n": "", "type": "其他", "text": "樹手泉", "head": "GA081n0084_p0234a03"}, {"level": "3", "n": "", "type": "其他", "text": "盤龍泉", "head": "GA081n0084_p0234a05"}, {"level": "3", "n": "", "type": "其他", "text": "獅尾泉", "head": "GA081n0084_p0234a07"}, {"level": "3", "n": "", "type": "其他", "text": "四論泉", "head": "GA081n0084_p0235a01"}, {"level": "3", "n": "", "type": "其他", "text": "水蓮泉", "head": "GA081n0084_p0235a03"}, {"level": "3", "n": "", "type": "其他", "text": "弄珠泉", "head": "GA081n0084_p0235a06"}, {"level": "3", "n": "", "type": "其他", "text": "鐵骨泉", "head": "GA081n0084_p0235a09"}, {"level": "3", "n": "", "type": "其他", "text": "五雲泉", "head": "GA081n0084_p0236a03"}, {"level": "3", "n": "", "type": "其他", "text": "蓮鬚泉", "head": "GA081n0084_p0236a05"}, {"level": "3", "n": "", "type": "其他", "text": "筆花泉", "head": "GA081n0084_p0236a07"}, {"level": "3", "n": "", "type": "其他", "text": "鵝眼泉", "head": "GA081n0084_p0237a01"}, {"level": "3", "n": "", "type": "其他", "text": "雨香泉", "head": "GA081n0084_p0237a04"}, {"level": "3", "n": "", "type": "其他", "text": "青鳥泉", "head": "GA081n0084_p0237a06"}, {"level": "3", "n": "", "type": "其他", "text": "染泉", "head": "GA081n0084_p0237a09"}, {"level": "3", "n": "", "type": "其他", "text": "停雲泉", "head": "GA081n0084_p0238a03"}, {"level": "3", "n": "", "type": "其他", "text": "點雪泉", "head": "GA081n0084_p0238a07"}, {"level": "3", "n": "", "type": "其他", "text": "莊嚴泉", "head": "GA081n0084_p0238a09"}, {"level": "3", "n": "", "type": "其他", "text": "浴塔泉", "head": "GA081n0084_p0239a02"}, {"level": "3", "n": "", "type": "其他", "text": "菩提泉", "head": "GA081n0084_p0240a01"}, {"level": "3", "n": "", "type": "其他", "text": "般若泉", "head": "GA081n0084_p0240a03"}, {"level": "3", "n": "", "type": "其他", "text": "湧雷泉", "head": "GA081n0084_p0240a05"}, {"level": "3", "n": "", "type": "其他", "text": "嵐影泉", "head": "GA081n0084_p0240a07"}, {"level": "3", "n": "", "type": "其他", "text": "萬松泉", "head": "GA081n0084_p0240a09"}, {"level": "3", "n": "", "type": "其他", "text": "問津泉", "head": "GA081n0084_p0241a02"}, {"level": "3", "n": "", "type": "其他", "text": "天女泉", "head": "GA081n0084_p0241a05"}, {"level": "3", "n": "", "type": "其他", "text": "天眼泉", "head": "GA081n0084_p0241a09"}, {"level": "3", "n": "", "type": "其他", "text": "鹿野泉", "head": "GA081n0084_p0242a02"}, {"level": "3", "n": "", "type": "其他", "text": "碧落泉", "head": "GA081n0084_p0242a05"}, {"level": "3", "n": "", "type": "其他", "text": "天隠泉", "head": "GA081n0084_p0242a08"}, {"level": "3", "n": "", "type": "其他", "text": "藥叉泉", "head": "GA081n0084_p0243a02"}, {"level": "3", "n": "", "type": "其他", "text": "清碧泉", "head": "GA081n0084_p0243a04"}, {"level": "3", "n": "", "type": "其他", "text": "慈雲泉", "head": "GA081n0084_p0243a07"}, {"level": "3", "n": "", "type": "其他", "text": "雲友泉", "head": "GA081n0084_p0243a09"}, {"level": "3", "n": "", "type": "其他", "text": "浣衣泉", "head": "GA081n0084_p0244a02"}, {"level": "3", "n": "", "type": "其他", "text": "讓泉", "head": "GA081n0084_p0244a04"}, {"level": "3", "n": "", "type": "其他", "text": "蓮子泉", "head": "GA081n0084_p0244a07"}, {"level": "3", "n": "", "type": "其他", "text": "受記泉", "head": "GA081n0084_p0244a09"}, {"level": "3", "n": "", "type": "其他", "text": "玉井泉", "head": "GA081n0084_p0245a03"}, {"level": "3", "n": "", "type": "其他", "text": "噴珠泉", "head": "GA081n0084_p0245a05"}, {"level": "3", "n": "", "type": "其他", "text": "一滴泉", "head": "GA081n0084_p0245a08"}, {"level": "3", "n": "", "type": "其他", "text": "一葉泉", "head": "GA081n0084_p0246a01"}, {"level": "3", "n": "", "type": "其他", "text": "穿石泉", "head": "GA081n0084_p0246a03"}, {"level": "3", "n": "", "type": "其他", "text": "迴龍泉", "head": "GA081n0084_p0246a05"}, {"level": "3", "n": "", "type": "其他", "text": "浴鳳泉", "head": "GA081n0084_p0246a07"}, {"level": "3", "n": "", "type": "其他", "text": "潮音泉", "head": "GA081n0084_p0246a09"}, {"level": "2", "n": "", "type": "其他", "text": "池", "head": "GA081n0084_p0247a02"}, {"level": "3", "n": "", "type": "其他", "text": "抱月池", "head": "GA081n0084_p0247a03"}, {"level": "3", "n": "", "type": "其他", "text": "洗硯池", "head": "GA081n0084_p0247a07"}, {"level": "3", "n": "", "type": "其他", "text": "軟碧池", "head": "GA081n0084_p0248a01"}, {"level": "3", "n": "", "type": "其他", "text": "半月池", "head": "GA081n0084_p0248a05"}, {"level": "3", "n": "", "type": "其他", "text": "錦蓮池", "head": "GA081n0084_p0248a07"}, {"level": "3", "n": "", "type": "其他", "text": "秋月池", "head": "GA081n0084_p0248a09"}, {"level": "3", "n": "", "type": "其他", "text": "倒影池", "head": "GA081n0084_p0249a04"}, {"level": "3", "n": "", "type": "其他", "text": "炤花池", "head": "GA081n0084_p0249a07"}, {"level": "3", "n": "", "type": "其他", "text": "雲涌池", "head": "GA081n0084_p0249a09"}, {"level": "3", "n": "", "type": "其他", "text": "燈明池", "head": "GA081n0084_p0250a03"}, {"level": "3", "n": "", "type": "其他", "text": "春艸池", "head": "GA081n0084_p0250a05"}, {"level": "3", "n": "", "type": "其他", "text": "寶華池", "head": "GA081n0084_p0250a08"}, {"level": "3", "n": "", "type": "其他", "text": "烟水池", "head": "GA081n0084_p0251a01"}, {"level": "3", "n": "", "type": "其他", "text": "數息池", "head": "GA081n0084_p0251a03"}, {"level": "3", "n": "", "type": "其他", "text": "天水池", "head": "GA081n0084_p0251a05"}, {"level": "2", "n": "", "type": "其他", "text": "塘", "head": "GA081n0084_p0251a08"}, {"level": "3", "n": "", "type": "其他", "text": "茨菰塘", "head": "GA081n0084_p0251a09"}, {"level": "2", "n": "", "type": "其他", "text": "湖", "head": "GA081n0084_p0252a02"}, {"level": "3", "n": "", "type": "其他", "text": "上倉湖", "head": "GA081n0084_p0252a03"}, {"level": "1", "n": "", "type": "其他", "text": "寺院（上）", "head": "GA081n0084_p0253a02"}, {"level": "2", "n": "", "type": "序", "text": "序", "head": "GA081n0084_p0253a03"}, {"level": "2", "n": "", "type": "其他", "text": "寺", "head": "GA081n0084_p0254a02"}, {"level": "3", "n": "", "type": "其他", "text": "金頂寺", "head": "GA081n0084_p0254a03"}, {"level": "3", "n": "", "type": "其他", "text": "迦葉殿", "head": "GA081n0084_p0256a02"}, {"level": "3", "n": "", "type": "其他", "text": "石鐘寺", "head": "GA081n0084_p0257a07"}, {"level": "3", "n": "", "type": "其他", "text": "寂光寺", "head": "GA081n0084_p0258a06"}, {"level": "3", "n": "", "type": "其他", "text": "聖峯寺", "head": "GA081n0084_p0259a03"}, {"level": "3", "n": "", "type": "其他", "text": "華嚴寺", "head": "GA081n0084_p0260a02"}, {"level": "3", "n": "", "type": "其他", "text": "傳衣寺", "head": "GA081n0084_p0261a03"}, {"level": "3", "n": "", "type": "其他", "text": "大覺寺", "head": "GA081n0084_p0261a08"}, {"level": "3", "n": "", "type": "其他", "text": "悉檀寺", "head": "GA081n0084_p0262a07"}, {"level": "3", "n": "", "type": "其他", "text": "龍華寺", "head": "GA081n0084_p0263a06"}, {"level": "3", "n": "", "type": "其他", "text": "放光寺", "head": "GA081n0084_p0264a03"}, {"level": "3", "n": "", "type": "其他", "text": "西竺寺", "head": "GA081n0084_p0264a09"}, {"level": "3", "n": "", "type": "其他", "text": "千佛寺", "head": "GA081n0084_p0265a05"}, {"level": "3", "n": "", "type": "其他", "text": "接待寺", "head": "GA081n0084_p0265a08"}, {"level": "3", "n": "", "type": "其他", "text": "首傳寺", "head": "GA081n0084_p0266a05"}, {"level": "3", "n": "", "type": "其他", "text": "蘭陀寺", "head": "GA081n0084_p0266a08"}, {"level": "3", "n": "", "type": "其他", "text": "傳燈寺", "head": "GA081n0084_p0267a02"}, {"level": "3", "n": "", "type": "其他", "text": "西來寺", "head": "GA081n0084_p0267a08"}, {"level": "3", "n": "", "type": "其他", "text": "碧雲寺", "head": "GA081n0084_p0268a02"}, {"level": "3", "n": "", "type": "其他", "text": "祝國寺", "head": "GA081n0084_p0268a05"}, {"level": "3", "n": "", "type": "其他", "text": "白雲寺", "head": "GA081n0084_p0268a08"}, {"level": "3", "n": "", "type": "其他", "text": "法明寺", "head": "GA081n0084_p0269a02"}, {"level": "3", "n": "", "type": "其他", "text": "燃燈寺", "head": "GA081n0084_p0269a05"}, {"level": "3", "n": "", "type": "其他", "text": "隆祥寺", "head": "GA081n0084_p0269a08"}, {"level": "3", "n": "", "type": "其他", "text": "圓通寺", "head": "GA081n0084_p0270a02"}, {"level": "3", "n": "", "type": "其他", "text": "迎祥寺", "head": "GA081n0084_p0270a05"}, {"level": "3", "n": "", "type": "其他", "text": "觀音寺", "head": "GA081n0084_p0270a09"}, {"level": "3", "n": "", "type": "其他", "text": "三摩寺", "head": "GA081n0084_p0271a03"}, {"level": "3", "n": "", "type": "其他", "text": "雷音寺", "head": "GA081n0084_p0271a07"}, {"level": "3", "n": "", "type": "其他", "text": "九蓮寺", "head": "GA081n0084_p0272a02"}, {"level": "3", "n": "", "type": "其他", "text": "報恩寺", "head": "GA081n0084_p0272a07"}, {"level": "3", "n": "", "type": "其他", "text": "拈花寺", "head": "GA081n0084_p0273a02"}, {"level": "3", "n": "", "type": "其他", "text": "羅漢寺", "head": "GA081n0084_p0273a06"}, {"level": "3", "n": "", "type": "其他", "text": "覺靈寺", "head": "GA081n0084_p0273a08"}, {"level": "3", "n": "", "type": "其他", "text": "大聖寺", "head": "GA081n0084_p0274a02"}, {"level": "3", "n": "", "type": "其他", "text": "廣恩寺", "head": "GA081n0084_p0274a04"}, {"level": "3", "n": "", "type": "其他", "text": "翔龍寺", "head": "GA081n0084_p0274a06"}, {"level": "3", "n": "", "type": "其他", "text": "白鹿寺", "head": "GA081n0084_p0274a09"}, {"level": "3", "n": "", "type": "其他", "text": "威音寺", "head": "GA081n0084_p0275a02"}, {"level": "3", "n": "", "type": "其他", "text": "懷恩寺", "head": "GA081n0084_p0275a05"}, {"level": "3", "n": "", "type": "其他", "text": "慈聖寺", "head": "GA081n0084_p0275a08"}, {"level": "3", "n": "", "type": "其他", "text": "牟尼寺", "head": "GA081n0084_p0276a02"}, {"level": "3", "n": "", "type": "其他", "text": "吉祥寺", "head": "GA081n0084_p0276a05"}, {"level": "2", "n": "", "type": "其他", "text": "庵院", "head": "GA081n0084_p0276a07"}, {"level": "3", "n": "", "type": "其他", "text": "補處庵", "head": "GA081n0084_p0276a08"}, {"level": "3", "n": "", "type": "其他", "text": "幻住庵", "head": "GA081n0084_p0277a03"}, {"level": "3", "n": "", "type": "其他", "text": "尊勝塔院", "head": "GA081n0084_p0277a06"}, {"level": "3", "n": "", "type": "其他", "text": "彌勒院", "head": "GA081n0084_p0278a06"}, {"level": "3", "n": "", "type": "其他", "text": "片雲居", "head": "GA081n0084_p0279a01"}, {"level": "3", "n": "", "type": "其他", "text": "白雲居", "head": "GA081n0084_p0279a05"}, {"level": "3", "n": "", "type": "其他", "text": "古雪齋", "head": "GA081n0084_p0279a09"}, {"level": "3", "n": "", "type": "其他", "text": "罔措齋", "head": "GA081n0084_p0280a03"}, {"level": "3", "n": "", "type": "其他", "text": "息陰軒", "head": "GA081n0084_p0280a05"}, {"level": "3", "n": "", "type": "其他", "text": "菩提塲", "head": "GA081n0084_p0280a09"}, {"level": "3", "n": "", "type": "其他", "text": "圓淨", "head": "GA081n0084_p0281a03"}, {"level": "3", "n": "", "type": "其他", "text": "法界庵", "head": "GA081n0084_p0281a05"}, {"level": "3", "n": "", "type": "其他", "text": "五華庵", "head": "GA081n0084_p0281a08"}, {"level": "3", "n": "", "type": "其他", "text": "無我庵", "head": "GA081n0084_p0282a02"}, {"level": "3", "n": "", "type": "其他", "text": "龍泉庵", "head": "GA081n0084_p0282a05"}, {"level": "3", "n": "", "type": "其他", "text": "大乘庵", "head": "GA081n0084_p0282a08"}, {"level": "3", "n": "", "type": "其他", "text": "大士庵", "head": "GA081n0084_p0283a02"}, {"level": "3", "n": "", "type": "其他", "text": "大智庵", "head": "GA081n0084_p0283a06"}, {"level": "3", "n": "", "type": "其他", "text": "淨覺庵", "head": "GA081n0084_p0283a08"}, {"level": "3", "n": "", "type": "其他", "text": "極樂庵", "head": "GA081n0084_p0284a02"}, {"level": "3", "n": "", "type": "其他", "text": "寶蓮庵", "head": "GA081n0084_p0284a08"}, {"level": "3", "n": "", "type": "其他", "text": "萬壽庵", "head": "GA081n0084_p0285a03"}, {"level": "3", "n": "", "type": "其他", "text": "卿雲庵", "head": "GA081n0084_p0285a06"}, {"level": "3", "n": "", "type": "其他", "text": "牟尼庵", "head": "GA081n0084_p0286a01"}, {"level": "3", "n": "", "type": "其他", "text": "法華庵", "head": "GA081n0084_p0286a05"}, {"level": "3", "n": "", "type": "其他", "text": "靈源庵", "head": "GA081n0084_p0286a09"}, {"level": "3", "n": "", "type": "其他", "text": "妙覺庵", "head": "GA081n0084_p0287a02"}, {"level": "3", "n": "", "type": "其他", "text": "天竺庵", "head": "GA081n0084_p0287a05"}, {"level": "3", "n": "", "type": "其他", "text": "慧靈庵", "head": "GA081n0084_p0287a09"}, {"level": "3", "n": "", "type": "其他", "text": "雲海庵", "head": "GA081n0084_p0288a05"}, {"level": "3", "n": "", "type": "其他", "text": "無住庵", "head": "GA081n0084_p0289a01"}, {"level": "3", "n": "", "type": "其他", "text": "凌霄庵", "head": "GA081n0084_p0289a04"}, {"level": "3", "n": "", "type": "其他", "text": "慧燈庵", "head": "GA081n0084_p0289a07"}, {"level": "3", "n": "", "type": "其他", "text": "海會庵", "head": "GA081n0084_p0290a02"}, {"level": "3", "n": "", "type": "其他", "text": "積行庵", "head": "GA081n0084_p0290a04"}, {"level": "3", "n": "", "type": "其他", "text": "水月庵", "head": "GA081n0084_p0290a07"}, {"level": "3", "n": "", "type": "其他", "text": "曇花庵", "head": "GA081n0084_p0291a01"}, {"level": "3", "n": "", "type": "其他", "text": "淨雲庵", "head": "GA081n0084_p0291a05"}, {"level": "3", "n": "", "type": "其他", "text": "圓通庵", "head": "GA081n0084_p0292a01"}, {"level": "3", "n": "", "type": "其他", "text": "彌陀庵", "head": "GA081n0084_p0292a04"}, {"level": "3", "n": "", "type": "其他", "text": "萬松庵", "head": "GA081n0084_p0292a07"}, {"level": "3", "n": "", "type": "其他", "text": "般若庵", "head": "GA081n0084_p0293a01"}, {"level": "3", "n": "", "type": "其他", "text": "慈雲庵", "head": "GA081n0084_p0293a05"}, {"level": "3", "n": "", "type": "其他", "text": "開化庵", "head": "GA081n0084_p0293a08"}, {"level": "3", "n": "", "type": "其他", "text": "雲溪庵", "head": "GA081n0084_p0294a03"}, {"level": "3", "n": "", "type": "其他", "text": "白石庵", "head": "GA081n0084_p0294a06"}, {"level": "3", "n": "", "type": "其他", "text": "金華庵", "head": "GA081n0084_p0295a02"}, {"level": "3", "n": "", "type": "其他", "text": "伏虎庵", "head": "GA081n0084_p0295a04"}, {"level": "3", "n": "", "type": "其他", "text": "曹溪庵", "head": "GA081n0084_p0295a06"}, {"level": "3", "n": "", "type": "其他", "text": "功德庵", "head": "GA081n0084_p0295a09"}, {"level": "3", "n": "", "type": "其他", "text": "藏頭庵", "head": "GA081n0084_p0296a02"}, {"level": "3", "n": "", "type": "其他", "text": "兜率庵", "head": "GA081n0084_p0296a04"}, {"level": "3", "n": "", "type": "其他", "text": "觀音庵", "head": "GA081n0084_p0296a07"}, {"level": "3", "n": "", "type": "其他", "text": "寶藏庵", "head": "GA081n0084_p0296a09"}, {"level": "3", "n": "", "type": "其他", "text": "圓覺庵", "head": "GA081n0084_p0297a02"}, {"level": "3", "n": "", "type": "其他", "text": "瀑布庵", "head": "GA081n0084_p0297a05"}, {"level": "3", "n": "", "type": "其他", "text": "淨土庵", "head": "GA081n0084_p0297a07"}, {"level": "3", "n": "", "type": "其他", "text": "慈聖庵", "head": "GA081n0084_p0297a09"}, {"level": "3", "n": "", "type": "其他", "text": "大力庵", "head": "GA081n0084_p0298a02"}, {"level": "3", "n": "", "type": "其他", "text": "水露庵", "head": "GA081n0084_p0298a04"}, {"level": "3", "n": "", "type": "其他", "text": "奉真庵", "head": "GA081n0084_p0298a06"}, {"level": "3", "n": "", "type": "其他", "text": "盤龍庵", "head": "GA081n0084_p0298a08"}, {"level": "3", "n": "", "type": "其他", "text": "獅子庵", "head": "GA081n0084_p0299a01"}, {"level": "3", "n": "", "type": "其他", "text": "東塢庵", "head": "GA081n0084_p0299a04"}, {"level": "3", "n": "", "type": "其他", "text": "繼周庵", "head": "GA081n0084_p0299a07"}, {"level": "3", "n": "", "type": "其他", "text": "袛園庵", "head": "GA081n0084_p0299a09"}, {"level": "3", "n": "", "type": "其他", "text": "永勝庵", "head": "GA081n0084_p0300a02"}, {"level": "2", "n": "", "type": "其他", "text": "閣", "head": "GA081n0084_p0300a04"}, {"level": "3", "n": "", "type": "其他", "text": "玉皇閣", "head": "GA081n0084_p0300a05"}, {"level": "3", "n": "", "type": "其他", "text": "御藏閣", "head": "GA081n0084_p0300a07"}, {"level": "3", "n": "", "type": "其他", "text": "石鐘閣", "head": "GA081n0084_p0301a02"}, {"level": "3", "n": "", "type": "其他", "text": "法雲閣", "head": "GA081n0084_p0301a06"}, {"level": "3", "n": "", "type": "其他", "text": "潮音閣", "head": "GA081n0084_p0301a09"}, {"level": "3", "n": "", "type": "其他", "text": "華嚴閣", "head": "GA081n0084_p0302a04"}, {"level": "3", "n": "", "type": "其他", "text": "觀風閣", "head": "GA081n0084_p0302a07"}, {"level": "3", "n": "", "type": "其他", "text": "天長閣", "head": "GA081n0084_p0302a09"}, {"level": "3", "n": "", "type": "其他", "text": "藏經閣", "head": "GA081n0084_p0303a02"}, {"level": "3", "n": "", "type": "其他", "text": "大觀閣", "head": "GA081n0084_p0303a05"}, {"level": "3", "n": "", "type": "其他", "text": "千佛閣", "head": "GA081n0084_p0303a07"}, {"level": "3", "n": "", "type": "其他", "text": "毘盧閣", "head": "GA081n0084_p0304a01"}, {"level": "3", "n": "", "type": "其他", "text": "太子閣", "head": "GA081n0084_p0304a04"}, {"level": "3", "n": "", "type": "其他", "text": "大士閣", "head": "GA081n0084_p0305a01"}, {"level": "3", "n": "", "type": "其他", "text": "明鏡閣", "head": "GA081n0084_p0305a04"}, {"level": "3", "n": "", "type": "其他", "text": "拈花後閣", "head": "GA081n0084_p0305a07"}, {"level": "3", "n": "", "type": "其他", "text": "真武閣", "head": "GA081n0084_p0305a09"}, {"level": "3", "n": "", "type": "其他", "text": "玄天閣", "head": "GA081n0084_p0306a02"}, {"level": "3", "n": "", "type": "其他", "text": "迎祥閣", "head": "GA081n0084_p0306a04"}, {"level": "3", "n": "", "type": "其他", "text": "蒼波閣", "head": "GA081n0084_p0306a06"}, {"level": "3", "n": "", "type": "其他", "text": "光明王閣", "head": "GA081n0084_p0306a09"}, {"level": "3", "n": "", "type": "其他", "text": "極樂寶閣", "head": "GA081n0084_p0307a02"}, {"level": "3", "n": "", "type": "其他", "text": "清音閣", "head": "GA081n0084_p0307a04"}, {"level": "3", "n": "", "type": "其他", "text": "大悲閣", "head": "GA081n0084_p0307a06"}, {"level": "3", "n": "", "type": "其他", "text": "文殊閣", "head": "GA081n0084_p0307a08"}, {"level": "3", "n": "", "type": "其他", "text": "普賢閣", "head": "GA081n0084_p0308a01"}, {"level": "3", "n": "", "type": "其他", "text": "賓蒼閣", "head": "GA081n0084_p0308a03"}, {"level": "3", "n": "", "type": "其他", "text": "袈裟石閣", "head": "GA081n0084_p0308a06"}, {"level": "3", "n": "", "type": "其他", "text": "微笑閣", "head": "GA081n0084_p0309a02"}, {"level": "3", "n": "", "type": "其他", "text": "千手閣", "head": "GA081n0084_p0309a04"}, {"level": "3", "n": "", "type": "其他", "text": "昊天寶閣", "head": "GA081n0084_p0309a06"}, {"level": "3", "n": "", "type": "其他", "text": "斗母閣", "head": "GA081n0084_p0309a08"}, {"level": "3", "n": "", "type": "其他", "text": "玉龍閣", "head": "GA081n0084_p0310a01"}, {"level": "3", "n": "", "type": "其他", "text": "觀音閣", "head": "GA081n0084_p0310a03"}, {"level": "3", "n": "", "type": "其他", "text": "天一閣", "head": "GA081n0084_p0310a05"}, {"level": "2", "n": "", "type": "其他", "text": "樓", "head": "GA081n0084_p0310a08"}, {"level": "3", "n": "", "type": "其他", "text": "天咫樓", "head": "GA081n0084_p0310a09"}, {"level": "3", "n": "", "type": "其他", "text": "九年樓", "head": "GA081n0084_p0311a05"}, {"level": "3", "n": "", "type": "其他", "text": "二觀樓", "head": "GA081n0084_p0311a09"}, {"level": "3", "n": "", "type": "其他", "text": "錦雲樓", "head": "GA081n0084_p0312a03"}, {"level": "2", "n": "", "type": "其他", "text": "殿", "head": "GA081n0084_p0312a08"}, {"level": "3", "n": "", "type": "其他", "text": "金殿", "head": "GA081n0084_p0312a09"}, {"level": "3", "n": "", "type": "其他", "text": "銅瓦殿", "head": "GA081n0084_p0313a04"}, {"level": "3", "n": "", "type": "其他", "text": "鐵瓦殿", "head": "GA081n0084_p0313a08"}, {"level": "3", "n": "", "type": "其他", "text": "萬壽殿", "head": "GA081n0084_p0314a01"}, {"level": "3", "n": "", "type": "其他", "text": "彌陀殿", "head": "GA081n0084_p0314a04"}, {"level": "2", "n": "", "type": "其他", "text": "塔", "head": "GA081n0084_p0314a07"}, {"level": "3", "n": "", "type": "其他", "text": "萬佛塔", "head": "GA081n0084_p0314a08"}, {"level": "3", "n": "", "type": "其他", "text": "尊勝塔", "head": "GA081n0084_p0315a02"}, {"level": "3", "n": "", "type": "其他", "text": "飲光雙塔", "head": "GA081n0084_p0315a07"}, {"level": "3", "n": "", "type": "其他", "text": "吉祥塔", "head": "GA081n0084_p0316a01"}, {"level": "2", "n": "", "type": "其他", "text": "祠", "head": "GA081n0084_p0316a03"}, {"level": "3", "n": "", "type": "其他", "text": "黔國公祠", "head": "GA081n0084_p0316a04"}, {"level": "3", "n": "", "type": "其他", "text": "恭節公祠", "head": "GA081n0084_p0316a08"}, {"level": "3", "n": "", "type": "其他", "text": "潘朱兩代巡祠", "head": "GA081n0084_p0317a03"}, {"level": "3", "n": "", "type": "其他", "text": "木太守祠", "head": "GA081n0084_p0317a08"}, {"level": "1", "n": "", "type": "其他", "text": "寺院（下）", "head": "GA081n0084_p0321a02"}, {"level": "2", "n": "", "type": "其他", "text": "羅漢壁靜室", "head": "GA081n0084_p0321a03"}, {"level": "3", "n": "", "type": "其他", "text": "萬佛堂", "head": "GA081n0084_p0321a04"}, {"level": "3", "n": "", "type": "其他", "text": "安心處", "head": "GA081n0084_p0321a09"}, {"level": "3", "n": "", "type": "其他", "text": "撒手處", "head": "GA081n0084_p0322a04"}, {"level": "3", "n": "", "type": "其他", "text": "棲真處", "head": "GA081n0084_p0322a08"}, {"level": "3", "n": "", "type": "其他", "text": "半空庵", "head": "GA081n0084_p0323a01"}, {"level": "3", "n": "", "type": "其他", "text": "天然室", "head": "GA081n0084_p0323a04"}, {"level": "3", "n": "", "type": "其他", "text": "寶印庵", "head": "GA081n0084_p0323a06"}, {"level": "3", "n": "", "type": "其他", "text": "停雲庵", "head": "GA081n0084_p0323a08"}, {"level": "3", "n": "", "type": "其他", "text": "還慈室", "head": "GA081n0084_p0324a01"}, {"level": "3", "n": "", "type": "其他", "text": "普光庵", "head": "GA081n0084_p0324a03"}, {"level": "3", "n": "", "type": "其他", "text": "體然庵", "head": "GA081n0084_p0324a05"}, {"level": "3", "n": "", "type": "其他", "text": "一笑軒", "head": "GA081n0084_p0324a07"}, {"level": "3", "n": "", "type": "其他", "text": "自覺庵", "head": "GA081n0084_p0324a09"}, {"level": "3", "n": "", "type": "其他", "text": "貫徹室", "head": "GA081n0084_p0325a03"}, {"level": "3", "n": "", "type": "其他", "text": "甘露軒", "head": "GA081n0084_p0325a05"}, {"level": "3", "n": "", "type": "其他", "text": "休歇處", "head": "GA081n0084_p0325a07"}, {"level": "3", "n": "", "type": "其他", "text": "古佛洞團標", "head": "GA081n0084_p0326a01"}, {"level": "3", "n": "", "type": "其他", "text": "望北庵", "head": "GA081n0084_p0326a03"}, {"level": "3", "n": "", "type": "其他", "text": "獻果庵", "head": "GA081n0084_p0326a05"}, {"level": "3", "n": "", "type": "其他", "text": "桃源庵", "head": "GA081n0084_p0326a08"}, {"level": "3", "n": "", "type": "其他", "text": "摩雲居", "head": "GA081n0084_p0327a01"}, {"level": "3", "n": "", "type": "其他", "text": "海印庵", "head": "GA081n0084_p0327a03"}, {"level": "3", "n": "", "type": "其他", "text": "廣西室", "head": "GA081n0084_p0327a05"}, {"level": "3", "n": "", "type": "其他", "text": "青齋庵", "head": "GA081n0084_p0327a07"}, {"level": "3", "n": "", "type": "其他", "text": "洛伽庵", "head": "GA081n0084_p0327a09"}, {"level": "3", "n": "", "type": "其他", "text": "磐陀石團標", "head": "GA081n0084_p0328a02"}, {"level": "3", "n": "", "type": "其他", "text": "悉怛多室", "head": "GA081n0084_p0328a06"}, {"level": "3", "n": "", "type": "其他", "text": "太古庵", "head": "GA081n0084_p0328a09"}, {"level": "3", "n": "", "type": "其他", "text": "淨業居", "head": "GA081n0084_p0329a03"}, {"level": "3", "n": "", "type": "其他", "text": "葉子蓬", "head": "GA081n0084_p0329a05"}, {"level": "3", "n": "", "type": "其他", "text": "衡陽庵", "head": "GA081n0084_p0329a08"}, {"level": "3", "n": "", "type": "其他", "text": "寶山室", "head": "GA081n0084_p0330a02"}, {"level": "3", "n": "", "type": "其他", "text": "靜居林", "head": "GA081n0084_p0330a04"}, {"level": "3", "n": "", "type": "其他", "text": "般若崖室", "head": "GA081n0084_p0330a06"}, {"level": "3", "n": "", "type": "其他", "text": "紫栢崖室", "head": "GA081n0084_p0330a08"}, {"level": "3", "n": "", "type": "其他", "text": "楞伽居", "head": "GA081n0084_p0331a01"}, {"level": "3", "n": "", "type": "其他", "text": "大雲庵", "head": "GA081n0084_p0331a03"}, {"level": "3", "n": "", "type": "其他", "text": "法行室", "head": "GA081n0084_p0331a06"}, {"level": "3", "n": "", "type": "其他", "text": "寶光庵", "head": "GA081n0084_p0331a08"}, {"level": "3", "n": "", "type": "其他", "text": "齊雲庵", "head": "GA081n0084_p0332a01"}, {"level": "3", "n": "", "type": "其他", "text": "會雲居", "head": "GA081n0084_p0332a03"}, {"level": "3", "n": "", "type": "其他", "text": "體如軒", "head": "GA081n0084_p0332a05"}, {"level": "3", "n": "", "type": "其他", "text": "松雲堂", "head": "GA081n0084_p0332a07"}, {"level": "3", "n": "", "type": "其他", "text": "智印室", "head": "GA081n0084_p0332a09"}, {"level": "3", "n": "", "type": "其他", "text": "禪心室", "head": "GA081n0084_p0333a02"}, {"level": "3", "n": "", "type": "其他", "text": "丹霞庵", "head": "GA081n0084_p0333a04"}, {"level": "3", "n": "", "type": "其他", "text": "全真室", "head": "GA081n0084_p0333a06"}, {"level": "2", "n": "", "type": "其他", "text": "栴檀林靜室", "head": "GA081n0084_p0333a09"}, {"level": "3", "n": "", "type": "其他", "text": "烟霞室", "head": "GA081n0084_p0334a01"}, {"level": "3", "n": "", "type": "其他", "text": "玉霖軒", "head": "GA081n0084_p0334a04"}, {"level": "3", "n": "", "type": "其他", "text": "止水室", "head": "GA081n0084_p0334a07"}, {"level": "3", "n": "", "type": "其他", "text": "素雯居", "head": "GA081n0084_p0334a09"}, {"level": "3", "n": "", "type": "其他", "text": "畢婆室", "head": "GA081n0084_p0335a02"}, {"level": "3", "n": "", "type": "其他", "text": "止月廬", "head": "GA081n0084_p0335a04"}, {"level": "3", "n": "", "type": "其他", "text": "碧桃軒", "head": "GA081n0084_p0335a06"}, {"level": "3", "n": "", "type": "其他", "text": "赤曇庵", "head": "GA081n0084_p0335a08"}, {"level": "3", "n": "", "type": "其他", "text": "半山舫", "head": "GA081n0084_p0336a01"}, {"level": "3", "n": "", "type": "其他", "text": "梨花庵", "head": "GA081n0084_p0336a04"}, {"level": "3", "n": "", "type": "其他", "text": "野鷄蓬", "head": "GA081n0084_p0336a06"}, {"level": "3", "n": "", "type": "其他", "text": "無疆室", "head": "GA081n0084_p0336a08"}, {"level": "3", "n": "", "type": "其他", "text": "松竹居", "head": "GA081n0084_p0337a01"}, {"level": "2", "n": "", "type": "其他", "text": "獅子林靜室", "head": "GA081n0084_p0337a03"}, {"level": "3", "n": "", "type": "其他", "text": "念佛堂", "head": "GA081n0084_p0337a04"}, {"level": "3", "n": "", "type": "其他", "text": "雲深處", "head": "GA081n0084_p0337a08"}, {"level": "3", "n": "", "type": "其他", "text": "藏海蓮居", "head": "GA081n0084_p0338a01"}, {"level": "3", "n": "", "type": "其他", "text": "觀音崖室", "head": "GA081n0084_p0338a03"}, {"level": "3", "n": "", "type": "其他", "text": "吼天坪", "head": "GA081n0084_p0338a06"}, {"level": "3", "n": "", "type": "其他", "text": "六波羅密", "head": "GA081n0084_p0338a09"}, {"level": "3", "n": "", "type": "其他", "text": "圓明室", "head": "GA081n0084_p0339a03"}, {"level": "3", "n": "", "type": "其他", "text": "松月阿", "head": "GA081n0084_p0339a05"}, {"level": "3", "n": "", "type": "其他", "text": "守白室", "head": "GA081n0084_p0339a08"}, {"level": "3", "n": "", "type": "其他", "text": "石笋庵", "head": "GA081n0084_p0340a01"}, {"level": "3", "n": "", "type": "其他", "text": "普炤室", "head": "GA081n0084_p0340a03"}, {"level": "3", "n": "", "type": "其他", "text": "燦輝室", "head": "GA081n0084_p0340a06"}, {"level": "3", "n": "", "type": "其他", "text": "鼻峯舎", "head": "GA081n0084_p0340a08"}, {"level": "3", "n": "", "type": "其他", "text": "雪岸居", "head": "GA081n0084_p0341a01"}, {"level": "3", "n": "", "type": "其他", "text": "石彈軒", "head": "GA081n0084_p0341a03"}, {"level": "3", "n": "", "type": "其他", "text": "慧光庵", "head": "GA081n0084_p0341a05"}, {"level": "3", "n": "", "type": "其他", "text": "無宗庵", "head": "GA081n0084_p0341a07"}, {"level": "3", "n": "", "type": "其他", "text": "和光室", "head": "GA081n0084_p0341a09"}, {"level": "3", "n": "", "type": "其他", "text": "翠宇室", "head": "GA081n0084_p0342a02"}, {"level": "3", "n": "", "type": "其他", "text": "若野室", "head": "GA081n0084_p0342a04"}, {"level": "3", "n": "", "type": "其他", "text": "支秋庵", "head": "GA081n0084_p0342a06"}, {"level": "3", "n": "", "type": "其他", "text": "氷雪庵", "head": "GA081n0084_p0342a09"}, {"level": "3", "n": "", "type": "其他", "text": "太清居", "head": "GA081n0084_p0343a02"}, {"level": "3", "n": "", "type": "其他", "text": "倚天庵", "head": "GA081n0084_p0343a04"}, {"level": "3", "n": "", "type": "其他", "text": "純持室", "head": "GA081n0084_p0343a06"}, {"level": "3", "n": "", "type": "其他", "text": "智行室", "head": "GA081n0084_p0343a08"}, {"level": "3", "n": "", "type": "其他", "text": "還忠室", "head": "GA081n0084_p0344a01"}, {"level": "3", "n": "", "type": "其他", "text": "青霞居", "head": "GA081n0084_p0344a03"}, {"level": "3", "n": "", "type": "其他", "text": "徧空居", "head": "GA081n0084_p0344a05"}, {"level": "3", "n": "", "type": "其他", "text": "黃玉居", "head": "GA081n0084_p0344a07"}, {"level": "3", "n": "", "type": "其他", "text": "彌陀室", "head": "GA081n0084_p0344a09"}, {"level": "3", "n": "", "type": "其他", "text": "慧劍庵", "head": "GA081n0084_p0345a02"}, {"level": "3", "n": "", "type": "其他", "text": "太素庵", "head": "GA081n0084_p0345a04"}, {"level": "3", "n": "", "type": "其他", "text": "密用室", "head": "GA081n0084_p0345a06"}, {"level": "3", "n": "", "type": "其他", "text": "曉天庵", "head": "GA081n0084_p0345a08"}, {"level": "3", "n": "", "type": "其他", "text": "無塵室", "head": "GA081n0084_p0346a01"}, {"level": "3", "n": "", "type": "其他", "text": "虛白居", "head": "GA081n0084_p0346a03"}, {"level": "3", "n": "", "type": "其他", "text": "容與處", "head": "GA081n0084_p0346a05"}, {"level": "3", "n": "", "type": "其他", "text": "垂虹居", "head": "GA081n0084_p0346a07"}, {"level": "3", "n": "", "type": "其他", "text": "惠通庵", "head": "GA081n0084_p0346a09"}, {"level": "3", "n": "", "type": "其他", "text": "林泉室", "head": "GA081n0084_p0347a02"}, {"level": "2", "n": "", "type": "其他", "text": "九重崖靜室", "head": "GA081n0084_p0347a05"}, {"level": "3", "n": "", "type": "其他", "text": "一衲軒", "head": "GA081n0084_p0347a06"}, {"level": "3", "n": "", "type": "其他", "text": "寒山樓", "head": "GA081n0084_p0348a01"}, {"level": "3", "n": "", "type": "其他", "text": "山月扉", "head": "GA081n0084_p0348a05"}, {"level": "3", "n": "", "type": "其他", "text": "瑞雲軒", "head": "GA081n0084_p0348a08"}, {"level": "3", "n": "", "type": "其他", "text": "法義室", "head": "GA081n0084_p0349a01"}, {"level": "3", "n": "", "type": "其他", "text": "靜觀庵", "head": "GA081n0084_p0349a03"}, {"level": "3", "n": "", "type": "其他", "text": "木庵", "head": "GA081n0084_p0349a06"}, {"level": "3", "n": "", "type": "其他", "text": "知宗室", "head": "GA081n0084_p0349a08"}, {"level": "3", "n": "", "type": "其他", "text": "枕流居", "head": "GA081n0084_p0350a01"}, {"level": "3", "n": "", "type": "其他", "text": "自得庵", "head": "GA081n0084_p0350a03"}, {"level": "3", "n": "", "type": "其他", "text": "太玄庵", "head": "GA081n0084_p0350a05"}, {"level": "3", "n": "", "type": "其他", "text": "韜光室", "head": "GA081n0084_p0350a07"}, {"level": "3", "n": "", "type": "其他", "text": "美庵室", "head": "GA081n0084_p0350a09"}, {"level": "3", "n": "", "type": "其他", "text": "柔知庵", "head": "GA081n0084_p0351a02"}, {"level": "3", "n": "", "type": "其他", "text": "純白室", "head": "GA081n0084_p0351a04"}, {"level": "2", "n": "", "type": "其他", "text": "附：諸庵院靜室", "head": "GA081n0084_p0351a06"}, {"level": "3", "n": "", "type": "其他", "text": "綠淨山房", "head": "GA081n0084_p0351a07"}, {"level": "3", "n": "", "type": "其他", "text": "毘沙精舎", "head": "GA081n0084_p0352a02"}, {"level": "3", "n": "", "type": "其他", "text": "鉢龍室", "head": "GA081n0084_p0352a04"}, {"level": "3", "n": "", "type": "其他", "text": "覺容室", "head": "GA081n0084_p0352a06"}, {"level": "3", "n": "", "type": "其他", "text": "不二軒", "head": "GA081n0084_p0352a08"}, {"level": "3", "n": "", "type": "其他", "text": "斷際處", "head": "GA081n0084_p0353a01"}, {"level": "3", "n": "", "type": "其他", "text": "翠栢居", "head": "GA081n0084_p0353a03"}, {"level": "3", "n": "", "type": "其他", "text": "華池室", "head": "GA081n0084_p0353a05"}, {"level": "3", "n": "", "type": "其他", "text": "柔綠軒", "head": "GA081n0084_p0353a07"}, {"level": "3", "n": "", "type": "其他", "text": "處約室", "head": "GA081n0084_p0353a09"}, {"level": "3", "n": "", "type": "其他", "text": "肅月軒", "head": "GA081n0084_p0354a02"}, {"level": "3", "n": "", "type": "其他", "text": "不知處", "head": "GA081n0084_p0354a04"}, {"level": "3", "n": "", "type": "其他", "text": "拈花精舍", "head": "GA081n0084_p0354a07"}, {"level": "3", "n": "", "type": "其他", "text": "貝葉齋", "head": "GA081n0084_p0354a09"}, {"level": "3", "n": "", "type": "其他", "text": "摩訶室", "head": "GA081n0084_p0355a02"}, {"level": "3", "n": "", "type": "其他", "text": "中峯室", "head": "GA081n0084_p0355a05"}, {"level": "3", "n": "", "type": "其他", "text": "洒陀軒", "head": "GA081n0084_p0355a07"}, {"level": "3", "n": "", "type": "其他", "text": "隱空居", "head": "GA081n0084_p0355a09"}, {"level": "3", "n": "", "type": "其他", "text": "離釣室", "head": "GA081n0084_p0356a02"}, {"level": "3", "n": "", "type": "其他", "text": "置帚居", "head": "GA081n0084_p0356a04"}, {"level": "3", "n": "", "type": "其他", "text": "大雲居", "head": "GA081n0084_p0356a06"}, {"level": "3", "n": "", "type": "其他", "text": "法興室", "head": "GA081n0084_p0356a08"}, {"level": "3", "n": "", "type": "其他", "text": "煉魔室", "head": "GA081n0084_p0357a01"}, {"level": "3", "n": "", "type": "其他", "text": "優曇室", "head": "GA081n0084_p0357a03"}, {"level": "3", "n": "", "type": "其他", "text": "寛宇室", "head": "GA081n0084_p0357a05"}, {"level": "3", "n": "", "type": "其他", "text": "古鏡室", "head": "GA081n0084_p0357a07"}, {"level": "3", "n": "", "type": "其他", "text": "雲鶴塢", "head": "GA081n0084_p0357a09"}, {"level": "3", "n": "", "type": "其他", "text": "滿月軒", "head": "GA081n0084_p0358a02"}, {"level": "3", "n": "", "type": "其他", "text": "靈源精舍", "head": "GA081n0084_p0358a05"}, {"level": "3", "n": "", "type": "其他", "text": "燃燈室", "head": "GA081n0084_p0358a08"}, {"level": "3", "n": "", "type": "其他", "text": "蘷宇室", "head": "GA081n0084_p0359a01"}, {"level": "3", "n": "", "type": "其他", "text": "持心室", "head": "GA081n0084_p0359a04"}, {"level": "3", "n": "", "type": "其他", "text": "楞伽室", "head": "GA081n0084_p0359a07"}, {"level": "3", "n": "", "type": "其他", "text": "清音室", "head": "GA081n0084_p0360a01"}, {"level": "3", "n": "", "type": "其他", "text": "玩虎居", "head": "GA081n0084_p0360a03"}, {"level": "3", "n": "", "type": "其他", "text": "水雲居", "head": "GA081n0084_p0360a06"}, {"level": "3", "n": "", "type": "其他", "text": "可是樓", "head": "GA081n0084_p0360a08"}, {"level": "3", "n": "", "type": "其他", "text": "靜笑居", "head": "GA081n0084_p0361a01"}, {"level": "3", "n": "", "type": "其他", "text": "幻智樓", "head": "GA081n0084_p0361a03"}, {"level": "3", "n": "", "type": "其他", "text": "懶雲窩", "head": "GA081n0084_p0361a06"}, {"level": "3", "n": "", "type": "其他", "text": "無我室", "head": "GA081n0084_p0361a08"}, {"level": "3", "n": "", "type": "其他", "text": "懷玉團標", "head": "GA081n0084_p0362a01"}, {"level": "3", "n": "", "type": "其他", "text": "寄寄齋", "head": "GA081n0084_p0362a03"}, {"level": "3", "n": "", "type": "其他", "text": "秋雪庵", "head": "GA081n0084_p0362a06"}, {"level": "3", "n": "", "type": "其他", "text": "福緣林", "head": "GA081n0084_p0362a08"}, {"level": "3", "n": "", "type": "其他", "text": "淨雲室", "head": "GA081n0084_p0363a01"}, {"level": "3", "n": "", "type": "其他", "text": "梅隱庵", "head": "GA081n0084_p0363a03"}, {"level": "3", "n": "", "type": "其他", "text": "金華室", "head": "GA081n0084_p0363a05"}, {"level": "3", "n": "", "type": "其他", "text": "問天處", "head": "GA081n0084_p0363a07"}, {"level": "3", "n": "", "type": "其他", "text": "瑞蓮精舎", "head": "GA081n0084_p0363a09"}, {"level": "3", "n": "", "type": "其他", "text": "碧雲山房", "head": "GA081n0084_p0364a03"}, {"level": "3", "n": "", "type": "其他", "text": "蓮花山房", "head": "GA081n0084_p0364a06"}, {"level": "2", "n": "", "type": "其他", "text": "亭", "head": "GA081n0084_p0364a08"}, {"level": "3", "n": "", "type": "其他", "text": "景星亭", "head": "GA081n0084_p0364a09"}, {"level": "3", "n": "", "type": "其他", "text": "八角亭", "head": "GA081n0084_p0365a02"}, {"level": "3", "n": "", "type": "其他", "text": "觀瀑亭", "head": "GA081n0084_p0365a04"}, {"level": "3", "n": "", "type": "其他", "text": "四無亭", "head": "GA081n0084_p0365a07"}, {"level": "3", "n": "", "type": "其他", "text": "仰高亭", "head": "GA081n0084_p0365a09"}, {"level": "3", "n": "", "type": "其他", "text": "善雨亭", "head": "GA081n0084_p0366a03"}, {"level": "3", "n": "", "type": "其他", "text": "旅亭", "head": "GA081n0084_p0366a05"}, {"level": "3", "n": "", "type": "其他", "text": "松陰亭", "head": "GA081n0084_p0366a07"}, {"level": "2", "n": "", "type": "其他", "text": "坊", "head": "GA081n0084_p0366a09"}, {"level": "3", "n": "", "type": "其他", "text": "雞山勝概坊", "head": "GA081n0084_p0367a01"}, {"level": "3", "n": "", "type": "其他", "text": "羅李二先生坊", "head": "GA081n0084_p0367a04"}, {"level": "3", "n": "", "type": "其他", "text": "羣峯拱聖坊", "head": "GA081n0084_p0368a01"}, {"level": "3", "n": "", "type": "其他", "text": "覃恩坊", "head": "GA081n0084_p0368a03"}, {"level": "3", "n": "", "type": "其他", "text": "萬松深處坊", "head": "GA081n0084_p0368a05"}, {"level": "3", "n": "", "type": "其他", "text": "聖旨坊", "head": "GA081n0084_p0368a07"}, {"level": "3", "n": "", "type": "其他", "text": "驀直去坊", "head": "GA081n0084_p0368a09"}, {"level": "3", "n": "", "type": "其他", "text": "鳥鳴蟬噪坊", "head": "GA081n0084_p0369a02"}, {"level": "3", "n": "", "type": "其他", "text": "地勝龍靈坊", "head": "GA081n0084_p0369a04"}, {"level": "3", "n": "", "type": "其他", "text": "西來第一坊", "head": "GA081n0084_p0369a06"}, {"level": "3", "n": "", "type": "其他", "text": "三脚坊", "head": "GA081n0084_p0369a08"}, {"level": "3", "n": "", "type": "其他", "text": "竹林清隱坊", "head": "GA081n0084_p0370a01"}, {"level": "3", "n": "", "type": "其他", "text": "撼雲篩月坊", "head": "GA081n0084_p0370a03"}, {"level": "3", "n": "", "type": "其他", "text": "蓬萊初地坊", "head": "GA081n0084_p0370a05"}, {"level": "3", "n": "", "type": "其他", "text": "靈山一會坊", "head": "GA081n0084_p0370a07"}, {"level": "3", "n": "", "type": "其他", "text": "賓鄧交界坊", "head": "GA081n0084_p0371a02"}, {"level": "2", "n": "", "type": "其他", "text": "廟", "head": "GA081n0084_p0371a04"}, {"level": "3", "n": "", "type": "其他", "text": "上土主廟", "head": "GA081n0084_p0371a05"}, {"level": "3", "n": "", "type": "其他", "text": "中土主殿", "head": "GA081n0084_p0371a08"}, {"level": "3", "n": "", "type": "其他", "text": "下土主廟", "head": "GA081n0084_p0372a02"}, {"level": "3", "n": "", "type": "其他", "text": "沙址土主廟", "head": "GA081n0084_p0372a06"}, {"level": "3", "n": "", "type": "其他", "text": "二母古窟土主廟", "head": "GA081n0084_p0372a08"}, {"level": "3", "n": "", "type": "其他", "text": "畢鉢羅窟山神廟", "head": "GA081n0084_p0373a01"}, {"level": "3", "n": "", "type": "其他", "text": "大龍王廟", "head": "GA081n0084_p0373a03"}, {"level": "3", "n": "", "type": "其他", "text": "小龍王廟", "head": "GA081n0084_p0373a05"}, {"level": "3", "n": "", "type": "其他", "text": "聖母龍王廟", "head": "GA081n0084_p0373a07"}, {"level": "3", "n": "", "type": "其他", "text": "土地廟", "head": "GA081n0084_p0373a09"}, {"level": "2", "n": "", "type": "其他", "text": "橋", "head": "GA081n0084_p0374a02"}, {"level": "3", "n": "", "type": "其他", "text": "五葉橋", "head": "GA081n0084_p0374a03"}, {"level": "3", "n": "", "type": "其他", "text": "洗心橋", "head": "GA081n0084_p0374a09"}, {"level": "3", "n": "", "type": "其他", "text": "雪陰橋", "head": "GA081n0084_p0375a02"}, {"level": "3", "n": "", "type": "其他", "text": "華津橋", "head": "GA081n0084_p0375a06"}, {"level": "3", "n": "", "type": "其他", "text": "石梁橋", "head": "GA081n0084_p0375a08"}, {"level": "3", "n": "", "type": "其他", "text": "體一橋", "head": "GA081n0084_p0376a01"}, {"level": "3", "n": "", "type": "其他", "text": "響雪橋", "head": "GA081n0084_p0376a03"}, {"level": "3", "n": "", "type": "其他", "text": "青龍橋", "head": "GA081n0084_p0376a05"}, {"level": "3", "n": "", "type": "其他", "text": "德水橋", "head": "GA081n0084_p0376a07"}, {"level": "3", "n": "", "type": "其他", "text": "伏龍橋", "head": "GA081n0084_p0376a09"}, {"level": "3", "n": "", "type": "其他", "text": "和光橋", "head": "GA081n0084_p0377a02"}, {"level": "3", "n": "", "type": "其他", "text": "逍遙橋", "head": "GA081n0084_p0377a04"}, {"level": "3", "n": "", "type": "其他", "text": "九溪橋", "head": "GA081n0084_p0377a08"}, {"level": "3", "n": "", "type": "其他", "text": "坦歩橋", "head": "GA081n0084_p0378a01"}, {"level": "3", "n": "", "type": "其他", "text": "三笑橋", "head": "GA081n0084_p0378a05"}, {"level": "3", "n": "", "type": "其他", "text": "松鶴橋", "head": "GA081n0084_p0379a01"}, {"level": "3", "n": "", "type": "其他", "text": "一心橋", "head": "GA081n0084_p0379a04"}, {"level": "3", "n": "", "type": "其他", "text": "天生橋", "head": "GA081n0084_p0379a07"}, {"level": "1", "n": "", "type": "其他", "text": "人物", "head": "GA081n0084_p0381a02"}, {"level": "2", "n": "", "type": "序", "text": "序", "head": "GA081n0084_p0381a03"}, {"level": "2", "n": "", "type": "其他", "text": "禪僧", "head": "GA081n0084_p0382a02"}, {"level": "3", "n": "", "type": "其他", "text": "唐", "head": "GA081n0084_p0382a03"}, {"level": "4", "n": "", "type": "其他", "text": "古和尚", "head": "GA081n0084_p0382a04"}, {"level": "3", "n": "", "type": "其他", "text": "宋", "head": "GA081n0084_p0383a09"}, {"level": "4", "n": "", "type": "其他", "text": "慈濟", "head": "GA081n0084_p0384a01"}, {"level": "3", "n": "", "type": "其他", "text": "元", "head": "GA081n0084_p0384a05"}, {"level": "4", "n": "", "type": "其他", "text": "源空", "head": "GA081n0084_p0384a06"}, {"level": "4", "n": "", "type": "其他", "text": "普通", "head": "GA081n0084_p0385a01"}, {"level": "4", "n": "", "type": "其他", "text": "本源", "head": "GA081n0084_p0385a09"}, {"level": "3", "n": "", "type": "其他", "text": "明", "head": "GA081n0084_p0386a02"}, {"level": "4", "n": "", "type": "其他", "text": "宗璵", "head": "GA081n0084_p0386a03"}, {"level": "4", "n": "", "type": "其他", "text": "淨月", "head": "GA081n0084_p0387a03"}, {"level": "4", "n": "", "type": "其他", "text": "實庵", "head": "GA081n0084_p0387a09"}, {"level": "4", "n": "", "type": "其他", "text": "性玄", "head": "GA081n0084_p0388a08"}, {"level": "4", "n": "", "type": "其他", "text": "圓惺", "head": "GA081n0084_p0389a04"}, {"level": "4", "n": "", "type": "其他", "text": "本帖", "head": "GA081n0084_p0389a09"}, {"level": "4", "n": "", "type": "其他", "text": "如正", "head": "GA081n0084_p0390a06"}, {"level": "4", "n": "", "type": "其他", "text": "真圓", "head": "GA081n0084_p0392a05"}, {"level": "4", "n": "", "type": "其他", "text": "匾囷", "head": "GA081n0084_p0392a09"}, {"level": "4", "n": "", "type": "其他", "text": "圓清", "head": "GA081n0084_p0393a09"}, {"level": "4", "n": "", "type": "其他", "text": "天心", "head": "GA081n0084_p0394a03"}, {"level": "4", "n": "", "type": "其他", "text": "太空", "head": "GA081n0084_p0394a08"}, {"level": "4", "n": "", "type": "其他", "text": "法光", "head": "GA081n0084_p0395a07"}, {"level": "4", "n": "", "type": "其他", "text": "悟月", "head": "GA081n0084_p0396a01"}, {"level": "4", "n": "", "type": "其他", "text": "如堂", "head": "GA081n0084_p0396a06"}, {"level": "4", "n": "", "type": "其他", "text": "周堂", "head": "GA081n0084_p0397a02"}, {"level": "4", "n": "", "type": "其他", "text": "德住", "head": "GA081n0084_p0397a07"}, {"level": "4", "n": "", "type": "其他", "text": "真語", "head": "GA081n0084_p0398a05"}, {"level": "4", "n": "", "type": "其他", "text": "如唐", "head": "GA081n0084_p0399a04"}, {"level": "4", "n": "", "type": "其他", "text": "明鑑", "head": "GA081n0084_p0399a09"}, {"level": "4", "n": "", "type": "其他", "text": "儒全", "head": "GA081n0084_p0400a08"}, {"level": "4", "n": "", "type": "其他", "text": "本安", "head": "GA081n0084_p0401a08"}, {"level": "4", "n": "", "type": "其他", "text": "如滿", "head": "GA081n0084_p0402a05"}, {"level": "4", "n": "", "type": "其他", "text": "可全", "head": "GA081n0084_p0403a01"}, {"level": "4", "n": "", "type": "其他", "text": "幻空", "head": "GA081n0084_p0403a08"}, {"level": "4", "n": "", "type": "其他", "text": "南嵩", "head": "GA081n0084_p0405a02"}, {"level": "4", "n": "", "type": "其他", "text": "清虛", "head": "GA081n0084_p0406a02"}, {"level": "4", "n": "", "type": "其他", "text": "真澄", "head": "GA081n0084_p0406a06"}, {"level": "4", "n": "", "type": "其他", "text": "寂觀", "head": "GA081n0084_p0407a06"}, {"level": "4", "n": "", "type": "其他", "text": "慧光", "head": "GA081n0084_p0408a02"}, {"level": "4", "n": "", "type": "其他", "text": "釋禪", "head": "GA081n0084_p0409a02"}, {"level": "4", "n": "", "type": "其他", "text": "澹虛", "head": "GA081n0084_p0409a07"}, {"level": "4", "n": "", "type": "其他", "text": "儒施", "head": "GA081n0084_p0410a02"}, {"level": "4", "n": "", "type": "其他", "text": "廣慧", "head": "GA081n0084_p0410a09"}, {"level": "4", "n": "", "type": "其他", "text": "盡玄", "head": "GA081n0084_p0411a06"}, {"level": "4", "n": "", "type": "其他", "text": "如桂", "head": "GA081n0084_p0412a02"}, {"level": "4", "n": "", "type": "其他", "text": "周理", "head": "GA081n0084_p0412a07"}, {"level": "4", "n": "", "type": "其他", "text": "讀徹", "head": "GA081n0084_p0413a09"}, {"level": "4", "n": "", "type": "其他", "text": "洪相", "head": "GA081n0084_p0414a08"}, {"level": "4", "n": "", "type": "其他", "text": "如常", "head": "GA081n0084_p0415a07"}, {"level": "4", "n": "", "type": "其他", "text": "真懷", "head": "GA081n0084_p0416a01"}, {"level": "4", "n": "", "type": "其他", "text": "文璽", "head": "GA081n0084_p0416a08"}, {"level": "4", "n": "", "type": "其他", "text": "真利", "head": "GA081n0084_p0418a06"}, {"level": "4", "n": "", "type": "其他", "text": "來秀", "head": "GA081n0084_p0419a02"}, {"level": "4", "n": "", "type": "其他", "text": "寂定", "head": "GA081n0084_p0419a05"}, {"level": "4", "n": "", "type": "其他", "text": "周續", "head": "GA081n0084_p0420a01"}, {"level": "4", "n": "", "type": "其他", "text": "印寛", "head": "GA081n0084_p0420a07"}, {"level": "4", "n": "", "type": "其他", "text": "慧鑑", "head": "GA081n0084_p0421a06"}, {"level": "4", "n": "", "type": "其他", "text": "洪如", "head": "GA081n0084_p0422a02"}, {"level": "2", "n": "", "type": "其他", "text": "仙", "head": "GA081n0084_p0423a01"}, {"level": "3", "n": "", "type": "其他", "text": "楊黼", "head": "GA081n0084_p0423a02"}, {"level": "2", "n": "", "type": "其他", "text": "道流", "head": "GA081n0084_p0424a03"}, {"level": "3", "n": "", "type": "其他", "text": "雲和", "head": "GA081n0084_p0424a04"}, {"level": "3", "n": "", "type": "其他", "text": "周東華", "head": "GA081n0084_p0424a07"}, {"level": "2", "n": "", "type": "其他", "text": "高隱", "head": "GA081n0084_p0425a04"}, {"level": "3", "n": "", "type": "其他", "text": "還源", "head": "GA081n0084_p0425a05"}, {"level": "2", "n": "", "type": "其他", "text": "流寓", "head": "GA081n0084_p0425a09"}, {"level": "3", "n": "", "type": "其他", "text": "羅念庵", "head": "GA081n0084_p0426a01"}, {"level": "3", "n": "", "type": "其他", "text": "李禿翁", "head": "GA081n0084_p0426a05"}, {"level": "3", "n": "", "type": "其他", "text": "羅近溪", "head": "GA081n0084_p0426a08"}, {"level": "3", "n": "", "type": "其他", "text": "羲印", "head": "GA081n0084_p0427a02"}, {"level": "3", "n": "", "type": "其他", "text": "陳潤之", "head": "GA081n0084_p0427a06"}, {"level": "3", "n": "", "type": "其他", "text": "王聚洲", "head": "GA081n0084_p0427a09"}, {"level": "3", "n": "", "type": "其他", "text": "譚文化", "head": "GA081n0084_p0428a02"}, {"level": "3", "n": "", "type": "其他", "text": "陶不退", "head": "GA081n0084_p0428a05"}, {"level": "3", "n": "", "type": "其他", "text": "徐弘祖", "head": "GA081n0084_p0428a07"}, {"level": "3", "n": "", "type": "其他", "text": "楊雨", "head": "GA081n0084_p0430a03"}, {"level": "3", "n": "", "type": "其他", "text": "妙峯", "head": "GA081n0084_p0430a09"}, {"level": "3", "n": "", "type": "其他", "text": "德心", "head": "GA081n0084_p0431a03"}, {"level": "3", "n": "", "type": "其他", "text": "真全", "head": "GA081n0084_p0431a07"}, {"level": "3", "n": "", "type": "其他", "text": "大千", "head": "GA081n0084_p0432a03"}, {"level": "3", "n": "", "type": "其他", "text": "雪影", "head": "GA081n0084_p0432a07"}, {"level": "3", "n": "", "type": "其他", "text": "洪度", "head": "GA081n0084_p0433a02"}, {"level": "2", "n": "", "type": "其他", "text": "名賢", "head": "GA081n0084_p0433a08"}, {"level": "3", "n": "", "type": "其他", "text": "李中谿", "head": "GA081n0084_p0433a09"}, {"level": "3", "n": "", "type": "其他", "text": "本朝洪舒", "head": "GA081n0084_p0434a05"}, {"level": "3", "n": "", "type": "其他", "text": "學蘊", "head": "GA081n0084_p0435a01"}, {"level": "3", "n": "", "type": "其他", "text": "普行", "head": "GA081n0084_p0436a01"}, {"level": "3", "n": "", "type": "其他", "text": "普荷", "head": "GA081n0084_p0437a01"}, {"level": "3", "n": "", "type": "其他", "text": "淨極", "head": "GA081n0084_p0437a08"}, {"level": "3", "n": "", "type": "其他", "text": "讀體", "head": "GA081n0084_p0438a07"}, {"level": "3", "n": "", "type": "其他", "text": "普勻", "head": "GA081n0084_p0439a04"}, {"level": "3", "n": "", "type": "其他", "text": "悟禎", "head": "GA081n0084_p0440a03"}, {"level": "3", "n": "", "type": "其他", "text": "悟澄", "head": "GA081n0084_p0440a08"}, {"level": "3", "n": "", "type": "其他", "text": "周璧", "head": "GA081n0084_p0441a03"}, {"level": "3", "n": "", "type": "其他", "text": "洪敬", "head": "GA081n0084_p0441a07"}, {"level": "3", "n": "", "type": "其他", "text": "洪質", "head": "GA081n0084_p0442a02"}, {"level": "3", "n": "", "type": "其他", "text": "普見", "head": "GA081n0084_p0442a06"}]