[{"level": "1", "n": "", "type": "其他", "text": "大品", "head": "N61n0030_p0001a01"}, {"level": "2", "n": "", "type": "其他", "text": "第一章　補特伽羅論", "head": "N61n0030_p0001a08"}, {"level": "3", "n": "", "type": "其他", "text": "第一節　墮負第一", "head": "N61n0030_p0002a01"}, {"level": "4", "n": "", "type": "其他", "text": "順論　五", "head": "N61n0030_p0002a02"}, {"level": "4", "n": "", "type": "其他", "text": "返論　四", "head": "N61n0030_p0002a11"}, {"level": "4", "n": "", "type": "其他", "text": "墮負　四", "head": "N61n0030_p0003a07"}, {"level": "4", "n": "", "type": "其他", "text": "合　四", "head": "N61n0030_p0004a03"}, {"level": "4", "n": "", "type": "其他", "text": "結　四", "head": "N61n0030_p0004a14"}, {"level": "3", "n": "", "type": "其他", "text": "第二節　墮負第二", "head": "N61n0030_p0005a09"}, {"level": "4", "n": "", "type": "其他", "text": "逆論　五", "head": "N61n0030_p0005a10"}, {"level": "4", "n": "", "type": "其他", "text": "返論　四", "head": "N61n0030_p0006a05"}, {"level": "4", "n": "", "type": "其他", "text": "墮負　四", "head": "N61n0030_p0006a14"}, {"level": "4", "n": "", "type": "其他", "text": "合　四", "head": "N61n0030_p0007a10"}, {"level": "4", "n": "", "type": "其他", "text": "結　四", "head": "N61n0030_p0008a07"}, {"level": "3", "n": "", "type": "其他", "text": "第三節　墮負第三", "head": "N61n0030_p0009a02"}, {"level": "3", "n": "", "type": "其他", "text": "第四節　墮負第四", "head": "N61n0030_p0009a11"}, {"level": "3", "n": "", "type": "其他", "text": "第五節　墮負第五", "head": "N61n0030_p0010a06"}, {"level": "3", "n": "", "type": "其他", "text": "第六節　墮負第六", "head": "N61n0030_p0010a14"}, {"level": "3", "n": "", "type": "其他", "text": "第七節　墮負第七", "head": "N61n0030_p0011a09"}, {"level": "3", "n": "", "type": "其他", "text": "第八節　墮負第八", "head": "N61n0030_p0012a04"}, {"level": "3", "n": "", "type": "其他", "text": "第九節　根本適用", "head": "N61n0030_p0012a13"}, {"level": "3", "n": "", "type": "其他", "text": "第十節　譬喻結合", "head": "N61n0030_p0018a09"}, {"level": "3", "n": "", "type": "其他", "text": "第十一節　四結合", "head": "N61n0030_p0024a14"}, {"level": "3", "n": "", "type": "其他", "text": "第十二節　相問說", "head": "N61n0030_p0030a01"}, {"level": "3", "n": "", "type": "其他", "text": "第十三節　語吟味", "head": "N61n0030_p0030a11"}, {"level": "3", "n": "", "type": "其他", "text": "第十四節　施設問", "head": "N61n0030_p0032a01"}, {"level": "3", "n": "", "type": "其他", "text": "第十五節　趣轉生門死結生問", "head": "N61n0030_p0034a14"}, {"level": "3", "n": "", "type": "其他", "text": "第十六節　所依施設問", "head": "N61n0030_p0041a03"}, {"level": "3", "n": "", "type": "其他", "text": "第十七節　善品第一", "head": "N61n0030_p0052a01"}, {"level": "3", "n": "", "type": "其他", "text": "第十八節　神通徵問", "head": "N61n0030_p0061a02"}, {"level": "3", "n": "", "type": "其他", "text": "第十九節　補特伽羅論", "head": "N61n0030_p0061a14"}, {"level": "2", "n": "", "type": "其他", "text": "第二章　阿羅漢退論", "head": "N61n0030_p0080a02"}, {"level": "3", "n": "", "type": "其他", "text": "一　退論", "head": "N61n0030_p0080a10"}, {"level": "3", "n": "", "type": "其他", "text": "二　聖人結合論", "head": "N61n0030_p0082a01"}, {"level": "3", "n": "", "type": "其他", "text": "三　經證論", "head": "N61n0030_p0100a12"}, {"level": "2", "n": "", "type": "其他", "text": "第三章　梵行論", "head": "N61n0030_p0106a04"}, {"level": "2", "n": "", "type": "其他", "text": "第四章　分斷論", "head": "N61n0030_p0115a12"}, {"level": "2", "n": "", "type": "其他", "text": "第五章　捨離論", "head": "N61n0030_p0123a01"}, {"level": "2", "n": "", "type": "其他", "text": "第六章　一切有論", "head": "N61n0030_p0129a09"}, {"level": "2", "n": "", "type": "其他", "text": "第七章　過去等蘊論", "head": "N61n0030_p0158a01"}, {"level": "2", "n": "", "type": "其他", "text": "第八章　一分有論", "head": "N61n0030_p0165a12"}, {"level": "2", "n": "", "type": "其他", "text": "第九章　念處論", "head": "N61n0030_p0171a01"}, {"level": "2", "n": "", "type": "其他", "text": "第十章　如是有論", "head": "N61n0030_p0175a11"}, {"level": "1", "n": "", "type": "其他", "text": "第二品", "head": "N61n0030_p0182a05"}, {"level": "2", "n": "", "type": "其他", "text": "第一章　他所與論", "head": "N61n0030_p0182a08"}, {"level": "2", "n": "", "type": "其他", "text": "第二章　無知論", "head": "N61n0030_p0191a09"}, {"level": "2", "n": "", "type": "其他", "text": "第三章　猶豫論", "head": "N61n0030_p0199a09"}, {"level": "2", "n": "", "type": "其他", "text": "第四章　他令入論", "head": "N61n0030_p0207a09"}, {"level": "2", "n": "", "type": "其他", "text": "第五章　語發表論", "head": "N61n0030_p0215a01"}, {"level": "2", "n": "", "type": "其他", "text": "第六章　苦導入論", "head": "N61n0030_p0223a07"}, {"level": "2", "n": "", "type": "其他", "text": "第七章　心住論", "head": "N61n0030_p0224a06"}, {"level": "2", "n": "", "type": "其他", "text": "第八章　煻煨論", "head": "N61n0030_p0228a11"}, {"level": "2", "n": "", "type": "其他", "text": "第九章　漸現觀論", "head": "N61n0030_p0233a07"}, {"level": "2", "n": "", "type": "其他", "text": "第十章　言說論", "head": "N61n0030_p0241a09"}, {"level": "2", "n": "", "type": "其他", "text": "第十一章　滅論", "head": "N61n0030_p0245a10"}, {"level": "1", "n": "", "type": "其他", "text": "第三品", "head": "N61n0030_p0248a01"}, {"level": "2", "n": "", "type": "其他", "text": "第一章　力論", "head": "N61n0030_p0248a04"}, {"level": "2", "n": "", "type": "其他", "text": "第二章　聖論", "head": "N61n0030_p0252a07"}, {"level": "2", "n": "", "type": "其他", "text": "第三章　解脫論", "head": "N61n0030_p0258a01"}, {"level": "2", "n": "", "type": "其他", "text": "第四章　正解脫論", "head": "N61n0030_p0261a01"}, {"level": "2", "n": "", "type": "其他", "text": "第五章　第八人論", "head": "N61n0030_p0263a11"}, {"level": "2", "n": "", "type": "其他", "text": "第六章　第八人根論", "head": "N61n0030_p0267a04"}, {"level": "2", "n": "", "type": "其他", "text": "第七章　天眼論", "head": "N61n0030_p0271a10"}, {"level": "2", "n": "", "type": "其他", "text": "第八章　天耳論", "head": "N61n0030_p0274a01"}, {"level": "2", "n": "", "type": "其他", "text": "第九章　如業所往智論", "head": "N61n0030_p0275a09"}, {"level": "2", "n": "", "type": "其他", "text": "第十章　律儀論", "head": "N61n0030_p0278a01"}, {"level": "2", "n": "", "type": "其他", "text": "第十一章　無想論", "head": "N61n0030_p0280a10"}, {"level": "2", "n": "", "type": "其他", "text": "第十二章　非想非非想處論", "head": "N61n0030_p0283a09"}, {"level": "1", "n": "", "type": "其他", "text": "第四品", "head": "N61n0030_p0288a01"}, {"level": "2", "n": "", "type": "其他", "text": "第一章　家住阿羅漢論", "head": "N61n0030_p0288a04"}, {"level": "2", "n": "", "type": "其他", "text": "第二章　生阿羅漢論", "head": "N61n0030_p0290a05"}, {"level": "2", "n": "", "type": "其他", "text": "第三章　無漏論", "head": "N61n0030_p0293a05"}, {"level": "2", "n": "", "type": "其他", "text": "第四章　具足論", "head": "N61n0030_p0296a08"}, {"level": "2", "n": "", "type": "其他", "text": "第五章　捨具足論", "head": "N61n0030_p0301a11"}, {"level": "2", "n": "", "type": "其他", "text": "第六章　由菩提覺者論", "head": "N61n0030_p0302a12"}, {"level": "2", "n": "", "type": "其他", "text": "第七章　相論", "head": "N61n0030_p0306a01"}, {"level": "2", "n": "", "type": "其他", "text": "第八章　入決定論", "head": "N61n0030_p0308a11"}, {"level": "2", "n": "", "type": "其他", "text": "第九章　餘者具足論", "head": "N61n0030_p0314a03"}, {"level": "2", "n": "", "type": "其他", "text": "第十章　斷結論", "head": "N61n0030_p0320a09"}, {"level": "1", "n": "", "type": "其他", "text": "第五品", "head": "N61n0030_p0323a05"}, {"level": "2", "n": "", "type": "其他", "text": "第一章　解脫論", "head": "N61n0030_p0323a07"}, {"level": "2", "n": "", "type": "其他", "text": "第二章　無學智論", "head": "N61n0030_p0326a01"}, {"level": "2", "n": "", "type": "其他", "text": "第三章　顛倒論", "head": "N61n0030_p0328a01"}, {"level": "2", "n": "", "type": "其他", "text": "第四章　決定論", "head": "N61n0030_p0330a06"}, {"level": "2", "n": "", "type": "其他", "text": "第五章　無礙解論", "head": "N61n0030_p0332a06"}, {"level": "2", "n": "", "type": "其他", "text": "第六章　世俗智論", "head": "N61n0030_p0333a11"}, {"level": "2", "n": "", "type": "其他", "text": "第七章　心所緣論", "head": "N61n0030_p0334a12"}, {"level": "2", "n": "", "type": "其他", "text": "第八章　未來智論", "head": "N61n0030_p0336a10"}, {"level": "2", "n": "", "type": "其他", "text": "第九章　現在智論", "head": "N61n0030_p0338a04"}, {"level": "2", "n": "", "type": "其他", "text": "第十章　果智論", "head": "N61n0030_p0339a09"}]