[{"level": "1", "n": "1", "type": "品", "text": "1 序品(一)", "head": "T16n0676_p0688b06"}, {"level": "1", "n": "2", "type": "品", "text": "2 勝義諦相品(一)", "head": "T16n0676_p0688c18"}, {"level": "1", "n": "3", "type": "品", "text": "3 心意識相品(一)", "head": "T16n0676_p0692a27"}, {"level": "1", "n": "4", "type": "品", "text": "4 一切法相品(一)", "head": "T16n0676_p0693a05"}, {"level": "1", "n": "5", "type": "品", "text": "5 無自性相品(二)", "head": "T16n0676_p0693c15"}, {"level": "1", "n": "6", "type": "品", "text": "6 分別瑜伽品(三)", "head": "T16n0676_p0697c13"}, {"level": "1", "n": "7", "type": "品", "text": "7 地波羅蜜多品(四)", "head": "T16n0676_p0703b13"}, {"level": "1", "n": "8", "type": "品", "text": "8 如來成所作事品(五)", "head": "T16n0676_p0708b13"}]