[{"level": "1", "n": "", "type": "序", "text": "蔣之奇序", "head": "T16n0670_p0479a03"}, {"level": "1", "n": "", "type": "序", "text": "蘇軾序", "head": "T16n0670_p0479c06"}, {"level": "1", "n": "", "type": "品", "text": "一切佛語心品", "head": "T16n0670_p0480a16"}, {"level": "2", "n": "", "type": "品", "text": "之一", "head": "T16n0670_p0480a16"}, {"level": "2", "n": "", "type": "品", "text": "之二", "head": "T16n0670_p0489a24"}, {"level": "2", "n": "", "type": "品", "text": "之三", "head": "T16n0670_p0497c16"}, {"level": "2", "n": "", "type": "品", "text": "之四", "head": "T16n0670_p0505b16"}]