[{"level": "1", "n": "", "type": "序", "text": "序", "head": "T16n0664_p0359b05"}, {"level": "1", "n": "1", "type": "品", "text": "1 序品(一)", "head": "T16n0664_p0359c13"}, {"level": "1", "n": "2", "type": "品", "text": "2 壽量品(一)", "head": "T16n0664_p0360a27"}, {"level": "1", "n": "3", "type": "品", "text": "3 三身分別品(一)", "head": "T16n0664_p0362c10"}, {"level": "1", "n": "4", "type": "品", "text": "4 懺悔品(二)", "head": "T16n0664_p0365b19"}, {"level": "1", "n": "5", "type": "品", "text": "5 業障滅品(二)", "head": "T16n0664_p0368a15"}, {"level": "1", "n": "6", "type": "品", "text": "6 陀羅尼最淨地品(三)", "head": "T16n0664_p0372c06"}, {"level": "1", "n": "8", "type": "品", "text": "7 讚歎品(四)", "head": "T16n0664_p0378b06"}, {"level": "1", "n": "9", "type": "品", "text": "8 空品(四)", "head": "T16n0664_p0379b06"}, {"level": "1", "n": "10", "type": "品", "text": "9 依空滿願品(四)", "head": "T16n0664_p0380a16"}, {"level": "1", "n": "11", "type": "品", "text": "10 四天王品(五)", "head": "T16n0664_p0382a08"}, {"level": "1", "n": "12", "type": "品", "text": "11 銀主陀羅尼品(六)", "head": "T16n0664_p0386a08"}, {"level": "1", "n": "13", "type": "品", "text": "12 大辯天品(六)", "head": "T16n0664_p0386b22"}, {"level": "1", "n": "14", "type": "品", "text": "13 功德天品(六)", "head": "T16n0664_p0388a08"}, {"level": "1", "n": "15", "type": "品", "text": "14 堅牢地神品(六)", "head": "T16n0664_p0388c19"}, {"level": "1", "n": "16", "type": "品", "text": "15 散脂鬼神品(六)", "head": "T16n0664_p0389b20"}, {"level": "1", "n": "17", "type": "品", "text": "16 正論品(六)", "head": "T16n0664_p0389c28"}, {"level": "1", "n": "18", "type": "品", "text": "17 善集品(七)", "head": "T16n0664_p0391b10"}, {"level": "1", "n": "19", "type": "品", "text": "18 鬼神品(七)", "head": "T16n0664_p0392b11"}, {"level": "1", "n": "20", "type": "品", "text": "19 授記品(七)", "head": "T16n0664_p0394a11"}, {"level": "1", "n": "21", "type": "品", "text": "20 除病品(七)", "head": "T16n0664_p0394c05"}, {"level": "1", "n": "22", "type": "品", "text": "21 流水長者子品(七)", "head": "T16n0664_p0395b18"}, {"level": "1", "n": "23", "type": "品", "text": "22 捨身品(八)", "head": "T16n0664_p0396c26"}, {"level": "1", "n": "24", "type": "品", "text": "23 讚佛品(八)", "head": "T16n0664_p0399c22"}, {"level": "1", "n": "25", "type": "品", "text": "24 付囑品(八)", "head": "T16n0664_p0401a03"}]