[{"level": "1", "n": "1", "type": "品", "text": "1 序品(一)", "head": "T16n0665_p0403a06"}, {"level": "1", "n": "2", "type": "品", "text": "2 如來壽量品(一)", "head": "T16n0665_p0404b27"}, {"level": "1", "n": "3", "type": "品", "text": "3 分別三身品(二)", "head": "T16n0665_p0408b05"}, {"level": "1", "n": "4", "type": "品", "text": "4 夢見金鼓懺悔品(二)", "head": "T16n0665_p0411a17"}, {"level": "1", "n": "5", "type": "品", "text": "5 滅業障品(三)", "head": "T16n0665_p0413c12"}, {"level": "1", "n": "6", "type": "品", "text": "6 最淨地陀羅尼品(四)", "head": "T16n0665_p0417c22"}, {"level": "1", "n": "7", "type": "品", "text": "7 蓮華喻讚品(五)", "head": "T16n0665_p0422b27"}, {"level": "1", "n": "8", "type": "品", "text": "8 金勝陀羅尼品(五)", "head": "T16n0665_p0423b23"}, {"level": "1", "n": "9", "type": "品", "text": "9 重顯空性品(五)", "head": "T16n0665_p0424a19"}, {"level": "1", "n": "10", "type": "品", "text": "10 依空滿願品(五)", "head": "T16n0665_p0425a06"}, {"level": "1", "n": "11", "type": "品", "text": "11 四天王觀察人天品(五)", "head": "T16n0665_p0426c25"}, {"level": "1", "n": "12", "type": "品", "text": "12 四天王護國品(六)", "head": "T16n0665_p0427b19"}, {"level": "1", "n": "13", "type": "品", "text": "13 無染著陀羅尼品(七)", "head": "T16n0665_p0432c16"}, {"level": "1", "n": "14", "type": "品", "text": "14 如意寶珠品(七)", "head": "T16n0665_p0433b05"}, {"level": "1", "n": "15", "type": "品", "text": "15 大辯才天女品(七-八)", "head": "T16n0665_p0434b25"}, {"level": "1", "n": "16", "type": "品", "text": "16 大吉祥天女品(八)", "head": "T16n0665_p0438c24"}, {"level": "1", "n": "17", "type": "品", "text": "17 大吉祥天女增長財物品(八)", "head": "T16n0665_p0439b03"}, {"level": "1", "n": "18", "type": "品", "text": "18 堅牢地神品(八)", "head": "T16n0665_p0440a17"}, {"level": "1", "n": "19", "type": "品", "text": "19 僧慎爾耶藥叉大將品(八)", "head": "T16n0665_p0441a25"}, {"level": "1", "n": "20", "type": "品", "text": "20 王法正論品(八)", "head": "T16n0665_p0442a14"}, {"level": "1", "n": "21", "type": "品", "text": "21 善生王品(九)", "head": "T16n0665_p0444a15"}, {"level": "1", "n": "22", "type": "品", "text": "22 諸天藥叉護持品(九)", "head": "T16n0665_p0444c27"}, {"level": "1", "n": "23", "type": "品", "text": "23 授記品(九)", "head": "T16n0665_p0447a02"}, {"level": "1", "n": "24", "type": "品", "text": "24 除病品(九)", "head": "T16n0665_p0447b21"}, {"level": "1", "n": "25", "type": "品", "text": "25 長者子流水品(九)", "head": "T16n0665_p0448c22"}, {"level": "1", "n": "26", "type": "品", "text": "26 捨身品(一〇)", "head": "T16n0665_p0450c21"}, {"level": "1", "n": "27", "type": "品", "text": "27 十方菩薩讚歎品(一〇)", "head": "T16n0665_p0454b26"}, {"level": "1", "n": "28", "type": "品", "text": "28 妙幢菩薩讚歎品(一〇)", "head": "T16n0665_p0454c28"}, {"level": "1", "n": "29", "type": "品", "text": "29 菩提樹神讚歎品(一〇)", "head": "T16n0665_p0455a21"}, {"level": "1", "n": "30", "type": "品", "text": "30 大辯才天女讚歎品(一〇)", "head": "T16n0665_p0455b21"}, {"level": "1", "n": "31", "type": "品", "text": "31 付囑品(一〇)", "head": "T16n0665_p0455c14"}]