[{"level": "1", "n": "", "type": "序", "text": "序", "head": "T16n0663_p0335a03"}, {"level": "1", "n": "1", "type": "品", "text": "1 序品(一)", "head": "T16n0663_p0335b05"}, {"level": "1", "n": "2", "type": "品", "text": "2 壽量品(一)", "head": "T16n0663_p0335c16"}, {"level": "1", "n": "3", "type": "品", "text": "3 懺悔品(一)", "head": "T16n0663_p0336b10"}, {"level": "1", "n": "4", "type": "品", "text": "4 讚歎品(一)", "head": "T16n0663_p0339a07"}, {"level": "1", "n": "5", "type": "品", "text": "5 空品(一)", "head": "T16n0663_p0340a07"}, {"level": "1", "n": "6", "type": "品", "text": "6 四天王品(二)", "head": "T16n0663_p0340c16"}, {"level": "1", "n": "7", "type": "品", "text": "7 大辯天神品(二)", "head": "T16n0663_p0344c20"}, {"level": "1", "n": "8", "type": "品", "text": "8 功德天品(二)", "head": "T16n0663_p0345a04"}, {"level": "1", "n": "9", "type": "品", "text": "9 堅牢地神品(二)", "head": "T16n0663_p0345c07"}, {"level": "1", "n": "10", "type": "品", "text": "10 散脂鬼神品(三)", "head": "T16n0663_p0346b15"}, {"level": "1", "n": "11", "type": "品", "text": "11 正論品(三)", "head": "T16n0663_p0346c23"}, {"level": "1", "n": "12", "type": "品", "text": "12 善集品(三)", "head": "T16n0663_p0348a27"}, {"level": "1", "n": "13", "type": "品", "text": "13 鬼神品(三)", "head": "T16n0663_p0349a29"}, {"level": "1", "n": "14", "type": "品", "text": "14 授記品(三)", "head": "T16n0663_p0351a01"}, {"level": "1", "n": "15", "type": "品", "text": "15 除病品(三)", "head": "T16n0663_p0351b23"}, {"level": "1", "n": "16", "type": "品", "text": "16 流水長者子品(四)", "head": "T16n0663_p0352b15"}, {"level": "1", "n": "17", "type": "品", "text": "17 捨身品(四)", "head": "T16n0663_p0353c21"}, {"level": "1", "n": "18", "type": "品", "text": "18 讚佛品(四)", "head": "T16n0663_p0356c22"}, {"level": "1", "n": "19", "type": "品", "text": "19 囑累品(四)", "head": "T16n0663_p0358a02"}]