[{"level": "1", "n": "1", "type": "品", "text": "1 請佛品(一)", "head": "T16n0671_p0514c06"}, {"level": "1", "n": "2", "type": "品", "text": "2 問答品(一)", "head": "T16n0671_p0519a04"}, {"level": "1", "n": "3", "type": "品", "text": "3 集一切佛法品(二-四)", "head": "T16n0671_p0521c21"}, {"level": "2", "n": "", "type": "", "text": "1", "head": "T16n0671_p0521c21"}, {"level": "2", "n": "", "type": "", "text": "2", "head": "T16n0671_p0527b24"}, {"level": "2", "n": "", "type": "", "text": "3", "head": "T16n0671_p0534a18"}, {"level": "1", "n": "4", "type": "品", "text": "4 佛心品(五)", "head": "T16n0671_p0540b15"}, {"level": "1", "n": "5", "type": "品", "text": "5 盧迦耶陀品(六)", "head": "T16n0671_p0547a24"}, {"level": "1", "n": "6", "type": "品", "text": "6 涅槃品(六)", "head": "T16n0671_p0549a09"}, {"level": "1", "n": "7", "type": "品", "text": "7 法身品(六)", "head": "T16n0671_p0550a04"}, {"level": "1", "n": "8", "type": "品", "text": "8 無常品(七)", "head": "T16n0671_p0553b25"}, {"level": "1", "n": "9", "type": "品", "text": "9 入道品(七)", "head": "T16n0671_p0554c05"}, {"level": "1", "n": "10", "type": "品", "text": "10 問如來常無常品(七)", "head": "T16n0671_p0555c20"}, {"level": "1", "n": "11", "type": "品", "text": "11 佛性品(七)", "head": "T16n0671_p0556b15"}, {"level": "1", "n": "12", "type": "品", "text": "12 五法門品(七)", "head": "T16n0671_p0557a25"}, {"level": "1", "n": "13", "type": "品", "text": "13 恒河沙品(七)", "head": "T16n0671_p0558a29"}, {"level": "1", "n": "14", "type": "品", "text": "14 剎那品(八)", "head": "T16n0671_p0559b10"}, {"level": "1", "n": "15", "type": "品", "text": "15 化品(八)", "head": "T16n0671_p0560b14"}, {"level": "1", "n": "16", "type": "品", "text": "16 遮食肉品(八)", "head": "T16n0671_p0561a20"}, {"level": "1", "n": "17", "type": "品", "text": "17 陀羅尼品(八)", "head": "T16n0671_p0564c11"}, {"level": "1", "n": "18", "type": "品", "text": "18 總品(九-十)", "head": "T16n0671_p0565b08"}, {"level": "2", "n": "", "type": "", "text": "1", "head": "T16n0671_p0565b08"}, {"level": "2", "n": "", "type": "", "text": "2", "head": "T16n0671_p0576a18"}]