[{"level": "1", "n": "1", "type": "品", "text": "1 序品(一)", "head": "T16n0659_p0241a06"}, {"level": "1", "n": "2", "type": "品", "text": "2 十波羅蜜品(一-二)", "head": "T16n0659_p0244b22"}, {"level": "2", "n": "", "type": "", "text": "1", "head": "T16n0659_p0244b22"}, {"level": "2", "n": "", "type": "", "text": "2", "head": "T16n0659_p0247a21"}, {"level": "1", "n": "3", "type": "品", "text": "3 平等品(三)", "head": "T16n0659_p0254a14"}, {"level": "1", "n": "4", "type": "品", "text": "4 陀羅尼品(四)", "head": "T16n0659_p0259a23"}, {"level": "1", "n": "5", "type": "品", "text": "5 安樂行品(五)", "head": "T16n0659_p0265c24"}, {"level": "1", "n": "6", "type": "品", "text": "6 二諦品(六)", "head": "T16n0659_p0272b05"}, {"level": "1", "n": "7", "type": "品", "text": "7 寶積品(七)", "head": "T16n0659_p0276b05"}]