[{"level": "1", "n": "", "type": "序", "text": "大唐新翻密嚴經序", "head": "T16n0682_p0747b19"}, {"level": "1", "n": "1", "type": "品", "text": "1 密嚴道場品(上)", "head": "T16n0682_p0747c24"}, {"level": "1", "n": "2", "type": "品", "text": "2 入密嚴微妙身生品(上-中)", "head": "T16n0682_p0751a01"}, {"level": "1", "n": "3", "type": "品", "text": "3 胎藏生品(中)", "head": "T16n0682_p0759b12"}, {"level": "1", "n": "4", "type": "品", "text": "4 自作境界品(中)", "head": "T16n0682_p0759c26"}, {"level": "1", "n": "5", "type": "品", "text": "5 辯觀行品(中)", "head": "T16n0682_p0762c08"}, {"level": "1", "n": "6", "type": "品", "text": "6 趣入阿賴耶品(中)", "head": "T16n0682_p0763c16"}, {"level": "1", "n": "7", "type": "品", "text": "7 我識境界品(下)", "head": "T16n0682_p0766b08"}, {"level": "1", "n": "8", "type": "品", "text": "8 阿賴耶即密嚴品(下)", "head": "T16n0682_p0766c12"}]