[{"level": "1", "n": "", "type": "其他", "text": "靈蹟", "head": "GA082n0084_p0443a02"}, {"level": "2", "n": "", "type": "序", "text": "序", "head": "GA082n0084_p0443a03"}, {"level": "2", "n": "", "type": "其他", "text": "佛光變現", "head": "GA082n0084_p0443a07"}, {"level": "2", "n": "", "type": "其他", "text": "華首靈異", "head": "GA082n0084_p0444a09"}, {"level": "2", "n": "", "type": "其他", "text": "山下土主", "head": "GA082n0084_p0445a08"}, {"level": "2", "n": "", "type": "其他", "text": "香艸治疫", "head": "GA082n0084_p0447a07"}, {"level": "2", "n": "", "type": "其他", "text": "靈鷲來朝", "head": "GA082n0084_p0448a01"}, {"level": "2", "n": "", "type": "其他", "text": "蛇不為災", "head": "GA082n0084_p0448a04"}, {"level": "2", "n": "", "type": "其他", "text": "馴龍遜避", "head": "GA082n0084_p0448a08"}, {"level": "2", "n": "", "type": "其他", "text": "泉通洱海", "head": "GA082n0084_p0450a01"}, {"level": "2", "n": "", "type": "其他", "text": "洱東履跡", "head": "GA082n0084_p0451a02"}, {"level": "2", "n": "", "type": "其他", "text": "附：峯頂四觀", "head": "GA082n0084_p0451a06"}, {"level": "3", "n": "", "type": "其他", "text": "日觀", "head": "GA082n0084_p0451a07"}, {"level": "3", "n": "", "type": "其他", "text": "雪觀", "head": "GA082n0084_p0452a01"}, {"level": "3", "n": "", "type": "其他", "text": "海觀", "head": "GA082n0084_p0452a04"}, {"level": "3", "n": "", "type": "其他", "text": "雲觀", "head": "GA082n0084_p0452a06"}, {"level": "2", "n": "", "type": "其他", "text": "鷄山八景", "head": "GA082n0084_p0452a09"}, {"level": "3", "n": "", "type": "其他", "text": "天柱佛光", "head": "GA082n0084_p0453a01"}, {"level": "3", "n": "", "type": "其他", "text": "華首晴雷", "head": "GA082n0084_p0453a05"}, {"level": "3", "n": "", "type": "其他", "text": "蒼山積雪", "head": "GA082n0084_p0453a09"}, {"level": "3", "n": "", "type": "其他", "text": "洱海廻嵐", "head": "GA082n0084_p0454a05"}, {"level": "3", "n": "", "type": "其他", "text": "塔院秋月", "head": "GA082n0084_p0454a09"}, {"level": "3", "n": "", "type": "其他", "text": "萬壑松濤", "head": "GA082n0084_p0455a04"}, {"level": "3", "n": "", "type": "其他", "text": "飛瀑穿雲", "head": "GA082n0084_p0455a08"}, {"level": "3", "n": "", "type": "其他", "text": "重崖返炤", "head": "GA082n0084_p0456a03"}, {"level": "1", "n": "", "type": "其他", "text": "物產", "head": "GA082n0084_p0457a01"}, {"level": "2", "n": "", "type": "序", "text": "序", "head": "GA082n0084_p0457a02"}, {"level": "2", "n": "", "type": "其他", "text": "樹", "head": "GA082n0084_p0457a09"}, {"level": "3", "n": "", "type": "其他", "text": "韋馱樹", "head": "GA082n0084_p0458a01"}, {"level": "3", "n": "", "type": "其他", "text": "巢隱樹", "head": "GA082n0084_p0458a04"}, {"level": "3", "n": "", "type": "其他", "text": "空心樹", "head": "GA082n0084_p0458a07"}, {"level": "3", "n": "", "type": "其他", "text": "三顆樹", "head": "GA082n0084_p0459a02"}, {"level": "3", "n": "", "type": "其他", "text": "袛陀松", "head": "GA082n0084_p0459a05"}, {"level": "3", "n": "", "type": "其他", "text": "如意松", "head": "GA082n0084_p0459a08"}, {"level": "3", "n": "", "type": "其他", "text": "晒經松", "head": "GA082n0084_p0460a01"}, {"level": "3", "n": "", "type": "其他", "text": "靈鷲松", "head": "GA082n0084_p0460a04"}, {"level": "3", "n": "", "type": "其他", "text": "彈指松", "head": "GA082n0084_p0460a08"}, {"level": "3", "n": "", "type": "其他", "text": "若木", "head": "GA082n0084_p0461a01"}, {"level": "3", "n": "", "type": "其他", "text": "千尺虬", "head": "GA082n0084_p0461a04"}, {"level": "3", "n": "", "type": "其他", "text": "紫金杉", "head": "GA082n0084_p0462a01"}, {"level": "3", "n": "", "type": "其他", "text": "平頂松", "head": "GA082n0084_p0462a04"}, {"level": "3", "n": "", "type": "其他", "text": "三折栢", "head": "GA082n0084_p0462a07"}, {"level": "3", "n": "", "type": "其他", "text": "分開樹", "head": "GA082n0084_p0463a01"}, {"level": "3", "n": "", "type": "其他", "text": "摩頂松", "head": "GA082n0084_p0463a05"}, {"level": "3", "n": "", "type": "其他", "text": "紫虬樹", "head": "GA082n0084_p0463a07"}, {"level": "3", "n": "", "type": "其他", "text": "龍藤樹", "head": "GA082n0084_p0463a09"}, {"level": "3", "n": "", "type": "其他", "text": "孤山雪", "head": "GA082n0084_p0464a02"}, {"level": "3", "n": "", "type": "其他", "text": "龍化樹", "head": "GA082n0084_p0464a05"}, {"level": "2", "n": "", "type": "其他", "text": "花", "head": "GA082n0084_p0464a08"}, {"level": "3", "n": "", "type": "其他", "text": "天女花", "head": "GA082n0084_p0464a09"}, {"level": "3", "n": "", "type": "其他", "text": "黃牡丹", "head": "GA082n0084_p0465a02"}, {"level": "3", "n": "", "type": "其他", "text": "白山茶", "head": "GA082n0084_p0465a05"}, {"level": "3", "n": "", "type": "其他", "text": "仙艸", "head": "GA082n0084_p0465a08"}, {"level": "3", "n": "", "type": "其他", "text": "雪蘭", "head": "GA082n0084_p0466a04"}, {"level": "2", "n": "", "type": "其他", "text": "果", "head": "GA082n0084_p0466a08"}, {"level": "3", "n": "", "type": "其他", "text": "松子", "head": "GA082n0084_p0466a09"}, {"level": "3", "n": "", "type": "其他", "text": "梧實", "head": "GA082n0084_p0467a02"}, {"level": "2", "n": "", "type": "其他", "text": "鳥", "head": "GA082n0084_p0467a04"}, {"level": "3", "n": "", "type": "其他", "text": "靈鷲", "head": "GA082n0084_p0467a05"}, {"level": "3", "n": "", "type": "其他", "text": "念佛鳥", "head": "GA082n0084_p0467a09"}, {"level": "3", "n": "", "type": "其他", "text": "松鷄", "head": "GA082n0084_p0468a02"}, {"level": "3", "n": "", "type": "其他", "text": "鸚鵡", "head": "GA082n0084_p0468a05"}, {"level": "2", "n": "", "type": "其他", "text": "獸", "head": "GA082n0084_p0468a08"}, {"level": "3", "n": "", "type": "其他", "text": "小花鼠", "head": "GA082n0084_p0468a09"}, {"level": "3", "n": "", "type": "其他", "text": "玄猿", "head": "GA082n0084_p0469a02"}, {"level": "3", "n": "", "type": "其他", "text": "玄鹿", "head": "GA082n0084_p0469a04"}, {"level": "2", "n": "", "type": "其他", "text": "食品", "head": "GA082n0084_p0469a07"}, {"level": "3", "n": "", "type": "其他", "text": "松花", "head": "GA082n0084_p0469a08"}, {"level": "3", "n": "", "type": "其他", "text": "椒", "head": "GA082n0084_p0470a04"}, {"level": "3", "n": "", "type": "其他", "text": "樹衣菜", "head": "GA082n0084_p0470a06"}, {"level": "3", "n": "", "type": "其他", "text": "橄欖膏", "head": "GA082n0084_p0470a08"}, {"level": "3", "n": "", "type": "其他", "text": "蓮花菜", "head": "GA082n0084_p0471a02"}, {"level": "1", "n": "", "type": "其他", "text": "藝文（上）", "head": "GA082n0084_p0473a02"}, {"level": "2", "n": "", "type": "其他", "text": "明．宸翰", "head": "GA082n0084_p0473a03"}, {"level": "3", "n": "", "type": "序", "text": "序", "head": "GA082n0084_p0473a05"}, {"level": "3", "n": "", "type": "其他", "text": "諭華嚴寺勅", "head": "GA082n0084_p0474a01"}, {"level": "3", "n": "", "type": "其他", "text": "慈聖宣文明肅貞壽端獻皇太后諭大覺寺懿旨", "head": "GA082n0084_p0475a01"}, {"level": "3", "n": "", "type": "其他", "text": "諭放光寺勅", "head": "GA082n0084_p0476a08"}, {"level": "3", "n": "", "type": "其他", "text": "諭悉檀寺勅", "head": "GA082n0084_p0477a09"}, {"level": "3", "n": "", "type": "其他", "text": "又", "head": "GA082n0084_p0480a03"}, {"level": "2", "n": "", "type": "其他", "text": "明．逰記", "head": "GA082n0084_p0481a02"}, {"level": "3", "n": "", "type": "序", "text": "序", "head": "GA082n0084_p0481a04"}, {"level": "3", "n": "", "type": "其他", "text": "遊雞足山記", "head": "GA082n0084_p0482a02"}, {"level": "3", "n": "", "type": "其他", "text": "遊雞足山記", "head": "GA082n0084_p0490a08"}, {"level": "3", "n": "", "type": "其他", "text": "遊雞足山記", "head": "GA082n0084_p0499a08"}, {"level": "3", "n": "", "type": "其他", "text": "雞足山記四則", "head": "GA082n0084_p0503a03"}, {"level": "4", "n": "", "type": "其他", "text": "雞足山記", "head": "GA082n0084_p0503a03"}, {"level": "4", "n": "", "type": "其他", "text": "又", "head": "GA082n0084_p0505a03"}, {"level": "4", "n": "", "type": "其他", "text": "又", "head": "GA082n0084_p0507a08"}, {"level": "4", "n": "", "type": "其他", "text": "又", "head": "GA082n0084_p0510a01"}, {"level": "3", "n": "", "type": "其他", "text": "遊雞足山記", "head": "GA082n0084_p0513a07"}, {"level": "3", "n": "", "type": "其他", "text": "再遊雞足山記", "head": "GA082n0084_p0515a03"}, {"level": "3", "n": "", "type": "其他", "text": "遊雞足山記", "head": "GA082n0084_p0519a09"}, {"level": "3", "n": "", "type": "其他", "text": "遊雞足山記", "head": "GA082n0084_p0523a02"}, {"level": "3", "n": "", "type": "其他", "text": "遊雞足山記", "head": "GA082n0084_p0527a03"}, {"level": "3", "n": "", "type": "其他", "text": "天柱山四觀峰記", "head": "GA082n0084_p0536a02"}, {"level": "3", "n": "", "type": "其他", "text": "華首門記", "head": "GA082n0084_p0541a09"}, {"level": "3", "n": "", "type": "其他", "text": "放光寺謫星石記", "head": "GA082n0084_p0544a08"}, {"level": "3", "n": "", "type": "其他", "text": "河子孔記", "head": "GA082n0084_p0548a07"}, {"level": "3", "n": "", "type": "其他", "text": "白石崖記", "head": "GA082n0084_p0550a09"}, {"level": "3", "n": "", "type": "其他", "text": "尊勝塔院記", "head": "GA082n0084_p0553a02"}, {"level": "3", "n": "", "type": "其他", "text": "華藏洞記", "head": "GA082n0084_p0555a04"}, {"level": "3", "n": "", "type": "其他", "text": "石洞上潭記", "head": "GA082n0084_p0560a09"}, {"level": "3", "n": "", "type": "其他", "text": "石洞下潭記", "head": "GA082n0084_p0562a08"}, {"level": "3", "n": "", "type": "其他", "text": "檀花箐記", "head": "GA082n0084_p0564a01"}, {"level": "3", "n": "", "type": "其他", "text": "遊仙掌峰記", "head": "GA082n0084_p0566a08"}, {"level": "3", "n": "", "type": "其他", "text": "獅子林記", "head": "GA082n0084_p0569a07"}, {"level": "3", "n": "", "type": "其他", "text": "獅子林珠簾水記", "head": "GA082n0084_p0573a02"}, {"level": "3", "n": "", "type": "其他", "text": "九重崖記", "head": "GA082n0084_p0574a07"}, {"level": "3", "n": "", "type": "其他", "text": "瓊樓山記", "head": "GA082n0084_p0576a08"}, {"level": "3", "n": "", "type": "其他", "text": "遊磐陀石記", "head": "GA082n0084_p0579a08"}, {"level": "3", "n": "", "type": "其他", "text": "雞足山四友記", "head": "GA082n0084_p0581a06"}, {"level": "3", "n": "", "type": "其他", "text": "遊雞足山記", "head": "GA082n0084_p0585a01"}, {"level": "3", "n": "", "type": "其他", "text": "栴檀林記", "head": "GA082n0084_p0587a09"}, {"level": "3", "n": "", "type": "其他", "text": "羅漢壁記", "head": "GA082n0084_p0590a03"}, {"level": "3", "n": "", "type": "其他", "text": "片雲居記", "head": "GA082n0084_p0592a05"}, {"level": "3", "n": "", "type": "其他", "text": "遊雞足山記", "head": "GA082n0084_p0595a04"}, {"level": "3", "n": "", "type": "其他", "text": "新鑄雞山迦葉殿鐘記", "head": "GA082n0084_p0601a08"}, {"level": "1", "n": "", "type": "其他", "text": "藝文（中）", "head": "GA082n0084_p0605a02"}, {"level": "2", "n": "", "type": "其他", "text": "明．碑記", "head": "GA082n0084_p0605a03"}, {"level": "3", "n": "", "type": "其他", "text": "迦葉殿記", "head": "GA082n0084_p0605a05"}, {"level": "3", "n": "", "type": "其他", "text": "賓蒼閣記", "head": "GA082n0084_p0607a06"}, {"level": "3", "n": "", "type": "其他", "text": "放光寺記", "head": "GA082n0084_p0609a04"}, {"level": "3", "n": "", "type": "其他", "text": "光明寶塔記", "head": "GA082n0084_p0612a02"}, {"level": "3", "n": "", "type": "其他", "text": "仰高亭記", "head": "GA082n0084_p0614a05"}, {"level": "3", "n": "", "type": "其他", "text": "悉檀寺碑銘", "head": "GA082n0084_p0617a06"}, {"level": "3", "n": "", "type": "其他", "text": "玉龍閣記", "head": "GA082n0084_p0623a08"}, {"level": "3", "n": "", "type": "其他", "text": "重修雞足絕頂記", "head": "GA082n0084_p0626a05"}, {"level": "3", "n": "", "type": "其他", "text": "天長閣記", "head": "GA082n0084_p0628a03"}, {"level": "3", "n": "", "type": "其他", "text": "大士閣三摩禪寺記", "head": "GA082n0084_p0630a03"}, {"level": "3", "n": "", "type": "其他", "text": "傳衣寺記", "head": "GA082n0084_p0632a06"}, {"level": "2", "n": "", "type": "其他", "text": "本朝碑記", "head": "GA082n0084_p0637a02"}, {"level": "3", "n": "", "type": "其他", "text": "雞足山藏經記", "head": "GA082n0084_p0637a03"}, {"level": "3", "n": "", "type": "其他", "text": "天一閣記", "head": "GA082n0084_p0641a06"}, {"level": "3", "n": "", "type": "其他", "text": "雞足山迦葉院藏經記", "head": "GA082n0084_p0643a09"}, {"level": "3", "n": "", "type": "其他", "text": "重建華嚴寺碑記", "head": "GA082n0084_p0646a04"}, {"level": "3", "n": "", "type": "其他", "text": "鄧川州奉道府廳明文碑", "head": "GA082n0084_p0650a07"}, {"level": "3", "n": "", "type": "其他", "text": "詳允雞山直,僧戶碑", "head": "GA082n0084_p0656a04"}, {"level": "3", "n": "", "type": "其他", "text": "豁免雞山雜差碑", "head": "GA082n0084_p0662a07"}, {"level": "3", "n": "", "type": "其他", "text": "豁免雞足山雜差門戶采買碑", "head": "GA082n0084_p0671a09"}, {"level": "2", "n": "", "type": "其他", "text": "明．補遺附", "head": "GA082n0084_p0678a06"}, {"level": "3", "n": "", "type": "其他", "text": "詳允雞山直,僧戶碑", "head": "GA082n0084_p0678a07"}, {"level": "2", "n": "", "type": "其他", "text": "明．賦", "head": "GA082n0084_p0685a01"}, {"level": "3", "n": "", "type": "其他", "text": "雞足山賦", "head": "GA082n0084_p0685a03"}, {"level": "1", "n": "", "type": "其他", "text": "藝文（續）", "head": "GA082n0084_p0705a02"}, {"level": "2", "n": "", "type": "其他", "text": "遊雞足山記", "head": "GA082n0084_p0705a03"}, {"level": "2", "n": "", "type": "其他", "text": "登四觀峰歌", "head": "GA082n0084_p0712a06"}, {"level": "2", "n": "", "type": "其他", "text": "華首門", "head": "GA082n0084_p0713a03"}, {"level": "2", "n": "", "type": "其他", "text": "登雞足山", "head": "GA082n0084_p0714a03"}, {"level": "2", "n": "", "type": "其他", "text": "宿大覺寺", "head": "GA082n0084_p0715a02"}, {"level": "2", "n": "", "type": "其他", "text": "雞山八景", "head": "GA082n0084_p0715a06"}, {"level": "3", "n": "", "type": "其他", "text": "天柱佛光", "head": "GA082n0084_p0715a07"}, {"level": "3", "n": "", "type": "其他", "text": "華首晴雷", "head": "GA082n0084_p0716a01"}, {"level": "3", "n": "", "type": "其他", "text": "蒼山積雪", "head": "GA082n0084_p0716a04"}, {"level": "3", "n": "", "type": "其他", "text": "洱海,嵐", "head": "GA082n0084_p0716a07"}, {"level": "3", "n": "", "type": "其他", "text": "塔院秋月", "head": "GA082n0084_p0717a01"}, {"level": "3", "n": "", "type": "其他", "text": "萬壑松濤", "head": "GA082n0084_p0717a04"}, {"level": "3", "n": "", "type": "其他", "text": "飛瀑穿雲", "head": "GA082n0084_p0717a07"}, {"level": "3", "n": "", "type": "其他", "text": "重崖返照", "head": "GA082n0084_p0718a01"}, {"level": "2", "n": "", "type": "其他", "text": "遊感通寺", "head": "GA082n0084_p0718a04"}, {"level": "2", "n": "", "type": "其他", "text": "登五佛山，訪佛語上人", "head": "GA082n0084_p0719a07"}, {"level": "2", "n": "", "type": "其他", "text": "警悟（滿庭芳調）", "head": "GA082n0084_p0720a02"}, {"level": "1", "n": "", "type": "其他", "text": "藝文（下）", "head": "GA082n0084_p0721a02"}, {"level": "2", "n": "", "type": "其他", "text": "五言古詩", "head": "GA082n0084_p0721a03"}, {"level": "3", "n": "", "type": "其他", "text": "明", "head": "GA082n0084_p0721a04"}, {"level": "4", "n": "", "type": "其他", "text": "渡洱河登雞足山", "head": "GA082n0084_p0721a05"}, {"level": "4", "n": "", "type": "其他", "text": "出山再題", "head": "GA082n0084_p0723a02"}, {"level": "4", "n": "", "type": "其他", "text": "春日遊九重崖", "head": "GA082n0084_p0723a06"}, {"level": "4", "n": "", "type": "其他", "text": "華首門", "head": "GA082n0084_p0724a07"}, {"level": "4", "n": "", "type": "其他", "text": "春晴獨遊", "head": "GA082n0084_p0725a08"}, {"level": "4", "n": "", "type": "其他", "text": "瞻華首門", "head": "GA082n0084_p0726a05"}, {"level": "4", "n": "", "type": "其他", "text": "雞山散步", "head": "GA082n0084_p0726a09"}, {"level": "4", "n": "", "type": "其他", "text": "蒼波閣看月", "head": "GA082n0084_p0727a06"}, {"level": "4", "n": "", "type": "其他", "text": "遊雞足山", "head": "GA082n0084_p0728a03"}, {"level": "4", "n": "", "type": "其他", "text": "華首門", "head": "GA082n0084_p0729a01"}, {"level": "4", "n": "", "type": "其他", "text": "尊勝墖院待月", "head": "GA082n0084_p0729a08"}, {"level": "4", "n": "", "type": "其他", "text": "蒼波閣看月", "head": "GA082n0084_p0730a06"}, {"level": "4", "n": "", "type": "其他", "text": "遊雞足山", "head": "GA082n0084_p0731a04"}, {"level": "4", "n": "", "type": "其他", "text": "獨遊放光寺", "head": "GA082n0084_p0732a04"}, {"level": "4", "n": "", "type": "其他", "text": "遊仙掌峰", "head": "GA082n0084_p0732a09"}, {"level": "4", "n": "", "type": "其他", "text": "九重崖下望新月", "head": "GA082n0084_p0733a06"}, {"level": "4", "n": "", "type": "其他", "text": "九重崖下獨坐", "head": "GA082n0084_p0734a02"}, {"level": "4", "n": "", "type": "其他", "text": "華首門", "head": "GA082n0084_p0734a07"}, {"level": "4", "n": "", "type": "其他", "text": "聞大,和尚修《雞山志》成", "head": "GA082n0084_p0735a03"}, {"level": "4", "n": "", "type": "其他", "text": "雞足山", "head": "GA082n0084_p0736a01"}, {"level": "4", "n": "", "type": "其他", "text": "看九重崖雲起", "head": "GA082n0084_p0736a06"}, {"level": "3", "n": "", "type": "其他", "text": "本朝", "head": "GA082n0084_p0737a02"}, {"level": "4", "n": "", "type": "其他", "text": "華首門", "head": "GA082n0084_p0737a03"}, {"level": "4", "n": "", "type": "其他", "text": "遊雞足山", "head": "GA082n0084_p0737a07"}, {"level": "4", "n": "", "type": "其他", "text": "遊九重崖", "head": "GA082n0084_p0738a03"}, {"level": "4", "n": "", "type": "其他", "text": "雞山夜鐘", "head": "GA082n0084_p0738a09"}, {"level": "2", "n": "", "type": "其他", "text": "七言古詩", "head": "GA082n0084_p0739a05"}, {"level": "3", "n": "", "type": "其他", "text": "明", "head": "GA082n0084_p0739a06"}, {"level": "4", "n": "", "type": "其他", "text": "同高使君歸自雞足天鏡閣泛舟", "head": "GA082n0084_p0739a07"}, {"level": "4", "n": "", "type": "其他", "text": "華首門行", "head": "GA082n0084_p0740a06"}, {"level": "4", "n": "", "type": "其他", "text": "遊雞足贈寶山", "head": "GA082n0084_p0741a06"}, {"level": "4", "n": "", "type": "其他", "text": "傳衣寺同大,和尚製茶", "head": "GA082n0084_p0742a06"}, {"level": "4", "n": "", "type": "其他", "text": "片雲居聽雨", "head": "GA082n0084_p0743a03"}, {"level": "4", "n": "", "type": "其他", "text": "夢遊雞足", "head": "GA082n0084_p0743a09"}, {"level": "4", "n": "", "type": "其他", "text": "華首門", "head": "GA082n0084_p0745a04"}, {"level": "2", "n": "", "type": "其他", "text": "歌行", "head": "GA082n0084_p0747a01"}, {"level": "3", "n": "", "type": "其他", "text": "明", "head": "GA082n0084_p0747a02"}, {"level": "4", "n": "", "type": "其他", "text": "送友人遊雞足石門歌", "head": "GA082n0084_p0747a02"}, {"level": "4", "n": "", "type": "其他", "text": "雞足山歌", "head": "GA082n0084_p0747a09"}, {"level": "4", "n": "", "type": "其他", "text": "雞足山歌", "head": "GA082n0084_p0749a07"}, {"level": "4", "n": "", "type": "其他", "text": "雞足山古松歌", "head": "GA082n0084_p0751a07"}, {"level": "4", "n": "", "type": "其他", "text": "華首門歌", "head": "GA082n0084_p0753a09"}, {"level": "4", "n": "", "type": "其他", "text": "崖壁古碣歌", "head": "GA082n0084_p0754a05"}, {"level": "4", "n": "", "type": "其他", "text": "雞山絕頂放歌", "head": "GA082n0084_p0755a03"}, {"level": "3", "n": "", "type": "其他", "text": "本朝", "head": "GA082n0084_p0756a04"}, {"level": "4", "n": "", "type": "其他", "text": "古雪齋聽雨", "head": "GA082n0084_p0756a05"}, {"level": "4", "n": "", "type": "其他", "text": "傳衣寺古松", "head": "GA082n0084_p0757a03"}, {"level": "4", "n": "", "type": "其他", "text": "雞足行", "head": "GA082n0084_p0758a02"}, {"level": "2", "n": "", "type": "其他", "text": "五言律詩", "head": "GA082n0084_p0760a03"}, {"level": "3", "n": "", "type": "其他", "text": "明", "head": "GA082n0084_p0760a04"}, {"level": "4", "n": "", "type": "其他", "text": "鉢盂菴聽經喜雨", "head": "GA082n0084_p0760a05"}, {"level": "4", "n": "", "type": "其他", "text": "水月菴", "head": "GA082n0084_p0760a09"}, {"level": "4", "n": "", "type": "其他", "text": "宿大聖寺", "head": "GA082n0084_p0761a04"}, {"level": "4", "n": "", "type": "其他", "text": "悉檀寺", "head": "GA082n0084_p0761a08"}, {"level": "4", "n": "", "type": "其他", "text": "蘭陀寺", "head": "GA082n0084_p0762a03"}, {"level": "4", "n": "", "type": "其他", "text": "前題", "head": "GA082n0084_p0762a07"}, {"level": "4", "n": "", "type": "其他", "text": "晚步鉢盂菴", "head": "GA082n0084_p0763a02"}, {"level": "4", "n": "", "type": "其他", "text": "前題", "head": "GA082n0084_p0763a06"}, {"level": "4", "n": "", "type": "其他", "text": "前題", "head": "GA082n0084_p0764a01"}, {"level": "4", "n": "", "type": "其他", "text": "古雪齋看山茶", "head": "GA082n0084_p0764a05"}, {"level": "4", "n": "", "type": "其他", "text": "前題", "head": "GA082n0084_p0764a09"}, {"level": "4", "n": "", "type": "其他", "text": "宿迦葉殿", "head": "GA082n0084_p0765a04"}, {"level": "4", "n": "", "type": "其他", "text": "前題", "head": "GA082n0084_p0765a08"}, {"level": "4", "n": "", "type": "其他", "text": "前題", "head": "GA082n0084_p0766a03"}, {"level": "4", "n": "", "type": "其他", "text": "雞足山送張明府囘賓川", "head": "GA082n0084_p0766a07"}, {"level": "4", "n": "", "type": "其他", "text": "人日雞山", "head": "GA082n0084_p0767a02"}, {"level": "4", "n": "", "type": "其他", "text": "喜李仙盤再遊雞山", "head": "GA082n0084_p0767a06"}, {"level": "4", "n": "", "type": "其他", "text": "前題", "head": "GA082n0084_p0768a01"}, {"level": "4", "n": "", "type": "其他", "text": "前題", "head": "GA082n0084_p0768a05"}, {"level": "4", "n": "", "type": "其他", "text": "華首門", "head": "GA082n0084_p0768a09"}, {"level": "4", "n": "", "type": "其他", "text": "玉龍閣瀑", "head": "GA082n0084_p0769a04"}, {"level": "4", "n": "", "type": "其他", "text": "贈,潤禪師", "head": "GA082n0084_p0769a08"}, {"level": "4", "n": "", "type": "其他", "text": "春日過白井菴，訪南無禪師", "head": "GA082n0084_p0770a03"}, {"level": "4", "n": "", "type": "其他", "text": "掛瓢", "head": "GA082n0084_p0770a07"}, {"level": "4", "n": "", "type": "其他", "text": "白石菴候葉龍溪不至", "head": "GA082n0084_p0771a02"}, {"level": "4", "n": "", "type": "其他", "text": "宿華首門", "head": "GA082n0084_p0771a06"}, {"level": "4", "n": "", "type": "其他", "text": "不知處", "head": "GA082n0084_p0772a01"}, {"level": "4", "n": "", "type": "其他", "text": "古雪齋", "head": "GA082n0084_p0772a05"}, {"level": "4", "n": "", "type": "其他", "text": "牟尼菴", "head": "GA082n0084_p0772a09"}, {"level": "4", "n": "", "type": "其他", "text": "晚步鉢盂菴", "head": "GA082n0084_p0773a04"}, {"level": "4", "n": "", "type": "其他", "text": "再宿迦葉殿", "head": "GA082n0084_p0773a08"}, {"level": "4", "n": "", "type": "其他", "text": "寂光寺看玉蘭花", "head": "GA082n0084_p0774a03"}, {"level": "4", "n": "", "type": "其他", "text": "前題", "head": "GA082n0084_p0774a07"}, {"level": "4", "n": "", "type": "其他", "text": "再看傳衣寺古松", "head": "GA082n0084_p0775a02"}, {"level": "4", "n": "", "type": "其他", "text": "雞足山", "head": "GA082n0084_p0775a06"}, {"level": "4", "n": "", "type": "其他", "text": "雞山除夕", "head": "GA082n0084_p0776a01"}, {"level": "4", "n": "", "type": "其他", "text": "前題", "head": "GA082n0084_p0776a05"}, {"level": "4", "n": "", "type": "其他", "text": "山中送張李兩公囘賓川", "head": "GA082n0084_p0776a09"}, {"level": "4", "n": "", "type": "其他", "text": "前題", "head": "GA082n0084_p0777a04"}, {"level": "4", "n": "", "type": "其他", "text": "山中送張李兩公，歸途有感", "head": "GA082n0084_p0777a08"}, {"level": "4", "n": "", "type": "其他", "text": "前題", "head": "GA082n0084_p0778a03"}, {"level": "4", "n": "", "type": "其他", "text": "前題", "head": "GA082n0084_p0778a07"}, {"level": "4", "n": "", "type": "其他", "text": "登山", "head": "GA082n0084_p0779a02"}, {"level": "4", "n": "", "type": "其他", "text": "重遊雞足", "head": "GA082n0084_p0779a06"}, {"level": "4", "n": "", "type": "其他", "text": "片雲居", "head": "GA082n0084_p0780a01"}, {"level": "4", "n": "", "type": "其他", "text": "白石菴", "head": "GA082n0084_p0780a05"}, {"level": "4", "n": "", "type": "其他", "text": "斷際處習靜", "head": "GA082n0084_p0780a09"}, {"level": "4", "n": "", "type": "其他", "text": "山僧藤杖", "head": "GA082n0084_p0781a04"}, {"level": "4", "n": "", "type": "其他", "text": "山夜靜坐", "head": "GA082n0084_p0781a08"}, {"level": "4", "n": "", "type": "其他", "text": "過悉檀寺", "head": "GA082n0084_p0782a03"}, {"level": "3", "n": "", "type": "其他", "text": "本朝", "head": "GA082n0084_p0782a07"}, {"level": "4", "n": "", "type": "其他", "text": "宿迦葉殿", "head": "GA082n0084_p0782a08"}, {"level": "4", "n": "", "type": "其他", "text": "喜李仙盤再遊雞山", "head": "GA082n0084_p0783a03"}, {"level": "4", "n": "", "type": "其他", "text": "山中送張李兩公，歸途有感", "head": "GA082n0084_p0783a07"}, {"level": "4", "n": "", "type": "其他", "text": "山居", "head": "GA082n0084_p0784a03"}, {"level": "4", "n": "", "type": "其他", "text": "前題", "head": "GA082n0084_p0784a07"}, {"level": "4", "n": "", "type": "其他", "text": "山中待友", "head": "GA082n0084_p0785a02"}, {"level": "4", "n": "", "type": "其他", "text": "雞足山簡友人", "head": "GA082n0084_p0785a06"}, {"level": "4", "n": "", "type": "其他", "text": "山中友人過訪", "head": "GA082n0084_p0786a01"}, {"level": "4", "n": "", "type": "其他", "text": "遊雞足至拈花寺", "head": "GA082n0084_p0786a05"}, {"level": "4", "n": "", "type": "其他", "text": "華首門", "head": "GA082n0084_p0786a09"}, {"level": "4", "n": "", "type": "其他", "text": "晚步鉢盂菴", "head": "GA082n0084_p0787a04"}, {"level": "4", "n": "", "type": "其他", "text": "九蓮寺", "head": "GA082n0084_p0787a08"}, {"level": "4", "n": "", "type": "其他", "text": "寄寄齋看梅", "head": "GA082n0084_p0788a03"}, {"level": "4", "n": "", "type": "其他", "text": "片雲居", "head": "GA082n0084_p0788a07"}, {"level": "2", "n": "", "type": "其他", "text": "七言律詩", "head": "GA082n0084_p0789a02"}, {"level": "3", "n": "", "type": "其他", "text": "明", "head": "GA082n0084_p0789a03"}, {"level": "4", "n": "", "type": "其他", "text": "登頂見佛光", "head": "GA082n0084_p0789a04"}, {"level": "4", "n": "", "type": "其他", "text": "華嚴寺", "head": "GA082n0084_p0789a08"}, {"level": "4", "n": "", "type": "其他", "text": "同王吳二憲使登頂", "head": "GA082n0084_p0790a03"}, {"level": "4", "n": "", "type": "其他", "text": "傳衣寺", "head": "GA082n0084_p0791a02"}, {"level": "4", "n": "", "type": "其他", "text": "銅瓦殿贈袈裟靜僧", "head": "GA082n0084_p0791a06"}, {"level": "4", "n": "", "type": "其他", "text": "大覺寺", "head": "GA082n0084_p0792a01"}, {"level": "4", "n": "", "type": "其他", "text": "遊雞足山", "head": "GA082n0084_p0792a05"}, {"level": "4", "n": "", "type": "其他", "text": "羅漢壁", "head": "GA082n0084_p0792a09"}, {"level": "4", "n": "", "type": "其他", "text": "蘭陀寺", "head": "GA082n0084_p0793a04"}, {"level": "4", "n": "", "type": "其他", "text": "雞足山", "head": "GA082n0084_p0793a08"}, {"level": "4", "n": "", "type": "其他", "text": "前題", "head": "GA082n0084_p0795a02"}, {"level": "4", "n": "", "type": "其他", "text": "前題", "head": "GA082n0084_p0795a06"}, {"level": "4", "n": "", "type": "其他", "text": "前題", "head": "GA082n0084_p0796a01"}, {"level": "4", "n": "", "type": "其他", "text": "前題", "head": "GA082n0084_p0796a05"}, {"level": "4", "n": "", "type": "其他", "text": "登雞足絕頂", "head": "GA082n0084_p0796a09"}, {"level": "4", "n": "", "type": "其他", "text": "前題", "head": "GA082n0084_p0797a04"}, {"level": "4", "n": "", "type": "其他", "text": "前題", "head": "GA082n0084_p0797a08"}, {"level": "4", "n": "", "type": "其他", "text": "留別傳衣寺古松", "head": "GA082n0084_p0798a03"}, {"level": "4", "n": "", "type": "其他", "text": "傳衣寺", "head": "GA082n0084_p0798a07"}, {"level": "4", "n": "", "type": "其他", "text": "悉檀寺", "head": "GA082n0084_p0799a02"}, {"level": "4", "n": "", "type": "其他", "text": "古雪齋贈安仁禪師", "head": "GA082n0084_p0799a06"}, {"level": "4", "n": "", "type": "其他", "text": "迦葉殿留宿", "head": "GA082n0084_p0800a01"}, {"level": "4", "n": "", "type": "其他", "text": "隆祥寺遇南無禪師（余鄉人也），有感而賦", "head": "GA082n0084_p0800a05"}, {"level": "4", "n": "", "type": "其他", "text": "扣華首門", "head": "GA082n0084_p0801a01"}, {"level": "4", "n": "", "type": "其他", "text": "登雞山絕頂，晤眼藏上人", "head": "GA082n0084_p0801a05"}, {"level": "4", "n": "", "type": "其他", "text": "壁間留題", "head": "GA082n0084_p0801a09"}, {"level": "4", "n": "", "type": "其他", "text": "雞足僧弘辯請藏浙中，因遊天台", "head": "GA082n0084_p0802a04"}, {"level": "4", "n": "", "type": "其他", "text": "傳衣古松", "head": "GA082n0084_p0802a09"}, {"level": "4", "n": "", "type": "其他", "text": "送僧還雞足", "head": "GA082n0084_p0803a04"}, {"level": "4", "n": "", "type": "其他", "text": "古雪齋", "head": "GA082n0084_p0803a08"}, {"level": "4", "n": "", "type": "其他", "text": "石鐘寺", "head": "GA082n0084_p0804a03"}, {"level": "4", "n": "", "type": "其他", "text": "過大覺寺", "head": "GA082n0084_p0804a07"}, {"level": "4", "n": "", "type": "其他", "text": "西竺寺", "head": "GA082n0084_p0805a02"}, {"level": "4", "n": "", "type": "其他", "text": "大士閣", "head": "GA082n0084_p0805a06"}, {"level": "4", "n": "", "type": "其他", "text": "登雞山絕頂", "head": "GA082n0084_p0806a01"}, {"level": "4", "n": "", "type": "其他", "text": "羅漢壁", "head": "GA082n0084_p0806a05"}, {"level": "4", "n": "", "type": "其他", "text": "雞山絕頂", "head": "GA082n0084_p0806a09"}, {"level": "4", "n": "", "type": "其他", "text": "廣恩寺分烟樓", "head": "GA082n0084_p0807a04"}, {"level": "4", "n": "", "type": "其他", "text": "羅漢壁橫覽有禮佛臺、仙人碁、玄關洞及迦葉寺、標月樓、藏經塔諸勝", "head": "GA082n0084_p0807a08"}, {"level": "4", "n": "", "type": "其他", "text": "雞足山絕頂", "head": "GA082n0084_p0808a04"}, {"level": "4", "n": "", "type": "其他", "text": "傳衣寺看杜鵑花有感", "head": "GA082n0084_p0808a08"}, {"level": "4", "n": "", "type": "其他", "text": "宿三空靜室", "head": "GA082n0084_p0809a03"}, {"level": "4", "n": "", "type": "其他", "text": "遊華首門", "head": "GA082n0084_p0809a07"}, {"level": "4", "n": "", "type": "其他", "text": "雞足山絕頂", "head": "GA082n0084_p0810a02"}, {"level": "4", "n": "", "type": "其他", "text": "華藏洞", "head": "GA082n0084_p0810a06"}, {"level": "4", "n": "", "type": "其他", "text": "懷雞足山", "head": "GA082n0084_p0811a01"}, {"level": "4", "n": "", "type": "其他", "text": "四觀峰頂", "head": "GA082n0084_p0811a05"}, {"level": "4", "n": "", "type": "其他", "text": "再遊雞足山", "head": "GA082n0084_p0811a09"}, {"level": "4", "n": "", "type": "其他", "text": "珠簾水", "head": "GA082n0084_p0812a04"}, {"level": "4", "n": "", "type": "其他", "text": "登四觀峰", "head": "GA082n0084_p0812a08"}, {"level": "4", "n": "", "type": "其他", "text": "雞山雜詠", "head": "GA082n0084_p0813a03"}, {"level": "4", "n": "", "type": "其他", "text": "除夕山中同嚴復如", "head": "GA082n0084_p0814a02"}, {"level": "4", "n": "", "type": "其他", "text": "友人攜酒入山", "head": "GA082n0084_p0814a06"}, {"level": "4", "n": "", "type": "其他", "text": "尊勝塔院看落梅", "head": "GA082n0084_p0815a01"}, {"level": "4", "n": "", "type": "其他", "text": "前題", "head": "GA082n0084_p0816a08"}, {"level": "4", "n": "", "type": "其他", "text": "前題", "head": "GA082n0084_p0817a03"}, {"level": "4", "n": "", "type": "其他", "text": "前題", "head": "GA082n0084_p0817a07"}, {"level": "4", "n": "", "type": "其他", "text": "片雲居海棠", "head": "GA082n0084_p0818a02"}, {"level": "4", "n": "", "type": "其他", "text": "過鉢盂菴，登絕頂，望三塔", "head": "GA082n0084_p0819a01"}, {"level": "4", "n": "", "type": "其他", "text": "雞山道中曉望", "head": "GA082n0084_p0819a05"}, {"level": "4", "n": "", "type": "其他", "text": "九重崖散步", "head": "GA082n0084_p0819a09"}, {"level": "4", "n": "", "type": "其他", "text": "夏日獅林小憇", "head": "GA082n0084_p0820a04"}, {"level": "3", "n": "", "type": "其他", "text": "本朝", "head": "GA082n0084_p0820a08"}, {"level": "4", "n": "", "type": "其他", "text": "宿悉檀寺", "head": "GA082n0084_p0820a09"}, {"level": "4", "n": "", "type": "其他", "text": "過九蓮寺", "head": "GA082n0084_p0821a04"}, {"level": "4", "n": "", "type": "其他", "text": "水月菴", "head": "GA082n0084_p0821a08"}, {"level": "4", "n": "", "type": "其他", "text": "領勅還山", "head": "GA082n0084_p0822a03"}, {"level": "4", "n": "", "type": "其他", "text": "雞足山", "head": "GA082n0084_p0822a07"}, {"level": "4", "n": "", "type": "其他", "text": "古雪齋", "head": "GA082n0084_p0823a02"}, {"level": "4", "n": "", "type": "其他", "text": "雞足山", "head": "GA082n0084_p0823a06"}, {"level": "4", "n": "", "type": "其他", "text": "前題", "head": "GA082n0084_p0824a01"}, {"level": "4", "n": "", "type": "其他", "text": "前題", "head": "GA082n0084_p0824a05"}, {"level": "4", "n": "", "type": "其他", "text": "再遊雞足山", "head": "GA082n0084_p0824a09"}, {"level": "4", "n": "", "type": "其他", "text": "珠簾水", "head": "GA082n0084_p0825a04"}, {"level": "4", "n": "", "type": "其他", "text": "尊勝塔院看落梅", "head": "GA082n0084_p0825a08"}, {"level": "4", "n": "", "type": "其他", "text": "前題", "head": "GA082n0084_p0826a07"}, {"level": "4", "n": "", "type": "其他", "text": "前題", "head": "GA082n0084_p0827a02"}, {"level": "4", "n": "", "type": "其他", "text": "片雲居海棠", "head": "GA082n0084_p0827a06"}, {"level": "4", "n": "", "type": "其他", "text": "雞足道中即事", "head": "GA082n0084_p0828a01"}, {"level": "4", "n": "", "type": "其他", "text": "登雞足山絕頂", "head": "GA082n0084_p0828a05"}, {"level": "4", "n": "", "type": "其他", "text": "雞足山", "head": "GA082n0084_p0828a09"}, {"level": "4", "n": "", "type": "其他", "text": "獅子林", "head": "GA082n0084_p0829a04"}, {"level": "4", "n": "", "type": "其他", "text": "雨後遊玩虎居", "head": "GA082n0084_p0829a08"}, {"level": "4", "n": "", "type": "其他", "text": "雞足山", "head": "GA082n0084_p0830a03"}, {"level": "2", "n": "", "type": "其他", "text": "五言排律", "head": "GA082n0084_p0830a07"}, {"level": "3", "n": "", "type": "其他", "text": "子春，大,和尚修志雞山，命余二人徧搜勝蹟，留宿絕頂聯句", "head": "GA082n0084_p0830a08"}, {"level": "3", "n": "", "type": "其他", "text": "片雲居詠梅聯句", "head": "GA082n0084_p0831a08"}, {"level": "3", "n": "", "type": "其他", "text": "雞足山絕頂", "head": "GA082n0084_p0832a05"}, {"level": "3", "n": "", "type": "其他", "text": "雞足山", "head": "GA082n0084_p0833a02"}, {"level": "2", "n": "", "type": "其他", "text": "七言排律", "head": "GA082n0084_p0833a09"}, {"level": "3", "n": "", "type": "其他", "text": "雞足山絕頂聯句", "head": "GA082n0084_p0834a01"}, {"level": "3", "n": "", "type": "其他", "text": "登雞山頂", "head": "GA082n0084_p0837a01"}, {"level": "2", "n": "", "type": "其他", "text": "五言絕句", "head": "GA082n0084_p0838a03"}, {"level": "3", "n": "", "type": "其他", "text": "明", "head": "GA082n0084_p0838a04"}, {"level": "4", "n": "", "type": "其他", "text": "題三獻峽", "head": "GA082n0084_p0838a05"}, {"level": "4", "n": "", "type": "其他", "text": "袈裟寺", "head": "GA082n0084_p0838a08"}, {"level": "4", "n": "", "type": "其他", "text": "尋楊黼洞", "head": "GA082n0084_p0839a02"}, {"level": "4", "n": "", "type": "其他", "text": "過白鹿洞", "head": "GA082n0084_p0839a05"}, {"level": "4", "n": "", "type": "其他", "text": "九子溪", "head": "GA082n0084_p0839a08"}, {"level": "4", "n": "", "type": "其他", "text": "憶獅子林舊居", "head": "GA082n0084_p0840a02"}, {"level": "4", "n": "", "type": "其他", "text": "山齋落花", "head": "GA082n0084_p0840a05"}, {"level": "4", "n": "", "type": "其他", "text": "黃葉坳", "head": "GA082n0084_p0840a08"}, {"level": "4", "n": "", "type": "其他", "text": "山中夜坐", "head": "GA082n0084_p0841a02"}, {"level": "4", "n": "", "type": "其他", "text": "山夜", "head": "GA082n0084_p0841a08"}, {"level": "4", "n": "", "type": "其他", "text": "山居吟", "head": "GA082n0084_p0842a02"}, {"level": "4", "n": "", "type": "其他", "text": "雲起", "head": "GA082n0084_p0842a05"}, {"level": "4", "n": "", "type": "其他", "text": "松下獨坐", "head": "GA082n0084_p0842a08"}, {"level": "4", "n": "", "type": "其他", "text": "石", "head": "GA082n0084_p0843a02"}, {"level": "4", "n": "", "type": "其他", "text": "新竹", "head": "GA082n0084_p0843a05"}, {"level": "4", "n": "", "type": "其他", "text": "竹間看雲", "head": "GA082n0084_p0843a08"}, {"level": "4", "n": "", "type": "其他", "text": "雨過", "head": "GA082n0084_p0844a02"}, {"level": "4", "n": "", "type": "其他", "text": "山夜鐘", "head": "GA082n0084_p0844a05"}, {"level": "4", "n": "", "type": "其他", "text": "竹間待月", "head": "GA082n0084_p0844a08"}, {"level": "4", "n": "", "type": "其他", "text": "山中秋夜", "head": "GA082n0084_p0845a02"}, {"level": "4", "n": "", "type": "其他", "text": "塔院眺望", "head": "GA082n0084_p0845a05"}, {"level": "3", "n": "", "type": "其他", "text": "本朝", "head": "GA082n0084_p0845a08"}, {"level": "4", "n": "", "type": "其他", "text": "白石崖", "head": "GA082n0084_p0845a09"}, {"level": "4", "n": "", "type": "其他", "text": "宿傳衣寺", "head": "GA082n0084_p0846a03"}, {"level": "4", "n": "", "type": "其他", "text": "飛泉", "head": "GA082n0084_p0846a06"}, {"level": "4", "n": "", "type": "其他", "text": "瀑布", "head": "GA082n0084_p0846a09"}, {"level": "4", "n": "", "type": "其他", "text": "遊山遇雨", "head": "GA082n0084_p0847a03"}, {"level": "2", "n": "", "type": "其他", "text": "六言絕句", "head": "GA082n0084_p0847a06"}, {"level": "3", "n": "", "type": "其他", "text": "明", "head": "GA082n0084_p0847a07"}, {"level": "4", "n": "", "type": "其他", "text": "所菴來掃徧融師塔，仍還滇", "head": "GA082n0084_p0847a08"}, {"level": "4", "n": "", "type": "其他", "text": "傳衣寺", "head": "GA082n0084_p0848a03"}, {"level": "4", "n": "", "type": "其他", "text": "山居吟", "head": "GA082n0084_p0848a06"}, {"level": "4", "n": "", "type": "其他", "text": "華首門獨步", "head": "GA082n0084_p0849a03"}, {"level": "4", "n": "", "type": "其他", "text": "獨坐聞鐘", "head": "GA082n0084_p0849a06"}, {"level": "4", "n": "", "type": "其他", "text": "白雲窩", "head": "GA082n0084_p0849a09"}, {"level": "4", "n": "", "type": "其他", "text": "落照", "head": "GA082n0084_p0850a03"}, {"level": "4", "n": "", "type": "其他", "text": "山居", "head": "GA082n0084_p0850a06"}, {"level": "4", "n": "", "type": "其他", "text": "松下煑茶", "head": "GA082n0084_p0850a09"}, {"level": "4", "n": "", "type": "其他", "text": "山居雜詠", "head": "GA082n0084_p0851a03"}, {"level": "4", "n": "", "type": "其他", "text": "山齋晚坐", "head": "GA082n0084_p0851a06"}, {"level": "4", "n": "", "type": "其他", "text": "山居吟", "head": "GA082n0084_p0852a03"}, {"level": "4", "n": "", "type": "其他", "text": "古雪齋丈室", "head": "GA082n0084_p0852a09"}, {"level": "3", "n": "", "type": "其他", "text": "本朝", "head": "GA082n0084_p0853a03"}, {"level": "4", "n": "", "type": "其他", "text": "山居吟", "head": "GA082n0084_p0853a04"}, {"level": "4", "n": "", "type": "其他", "text": "山中作", "head": "GA082n0084_p0854a04"}, {"level": "4", "n": "", "type": "其他", "text": "山居", "head": "GA082n0084_p0854a07"}, {"level": "4", "n": "", "type": "其他", "text": "山居雜詠", "head": "GA082n0084_p0855a01"}, {"level": "4", "n": "", "type": "其他", "text": "山中偶作", "head": "GA082n0084_p0855a04"}, {"level": "2", "n": "", "type": "其他", "text": "七言絕句", "head": "GA082n0084_p0855a07"}, {"level": "3", "n": "", "type": "其他", "text": "明", "head": "GA082n0084_p0855a08"}, {"level": "4", "n": "", "type": "其他", "text": "圓通寺崖壁", "head": "GA082n0084_p0855a09"}, {"level": "4", "n": "", "type": "其他", "text": "壽雞山和雅禪師", "head": "GA082n0084_p0856a03"}, {"level": "4", "n": "", "type": "其他", "text": "玉龍閣觀瀑", "head": "GA082n0084_p0857a06"}, {"level": "4", "n": "", "type": "其他", "text": "和李中谿〈約遊雞足〉", "head": "GA082n0084_p0857a09"}, {"level": "4", "n": "", "type": "其他", "text": "觀風閣", "head": "GA082n0084_p0858a03"}, {"level": "4", "n": "", "type": "其他", "text": "和雅法師從吳門還", "head": "GA082n0084_p0858a06"}, {"level": "4", "n": "", "type": "其他", "text": "直指朱公遊雞足，因贈", "head": "GA082n0084_p0858a09"}, {"level": "4", "n": "", "type": "其他", "text": "迦葉殿", "head": "GA082n0084_p0859a03"}, {"level": "4", "n": "", "type": "其他", "text": "雞山雜詠", "head": "GA082n0084_p0859a06"}, {"level": "4", "n": "", "type": "其他", "text": "雞足山", "head": "GA082n0084_p0860a09"}, {"level": "4", "n": "", "type": "其他", "text": "和雅法師說法吳楚，後還雞山，將廿年矣，有懷,寄", "head": "GA082n0084_p0861a03"}, {"level": "4", "n": "", "type": "其他", "text": "寄寂光寺水月禪師", "head": "GA082n0084_p0861a07"}, {"level": "4", "n": "", "type": "其他", "text": "登雞山絕頂", "head": "GA082n0084_p0862a01"}, {"level": "4", "n": "", "type": "其他", "text": "仙奕石", "head": "GA082n0084_p0862a04"}, {"level": "4", "n": "", "type": "其他", "text": "遊仙掌峰，獨宿華首門", "head": "GA082n0084_p0862a07"}, {"level": "4", "n": "", "type": "其他", "text": "雞山夢中得句", "head": "GA082n0084_p0863a01"}, {"level": "4", "n": "", "type": "其他", "text": "山中晚烟", "head": "GA082n0084_p0863a04"}, {"level": "4", "n": "", "type": "其他", "text": "夢題〈爛柯圖〉", "head": "GA082n0084_p0863a07"}, {"level": "4", "n": "", "type": "其他", "text": "溪邊晚眺", "head": "GA082n0084_p0864a01"}, {"level": "4", "n": "", "type": "其他", "text": "山居", "head": "GA082n0084_p0864a04"}, {"level": "4", "n": "", "type": "其他", "text": "過玄鹿洞", "head": "GA082n0084_p0864a07"}, {"level": "4", "n": "", "type": "其他", "text": "蒲團", "head": "GA082n0084_p0865a01"}, {"level": "4", "n": "", "type": "其他", "text": "華藏洞", "head": "GA082n0084_p0865a04"}, {"level": "4", "n": "", "type": "其他", "text": "山牕瓶花", "head": "GA082n0084_p0865a07"}, {"level": "4", "n": "", "type": "其他", "text": "山齋紙簾", "head": "GA082n0084_p0866a01"}, {"level": "4", "n": "", "type": "其他", "text": "華首門", "head": "GA082n0084_p0866a04"}, {"level": "4", "n": "", "type": "其他", "text": "山中送別", "head": "GA082n0084_p0866a07"}, {"level": "4", "n": "", "type": "其他", "text": "初到雞足山", "head": "GA082n0084_p0867a01"}, {"level": "4", "n": "", "type": "其他", "text": "華首門", "head": "GA082n0084_p0867a04"}, {"level": "4", "n": "", "type": "其他", "text": "雞山散步", "head": "GA082n0084_p0867a07"}, {"level": "3", "n": "", "type": "其他", "text": "本朝", "head": "GA082n0084_p0868a01"}, {"level": "4", "n": "", "type": "其他", "text": "登四觀峰", "head": "GA082n0084_p0868a02"}, {"level": "4", "n": "", "type": "其他", "text": "華首門", "head": "GA082n0084_p0868a05"}, {"level": "4", "n": "", "type": "其他", "text": "前題", "head": "GA082n0084_p0868a08"}, {"level": "4", "n": "", "type": "其他", "text": "佛燈", "head": "GA082n0084_p0869a02"}, {"level": "4", "n": "", "type": "其他", "text": "山居秋暮", "head": "GA082n0084_p0869a05"}, {"level": "4", "n": "", "type": "其他", "text": "雞山八景", "head": "GA082n0084_p0869a08"}, {"level": "5", "n": "", "type": "其他", "text": "天柱佛光", "head": "GA082n0084_p0869a09"}, {"level": "5", "n": "", "type": "其他", "text": "華首晴雷", "head": "GA082n0084_p0870a03"}, {"level": "5", "n": "", "type": "其他", "text": "蒼山積雪", "head": "GA082n0084_p0870a06"}, {"level": "5", "n": "", "type": "其他", "text": "前題", "head": "GA082n0084_p0870a09"}, {"level": "5", "n": "", "type": "其他", "text": "前題", "head": "GA082n0084_p0871a03"}, {"level": "5", "n": "", "type": "其他", "text": "洱海迴嵐", "head": "GA082n0084_p0871a06"}, {"level": "5", "n": "", "type": "其他", "text": "前題", "head": "GA082n0084_p0871a09"}, {"level": "5", "n": "", "type": "其他", "text": "塔院秋月", "head": "GA082n0084_p0874a03"}, {"level": "5", "n": "", "type": "其他", "text": "前題", "head": "GA082n0084_p0874a06"}, {"level": "5", "n": "", "type": "其他", "text": "萬壑松濤", "head": "GA082n0084_p0874a09"}, {"level": "5", "n": "", "type": "其他", "text": "飛瀑穿雲", "head": "GA082n0084_p0875a03"}, {"level": "5", "n": "", "type": "其他", "text": "前題", "head": "GA082n0084_p0875a06"}, {"level": "5", "n": "", "type": "其他", "text": "前題", "head": "GA082n0084_p0875a09"}, {"level": "5", "n": "", "type": "其他", "text": "重崖返炤", "head": "GA082n0084_p0872a03"}, {"level": "5", "n": "", "type": "其他", "text": "前題", "head": "GA082n0084_p0872a06"}, {"level": "5", "n": "", "type": "其他", "text": "前題", "head": "GA082n0084_p0872a09"}, {"level": "5", "n": "", "type": "其他", "text": "前題", "head": "GA082n0084_p0873a03"}, {"level": "4", "n": "", "type": "其他", "text": "登華首山", "head": "GA082n0084_p0873a06"}, {"level": "4", "n": "", "type": "其他", "text": "登鷄足山絕頂", "head": "GA082n0084_p0876a07"}, {"level": "4", "n": "", "type": "其他", "text": "舍弟（恕恆）作牧賓川，書來，極道鷄足山之勝，因成長句，寄題其上", "head": "GA082n0084_p0877a02"}, {"level": "4", "n": "", "type": "其他", "text": "天柱佛光", "head": "GA082n0084_p0879a03"}, {"level": "4", "n": "", "type": "其他", "text": "華首晴雷", "head": "GA082n0084_p0879a07"}, {"level": "4", "n": "", "type": "其他", "text": "蒼山積雪", "head": "GA082n0084_p0880a02"}, {"level": "4", "n": "", "type": "其他", "text": "洱海迴嵐", "head": "GA082n0084_p0880a06"}, {"level": "4", "n": "", "type": "其他", "text": "萬壑松濤", "head": "GA082n0084_p0881a01"}, {"level": "4", "n": "", "type": "其他", "text": "塔院秋月", "head": "GA082n0084_p0881a05"}, {"level": "4", "n": "", "type": "其他", "text": "瀑布穿雲", "head": "GA082n0084_p0881a09"}, {"level": "4", "n": "", "type": "其他", "text": "重崖返炤", "head": "GA082n0084_p0882a04"}, {"level": "4", "n": "", "type": "其他", "text": "遊雞足山諸禪院，並登絕頂", "head": "GA082n0084_p0883a01"}]