[{"level": "1", "n": "1", "type": "品", "text": "1 長者賢護品", "head": "T11n0316_p0781a07"}, {"level": "2", "n": "", "type": "", "text": "1", "head": "T11n0316_p0781a07"}, {"level": "2", "n": "", "type": "", "text": "2", "head": "T11n0316_p0783a14"}, {"level": "2", "n": "", "type": "", "text": "3", "head": "T11n0316_p0785b02"}, {"level": "2", "n": "", "type": "", "text": "4", "head": "T11n0316_p0787b10"}, {"level": "1", "n": "2", "type": "品", "text": "2 無怖夜叉品", "head": "T11n0316_p0789c12"}, {"level": "1", "n": "3", "type": "品", "text": "3 菩薩觀察品", "head": "T11n0316_p0792b13"}, {"level": "2", "n": "", "type": "", "text": "1", "head": "T11n0316_p0792b13"}, {"level": "2", "n": "", "type": "", "text": "2", "head": "T11n0316_p0794b02"}, {"level": "1", "n": "4", "type": "品", "text": "4 如來不思議品", "head": "T11n0316_p0795a10"}, {"level": "2", "n": "", "type": "", "text": "1", "head": "T11n0316_p0795a10"}, {"level": "2", "n": "", "type": "", "text": "2", "head": "T11n0316_p0797a02"}, {"level": "2", "n": "", "type": "", "text": "3", "head": "T11n0316_p0799a13"}, {"level": "2", "n": "", "type": "", "text": "4", "head": "T11n0316_p0801b23"}, {"level": "2", "n": "", "type": "", "text": "5", "head": "T11n0316_p0804b02"}, {"level": "2", "n": "", "type": "", "text": "6", "head": "T11n0316_p0806c17"}, {"level": "2", "n": "", "type": "", "text": "7", "head": "T11n0316_p0809c09"}, {"level": "2", "n": "", "type": "", "text": "8", "head": "T11n0316_p0812b09"}, {"level": "2", "n": "", "type": "", "text": "9", "head": "T11n0316_p0815b02"}, {"level": "2", "n": "", "type": "", "text": "10", "head": "T11n0316_p0817c10"}, {"level": "1", "n": "9", "type": "品", "text": "5 慈悲喜捨品", "head": "T11n0316_p0819a25"}, {"level": "2", "n": "", "type": "", "text": "1", "head": "T11n0316_p0819a25"}, {"level": "2", "n": "", "type": "", "text": "2", "head": "T11n0316_p0820b02"}, {"level": "1", "n": "10", "type": "品", "text": "6 布施波羅蜜多品", "head": "T11n0316_p0822b09"}, {"level": "2", "n": "", "type": "", "text": "1", "head": "T11n0316_p0822b09"}, {"level": "2", "n": "", "type": "", "text": "2", "head": "T11n0316_p0823a02"}, {"level": "1", "n": "11", "type": "品", "text": "7 持戒波羅蜜多品", "head": "T11n0316_p0824c12"}, {"level": "2", "n": "", "type": "", "text": "1", "head": "T11n0316_p0824c12"}, {"level": "2", "n": "", "type": "", "text": "2", "head": "T11n0316_p0825c02"}, {"level": "2", "n": "", "type": "", "text": "3", "head": "T11n0316_p0828c02"}, {"level": "2", "n": "", "type": "", "text": "4", "head": "T11n0316_p0831c16"}, {"level": "2", "n": "", "type": "", "text": "5", "head": "T11n0316_p0834a22"}, {"level": "2", "n": "", "type": "", "text": "6", "head": "T11n0316_p0837b20"}, {"level": "2", "n": "", "type": "", "text": "7", "head": "T11n0316_p0840a14"}, {"level": "1", "n": "12", "type": "品", "text": "8 忍辱波羅蜜多品", "head": "T11n0316_p0841b05"}, {"level": "2", "n": "", "type": "", "text": "1", "head": "T11n0316_p0841b05"}, {"level": "2", "n": "", "type": "", "text": "2", "head": "T11n0316_p0843b02"}, {"level": "1", "n": "13", "type": "品", "text": "9 精進波羅蜜多品", "head": "T11n0316_p0843c23"}, {"level": "2", "n": "", "type": "", "text": "1", "head": "T11n0316_p0843c23"}, {"level": "2", "n": "", "type": "", "text": "2", "head": "T11n0316_p0846a18"}, {"level": "2", "n": "", "type": "", "text": "3", "head": "T11n0316_p0849b20"}, {"level": "2", "n": "", "type": "", "text": "4", "head": "T11n0316_p0853a02"}, {"level": "2", "n": "", "type": "", "text": "5", "head": "T11n0316_p0856b25"}, {"level": "2", "n": "", "type": "", "text": "6", "head": "T11n0316_p0859a20"}, {"level": "2", "n": "", "type": "", "text": "7", "head": "T11n0316_p0861c22"}, {"level": "1", "n": "14", "type": "品", "text": "10 禪定波羅蜜多品", "head": "T11n0316_p0863a09"}, {"level": "2", "n": "", "type": "", "text": "1", "head": "T11n0316_p0863a09"}, {"level": "2", "n": "", "type": "", "text": "2", "head": "T11n0316_p0864a17"}, {"level": "2", "n": "", "type": "", "text": "3", "head": "T11n0316_p0866c20"}, {"level": "1", "n": "15", "type": "品", "text": "11 勝慧波羅蜜多品", "head": "T11n0316_p0868b14"}, {"level": "2", "n": "", "type": "", "text": "1", "head": "T11n0316_p0868b14"}, {"level": "2", "n": "", "type": "", "text": "2", "head": "T11n0316_p0869c23"}, {"level": "2", "n": "", "type": "", "text": "3", "head": "T11n0316_p0872b15"}, {"level": "2", "n": "", "type": "", "text": "4", "head": "T11n0316_p0874c16"}, {"level": "2", "n": "", "type": "", "text": "5", "head": "T11n0316_p0877a14"}, {"level": "2", "n": "", "type": "", "text": "6", "head": "T11n0316_p0879b09"}, {"level": "2", "n": "", "type": "", "text": "7", "head": "T11n0316_p0881c19"}, {"level": "2", "n": "", "type": "", "text": "8", "head": "T11n0316_p0883c02"}]