[{"level": "1", "n": "1", "type": "品", "text": "1 菩薩身密品", "head": "T11n0312_p0704b19"}, {"level": "2", "n": "", "type": "", "text": "1", "head": "T11n0312_p0704b19"}, {"level": "2", "n": "", "type": "", "text": "2", "head": "T11n0312_p0707a02"}, {"level": "1", "n": "2", "type": "品", "text": "2 菩薩語密品", "head": "T11n0312_p0709b21"}, {"level": "1", "n": "3", "type": "品", "text": "3 菩薩心密品", "head": "T11n0312_p0711a16"}, {"level": "1", "n": "4", "type": "品", "text": "4 震吼音聲菩薩來會品", "head": "T11n0312_p0712b14"}, {"level": "1", "n": "5", "type": "品", "text": "5 持國輪王先行品", "head": "T11n0312_p0712c08"}, {"level": "2", "n": "", "type": "", "text": "1", "head": "T11n0312_p0712c08"}, {"level": "2", "n": "", "type": "", "text": "2", "head": "T11n0312_p0714a02"}, {"level": "1", "n": "6", "type": "品", "text": "6 菩提道品", "head": "T11n0312_p0716a24"}, {"level": "1", "n": "7", "type": "品", "text": "7 如來身密不思議品", "head": "T11n0312_p0716c05"}, {"level": "1", "n": "8", "type": "品", "text": "8 如來語密不思議品", "head": "T11n0312_p0719b19"}, {"level": "2", "n": "", "type": "", "text": "1", "head": "T11n0312_p0719b19"}, {"level": "2", "n": "", "type": "", "text": "2", "head": "T11n0312_p0721b09"}, {"level": "1", "n": "9", "type": "品", "text": "9 如來心密不思議品", "head": "T11n0312_p0724c07"}, {"level": "1", "n": "10", "type": "品", "text": "10 稱讚金剛手菩薩大祕密主功德品", "head": "T11n0312_p0725b05"}, {"level": "1", "n": "11", "type": "品", "text": "11 菩薩苦行超勝以受食緣成熟眾生品", "head": "T11n0312_p0725c07"}, {"level": "1", "n": "12", "type": "品", "text": "12 菩薩詣菩提場品", "head": "T11n0312_p0726b20"}, {"level": "1", "n": "13", "type": "品", "text": "13 降魔品", "head": "T11n0312_p0729a11"}, {"level": "1", "n": "14", "type": "品", "text": "14 轉法輪品", "head": "T11n0312_p0730a13"}, {"level": "1", "n": "15", "type": "品", "text": "15 所緣品", "head": "T11n0312_p0732a19"}, {"level": "1", "n": "16", "type": "品", "text": "16 金剛手菩薩大祕密主授記品", "head": "T11n0312_p0734c17"}, {"level": "1", "n": "17", "type": "品", "text": "17 無二無說品", "head": "T11n0312_p0736a29"}, {"level": "1", "n": "18", "type": "品", "text": "18 入曠野大城受食品", "head": "T11n0312_p0737a11"}, {"level": "2", "n": "", "type": "", "text": "1", "head": "T11n0312_p0737a11"}, {"level": "2", "n": "", "type": "", "text": "2", "head": "T11n0312_p0737c12"}, {"level": "1", "n": "19", "type": "品", "text": "19 護世品", "head": "T11n0312_p0739b18"}, {"level": "1", "n": "20", "type": "品", "text": "20 去來品", "head": "T11n0312_p0742a06"}, {"level": "1", "n": "21", "type": "品", "text": "21 勇力菩薩先行品", "head": "T11n0312_p0743b20"}, {"level": "1", "n": "22", "type": "品", "text": "22 阿闍世王問答品", "head": "T11n0312_p0744c17"}, {"level": "1", "n": "23", "type": "品", "text": "23 賢王天子品", "head": "T11n0312_p0746c06"}, {"level": "1", "n": "24", "type": "品", "text": "24 總持功德讚說譬喻無盡品", "head": "T11n0312_p0747b25"}, {"level": "1", "n": "25", "type": "品", "text": "25 囑累正法品", "head": "T11n0312_p0749a22"}]