[{"level": "1", "n": "", "type": "序", "text": "并序", "head": "T11n0310_p0001a03"}, {"level": "1", "n": "", "type": "序", "text": "述", "head": "T11n0310_p0001b22"}, {"level": "1", "n": "1", "type": "其他", "text": "1 三律儀會", "head": "T11n0310_p0002b10"}, {"level": "2", "n": "", "type": "", "text": "1", "head": "T11n0310_p0002b10"}, {"level": "2", "n": "", "type": "", "text": "2", "head": "T11n0310_p0006b15"}, {"level": "2", "n": "", "type": "", "text": "3", "head": "T11n0310_p0013a06"}, {"level": "1", "n": "2", "type": "其他", "text": "2 無邊莊嚴會", "head": "T11n0310_p0020b06"}, {"level": "2", "n": "1", "type": "品", "text": "1 無上陀羅尼品", "head": "T11n0310_p0020b06"}, {"level": "3", "n": "", "type": "", "text": "1", "head": "T11n0310_p0020b06"}, {"level": "3", "n": "", "type": "", "text": "2", "head": "T11n0310_p0025c11"}, {"level": "2", "n": "", "type": "其他", "text": "2 出離陀羅尼品", "head": "T11n0310_p0031b16"}, {"level": "2", "n": "3", "type": "品", "text": "3 清淨陀羅尼品", "head": "T11n0310_p0033c26"}, {"level": "3", "n": "", "type": "", "text": "1", "head": "T11n0310_p0033c26"}, {"level": "3", "n": "", "type": "", "text": "2", "head": "T11n0310_p0036c04"}, {"level": "1", "n": "4", "type": "其他", "text": "3 密跡金剛力士會", "head": "T11n0310_p0042b07"}, {"level": "2", "n": "", "type": "", "text": "1", "head": "T11n0310_p0042b07"}, {"level": "2", "n": "", "type": "", "text": "2", "head": "T11n0310_p0047b02"}, {"level": "2", "n": "", "type": "", "text": "3", "head": "T11n0310_p0053b05"}, {"level": "2", "n": "", "type": "", "text": "4", "head": "T11n0310_p0059c02"}, {"level": "2", "n": "", "type": "", "text": "5", "head": "T11n0310_p0065a02"}, {"level": "2", "n": "", "type": "", "text": "6", "head": "T11n0310_p0069c14"}, {"level": "2", "n": "", "type": "", "text": "7", "head": "T11n0310_p0075c05"}, {"level": "1", "n": "5", "type": "其他", "text": "4 淨居天子會", "head": "T11n0310_p0080c15"}, {"level": "2", "n": "", "type": "", "text": "1", "head": "T11n0310_p0080c15"}, {"level": "2", "n": "", "type": "", "text": "2", "head": "T11n0310_p0085c19"}, {"level": "1", "n": "6", "type": "其他", "text": "5 無量壽如來會", "head": "T11n0310_p0091c05"}, {"level": "2", "n": "", "type": "其他", "text": "法會聖眾第一", "head": "T11n0310_p0091c06"}, {"level": "2", "n": "", "type": "其他", "text": "阿難啟請第二", "head": "T11n0310_p0092b13"}, {"level": "2", "n": "", "type": "其他", "text": "佛許宣說第三", "head": "T11n0310_p0092b23"}, {"level": "2", "n": "", "type": "其他", "text": "古佛出興第四", "head": "T11n0310_p0092c07"}, {"level": "2", "n": "", "type": "其他", "text": "法處讚佛第五", "head": "T11n0310_p0092c27"}, {"level": "2", "n": "", "type": "其他", "text": "攝受淨剎第六", "head": "T11n0310_p0093a24"}, {"level": "2", "n": "", "type": "其他", "text": "發大誓願第七", "head": "T11n0310_p0093b12"}, {"level": "2", "n": "", "type": "其他", "text": "說頌自要第八", "head": "T11n0310_p0094c27"}, {"level": "2", "n": "", "type": "其他", "text": "修菩薩行第九", "head": "T11n0310_p0095a24"}, {"level": "2", "n": "", "type": "其他", "text": "成佛時處第十", "head": "T11n0310_p0095c12"}, {"level": "2", "n": "", "type": "其他", "text": "明無量第十一", "head": "T11n0310_p0095c17"}, {"level": "2", "n": "", "type": "其他", "text": "聖眾無量第十二", "head": "T11n0310_p0096a01"}, {"level": "2", "n": "", "type": "其他", "text": "壽命無量第十三", "head": "T11n0310_p0096a18"}, {"level": "2", "n": "", "type": "其他", "text": "國界嚴淨第十四", "head": "T11n0310_p0096a22"}, {"level": "2", "n": "", "type": "其他", "text": "寶樹莊嚴第十五", "head": "T11n0310_p0096a27"}, {"level": "2", "n": "", "type": "其他", "text": "佛菩提樹第十六", "head": "T11n0310_p0096b15"}, {"level": "2", "n": "", "type": "其他", "text": "地平無山第十七", "head": "T11n0310_p0096c16"}, {"level": "2", "n": "", "type": "其他", "text": "河流妙聲第十八", "head": "T11n0310_p0096c25"}, {"level": "2", "n": "", "type": "其他", "text": "不聞惡名第十九", "head": "T11n0310_p0097a20"}, {"level": "2", "n": "", "type": "其他", "text": "受用自然第二十", "head": "T11n0310_p0097a24"}, {"level": "2", "n": "", "type": "其他", "text": "人如六天第二十一", "head": "T11n0310_p0097b13"}, {"level": "2", "n": "", "type": "其他", "text": "雨華布地第二十二", "head": "T11n0310_p0097b19"}, {"level": "2", "n": "", "type": "其他", "text": "華光出佛第二十三", "head": "T11n0310_p0097c02"}, {"level": "2", "n": "", "type": "其他", "text": "離分別相第二十四", "head": "T11n0310_p0097c12"}, {"level": "2", "n": "", "type": "其他", "text": "究竟極果第二十五", "head": "T11n0310_p0097c16"}, {"level": "2", "n": "", "type": "其他", "text": "十方佛讚第二十六", "head": "T11n0310_p0097c19"}, {"level": "2", "n": "", "type": "其他", "text": "三輩往生第二十七", "head": "T11n0310_p0097c26"}, {"level": "2", "n": "", "type": "其他", "text": "十方禮覲第二十八", "head": "T11n0310_p0098a20"}, {"level": "2", "n": "", "type": "其他", "text": "一生補處第二十九", "head": "T11n0310_p0098b20"}, {"level": "2", "n": "", "type": "其他", "text": "聖眾身光第三十", "head": "T11n0310_p0098b22"}, {"level": "2", "n": "", "type": "其他", "text": "妙相勝德第三十一", "head": "T11n0310_p0098b28"}, {"level": "2", "n": "", "type": "其他", "text": "常了宿命第三十二", "head": "T11n0310_p0098c04"}, {"level": "2", "n": "", "type": "其他", "text": "供他方佛第三十三", "head": "T11n0310_p0098c06"}, {"level": "2", "n": "", "type": "其他", "text": "菩薩功德第三十四", "head": "T11n0310_p0098c22"}, {"level": "2", "n": "", "type": "其他", "text": "極樂現前第三十五", "head": "T11n0310_p0099c08"}, {"level": "2", "n": "", "type": "其他", "text": "彌勒述見第三十六", "head": "T11n0310_p0100a05"}, {"level": "2", "n": "", "type": "其他", "text": "疑悔處胎第三十七", "head": "T11n0310_p0100a21"}, {"level": "2", "n": "", "type": "其他", "text": "菩薩當生第三十八", "head": "T11n0310_p0100b29"}, {"level": "2", "n": "", "type": "其他", "text": "付囑彌勒第三十九", "head": "T11n0310_p0100c25"}, {"level": "2", "n": "", "type": "其他", "text": "說頌諄囑第四十", "head": "T11n0310_p0101b09"}, {"level": "2", "n": "", "type": "其他", "text": "聞經獲益第四十一", "head": "T11n0310_p0101c03"}, {"level": "2", "n": "", "type": "其他", "text": "地動現瑞第四十二", "head": "T11n0310_p0101c15"}, {"level": "1", "n": "7", "type": "其他", "text": "6 不動如來會", "head": "T11n0310_p0101c28"}, {"level": "2", "n": "1", "type": "品", "text": "1 授記莊嚴品", "head": "T11n0310_p0101c28"}, {"level": "2", "n": "2", "type": "品", "text": "2 佛剎功德莊嚴品", "head": "T11n0310_p0104c14"}, {"level": "2", "n": "3", "type": "品", "text": "3 聲聞眾品", "head": "T11n0310_p0106a27"}, {"level": "2", "n": "", "type": "其他", "text": "4 菩薩眾品", "head": "T11n0310_p0107a13"}, {"level": "2", "n": "5", "type": "品", "text": "5 涅槃功德品", "head": "T11n0310_p0109a06"}, {"level": "2", "n": "6", "type": "品", "text": "6 往生因緣品", "head": "T11n0310_p0109c23"}, {"level": "1", "n": "8", "type": "其他", "text": "7 被甲莊嚴會", "head": "T11n0310_p0113a05"}, {"level": "2", "n": "", "type": "", "text": "1", "head": "T11n0310_p0113a05"}, {"level": "2", "n": "", "type": "", "text": "2", "head": "T11n0310_p0120b19"}, {"level": "2", "n": "", "type": "", "text": "3", "head": "T11n0310_p0126a02"}, {"level": "2", "n": "", "type": "", "text": "4", "head": "T11n0310_p0131c10"}, {"level": "2", "n": "", "type": "", "text": "5", "head": "T11n0310_p0137b11"}, {"level": "1", "n": "9", "type": "其他", "text": "8 法界體性無分別會", "head": "T11n0310_p0143a05"}, {"level": "2", "n": "", "type": "", "text": "1", "head": "T11n0310_p0143a05"}, {"level": "2", "n": "", "type": "", "text": "2", "head": "T11n0310_p0147a04"}, {"level": "1", "n": "10", "type": "其他", "text": "9 大乘十法會", "head": "T11n0310_p0151a05"}, {"level": "1", "n": "11", "type": "其他", "text": "10 文殊師利普門會", "head": "T11n0310_p0158c09"}, {"level": "1", "n": "12", "type": "其他", "text": "11 出現光明會", "head": "T11n0310_p0163a14"}, {"level": "2", "n": "", "type": "", "text": "1", "head": "T11n0310_p0163a14"}, {"level": "2", "n": "", "type": "", "text": "2", "head": "T11n0310_p0168c26"}, {"level": "2", "n": "", "type": "", "text": "3", "head": "T11n0310_p0175a11"}, {"level": "2", "n": "", "type": "", "text": "4", "head": "T11n0310_p0181b02"}, {"level": "2", "n": "", "type": "", "text": "5", "head": "T11n0310_p0187c18"}, {"level": "1", "n": "13", "type": "其他", "text": "12 菩薩藏會", "head": "T11n0310_p0195a16"}, {"level": "2", "n": "1", "type": "品", "text": "1 開化長者品", "head": "T11n0310_p0195a16"}, {"level": "2", "n": "2", "type": "品", "text": "2 金毘羅天受記品", "head": "T11n0310_p0203a28"}, {"level": "2", "n": "3", "type": "品", "text": "3 試驗菩薩品", "head": "T11n0310_p0205c18"}, {"level": "2", "n": "4", "type": "品", "text": "4 如來不思議性品", "head": "T11n0310_p0208b11"}, {"level": "3", "n": "", "type": "", "text": "1", "head": "T11n0310_p0208b11"}, {"level": "3", "n": "", "type": "", "text": "2", "head": "T11n0310_p0215b20"}, {"level": "3", "n": "", "type": "", "text": "3", "head": "T11n0310_p0223b24"}, {"level": "3", "n": "", "type": "", "text": "4", "head": "T11n0310_p0229a26"}, {"level": "2", "n": "5", "type": "品", "text": "5 無量品", "head": "T11n0310_p0235a05"}, {"level": "2", "n": "6", "type": "品", "text": "6 陀那波羅蜜多品", "head": "T11n0310_p0238c24"}, {"level": "2", "n": "7", "type": "品", "text": "7 尸波羅蜜品", "head": "T11n0310_p0242a05"}, {"level": "3", "n": "", "type": "", "text": "1", "head": "T11n0310_p0242a05"}, {"level": "3", "n": "", "type": "", "text": "2", "head": "T11n0310_p0249b02"}, {"level": "3", "n": "", "type": "", "text": "3", "head": "T11n0310_p0255c16"}, {"level": "2", "n": "8", "type": "品", "text": "8 羼底波羅蜜多品", "head": "T11n0310_p0261b22"}, {"level": "2", "n": "9", "type": "品", "text": "9 毘利耶波羅蜜多品", "head": "T11n0310_p0264b05"}, {"level": "3", "n": "", "type": "", "text": "1", "head": "T11n0310_p0264b05"}, {"level": "3", "n": "", "type": "", "text": "2", "head": "T11n0310_p0267c17"}, {"level": "3", "n": "", "type": "", "text": "3", "head": "T11n0310_p0274a10"}, {"level": "3", "n": "", "type": "", "text": "4", "head": "T11n0310_p0280b21"}, {"level": "2", "n": "10", "type": "品", "text": "10 靜慮波羅蜜多品", "head": "T11n0310_p0286c05"}, {"level": "3", "n": "", "type": "", "text": "1", "head": "T11n0310_p0286c05"}, {"level": "3", "n": "", "type": "", "text": "2", "head": "T11n0310_p0293a02"}, {"level": "2", "n": "11", "type": "品", "text": "11 般若波羅蜜多品", "head": "T11n0310_p0294c16"}, {"level": "3", "n": "", "type": "", "text": "1", "head": "T11n0310_p0294c16"}, {"level": "3", "n": "", "type": "", "text": "2", "head": "T11n0310_p0298b02"}, {"level": "3", "n": "", "type": "", "text": "3", "head": "T11n0310_p0303b18"}, {"level": "3", "n": "", "type": "", "text": "4", "head": "T11n0310_p0309c08"}, {"level": "2", "n": "12", "type": "品", "text": "12 大自在天授記品", "head": "T11n0310_p0315c27"}, {"level": "1", "n": "14", "type": "其他", "text": "13 佛為阿難說處胎會", "head": "T11n0310_p0322a15"}, {"level": "1", "n": "15", "type": "其他", "text": "14 佛說入胎藏會", "head": "T11n0310_p0326b11"}, {"level": "2", "n": "", "type": "", "text": "1", "head": "T11n0310_p0326b11"}, {"level": "2", "n": "", "type": "", "text": "2", "head": "T11n0310_p0331a15"}, {"level": "1", "n": "16", "type": "其他", "text": "15 文殊師利授記會", "head": "T11n0310_p0336c27"}, {"level": "2", "n": "", "type": "", "text": "1", "head": "T11n0310_p0336c27"}, {"level": "2", "n": "", "type": "", "text": "2", "head": "T11n0310_p0341a25"}, {"level": "2", "n": "", "type": "", "text": "3", "head": "T11n0310_p0346b15"}, {"level": "1", "n": "17", "type": "其他", "text": "16 菩薩見實會", "head": "T11n0310_p0351a05"}, {"level": "2", "n": "1", "type": "品", "text": "1 序品", "head": "T11n0310_p0351a05"}, {"level": "3", "n": "", "type": "", "text": "1", "head": "T11n0310_p0351a05"}, {"level": "3", "n": "", "type": "", "text": "2", "head": "T11n0310_p0356a09"}, {"level": "2", "n": "2", "type": "品", "text": "2 淨飯王詣佛品", "head": "T11n0310_p0356a12"}, {"level": "2", "n": "3", "type": "品", "text": "3 阿修羅王授記品", "head": "T11n0310_p0358b13"}, {"level": "2", "n": "4", "type": "品", "text": "4 本事品", "head": "T11n0310_p0362a20"}, {"level": "2", "n": "5", "type": "品", "text": "5 伽樓羅王授記品", "head": "T11n0310_p0364b15"}, {"level": "2", "n": "6", "type": "品", "text": "6 龍女授記品", "head": "T11n0310_p0365b17"}, {"level": "2", "n": "7", "type": "品", "text": "7 龍王授記品", "head": "T11n0310_p0367b18"}, {"level": "2", "n": "8", "type": "品", "text": "8 鳩槃茶授記品", "head": "T11n0310_p0368c23"}, {"level": "2", "n": "9", "type": "品", "text": "9 乾闥婆授記品", "head": "T11n0310_p0369c20"}, {"level": "2", "n": "10", "type": "品", "text": "10 夜叉授記品", "head": "T11n0310_p0371a22"}, {"level": "2", "n": "11", "type": "品", "text": "11 緊那羅授記品", "head": "T11n0310_p0372a27"}, {"level": "2", "n": "12", "type": "品", "text": "12 虛空行天授記品", "head": "T11n0310_p0375a14"}, {"level": "2", "n": "13", "type": "品", "text": "13 四天王授記品", "head": "T11n0310_p0376a06"}, {"level": "2", "n": "14", "type": "品", "text": "14 三十三天授記品", "head": "T11n0310_p0377a25"}, {"level": "2", "n": "15", "type": "品", "text": "15 夜摩天授記品", "head": "T11n0310_p0378b08"}, {"level": "2", "n": "16", "type": "品", "text": "16 兜率陀天授記品", "head": "T11n0310_p0379c12"}, {"level": "2", "n": "17", "type": "品", "text": "17 化樂天授記品", "head": "T11n0310_p0381a17"}, {"level": "2", "n": "18", "type": "品", "text": "18 他化自在天授記品", "head": "T11n0310_p0382a12"}, {"level": "2", "n": "19", "type": "品", "text": "19 諸梵天等授記品", "head": "T11n0310_p0383a29"}, {"level": "2", "n": "20", "type": "品", "text": "20 光音天得授記品", "head": "T11n0310_p0385b05"}, {"level": "2", "n": "21", "type": "品", "text": "21 遍淨天授記品", "head": "T11n0310_p0387b03"}, {"level": "2", "n": "22", "type": "品", "text": "22 廣果天授記品", "head": "T11n0310_p0389c09"}, {"level": "2", "n": "23", "type": "品", "text": "23 淨居天子讚偈品", "head": "T11n0310_p0394a22"}, {"level": "3", "n": "", "type": "", "text": "1", "head": "T11n0310_p0394a22"}, {"level": "3", "n": "", "type": "", "text": "2", "head": "T11n0310_p0401a21"}, {"level": "2", "n": "24", "type": "品", "text": "24 遮羅迦波利婆羅闍迦外道品", "head": "T11n0310_p0410a14"}, {"level": "2", "n": "25", "type": "品", "text": "25 界差別品", "head": "T11n0310_p0414b05"}, {"level": "3", "n": "", "type": "", "text": "1", "head": "T11n0310_p0414b05"}, {"level": "3", "n": "", "type": "", "text": "2", "head": "T11n0310_p0419a02"}, {"level": "3", "n": "", "type": "", "text": "3", "head": "T11n0310_p0423c05"}, {"level": "2", "n": "26", "type": "品", "text": "26 四轉輪王品", "head": "T11n0310_p0426a03"}, {"level": "3", "n": "", "type": "", "text": "1", "head": "T11n0310_p0426a03"}, {"level": "3", "n": "", "type": "", "text": "2", "head": "T11n0310_p0428a16"}, {"level": "1", "n": "18", "type": "其他", "text": "17 富樓那會", "head": "T11n0310_p0434b10"}, {"level": "2", "n": "1", "type": "品", "text": "1 菩薩行品", "head": "T11n0310_p0434b10"}, {"level": "2", "n": "2", "type": "品", "text": "2 多聞品", "head": "T11n0310_p0436a10"}, {"level": "2", "n": "3", "type": "品", "text": "3 不退品", "head": "T11n0310_p0437a21"}, {"level": "2", "n": "4", "type": "品", "text": "4 具善根品", "head": "T11n0310_p0443b16"}, {"level": "2", "n": "5", "type": "品", "text": "5 神力品", "head": "T11n0310_p0449b01"}, {"level": "2", "n": "6", "type": "品", "text": "6 大悲品", "head": "T11n0310_p0450b25"}, {"level": "2", "n": "7", "type": "品", "text": "7 答難品", "head": "T11n0310_p0454c08"}, {"level": "2", "n": "8", "type": "品", "text": "8 富樓那品", "head": "T11n0310_p0456c23"}, {"level": "1", "n": "19", "type": "其他", "text": "18 護國菩薩會", "head": "T11n0310_p0457b07"}, {"level": "2", "n": "", "type": "", "text": "1", "head": "T11n0310_p0457b07"}, {"level": "2", "n": "", "type": "", "text": "2", "head": "T11n0310_p0465a02"}, {"level": "1", "n": "20", "type": "其他", "text": "19 郁伽長者會", "head": "T11n0310_p0472b07"}, {"level": "1", "n": "21", "type": "其他", "text": "20 無盡伏藏會", "head": "T11n0310_p0480c05"}, {"level": "2", "n": "", "type": "", "text": "1", "head": "T11n0310_p0480c05"}, {"level": "2", "n": "", "type": "", "text": "2", "head": "T11n0310_p0483b02"}, {"level": "1", "n": "22", "type": "其他", "text": "21 授幻師跋陀羅記會", "head": "T11n0310_p0486b17"}, {"level": "1", "n": "23", "type": "其他", "text": "22 大神變會", "head": "T11n0310_p0492b24"}, {"level": "2", "n": "", "type": "", "text": "1", "head": "T11n0310_p0492b24"}, {"level": "2", "n": "", "type": "", "text": "2", "head": "T11n0310_p0497b02"}, {"level": "1", "n": "24", "type": "其他", "text": "23 摩訶迦葉會", "head": "T11n0310_p0501b12"}, {"level": "2", "n": "", "type": "", "text": "1", "head": "T11n0310_p0501b12"}, {"level": "2", "n": "", "type": "", "text": "2", "head": "T11n0310_p0507b06"}, {"level": "1", "n": "25", "type": "其他", "text": "24 優波離會", "head": "T11n0310_p0514b13"}, {"level": "1", "n": "26", "type": "其他", "text": "25 發勝志樂會", "head": "T11n0310_p0519b22"}, {"level": "2", "n": "", "type": "", "text": "1", "head": "T11n0310_p0519b22"}, {"level": "2", "n": "", "type": "", "text": "2", "head": "T11n0310_p0523b23"}, {"level": "1", "n": "27", "type": "其他", "text": "26 善臂菩薩會", "head": "T11n0310_p0528c21"}, {"level": "2", "n": "", "type": "", "text": "1", "head": "T11n0310_p0528c21"}, {"level": "2", "n": "", "type": "", "text": "2", "head": "T11n0310_p0533a08"}, {"level": "1", "n": "28", "type": "其他", "text": "27 善順菩薩會", "head": "T11n0310_p0536c24"}, {"level": "1", "n": "29", "type": "其他", "text": "28 勤授長者會", "head": "T11n0310_p0540a25"}, {"level": "1", "n": "30", "type": "其他", "text": "29 優陀延王會", "head": "T11n0310_p0543a28"}, {"level": "1", "n": "31", "type": "其他", "text": "30 妙慧童女會", "head": "T11n0310_p0547b15"}, {"level": "1", "n": "32", "type": "其他", "text": "31 恒河上優婆夷會", "head": "T11n0310_p0549b18"}, {"level": "1", "n": "33", "type": "其他", "text": "32 無畏德菩薩會", "head": "T11n0310_p0550b12"}, {"level": "1", "n": "34", "type": "其他", "text": "33 無垢施菩薩應辯會", "head": "T11n0310_p0556a05"}, {"level": "2", "n": "1", "type": "品", "text": "1 第三十三序品", "head": "T11n0310_p0556a05"}, {"level": "2", "n": "2", "type": "品", "text": "2 聲聞品", "head": "T11n0310_p0558a10"}, {"level": "2", "n": "3", "type": "品", "text": "3 菩薩品", "head": "T11n0310_p0559a03"}, {"level": "2", "n": "4", "type": "品", "text": "4 菩薩行品", "head": "T11n0310_p0560c18"}, {"level": "2", "n": "5", "type": "品", "text": "5 授記品", "head": "T11n0310_p0563c10"}, {"level": "1", "n": "35", "type": "其他", "text": "34 功德寶花敷菩薩會", "head": "T11n0310_p0565a05"}, {"level": "1", "n": "36", "type": "其他", "text": "35 善德天子會", "head": "T11n0310_p0566b05"}, {"level": "1", "n": "37", "type": "其他", "text": "36 第三十六善住意天子會", "head": "T11n0310_p0571b07"}, {"level": "2", "n": "1", "type": "品", "text": "1 緣起品", "head": "T11n0310_p0571b07"}, {"level": "2", "n": "2", "type": "品", "text": "2 開實義品", "head": "T11n0310_p0576b29"}, {"level": "2", "n": "3", "type": "品", "text": "3 文殊神變品", "head": "T11n0310_p0577c19"}, {"level": "2", "n": "4", "type": "品", "text": "4 破魔品", "head": "T11n0310_p0578c11"}, {"level": "2", "n": "5", "type": "品", "text": "5 菩薩身行品", "head": "T11n0310_p0580b19"}, {"level": "2", "n": "6", "type": "品", "text": "6 破菩薩相品", "head": "T11n0310_p0582a12"}, {"level": "2", "n": "7", "type": "品", "text": "7 破二乘相品", "head": "T11n0310_p0584b01"}, {"level": "3", "n": "", "type": "", "text": "1", "head": "T11n0310_p0584b01"}, {"level": "3", "n": "", "type": "", "text": "2", "head": "T11n0310_p0587a17"}, {"level": "2", "n": "8", "type": "品", "text": "8 破凡夫相品", "head": "T11n0310_p0588a27"}, {"level": "2", "n": "9", "type": "品", "text": "9 神通證說品", "head": "T11n0310_p0590a02"}, {"level": "2", "n": "10", "type": "品", "text": "10 稱讚付法品", "head": "T11n0310_p0591c03"}, {"level": "1", "n": "38", "type": "其他", "text": "37 阿闍世王子會", "head": "T11n0310_p0593a05"}, {"level": "1", "n": "39", "type": "其他", "text": "38 大乘方便會", "head": "T11n0310_p0594c02"}, {"level": "2", "n": "", "type": "", "text": "1", "head": "T11n0310_p0594c02"}, {"level": "2", "n": "", "type": "", "text": "2", "head": "T11n0310_p0598c26"}, {"level": "2", "n": "", "type": "", "text": "3", "head": "T11n0310_p0603a27"}, {"level": "1", "n": "40", "type": "其他", "text": "39 賢護長者會", "head": "T11n0310_p0608a05"}, {"level": "2", "n": "", "type": "", "text": "1", "head": "T11n0310_p0608a05"}, {"level": "2", "n": "", "type": "", "text": "2", "head": "T11n0310_p0613a25"}, {"level": "2", "n": "", "type": "", "text": "3", "head": "T11n0310_p0623b02"}, {"level": "1", "n": "42", "type": "其他", "text": "40 淨信童女會", "head": "T11n0310_p0623b05"}, {"level": "1", "n": "43", "type": "其他", "text": "41 彌勒菩薩問八法會", "head": "T11n0310_p0627a12"}, {"level": "1", "n": "44", "type": "其他", "text": "42 彌勒菩薩所問會", "head": "T11n0310_p0628a10"}, {"level": "1", "n": "45", "type": "其他", "text": "43 普明菩薩會", "head": "T11n0310_p0631c17"}, {"level": "1", "n": "46", "type": "其他", "text": "44 寶梁聚會", "head": "T11n0310_p0638c10"}, {"level": "2", "n": "1", "type": "品", "text": "1 沙門品", "head": "T11n0310_p0638c10"}, {"level": "2", "n": "2", "type": "品", "text": "2 比丘品", "head": "T11n0310_p0640b20"}, {"level": "2", "n": "3", "type": "品", "text": "3 旃陀羅品", "head": "T11n0310_p0641b13"}, {"level": "2", "n": "4", "type": "品", "text": "4 營事比丘品", "head": "T11n0310_p0643a12"}, {"level": "2", "n": "5", "type": "品", "text": "5 阿蘭若比丘品", "head": "T11n0310_p0644b08"}, {"level": "2", "n": "6", "type": "品", "text": "6 乞食比丘品", "head": "T11n0310_p0645c23"}, {"level": "2", "n": "7", "type": "品", "text": "7 糞掃衣比丘品", "head": "T11n0310_p0646c02"}, {"level": "1", "n": "47", "type": "其他", "text": "45 無盡慧菩薩會", "head": "T11n0310_p0648a14"}, {"level": "1", "n": "48", "type": "其他", "text": "46 文殊說般若會", "head": "T11n0310_p0650b17"}, {"level": "2", "n": "", "type": "", "text": "1", "head": "T11n0310_p0650b17"}, {"level": "2", "n": "", "type": "", "text": "2", "head": "T11n0310_p0652b23"}, {"level": "1", "n": "49", "type": "其他", "text": "47 寶髻菩薩會", "head": "T11n0310_p0657a11"}, {"level": "2", "n": "", "type": "", "text": "1", "head": "T11n0310_p0657a11"}, {"level": "2", "n": "", "type": "", "text": "2", "head": "T11n0310_p0665a08"}, {"level": "1", "n": "50", "type": "其他", "text": "48 勝鬘夫人會", "head": "T11n0310_p0672c16"}, {"level": "1", "n": "51", "type": "其他", "text": "49 廣博仙人會", "head": "T11n0310_p0678c10"}]