[{"level": "1", "n": "", "type": "其他", "text": "第一篇上　根本五十經篇上", "head": "N09n0005_p0001a05"}, {"level": "2", "n": "", "type": "其他", "text": "初品　根本法門品", "head": "N09n0005_p0001a07"}, {"level": "3", "n": "", "type": "其他", "text": "第一　根本法門經", "head": "N09n0005_p0001a11"}, {"level": "3", "n": "", "type": "其他", "text": "第二　一切漏經", "head": "N09n0005_p0007a02"}, {"level": "3", "n": "", "type": "其他", "text": "第三　法嗣經", "head": "N09n0005_p0014a02"}, {"level": "3", "n": "", "type": "其他", "text": "第四　怖駭經", "head": "N09n0005_p0020a02"}, {"level": "3", "n": "", "type": "其他", "text": "第五　無穢經", "head": "N09n0005_p0030a02"}, {"level": "3", "n": "", "type": "其他", "text": "第六　願經", "head": "N09n0005_p0041a02"}, {"level": "3", "n": "", "type": "其他", "text": "第七　布喻經", "head": "N09n0005_p0045a02"}, {"level": "3", "n": "", "type": "其他", "text": "第八　削減經", "head": "N09n0005_p0051a02"}, {"level": "3", "n": "", "type": "其他", "text": "第九　正見經", "head": "N09n0005_p0060a02"}, {"level": "3", "n": "", "type": "其他", "text": "第一〇　念處經", "head": "N09n0005_p0073a02"}, {"level": "2", "n": "", "type": "其他", "text": "第二品　獅子吼品", "head": "N09n0005_p0082a01"}, {"level": "3", "n": "", "type": "其他", "text": "第一一　獅子吼小經", "head": "N09n0005_p0082a05"}, {"level": "3", "n": "", "type": "其他", "text": "第一二　師子吼大經", "head": "N09n0005_p0089a02"}, {"level": "3", "n": "", "type": "其他", "text": "第一三　苦蘊大經", "head": "N09n0005_p0109a02"}, {"level": "3", "n": "", "type": "其他", "text": "第一四　苦蘊小經", "head": "N09n0005_p0117a02"}, {"level": "3", "n": "", "type": "其他", "text": "第一五　思量經", "head": "N09n0005_p0125a02"}, {"level": "3", "n": "", "type": "其他", "text": "第一六　心荒蕪經", "head": "N09n0005_p0137a02"}, {"level": "3", "n": "", "type": "其他", "text": "第一七　林藪經", "head": "N09n0005_p0144a02"}, {"level": "3", "n": "", "type": "其他", "text": "第一八　蜜丸經", "head": "N09n0005_p0150a02"}, {"level": "3", "n": "", "type": "其他", "text": "第一九　雙想經", "head": "N09n0005_p0160a03"}, {"level": "3", "n": "", "type": "其他", "text": "第二〇　想念止息經", "head": "N09n0005_p0168a02"}, {"level": "2", "n": "", "type": "其他", "text": "第三品　譬喻法品", "head": "N09n0005_p0173a01"}, {"level": "3", "n": "", "type": "其他", "text": "第二一　鋸喻經", "head": "N09n0005_p0173a05"}, {"level": "3", "n": "", "type": "其他", "text": "第二二　蛇喻經", "head": "N09n0005_p0184a02"}, {"level": "3", "n": "", "type": "其他", "text": "第二三　蟻垤經", "head": "N09n0005_p0202a02"}, {"level": "3", "n": "", "type": "其他", "text": "第二四　傳車經", "head": "N09n0005_p0206a02"}, {"level": "3", "n": "", "type": "其他", "text": "第二五　撒餌經", "head": "N09n0005_p0213a02"}, {"level": "3", "n": "", "type": "其他", "text": "第二六　聖求經", "head": "N09n0005_p0224a02"}, {"level": "3", "n": "", "type": "其他", "text": "第二七　象跡喻小經", "head": "N09n0005_p0243a02"}, {"level": "3", "n": "", "type": "其他", "text": "第二八　象跡喻大經", "head": "N09n0005_p0254a02"}, {"level": "3", "n": "", "type": "其他", "text": "第二九　心材喻大經", "head": "N09n0005_p0263a02"}, {"level": "3", "n": "", "type": "其他", "text": "第三〇　心材喻小經", "head": "N09n0005_p0271a02"}, {"level": "2", "n": "", "type": "其他", "text": "第四品　雙大品", "head": "N09n0005_p0280a01"}, {"level": "3", "n": "", "type": "其他", "text": "第三一　牛角林小經", "head": "N09n0005_p0280a05"}, {"level": "3", "n": "", "type": "其他", "text": "第三二　牛角林大經", "head": "N09n0005_p0288a02"}, {"level": "3", "n": "", "type": "其他", "text": "第三三　牧牛者大經", "head": "N09n0005_p0297a02"}, {"level": "3", "n": "", "type": "其他", "text": "第三四　牧牛者小經", "head": "N09n0005_p0303a02"}, {"level": "3", "n": "", "type": "其他", "text": "第三五　薩遮迦小經", "head": "N09n0005_p0307a02"}, {"level": "3", "n": "", "type": "其他", "text": "第三六　薩遮迦大經", "head": "N09n0005_p0319a02"}, {"level": "3", "n": "", "type": "其他", "text": "第三七　愛盡小經", "head": "N09n0005_p0340a02"}, {"level": "3", "n": "", "type": "其他", "text": "第三八　愛盡大經", "head": "N09n0005_p0346a02"}, {"level": "3", "n": "", "type": "其他", "text": "第三九　馬邑大經", "head": "N09n0005_p0364a02"}, {"level": "3", "n": "", "type": "其他", "text": "第四〇　馬邑小經", "head": "N09n0005_p0376a02"}]