[{"n": "1", "fun": "open", "head": "GA030n0029_pa013a01", "title": "西谿梵隱志卷一"}, {"n": "1", "fun": "close", "head": "GA030n0029_pa044a10", "title": "西谿梵隱志卷一"}, {"n": "2", "fun": "open", "head": "GA030n0029_pa045a01", "title": "西谿梵隱志卷二"}, {"n": "2", "fun": "close", "head": "GA030n0029_pa114a10", "title": "西谿梵隱志卷二"}, {"n": "3", "fun": "open", "head": "GA030n0029_pa115a01", "title": "西谿梵隱志卷三"}, {"n": "4", "fun": "open", "head": "GA030n0029_pa171a01", "title": "西谿梵隱志卷四"}, {"n": "4", "fun": "close", "head": "GA030n0029_pa260a10", "title": "西谿梵隱志卷四"}]