[{"n": "1", "fun": "open", "head": "GA030n0030_pb011a01", "title": "崇福寺志卷一"}, {"n": "1", "fun": "close", "head": "GA030n0030_pb032a10", "title": "崇福寺志卷一"}, {"n": "2", "fun": "open", "head": "GA030n0030_pb033a01", "title": "崇福寺志卷二"}, {"n": "2", "fun": "close", "head": "GA030n0030_pb052a10", "title": "崇福寺志卷二"}, {"n": "3", "fun": "open", "head": "GA030n0030_pb053a01", "title": "崇福寺志卷三"}, {"n": "3", "fun": "close", "head": "GA030n0030_pb081a10", "title": "崇福寺志卷三"}, {"n": "4", "fun": "open", "head": "GA030n0030_pb083a01", "title": "崇福寺志卷四"}, {"n": "4", "fun": "close", "head": "GA030n0030_pb110a10", "title": "崇福寺志卷四"}]