[{"level": "1", "n": "", "type": "其他", "text": "第一篇之二", "head": "N32n0018_p0001a01"}, {"level": "2", "n": "", "type": "其他", "text": "第六章　願望品", "head": "N32n0018_p0001a01"}, {"level": "3", "n": "", "type": "其他", "text": "五一　大具戒王本生譚", "head": "N32n0018_p0001a04"}, {"level": "4", "n": "", "type": "其他", "text": "序分", "head": "N32n0018_p0001a07"}, {"level": "4", "n": "", "type": "其他", "text": "主分", "head": "N32n0018_p0001a11"}, {"level": "4", "n": "", "type": "其他", "text": "結分", "head": "N32n0018_p0008a11"}, {"level": "3", "n": "", "type": "其他", "text": "五二　小伽那迦王本生譚", "head": "N32n0018_p0009a02"}, {"level": "4", "n": "", "type": "其他", "text": "序分", "head": "N32n0018_p0009a04"}, {"level": "4", "n": "", "type": "其他", "text": "主分", "head": "N32n0018_p0009a06"}, {"level": "4", "n": "", "type": "其他", "text": "結分", "head": "N32n0018_p0009a09"}, {"level": "3", "n": "", "type": "其他", "text": "五三　滿瓶本生譚", "head": "N32n0018_p0009a11"}, {"level": "4", "n": "", "type": "其他", "text": "序分", "head": "N32n0018_p0009a13"}, {"level": "4", "n": "", "type": "其他", "text": "主分", "head": "N32n0018_p0011a01"}, {"level": "4", "n": "", "type": "其他", "text": "結分", "head": "N32n0018_p0011a14"}, {"level": "3", "n": "", "type": "其他", "text": "五四　果實本生譚", "head": "N32n0018_p0012a03"}, {"level": "4", "n": "", "type": "其他", "text": "序分", "head": "N32n0018_p0012a05"}, {"level": "4", "n": "", "type": "其他", "text": "主分", "head": "N32n0018_p0012a14"}, {"level": "4", "n": "", "type": "其他", "text": "結分", "head": "N32n0018_p0014a08"}, {"level": "3", "n": "", "type": "其他", "text": "五五　五武器太子", "head": "N32n0018_p0015a02"}, {"level": "4", "n": "", "type": "其他", "text": "序分", "head": "N32n0018_p0015a04"}, {"level": "4", "n": "", "type": "其他", "text": "主分", "head": "N32n0018_p0015a07"}, {"level": "4", "n": "", "type": "其他", "text": "結分", "head": "N32n0018_p0018a12"}, {"level": "3", "n": "", "type": "其他", "text": "五六　金塊本生譚", "head": "N32n0018_p0019a02"}, {"level": "4", "n": "", "type": "其他", "text": "序分", "head": "N32n0018_p0019a04"}, {"level": "4", "n": "", "type": "其他", "text": "主分", "head": "N32n0018_p0021a02"}, {"level": "4", "n": "", "type": "其他", "text": "結分", "head": "N32n0018_p0021a12"}, {"level": "3", "n": "", "type": "其他", "text": "五七　猿王本生譚", "head": "N32n0018_p0022a04"}, {"level": "4", "n": "", "type": "其他", "text": "序分", "head": "N32n0018_p0022a06"}, {"level": "4", "n": "", "type": "其他", "text": "主分", "head": "N32n0018_p0022a09"}, {"level": "4", "n": "", "type": "其他", "text": "結分", "head": "N32n0018_p0024a08"}, {"level": "3", "n": "", "type": "其他", "text": "五八　三法本生譚", "head": "N32n0018_p0024a12"}, {"level": "4", "n": "", "type": "其他", "text": "序分", "head": "N32n0018_p0024a14"}, {"level": "4", "n": "", "type": "其他", "text": "主分", "head": "N32n0018_p0025a01"}, {"level": "4", "n": "", "type": "其他", "text": "結分", "head": "N32n0018_p0027a07"}, {"level": "3", "n": "", "type": "其他", "text": "五九　打鼓本生譚", "head": "N32n0018_p0027a10"}, {"level": "4", "n": "", "type": "其他", "text": "序分", "head": "N32n0018_p0027a12"}, {"level": "4", "n": "", "type": "其他", "text": "主分", "head": "N32n0018_p0028a01"}, {"level": "4", "n": "", "type": "其他", "text": "結分", "head": "N32n0018_p0028a12"}, {"level": "3", "n": "", "type": "其他", "text": "六〇　吹螺本生譚", "head": "N32n0018_p0029a02"}, {"level": "4", "n": "", "type": "其他", "text": "序分", "head": "N32n0018_p0029a04"}, {"level": "4", "n": "", "type": "其他", "text": "主分", "head": "N32n0018_p0029a05"}, {"level": "4", "n": "", "type": "其他", "text": "結分", "head": "N32n0018_p0029a11"}, {"level": "2", "n": "", "type": "其他", "text": "第七章　婦女品", "head": "N32n0018_p0030a01"}, {"level": "3", "n": "", "type": "其他", "text": "六一　嫌惡聖典本生譚", "head": "N32n0018_p0030a04"}, {"level": "4", "n": "", "type": "其他", "text": "序分", "head": "N32n0018_p0030a07"}, {"level": "4", "n": "", "type": "其他", "text": "主分", "head": "N32n0018_p0030a10"}, {"level": "4", "n": "", "type": "其他", "text": "結分", "head": "N32n0018_p0034a14"}, {"level": "3", "n": "", "type": "其他", "text": "六二　生卵本生譚", "head": "N32n0018_p0035a04"}, {"level": "4", "n": "", "type": "其他", "text": "序分", "head": "N32n0018_p0035a06"}, {"level": "4", "n": "", "type": "其他", "text": "主分", "head": "N32n0018_p0035a10"}, {"level": "4", "n": "", "type": "其他", "text": "結分", "head": "N32n0018_p0042a10"}, {"level": "3", "n": "", "type": "其他", "text": "六三　棗椰子本生譚", "head": "N32n0018_p0042a13"}, {"level": "4", "n": "", "type": "其他", "text": "序分", "head": "N32n0018_p0043a01"}, {"level": "4", "n": "", "type": "其他", "text": "主分", "head": "N32n0018_p0043a04"}, {"level": "4", "n": "", "type": "其他", "text": "結分", "head": "N32n0018_p0046a13"}, {"level": "3", "n": "", "type": "其他", "text": "六四　難知本生譚", "head": "N32n0018_p0047a05"}, {"level": "4", "n": "", "type": "其他", "text": "序分", "head": "N32n0018_p0047a07"}, {"level": "4", "n": "", "type": "其他", "text": "主分", "head": "N32n0018_p0048a02"}, {"level": "4", "n": "", "type": "其他", "text": "結分", "head": "N32n0018_p0049a04"}, {"level": "3", "n": "", "type": "其他", "text": "六五　懊惱本生譚", "head": "N32n0018_p0049a07"}, {"level": "4", "n": "", "type": "其他", "text": "序分", "head": "N32n0018_p0049a09"}, {"level": "4", "n": "", "type": "其他", "text": "主分", "head": "N32n0018_p0050a02"}, {"level": "4", "n": "", "type": "其他", "text": "結分", "head": "N32n0018_p0050a11"}, {"level": "3", "n": "", "type": "其他", "text": "六六　優相本生譚", "head": "N32n0018_p0051a02"}, {"level": "4", "n": "", "type": "其他", "text": "序分", "head": "N32n0018_p0051a04"}, {"level": "4", "n": "", "type": "其他", "text": "主分", "head": "N32n0018_p0052a10"}, {"level": "4", "n": "", "type": "其他", "text": "結分", "head": "N32n0018_p0055a14"}, {"level": "3", "n": "", "type": "其他", "text": "六七　膝本生譚", "head": "N32n0018_p0056a07"}, {"level": "4", "n": "", "type": "其他", "text": "序分", "head": "N32n0018_p0056a09"}, {"level": "4", "n": "", "type": "其他", "text": "主分", "head": "N32n0018_p0058a01"}, {"level": "4", "n": "", "type": "其他", "text": "結分", "head": "N32n0018_p0058a10"}, {"level": "3", "n": "", "type": "其他", "text": "六八　娑祇多城本生譚", "head": "N32n0018_p0059a02"}, {"level": "4", "n": "", "type": "其他", "text": "序分", "head": "N32n0018_p0059a04"}, {"level": "4", "n": "", "type": "其他", "text": "主分", "head": "N32n0018_p0060a03"}, {"level": "4", "n": "", "type": "其他", "text": "結分", "head": "N32n0018_p0060a11"}, {"level": "3", "n": "", "type": "其他", "text": "六九　吐毒本生譚", "head": "N32n0018_p0061a02"}, {"level": "4", "n": "", "type": "其他", "text": "序分", "head": "N32n0018_p0061a05"}, {"level": "4", "n": "", "type": "其他", "text": "主分", "head": "N32n0018_p0062a02"}, {"level": "4", "n": "", "type": "其他", "text": "結分", "head": "N32n0018_p0062a13"}, {"level": "3", "n": "", "type": "其他", "text": "七〇　鋤賢人本生譚", "head": "N32n0018_p0063a02"}, {"level": "4", "n": "", "type": "其他", "text": "序分", "head": "N32n0018_p0063a04"}, {"level": "4", "n": "", "type": "其他", "text": "主分", "head": "N32n0018_p0064a07"}, {"level": "4", "n": "", "type": "其他", "text": "結分", "head": "N32n0018_p0067a04"}, {"level": "2", "n": "", "type": "其他", "text": "第八章　婆那樹品", "head": "N32n0018_p0068a01"}, {"level": "3", "n": "", "type": "其他", "text": "七一　婆那樹本生譚", "head": "N32n0018_p0068a04"}, {"level": "4", "n": "", "type": "其他", "text": "序分", "head": "N32n0018_p0068a07"}, {"level": "4", "n": "", "type": "其他", "text": "主分", "head": "N32n0018_p0070a09"}, {"level": "4", "n": "", "type": "其他", "text": "結分", "head": "N32n0018_p0071a14"}, {"level": "3", "n": "", "type": "其他", "text": "七二　有德象王本生譚", "head": "N32n0018_p0072a04"}, {"level": "4", "n": "", "type": "其他", "text": "序分", "head": "N32n0018_p0072a06"}, {"level": "4", "n": "", "type": "其他", "text": "主分", "head": "N32n0018_p0072a11"}, {"level": "4", "n": "", "type": "其他", "text": "結分", "head": "N32n0018_p0075a14"}, {"level": "3", "n": "", "type": "其他", "text": "七三　真實語本生譚", "head": "N32n0018_p0076a04"}, {"level": "4", "n": "", "type": "其他", "text": "序分", "head": "N32n0018_p0076a06"}, {"level": "4", "n": "", "type": "其他", "text": "主分", "head": "N32n0018_p0076a11"}, {"level": "4", "n": "", "type": "其他", "text": "結分", "head": "N32n0018_p0081a05"}, {"level": "3", "n": "", "type": "其他", "text": "七四　樹法本生譚", "head": "N32n0018_p0081a09"}, {"level": "4", "n": "", "type": "其他", "text": "序分", "head": "N32n0018_p0081a11"}, {"level": "4", "n": "", "type": "其他", "text": "主分", "head": "N32n0018_p0082a07"}, {"level": "4", "n": "", "type": "其他", "text": "結分", "head": "N32n0018_p0083a08"}, {"level": "3", "n": "", "type": "其他", "text": "七五　魚族本生譚", "head": "N32n0018_p0083a12"}, {"level": "4", "n": "", "type": "其他", "text": "序分", "head": "N32n0018_p0083a14"}, {"level": "4", "n": "", "type": "其他", "text": "主分", "head": "N32n0018_p0085a13"}, {"level": "4", "n": "", "type": "其他", "text": "結分", "head": "N32n0018_p0086a13"}, {"level": "3", "n": "", "type": "其他", "text": "七六　無憂本生譚", "head": "N32n0018_p0087a06"}, {"level": "4", "n": "", "type": "其他", "text": "序分", "head": "N32n0018_p0087a08"}, {"level": "4", "n": "", "type": "其他", "text": "主分", "head": "N32n0018_p0088a06"}, {"level": "4", "n": "", "type": "其他", "text": "結分", "head": "N32n0018_p0089a09"}, {"level": "3", "n": "", "type": "其他", "text": "七七　大夢本生譚", "head": "N32n0018_p0089a12"}, {"level": "4", "n": "", "type": "其他", "text": "序分", "head": "N32n0018_p0089a14"}, {"level": "4", "n": "", "type": "其他", "text": "主分", "head": "N32n0018_p0101a07"}, {"level": "4", "n": "", "type": "其他", "text": "結分", "head": "N32n0018_p0103a10"}, {"level": "3", "n": "", "type": "其他", "text": "七八　伊利薩長者本生譚", "head": "N32n0018_p0104a06"}, {"level": "4", "n": "", "type": "其他", "text": "序分", "head": "N32n0018_p0104a08"}, {"level": "4", "n": "", "type": "其他", "text": "主分", "head": "N32n0018_p0110a04"}, {"level": "4", "n": "", "type": "其他", "text": "結分", "head": "N32n0018_p0115a07"}, {"level": "3", "n": "", "type": "其他", "text": "七九　騷音本生譚", "head": "N32n0018_p0115a11"}, {"level": "4", "n": "", "type": "其他", "text": "序分", "head": "N32n0018_p0115a13"}, {"level": "4", "n": "", "type": "其他", "text": "主分", "head": "N32n0018_p0116a06"}, {"level": "4", "n": "", "type": "其他", "text": "結分", "head": "N32n0018_p0116a13"}, {"level": "3", "n": "", "type": "其他", "text": "八〇　畢摩塞那職人本生譚", "head": "N32n0018_p0117a02"}, {"level": "4", "n": "", "type": "其他", "text": "序分", "head": "N32n0018_p0117a04"}, {"level": "4", "n": "", "type": "其他", "text": "主分", "head": "N32n0018_p0117a14"}, {"level": "4", "n": "", "type": "其他", "text": "結分", "head": "N32n0018_p0121a09"}, {"level": "2", "n": "", "type": "其他", "text": "第九章　飲酒品", "head": "N32n0018_p0122a01"}, {"level": "3", "n": "", "type": "其他", "text": "八一　飲酒本生譚", "head": "N32n0018_p0122a04"}, {"level": "4", "n": "", "type": "其他", "text": "序分", "head": "N32n0018_p0122a07"}, {"level": "4", "n": "", "type": "其他", "text": "主分", "head": "N32n0018_p0124a09"}, {"level": "4", "n": "", "type": "其他", "text": "結分", "head": "N32n0018_p0126a03"}, {"level": "3", "n": "", "type": "其他", "text": "八二　知友本生譚", "head": "N32n0018_p0126a06"}, {"level": "4", "n": "", "type": "其他", "text": "序分", "head": "N32n0018_p0126a08"}, {"level": "4", "n": "", "type": "其他", "text": "主分", "head": "N32n0018_p0126a10"}, {"level": "4", "n": "", "type": "其他", "text": "結分", "head": "N32n0018_p0127a01"}, {"level": "3", "n": "", "type": "其他", "text": "八三　不運者本生譚", "head": "N32n0018_p0127a08"}, {"level": "4", "n": "", "type": "其他", "text": "序分", "head": "N32n0018_p0127a10"}, {"level": "4", "n": "", "type": "其他", "text": "主分", "head": "N32n0018_p0129a06"}, {"level": "4", "n": "", "type": "其他", "text": "結分", "head": "N32n0018_p0129a14"}, {"level": "3", "n": "", "type": "其他", "text": "八四　利益門本生譚", "head": "N32n0018_p0130a03"}, {"level": "4", "n": "", "type": "其他", "text": "序分", "head": "N32n0018_p0130a05"}, {"level": "4", "n": "", "type": "其他", "text": "主分", "head": "N32n0018_p0130a14"}, {"level": "4", "n": "", "type": "其他", "text": "結分", "head": "N32n0018_p0131a09"}, {"level": "3", "n": "", "type": "其他", "text": "八五　有毒果本生譚", "head": "N32n0018_p0131a12"}, {"level": "4", "n": "", "type": "其他", "text": "序分", "head": "N32n0018_p0131a14"}, {"level": "4", "n": "", "type": "其他", "text": "主分", "head": "N32n0018_p0132a07"}, {"level": "4", "n": "", "type": "其他", "text": "結分", "head": "N32n0018_p0133a02"}, {"level": "3", "n": "", "type": "其他", "text": "八六　驗德本生譚", "head": "N32n0018_p0133a10"}, {"level": "4", "n": "", "type": "其他", "text": "序分", "head": "N32n0018_p0133a12"}, {"level": "4", "n": "", "type": "其他", "text": "主分", "head": "N32n0018_p0135a09"}, {"level": "4", "n": "", "type": "其他", "text": "結分", "head": "N32n0018_p0136a12"}, {"level": "3", "n": "", "type": "其他", "text": "八七　吉凶本生譚", "head": "N32n0018_p0137a02"}, {"level": "4", "n": "", "type": "其他", "text": "序分", "head": "N32n0018_p0137a04"}, {"level": "4", "n": "", "type": "其他", "text": "主分", "head": "N32n0018_p0139a04"}, {"level": "4", "n": "", "type": "其他", "text": "結分", "head": "N32n0018_p0140a03"}, {"level": "3", "n": "", "type": "其他", "text": "八八　薩蘭巴牛本生譚", "head": "N32n0018_p0141a02"}, {"level": "4", "n": "", "type": "其他", "text": "序分", "head": "N32n0018_p0141a04"}, {"level": "4", "n": "", "type": "其他", "text": "主分", "head": "N32n0018_p0141a06"}, {"level": "4", "n": "", "type": "其他", "text": "結分", "head": "N32n0018_p0141a09"}, {"level": "3", "n": "", "type": "其他", "text": "八九　詐欺本生譚", "head": "N32n0018_p0141a12"}, {"level": "4", "n": "", "type": "其他", "text": "序分", "head": "N32n0018_p0141a14"}, {"level": "4", "n": "", "type": "其他", "text": "主分", "head": "N32n0018_p0142a02"}, {"level": "4", "n": "", "type": "其他", "text": "結分", "head": "N32n0018_p0143a13"}, {"level": "3", "n": "", "type": "其他", "text": "九〇　忘恩本生譚", "head": "N32n0018_p0144a03"}, {"level": "4", "n": "", "type": "其他", "text": "序分", "head": "N32n0018_p0144a05"}, {"level": "4", "n": "", "type": "其他", "text": "主分", "head": "N32n0018_p0145a12"}, {"level": "4", "n": "", "type": "其他", "text": "結分", "head": "N32n0018_p0146a06"}, {"level": "2", "n": "", "type": "其他", "text": "第十章　塗毒品", "head": "N32n0018_p0147a01"}, {"level": "3", "n": "", "type": "其他", "text": "九一　塗毒本生譚", "head": "N32n0018_p0147a04"}, {"level": "4", "n": "", "type": "其他", "text": "序分", "head": "N32n0018_p0147a07"}, {"level": "4", "n": "", "type": "其他", "text": "主分", "head": "N32n0018_p0148a01"}, {"level": "4", "n": "", "type": "其他", "text": "結分", "head": "N32n0018_p0148a14"}, {"level": "3", "n": "", "type": "其他", "text": "九二　大精本生譚", "head": "N32n0018_p0149a03"}, {"level": "4", "n": "", "type": "其他", "text": "序分", "head": "N32n0018_p0149a05"}, {"level": "4", "n": "", "type": "其他", "text": "主分", "head": "N32n0018_p0153a02"}, {"level": "4", "n": "", "type": "其他", "text": "結分", "head": "N32n0018_p0157a04"}, {"level": "3", "n": "", "type": "其他", "text": "九三　信食本生譚", "head": "N32n0018_p0157a10"}, {"level": "4", "n": "", "type": "其他", "text": "序分", "head": "N32n0018_p0157a12"}, {"level": "4", "n": "", "type": "其他", "text": "主分", "head": "N32n0018_p0158a06"}, {"level": "4", "n": "", "type": "其他", "text": "結分", "head": "N32n0018_p0159a07"}, {"level": "3", "n": "", "type": "其他", "text": "九四　怖畏本生譚", "head": "N32n0018_p0159a09"}, {"level": "4", "n": "", "type": "其他", "text": "序分", "head": "N32n0018_p0159a11"}, {"level": "4", "n": "", "type": "其他", "text": "主分", "head": "N32n0018_p0160a14"}, {"level": "4", "n": "", "type": "其他", "text": "結分", "head": "N32n0018_p0161a11"}, {"level": "3", "n": "", "type": "其他", "text": "九五　大善見王本生譚", "head": "N32n0018_p0162a09"}, {"level": "4", "n": "", "type": "其他", "text": "序分", "head": "N32n0018_p0162a11"}, {"level": "4", "n": "", "type": "其他", "text": "主分", "head": "N32n0018_p0163a06"}, {"level": "4", "n": "", "type": "其他", "text": "結分", "head": "N32n0018_p0164a05"}, {"level": "3", "n": "", "type": "其他", "text": "九六　油鉢本生譚", "head": "N32n0018_p0164a08"}, {"level": "4", "n": "", "type": "其他", "text": "序分", "head": "N32n0018_p0164a10"}, {"level": "4", "n": "", "type": "其他", "text": "主分", "head": "N32n0018_p0165a14"}, {"level": "4", "n": "", "type": "其他", "text": "結分", "head": "N32n0018_p0171a02"}, {"level": "3", "n": "", "type": "其他", "text": "九七　依名得運本生譚", "head": "N32n0018_p0171a08"}, {"level": "4", "n": "", "type": "其他", "text": "序分", "head": "N32n0018_p0171a10"}, {"level": "4", "n": "", "type": "其他", "text": "主分", "head": "N32n0018_p0172a06"}, {"level": "4", "n": "", "type": "其他", "text": "結分", "head": "N32n0018_p0174a01"}, {"level": "3", "n": "", "type": "其他", "text": "九八　邪商本生譚", "head": "N32n0018_p0174a05"}, {"level": "4", "n": "", "type": "其他", "text": "序分", "head": "N32n0018_p0174a07"}, {"level": "4", "n": "", "type": "其他", "text": "主分", "head": "N32n0018_p0175a02"}, {"level": "4", "n": "", "type": "其他", "text": "結分", "head": "N32n0018_p0176a06"}, {"level": "3", "n": "", "type": "其他", "text": "九九　超千本生譚", "head": "N32n0018_p0176a09"}, {"level": "4", "n": "", "type": "其他", "text": "序分", "head": "N32n0018_p0176a11"}, {"level": "4", "n": "", "type": "其他", "text": "主分", "head": "N32n0018_p0177a02"}, {"level": "4", "n": "", "type": "其他", "text": "結分", "head": "N32n0018_p0178a07"}, {"level": "3", "n": "", "type": "其他", "text": "一〇〇　嫌惡色本生譚", "head": "N32n0018_p0178a10"}, {"level": "4", "n": "", "type": "其他", "text": "序分", "head": "N32n0018_p0178a12"}, {"level": "4", "n": "", "type": "其他", "text": "主分", "head": "N32n0018_p0180a10"}, {"level": "4", "n": "", "type": "其他", "text": "結分", "head": "N32n0018_p0181a05"}, {"level": "2", "n": "", "type": "其他", "text": "第十一章　超百品", "head": "N32n0018_p0182a01"}, {"level": "3", "n": "", "type": "其他", "text": "一〇一　超百本生譚", "head": "N32n0018_p0182a04"}, {"level": "3", "n": "", "type": "其他", "text": "一〇二　鮮菜果店本生譚", "head": "N32n0018_p0182a12"}, {"level": "4", "n": "", "type": "其他", "text": "序分", "head": "N32n0018_p0182a14"}, {"level": "4", "n": "", "type": "其他", "text": "主分", "head": "N32n0018_p0183a14"}, {"level": "4", "n": "", "type": "其他", "text": "結分", "head": "N32n0018_p0184a07"}, {"level": "3", "n": "", "type": "其他", "text": "一〇三　仇敵本生譚", "head": "N32n0018_p0184a10"}, {"level": "4", "n": "", "type": "其他", "text": "序分", "head": "N32n0018_p0184a12"}, {"level": "4", "n": "", "type": "其他", "text": "主分", "head": "N32n0018_p0185a02"}, {"level": "4", "n": "", "type": "其他", "text": "結分", "head": "N32n0018_p0185a09"}, {"level": "3", "n": "", "type": "其他", "text": "一〇四　知友比丘本生譚", "head": "N32n0018_p0185a11"}, {"level": "4", "n": "", "type": "其他", "text": "序分", "head": "N32n0018_p0185a13"}, {"level": "4", "n": "", "type": "其他", "text": "主分", "head": "N32n0018_p0186a01"}, {"level": "4", "n": "", "type": "其他", "text": "結分", "head": "N32n0018_p0186a08"}, {"level": "3", "n": "", "type": "其他", "text": "一〇五　弱樹本生譚", "head": "N32n0018_p0187a02"}, {"level": "4", "n": "", "type": "其他", "text": "序分", "head": "N32n0018_p0187a04"}, {"level": "4", "n": "", "type": "其他", "text": "主分", "head": "N32n0018_p0187a14"}, {"level": "4", "n": "", "type": "其他", "text": "結分", "head": "N32n0018_p0188a09"}, {"level": "3", "n": "", "type": "其他", "text": "一〇六　釣瓶女本生譚", "head": "N32n0018_p0188a12"}, {"level": "4", "n": "", "type": "其他", "text": "序分", "head": "N32n0018_p0188a14"}, {"level": "4", "n": "", "type": "其他", "text": "主分", "head": "N32n0018_p0189a06"}, {"level": "4", "n": "", "type": "其他", "text": "結分", "head": "N32n0018_p0190a08"}, {"level": "3", "n": "", "type": "其他", "text": "一〇七　投擲術本生譚", "head": "N32n0018_p0190a11"}, {"level": "4", "n": "", "type": "其他", "text": "序分", "head": "N32n0018_p0190a13"}, {"level": "4", "n": "", "type": "其他", "text": "主分", "head": "N32n0018_p0191a11"}, {"level": "4", "n": "", "type": "其他", "text": "結分", "head": "N32n0018_p0193a08"}, {"level": "3", "n": "", "type": "其他", "text": "一〇八　田舍女本生譚", "head": "N32n0018_p0193a11"}, {"level": "4", "n": "", "type": "其他", "text": "序分", "head": "N32n0018_p0193a13"}, {"level": "4", "n": "", "type": "其他", "text": "主分", "head": "N32n0018_p0194a07"}, {"level": "4", "n": "", "type": "其他", "text": "結分", "head": "N32n0018_p0195a06"}, {"level": "3", "n": "", "type": "其他", "text": "一〇九　粉菓子本生譚", "head": "N32n0018_p0195a09"}, {"level": "4", "n": "", "type": "其他", "text": "序分", "head": "N32n0018_p0195a11"}, {"level": "4", "n": "", "type": "其他", "text": "主分", "head": "N32n0018_p0197a01"}, {"level": "4", "n": "", "type": "其他", "text": "結分", "head": "N32n0018_p0198a03"}, {"level": "3", "n": "", "type": "其他", "text": "一一〇　全總括問", "head": "N32n0018_p0198a10"}, {"level": "2", "n": "", "type": "其他", "text": "第十二章　設問品", "head": "N32n0018_p0199a01"}, {"level": "3", "n": "", "type": "其他", "text": "一一一　驢馬問", "head": "N32n0018_p0199a04"}, {"level": "3", "n": "", "type": "其他", "text": "一一二　不死皇后問", "head": "N32n0018_p0199a07"}, {"level": "3", "n": "", "type": "其他", "text": "一一三　豺本生譚", "head": "N32n0018_p0199a10"}, {"level": "4", "n": "", "type": "其他", "text": "序分", "head": "N32n0018_p0199a13"}, {"level": "4", "n": "", "type": "其他", "text": "主分", "head": "N32n0018_p0200a06"}, {"level": "4", "n": "", "type": "其他", "text": "結分", "head": "N32n0018_p0201a12"}, {"level": "3", "n": "", "type": "其他", "text": "一一四　中思魚本生譚", "head": "N32n0018_p0202a02"}, {"level": "4", "n": "", "type": "其他", "text": "序分", "head": "N32n0018_p0202a04"}, {"level": "4", "n": "", "type": "其他", "text": "主分", "head": "N32n0018_p0203a01"}, {"level": "4", "n": "", "type": "其他", "text": "結分", "head": "N32n0018_p0203a12"}, {"level": "3", "n": "", "type": "其他", "text": "一一五　警告者本生譚", "head": "N32n0018_p0204a04"}, {"level": "4", "n": "", "type": "其他", "text": "序分", "head": "N32n0018_p0204a06"}, {"level": "4", "n": "", "type": "其他", "text": "主分", "head": "N32n0018_p0205a06"}, {"level": "4", "n": "", "type": "其他", "text": "結分", "head": "N32n0018_p0206a04"}, {"level": "3", "n": "", "type": "其他", "text": "一一六　背教者本生譚", "head": "N32n0018_p0206a07"}, {"level": "4", "n": "", "type": "其他", "text": "序分", "head": "N32n0018_p0206a09"}, {"level": "4", "n": "", "type": "其他", "text": "主分", "head": "N32n0018_p0206a13"}, {"level": "4", "n": "", "type": "其他", "text": "結分", "head": "N32n0018_p0207a09"}, {"level": "3", "n": "", "type": "其他", "text": "一一七　鷓鴣本生譚", "head": "N32n0018_p0208a02"}, {"level": "4", "n": "", "type": "其他", "text": "序分", "head": "N32n0018_p0208a04"}, {"level": "4", "n": "", "type": "其他", "text": "主分", "head": "N32n0018_p0208a07"}, {"level": "4", "n": "", "type": "其他", "text": "結分", "head": "N32n0018_p0209a06"}, {"level": "3", "n": "", "type": "其他", "text": "一一八　鶉本生譚", "head": "N32n0018_p0209a12"}, {"level": "4", "n": "", "type": "其他", "text": "序分", "head": "N32n0018_p0210a01"}, {"level": "4", "n": "", "type": "其他", "text": "主分", "head": "N32n0018_p0212a07"}, {"level": "4", "n": "", "type": "其他", "text": "結分", "head": "N32n0018_p0213a06"}, {"level": "3", "n": "", "type": "其他", "text": "一一九　非時叫喚者本生譚", "head": "N32n0018_p0214a02"}, {"level": "4", "n": "", "type": "其他", "text": "序分", "head": "N32n0018_p0214a04"}, {"level": "4", "n": "", "type": "其他", "text": "主分", "head": "N32n0018_p0214a12"}, {"level": "4", "n": "", "type": "其他", "text": "結分", "head": "N32n0018_p0215a11"}, {"level": "3", "n": "", "type": "其他", "text": "一二〇　解縛本生譚", "head": "N32n0018_p0216a02"}, {"level": "4", "n": "", "type": "其他", "text": "序分", "head": "N32n0018_p0216a04"}, {"level": "4", "n": "", "type": "其他", "text": "主分", "head": "N32n0018_p0216a08"}, {"level": "4", "n": "", "type": "其他", "text": "結分", "head": "N32n0018_p0220a07"}, {"level": "2", "n": "", "type": "其他", "text": "第十三章　吉祥草品", "head": "N32n0018_p0222a01"}, {"level": "3", "n": "", "type": "其他", "text": "一二一　吉祥草本生譚", "head": "N32n0018_p0222a04"}, {"level": "4", "n": "", "type": "其他", "text": "序分", "head": "N32n0018_p0222a07"}, {"level": "4", "n": "", "type": "其他", "text": "主分", "head": "N32n0018_p0223a03"}, {"level": "4", "n": "", "type": "其他", "text": "結分", "head": "N32n0018_p0225a03"}, {"level": "3", "n": "", "type": "其他", "text": "一二二　愚者本生譚", "head": "N32n0018_p0225a06"}, {"level": "4", "n": "", "type": "其他", "text": "序分", "head": "N32n0018_p0225a08"}, {"level": "4", "n": "", "type": "其他", "text": "主分", "head": "N32n0018_p0226a01"}, {"level": "4", "n": "", "type": "其他", "text": "結分", "head": "N32n0018_p0228a06"}, {"level": "3", "n": "", "type": "其他", "text": "一二三　鍬柄本生譚", "head": "N32n0018_p0229a02"}, {"level": "4", "n": "", "type": "其他", "text": "序分", "head": "N32n0018_p0229a04"}, {"level": "4", "n": "", "type": "其他", "text": "主分", "head": "N32n0018_p0229a14"}, {"level": "4", "n": "", "type": "其他", "text": "結分", "head": "N32n0018_p0232a04"}, {"level": "3", "n": "", "type": "其他", "text": "一二四　菴羅果本生譚", "head": "N32n0018_p0232a07"}, {"level": "4", "n": "", "type": "其他", "text": "序分", "head": "N32n0018_p0232a09"}, {"level": "4", "n": "", "type": "其他", "text": "主分", "head": "N32n0018_p0233a06"}, {"level": "4", "n": "", "type": "其他", "text": "結分", "head": "N32n0018_p0234a06"}, {"level": "3", "n": "", "type": "其他", "text": "一二五　伽他哈迦奴隸本生譚", "head": "N32n0018_p0234a12"}, {"level": "4", "n": "", "type": "其他", "text": "序分", "head": "N32n0018_p0234a14"}, {"level": "4", "n": "", "type": "其他", "text": "主分", "head": "N32n0018_p0235a02"}, {"level": "4", "n": "", "type": "其他", "text": "結分", "head": "N32n0018_p0238a11"}, {"level": "3", "n": "", "type": "其他", "text": "一二六　劍相師本生譚", "head": "N32n0018_p0239a02"}, {"level": "4", "n": "", "type": "其他", "text": "序分", "head": "N32n0018_p0239a04"}, {"level": "4", "n": "", "type": "其他", "text": "主分", "head": "N32n0018_p0239a13"}, {"level": "4", "n": "", "type": "其他", "text": "結分", "head": "N32n0018_p0242a11"}, {"level": "3", "n": "", "type": "其他", "text": "一二七　伽藍杜迦奴隸本生譚", "head": "N32n0018_p0243a02"}, {"level": "4", "n": "", "type": "其他", "text": "序分", "head": "N32n0018_p0243a04"}, {"level": "4", "n": "", "type": "其他", "text": "主分", "head": "N32n0018_p0243a06"}, {"level": "4", "n": "", "type": "其他", "text": "結分", "head": "N32n0018_p0244a09"}, {"level": "3", "n": "", "type": "其他", "text": "一二八　貓本生譚", "head": "N32n0018_p0244a12"}, {"level": "4", "n": "", "type": "其他", "text": "序分", "head": "N32n0018_p0244a14"}, {"level": "4", "n": "", "type": "其他", "text": "主分", "head": "N32n0018_p0245a03"}, {"level": "4", "n": "", "type": "其他", "text": "結分", "head": "N32n0018_p0246a07"}, {"level": "3", "n": "", "type": "其他", "text": "一二九　火種本生譚", "head": "N32n0018_p0246a10"}, {"level": "4", "n": "", "type": "其他", "text": "序分", "head": "N32n0018_p0246a12"}, {"level": "4", "n": "", "type": "其他", "text": "主分", "head": "N32n0018_p0246a13"}, {"level": "4", "n": "", "type": "其他", "text": "結分", "head": "N32n0018_p0247a14"}, {"level": "3", "n": "", "type": "其他", "text": "一三〇　拘舍女本生譚", "head": "N32n0018_p0248a03"}, {"level": "4", "n": "", "type": "其他", "text": "序分", "head": "N32n0018_p0248a05"}, {"level": "4", "n": "", "type": "其他", "text": "主分", "head": "N32n0018_p0249a03"}, {"level": "4", "n": "", "type": "其他", "text": "結分", "head": "N32n0018_p0250a13"}, {"level": "2", "n": "", "type": "其他", "text": "第十四章　不與品", "head": "N32n0018_p0252a01"}, {"level": "3", "n": "", "type": "其他", "text": "一三一　不與本生譚", "head": "N32n0018_p0252a04"}, {"level": "4", "n": "", "type": "其他", "text": "序分", "head": "N32n0018_p0252a07"}, {"level": "4", "n": "", "type": "其他", "text": "主分", "head": "N32n0018_p0252a11"}, {"level": "4", "n": "", "type": "其他", "text": "結分", "head": "N32n0018_p0256a07"}, {"level": "3", "n": "", "type": "其他", "text": "一三二　五師本生譚", "head": "N32n0018_p0256a13"}, {"level": "4", "n": "", "type": "其他", "text": "序分", "head": "N32n0018_p0257a01"}, {"level": "4", "n": "", "type": "其他", "text": "主分", "head": "N32n0018_p0257a11"}, {"level": "4", "n": "", "type": "其他", "text": "結分", "head": "N32n0018_p0258a12"}, {"level": "3", "n": "", "type": "其他", "text": "一三三　火焰本生譚", "head": "N32n0018_p0259a04"}, {"level": "4", "n": "", "type": "其他", "text": "序分", "head": "N32n0018_p0259a06"}, {"level": "4", "n": "", "type": "其他", "text": "主分", "head": "N32n0018_p0260a01"}, {"level": "4", "n": "", "type": "其他", "text": "結分", "head": "N32n0018_p0260a14"}, {"level": "3", "n": "", "type": "其他", "text": "一三四　禪定清淨本生譚", "head": "N32n0018_p0261a03"}, {"level": "4", "n": "", "type": "其他", "text": "序分", "head": "N32n0018_p0261a05"}, {"level": "4", "n": "", "type": "其他", "text": "主分", "head": "N32n0018_p0261a07"}, {"level": "4", "n": "", "type": "其他", "text": "結分", "head": "N32n0018_p0261a14"}, {"level": "3", "n": "", "type": "其他", "text": "一三五　月光本生譚", "head": "N32n0018_p0262a06"}, {"level": "4", "n": "", "type": "其他", "text": "序分", "head": "N32n0018_p0262a08"}, {"level": "4", "n": "", "type": "其他", "text": "主分", "head": "N32n0018_p0262a10"}, {"level": "4", "n": "", "type": "其他", "text": "結分", "head": "N32n0018_p0263a02"}, {"level": "3", "n": "", "type": "其他", "text": "一三六　金色鵝鳥本生譚", "head": "N32n0018_p0263a05"}, {"level": "4", "n": "", "type": "其他", "text": "序分", "head": "N32n0018_p0263a07"}, {"level": "4", "n": "", "type": "其他", "text": "主分", "head": "N32n0018_p0264a06"}, {"level": "4", "n": "", "type": "其他", "text": "結分", "head": "N32n0018_p0265a11"}, {"level": "3", "n": "", "type": "其他", "text": "一三七　貓本生譚", "head": "N32n0018_p0266a08"}, {"level": "4", "n": "", "type": "其他", "text": "序分", "head": "N32n0018_p0266a10"}, {"level": "4", "n": "", "type": "其他", "text": "主分", "head": "N32n0018_p0268a04"}, {"level": "4", "n": "", "type": "其他", "text": "結分", "head": "N32n0018_p0270a05"}, {"level": "3", "n": "", "type": "其他", "text": "一三八　蜥蜴本生譚", "head": "N32n0018_p0270a12"}, {"level": "4", "n": "", "type": "其他", "text": "序分", "head": "N32n0018_p0270a14"}, {"level": "4", "n": "", "type": "其他", "text": "主分", "head": "N32n0018_p0271a02"}, {"level": "4", "n": "", "type": "其他", "text": "結分", "head": "N32n0018_p0272a12"}, {"level": "3", "n": "", "type": "其他", "text": "一三九　二重失敗本生譚", "head": "N32n0018_p0273a04"}, {"level": "4", "n": "", "type": "其他", "text": "序分", "head": "N32n0018_p0273a06"}, {"level": "4", "n": "", "type": "其他", "text": "主分", "head": "N32n0018_p0273a12"}, {"level": "4", "n": "", "type": "其他", "text": "結分", "head": "N32n0018_p0275a03"}, {"level": "3", "n": "", "type": "其他", "text": "一四〇　烏本生譚", "head": "N32n0018_p0275a06"}, {"level": "4", "n": "", "type": "其他", "text": "序分", "head": "N32n0018_p0275a08"}, {"level": "4", "n": "", "type": "其他", "text": "主分", "head": "N32n0018_p0275a10"}, {"level": "4", "n": "", "type": "其他", "text": "結分", "head": "N32n0018_p0278a06"}, {"level": "2", "n": "", "type": "其他", "text": "第十五章　變色蜥蜴品", "head": "N32n0018_p0279a01"}, {"level": "3", "n": "", "type": "其他", "text": "一四一　蜥蜴本生譚", "head": "N32n0018_p0279a04"}, {"level": "4", "n": "", "type": "其他", "text": "序分", "head": "N32n0018_p0279a07"}, {"level": "4", "n": "", "type": "其他", "text": "主分", "head": "N32n0018_p0279a09"}, {"level": "4", "n": "", "type": "其他", "text": "結分", "head": "N32n0018_p0281a09"}, {"level": "3", "n": "", "type": "其他", "text": "一四二　豺本生譚", "head": "N32n0018_p0282a02"}, {"level": "4", "n": "", "type": "其他", "text": "序分", "head": "N32n0018_p0282a04"}, {"level": "4", "n": "", "type": "其他", "text": "主分", "head": "N32n0018_p0282a08"}, {"level": "4", "n": "", "type": "其他", "text": "結分", "head": "N32n0018_p0283a13"}, {"level": "3", "n": "", "type": "其他", "text": "一四三　威光本生譚", "head": "N32n0018_p0284a10"}, {"level": "4", "n": "", "type": "其他", "text": "序分", "head": "N32n0018_p0284a12"}, {"level": "4", "n": "", "type": "其他", "text": "主分", "head": "N32n0018_p0286a02"}, {"level": "4", "n": "", "type": "其他", "text": "結分", "head": "N32n0018_p0288a09"}, {"level": "3", "n": "", "type": "其他", "text": "一四四　象尾本生譚", "head": "N32n0018_p0289a02"}, {"level": "4", "n": "", "type": "其他", "text": "序分", "head": "N32n0018_p0289a04"}, {"level": "4", "n": "", "type": "其他", "text": "主分", "head": "N32n0018_p0289a12"}, {"level": "4", "n": "", "type": "其他", "text": "結分", "head": "N32n0018_p0291a05"}, {"level": "3", "n": "", "type": "其他", "text": "一四五　拉達鸚鵡本生譚", "head": "N32n0018_p0291a12"}, {"level": "4", "n": "", "type": "其他", "text": "序分", "head": "N32n0018_p0291a14"}, {"level": "4", "n": "", "type": "其他", "text": "主分", "head": "N32n0018_p0292a04"}, {"level": "4", "n": "", "type": "其他", "text": "結分", "head": "N32n0018_p0293a09"}, {"level": "3", "n": "", "type": "其他", "text": "一四六　烏本生譚", "head": "N32n0018_p0293a13"}, {"level": "4", "n": "", "type": "其他", "text": "序分", "head": "N32n0018_p0294a01"}, {"level": "4", "n": "", "type": "其他", "text": "主分", "head": "N32n0018_p0295a07"}, {"level": "4", "n": "", "type": "其他", "text": "結分", "head": "N32n0018_p0296a12"}, {"level": "3", "n": "", "type": "其他", "text": "一四七　花祭本生譚", "head": "N32n0018_p0297a02"}, {"level": "4", "n": "", "type": "其他", "text": "序分", "head": "N32n0018_p0297a04"}, {"level": "4", "n": "", "type": "其他", "text": "主分", "head": "N32n0018_p0297a10"}, {"level": "4", "n": "", "type": "其他", "text": "結分", "head": "N32n0018_p0299a06"}, {"level": "3", "n": "", "type": "其他", "text": "一四八　豺本生譚", "head": "N32n0018_p0299a09"}, {"level": "4", "n": "", "type": "其他", "text": "序分", "head": "N32n0018_p0299a11"}, {"level": "4", "n": "", "type": "其他", "text": "主分", "head": "N32n0018_p0301a09"}, {"level": "4", "n": "", "type": "其他", "text": "結分", "head": "N32n0018_p0303a07"}, {"level": "3", "n": "", "type": "其他", "text": "一四九　一葉本生譚", "head": "N32n0018_p0304a02"}, {"level": "4", "n": "", "type": "其他", "text": "序分", "head": "N32n0018_p0304a04"}, {"level": "4", "n": "", "type": "其他", "text": "主分", "head": "N32n0018_p0306a07"}, {"level": "4", "n": "", "type": "其他", "text": "結分", "head": "N32n0018_p0309a08"}, {"level": "3", "n": "", "type": "其他", "text": "一五〇　等活本生譚", "head": "N32n0018_p0309a12"}, {"level": "4", "n": "", "type": "其他", "text": "序分", "head": "N32n0018_p0309a14"}, {"level": "4", "n": "", "type": "其他", "text": "主分", "head": "N32n0018_p0313a03"}, {"level": "4", "n": "", "type": "其他", "text": "結分", "head": "N32n0018_p0314a04"}]