[{"level": "1", "n": "", "type": "其他", "text": "犍度篇", "head": "N15n0006_p0001a01"}, {"level": "2", "n": "", "type": "其他", "text": "第一　蘊相應", "head": "N15n0006_p0001a07"}, {"level": "3", "n": "", "type": "其他", "text": "第一　根本五十經", "head": "N15n0006_p0001a10"}, {"level": "4", "n": "", "type": "其他", "text": "第一　那拘羅父品", "head": "N15n0006_p0001a12"}, {"level": "5", "n": "", "type": "其他", "text": "〔一〕第一　那拘羅父", "head": "N15n0006_p0001a14"}, {"level": "5", "n": "", "type": "其他", "text": "〔二〕第二　天現", "head": "N15n0006_p0007a03"}, {"level": "5", "n": "", "type": "其他", "text": "〔三〕第三　訶梨（一）", "head": "N15n0006_p0011a10"}, {"level": "5", "n": "", "type": "其他", "text": "〔四〕第四　訶梨（二）", "head": "N15n0006_p0016a07"}, {"level": "5", "n": "", "type": "其他", "text": "〔五〕第五　三昧", "head": "N15n0006_p0017a14"}, {"level": "5", "n": "", "type": "其他", "text": "〔六〕第六　宴默", "head": "N15n0006_p0020a09"}, {"level": "5", "n": "", "type": "其他", "text": "〔七〕第七　取著恐懼（一）", "head": "N15n0006_p0021a04"}, {"level": "5", "n": "", "type": "其他", "text": "〔八〕第八　取著恐懼（二）", "head": "N15n0006_p0024a07"}, {"level": "5", "n": "", "type": "其他", "text": "〔九〕第九　過去未來現在（一）", "head": "N15n0006_p0026a05"}, {"level": "5", "n": "", "type": "其他", "text": "〔一〇〕第十　過去未來現在（二）", "head": "N15n0006_p0027a03"}, {"level": "5", "n": "", "type": "其他", "text": "〔一一〕第十一　過去未來現在（三）", "head": "N15n0006_p0027a12"}, {"level": "4", "n": "", "type": "其他", "text": "第二　無常品", "head": "N15n0006_p0029a02"}, {"level": "5", "n": "", "type": "其他", "text": "〔一二〕第一　無常", "head": "N15n0006_p0029a03"}, {"level": "5", "n": "", "type": "其他", "text": "〔一三〕第二　苦", "head": "N15n0006_p0029a13"}, {"level": "5", "n": "", "type": "其他", "text": "〔一四〕第三　無我", "head": "N15n0006_p0030a04"}, {"level": "5", "n": "", "type": "其他", "text": "〔一五〕第四　無常者（一）", "head": "N15n0006_p0030a08"}, {"level": "5", "n": "", "type": "其他", "text": "〔一六〕第五　無常者（二）", "head": "N15n0006_p0031a08"}, {"level": "5", "n": "", "type": "其他", "text": "〔一七〕第六　無常者（三）", "head": "N15n0006_p0032a03"}, {"level": "5", "n": "", "type": "其他", "text": "〔一八〕第七　因（一）", "head": "N15n0006_p0032a09"}, {"level": "5", "n": "", "type": "其他", "text": "〔一九〕第八　因（二）", "head": "N15n0006_p0033a10"}, {"level": "5", "n": "", "type": "其他", "text": "〔二〇〕第九　因（三）", "head": "N15n0006_p0034a08"}, {"level": "5", "n": "", "type": "其他", "text": "〔二一〕第十　阿難", "head": "N15n0006_p0035a02"}, {"level": "4", "n": "", "type": "其他", "text": "第三　重擔品", "head": "N15n0006_p0036a11"}, {"level": "5", "n": "", "type": "其他", "text": "〔二二〕第一　重擔", "head": "N15n0006_p0036a12"}, {"level": "5", "n": "", "type": "其他", "text": "〔二三〕第二　徧智", "head": "N15n0006_p0038a09"}, {"level": "5", "n": "", "type": "其他", "text": "〔二四〕第三　徧智（證知）", "head": "N15n0006_p0039a05"}, {"level": "5", "n": "", "type": "其他", "text": "〔二五〕第四　欲貪", "head": "N15n0006_p0040a04"}, {"level": "5", "n": "", "type": "其他", "text": "〔二六〕第五　味（一）", "head": "N15n0006_p0041a03"}, {"level": "5", "n": "", "type": "其他", "text": "〔二七〕第六　味（二）", "head": "N15n0006_p0042a13"}, {"level": "5", "n": "", "type": "其他", "text": "〔二八〕第七　味（三）", "head": "N15n0006_p0043a13"}, {"level": "5", "n": "", "type": "其他", "text": "〔二九〕第八　歡喜", "head": "N15n0006_p0045a12"}, {"level": "5", "n": "", "type": "其他", "text": "〔三〇〕第九　生", "head": "N15n0006_p0046a14"}, {"level": "5", "n": "", "type": "其他", "text": "〔三一〕第十　痛根", "head": "N15n0006_p0047a11"}, {"level": "5", "n": "", "type": "其他", "text": "〔三二〕第十一　壞法", "head": "N15n0006_p0048a08"}, {"level": "4", "n": "", "type": "其他", "text": "第四　非汝所應法品", "head": "N15n0006_p0050a02"}, {"level": "5", "n": "", "type": "其他", "text": "〔三三〕第一　非汝應法（一）", "head": "N15n0006_p0050a03"}, {"level": "5", "n": "", "type": "其他", "text": "〔三四〕第二　非汝所應法（二）", "head": "N15n0006_p0051a09"}, {"level": "5", "n": "", "type": "其他", "text": "〔三五〕第三　比丘（一）", "head": "N15n0006_p0052a03"}, {"level": "6", "n": "", "type": "其他", "text": "第〇章", "head": "N15n0006_p0052a03"}, {"level": "6", "n": "", "type": "其他", "text": "第一章", "head": "N15n0006_p0052a05"}, {"level": "6", "n": "", "type": "其他", "text": "第二章", "head": "N15n0006_p0053a07"}, {"level": "5", "n": "", "type": "其他", "text": "〔三六〕第四　比丘（二）", "head": "N15n0006_p0054a03"}, {"level": "5", "n": "", "type": "其他", "text": "〔三七〕第五　阿難（一）", "head": "N15n0006_p0056a01"}, {"level": "5", "n": "", "type": "其他", "text": "〔三八〕第六　阿難（二）", "head": "N15n0006_p0057a04"}, {"level": "5", "n": "", "type": "其他", "text": "〔三九〕第七　隨法（一）", "head": "N15n0006_p0059a03"}, {"level": "5", "n": "", "type": "其他", "text": "〔四〇〕第八　隨法（二）", "head": "N15n0006_p0059a14"}, {"level": "5", "n": "", "type": "其他", "text": "〔四一〕第九　隨法（三）", "head": "N15n0006_p0060a04"}, {"level": "5", "n": "", "type": "其他", "text": "〔四二〕第十　隨法（四）", "head": "N15n0006_p0060a07"}, {"level": "4", "n": "", "type": "其他", "text": "第五　自洲品", "head": "N15n0006_p0061a08"}, {"level": "5", "n": "", "type": "其他", "text": "〔四三〕第一　自洲", "head": "N15n0006_p0061a09"}, {"level": "5", "n": "", "type": "其他", "text": "〔四四〕第二　道", "head": "N15n0006_p0064a01"}, {"level": "5", "n": "", "type": "其他", "text": "〔四五〕第三　無常（一）", "head": "N15n0006_p0065a09"}, {"level": "5", "n": "", "type": "其他", "text": "〔四六〕第四　無常（二）", "head": "N15n0006_p0066a10"}, {"level": "5", "n": "", "type": "其他", "text": "〔四七〕第五　觀見", "head": "N15n0006_p0067a12"}, {"level": "5", "n": "", "type": "其他", "text": "〔四八〕第六　蘊", "head": "N15n0006_p0069a05"}, {"level": "5", "n": "", "type": "其他", "text": "〔四九〕第七　輸屢那（一）", "head": "N15n0006_p0070a12"}, {"level": "5", "n": "", "type": "其他", "text": "〔五〇〕第八　輸屢那（二）", "head": "N15n0006_p0073a14"}, {"level": "5", "n": "", "type": "其他", "text": "〔五一〕第九　喜盡（一）", "head": "N15n0006_p0075a04"}, {"level": "5", "n": "", "type": "其他", "text": "〔五二〕第十　喜盡（二）", "head": "N15n0006_p0076a05"}, {"level": "3", "n": "", "type": "其他", "text": "第二　中五十經", "head": "N15n0006_p0078a10"}, {"level": "4", "n": "", "type": "其他", "text": "第一　封滯品", "head": "N15n0006_p0078a12"}, {"level": "5", "n": "", "type": "其他", "text": "〔五三〕第一　封滯", "head": "N15n0006_p0078a13"}, {"level": "5", "n": "", "type": "其他", "text": "〔五四〕第二　種子", "head": "N15n0006_p0079a14"}, {"level": "5", "n": "", "type": "其他", "text": "〔五五〕第三　優陀那", "head": "N15n0006_p0082a08"}, {"level": "5", "n": "", "type": "其他", "text": "〔五六〕第四　取轉", "head": "N15n0006_p0086a13"}, {"level": "5", "n": "", "type": "其他", "text": "〔五七〕第五　七處", "head": "N15n0006_p0090a14"}, {"level": "5", "n": "", "type": "其他", "text": "〔五八〕第六　等覺者", "head": "N15n0006_p0095a08"}, {"level": "5", "n": "", "type": "其他", "text": "〔五九〕第七　五群比丘", "head": "N15n0006_p0097a03"}, {"level": "5", "n": "", "type": "其他", "text": "〔六〇〕第八　摩訶利", "head": "N15n0006_p0100a08"}, {"level": "5", "n": "", "type": "其他", "text": "〔六一〕第九　熾然", "head": "N15n0006_p0103a08"}, {"level": "5", "n": "", "type": "其他", "text": "〔六二〕第十　言路", "head": "N15n0006_p0104a03"}, {"level": "4", "n": "", "type": "其他", "text": "第二　阿羅漢品", "head": "N15n0006_p0107a07"}, {"level": "5", "n": "", "type": "其他", "text": "〔六三〕第一　取", "head": "N15n0006_p0107a09"}, {"level": "5", "n": "", "type": "其他", "text": "〔六四〕第二　思", "head": "N15n0006_p0109a08"}, {"level": "5", "n": "", "type": "其他", "text": "〔六五〕第三　歡喜", "head": "N15n0006_p0110a09"}, {"level": "5", "n": "", "type": "其他", "text": "〔六六〕第四　無常", "head": "N15n0006_p0111a10"}, {"level": "5", "n": "", "type": "其他", "text": "〔六七〕第五　苦", "head": "N15n0006_p0112a12"}, {"level": "5", "n": "", "type": "其他", "text": "〔六八〕第六　無我", "head": "N15n0006_p0113a10"}, {"level": "5", "n": "", "type": "其他", "text": "〔六九〕第七　非自所應", "head": "N15n0006_p0114a12"}, {"level": "5", "n": "", "type": "其他", "text": "〔七〇〕第八　止住所染", "head": "N15n0006_p0115a14"}, {"level": "5", "n": "", "type": "其他", "text": "〔七一〕第九　羅陀", "head": "N15n0006_p0117a03"}, {"level": "5", "n": "", "type": "其他", "text": "〔七二〕第十　修羅陀", "head": "N15n0006_p0118a08"}, {"level": "4", "n": "", "type": "其他", "text": "第三　所食品", "head": "N15n0006_p0120a06"}, {"level": "5", "n": "", "type": "其他", "text": "〔七三〕第一　味", "head": "N15n0006_p0120a08"}, {"level": "5", "n": "", "type": "其他", "text": "〔七四〕第二　集（一）", "head": "N15n0006_p0121a04"}, {"level": "5", "n": "", "type": "其他", "text": "〔七五〕第三　集（二）", "head": "N15n0006_p0122a01"}, {"level": "5", "n": "", "type": "其他", "text": "〔七六〕第四　阿羅漢（一）", "head": "N15n0006_p0122a06"}, {"level": "5", "n": "", "type": "其他", "text": "〔七七〕第五　阿羅漢（二）", "head": "N15n0006_p0126a04"}, {"level": "5", "n": "", "type": "其他", "text": "〔七八〕第六　師子（一）", "head": "N15n0006_p0126a14"}, {"level": "5", "n": "", "type": "其他", "text": "〔七九〕第七　師子（二）", "head": "N15n0006_p0129a08"}, {"level": "5", "n": "", "type": "其他", "text": "〔八〇〕第八　乞食", "head": "N15n0006_p0135a10"}, {"level": "5", "n": "", "type": "其他", "text": "〔八一〕第九　波陀聚落", "head": "N15n0006_p0140a08"}, {"level": "5", "n": "", "type": "其他", "text": "〔八二〕第十　滿月", "head": "N15n0006_p0146a05"}, {"level": "4", "n": "", "type": "其他", "text": "第四　長老品", "head": "N15n0006_p0153a02"}, {"level": "5", "n": "", "type": "其他", "text": "〔八三〕第一　阿難", "head": "N15n0006_p0153a03"}, {"level": "5", "n": "", "type": "其他", "text": "〔八四〕第二　低舍", "head": "N15n0006_p0155a01"}, {"level": "5", "n": "", "type": "其他", "text": "〔八五〕第三　焰摩迦", "head": "N15n0006_p0159a05"}, {"level": "5", "n": "", "type": "其他", "text": "〔八六〕第四　阿,羅度", "head": "N15n0006_p0167a07"}, {"level": "5", "n": "", "type": "其他", "text": "〔八七〕第五　跋迦梨", "head": "N15n0006_p0171a12"}, {"level": "5", "n": "", "type": "其他", "text": "〔八八〕第六　阿濕波誓", "head": "N15n0006_p0178a08"}, {"level": "5", "n": "", "type": "其他", "text": "〔八九〕第七　差摩", "head": "N15n0006_p0182a01"}, {"level": "5", "n": "", "type": "其他", "text": "〔九〇〕第八　闡陀", "head": "N15n0006_p0188a03"}, {"level": "5", "n": "", "type": "其他", "text": "〔九一〕第九　羅睺羅（一）", "head": "N15n0006_p0192a03"}, {"level": "5", "n": "", "type": "其他", "text": "〔九二〕第十　羅睺羅（二）", "head": "N15n0006_p0193a06"}, {"level": "4", "n": "", "type": "其他", "text": "第五　華品", "head": "N15n0006_p0194a12"}, {"level": "5", "n": "", "type": "其他", "text": "〔九三〕第一　河流", "head": "N15n0006_p0194a13"}, {"level": "5", "n": "", "type": "其他", "text": "〔九四〕第二　華（增長）", "head": "N15n0006_p0196a06"}, {"level": "5", "n": "", "type": "其他", "text": "〔九五〕第三　泡沫", "head": "N15n0006_p0198a12"}, {"level": "5", "n": "", "type": "其他", "text": "〔九六〕第四　牛糞", "head": "N15n0006_p0203a13"}, {"level": "5", "n": "", "type": "其他", "text": "〔九七〕第五　指尖", "head": "N15n0006_p0208a02"}, {"level": "5", "n": "", "type": "其他", "text": "〔九八〕第六　清淨（海）", "head": "N15n0006_p0210a11"}, {"level": "5", "n": "", "type": "其他", "text": "〔九九〕第七　繫繩（一）", "head": "N15n0006_p0211a09"}, {"level": "5", "n": "", "type": "其他", "text": "〔一〇〇〕第八　繫繩（二）", "head": "N15n0006_p0213a04"}, {"level": "5", "n": "", "type": "其他", "text": "〔一〇一〕第九　手斧之柄（船舶）", "head": "N15n0006_p0215a09"}, {"level": "5", "n": "", "type": "其他", "text": "〔一〇二〕第十　無常性（想）", "head": "N15n0006_p0218a11"}, {"level": "3", "n": "", "type": "其他", "text": "第三　後五十經", "head": "N15n0006_p0222a06"}, {"level": "4", "n": "", "type": "其他", "text": "第一　邊品", "head": "N15n0006_p0222a08"}, {"level": "5", "n": "", "type": "其他", "text": "〔一〇三〕第一　邊", "head": "N15n0006_p0222a10"}, {"level": "5", "n": "", "type": "其他", "text": "〔一〇四〕第二　苦", "head": "N15n0006_p0223a11"}, {"level": "5", "n": "", "type": "其他", "text": "〔一〇五〕第三　有身", "head": "N15n0006_p0224a08"}, {"level": "5", "n": "", "type": "其他", "text": "〔一〇六〕第四　所徧知", "head": "N15n0006_p0225a08"}, {"level": "5", "n": "", "type": "其他", "text": "〔一〇七〕第五　沙門（一）", "head": "N15n0006_p0226a06"}, {"level": "5", "n": "", "type": "其他", "text": "〔一〇八〕第八　沙門（二）", "head": "N15n0006_p0227a05"}, {"level": "5", "n": "", "type": "其他", "text": "〔一〇九〕第七　預流", "head": "N15n0006_p0227a10"}, {"level": "5", "n": "", "type": "其他", "text": "〔一一〇〕第八　阿羅漢", "head": "N15n0006_p0228a01"}, {"level": "5", "n": "", "type": "其他", "text": "〔一一一〕第九　欲貪（一）", "head": "N15n0006_p0228a07"}, {"level": "5", "n": "", "type": "其他", "text": "〔一一二〕第十　欲貪（二）", "head": "N15n0006_p0228a14"}, {"level": "4", "n": "", "type": "其他", "text": "第二　說法品", "head": "N15n0006_p0230a04"}, {"level": "5", "n": "", "type": "其他", "text": "〔一一三〕第一　無明（比丘）", "head": "N15n0006_p0230a05"}, {"level": "5", "n": "", "type": "其他", "text": "〔一一四〕第二　明（比丘）", "head": "N15n0006_p0231a01"}, {"level": "5", "n": "", "type": "其他", "text": "〔一一五〕第三　說法者（一）", "head": "N15n0006_p0231a07"}, {"level": "5", "n": "", "type": "其他", "text": "〔一一六〕第四　說法者（二）", "head": "N15n0006_p0232a07"}, {"level": "5", "n": "", "type": "其他", "text": "〔一一七〕第五　縛", "head": "N15n0006_p0233a08"}, {"level": "5", "n": "", "type": "其他", "text": "〔一一八〕第六　解脫（一）", "head": "N15n0006_p0235a02"}, {"level": "5", "n": "", "type": "其他", "text": "〔一一九〕第七　解脫（二）", "head": "N15n0006_p0236a02"}, {"level": "5", "n": "", "type": "其他", "text": "〔一二〇〕第八　結", "head": "N15n0006_p0237a03"}, {"level": "5", "n": "", "type": "其他", "text": "〔一二一〕第九　取", "head": "N15n0006_p0237a14"}, {"level": "5", "n": "", "type": "其他", "text": "〔一二二〕第十　戒", "head": "N15n0006_p0238a11"}, {"level": "5", "n": "", "type": "其他", "text": "〔一二三〕第十一　有聞", "head": "N15n0006_p0240a14"}, {"level": "5", "n": "", "type": "其他", "text": "〔一二四〕第十二　劫波（一）", "head": "N15n0006_p0241a05"}, {"level": "5", "n": "", "type": "其他", "text": "〔一二五〕第十三　劫波（二）", "head": "N15n0006_p0242a07"}, {"level": "4", "n": "", "type": "其他", "text": "第三　無明品", "head": "N15n0006_p0244a02"}, {"level": "5", "n": "", "type": "其他", "text": "〔一二六〕第一　集法（一）", "head": "N15n0006_p0244a04"}, {"level": "5", "n": "", "type": "其他", "text": "〔一二七〕第二　集法（二）", "head": "N15n0006_p0246a05"}, {"level": "5", "n": "", "type": "其他", "text": "〔一二八〕第三　集法（三）", "head": "N15n0006_p0247a07"}, {"level": "5", "n": "", "type": "其他", "text": "〔一二九〕第四　味（一）", "head": "N15n0006_p0248a04"}, {"level": "5", "n": "", "type": "其他", "text": "〔一三〇〕第五　味（二）", "head": "N15n0006_p0248a12"}, {"level": "5", "n": "", "type": "其他", "text": "〔一三一〕第六　集（一）", "head": "N15n0006_p0249a05"}, {"level": "5", "n": "", "type": "其他", "text": "〔一三二〕第七　集（二）", "head": "N15n0006_p0249a11"}, {"level": "5", "n": "", "type": "其他", "text": "〔一三三〕第八　拘絺羅（一）", "head": "N15n0006_p0250a07"}, {"level": "5", "n": "", "type": "其他", "text": "〔一三四〕第九　拘絺羅（二）", "head": "N15n0006_p0251a11"}, {"level": "5", "n": "", "type": "其他", "text": "〔一三五〕第十　拘絺羅（三）", "head": "N15n0006_p0252a14"}, {"level": "4", "n": "", "type": "其他", "text": "第四　煻煨品", "head": "N15n0006_p0254a06"}, {"level": "5", "n": "", "type": "其他", "text": "〔一三六〕第一　煻煨", "head": "N15n0006_p0254a08"}, {"level": "5", "n": "", "type": "其他", "text": "〔一三七〕第二　無常（一）", "head": "N15n0006_p0255a02"}, {"level": "5", "n": "", "type": "其他", "text": "〔一三八〕第三　無常（二）", "head": "N15n0006_p0255a12"}, {"level": "5", "n": "", "type": "其他", "text": "〔一三九〕第四　無常（三）", "head": "N15n0006_p0256a04"}, {"level": "5", "n": "", "type": "其他", "text": "〔一四〇～一四二〕第六～第七　苦（一～三）", "head": "N15n0006_p0256a10"}, {"level": "5", "n": "", "type": "其他", "text": "〔一四三～一四五〕第八～第十　無我（一～三）", "head": "N15n0006_p0256a13"}, {"level": "5", "n": "", "type": "其他", "text": "〔一四六〕第十一　善男子苦（一）", "head": "N15n0006_p0257a06"}, {"level": "5", "n": "", "type": "其他", "text": "〔一四七〕第十二　善男子苦（二）", "head": "N15n0006_p0258a03"}, {"level": "5", "n": "", "type": "其他", "text": "〔一四八〕第十三　善男子苦（三）", "head": "N15n0006_p0258a08"}, {"level": "4", "n": "", "type": "其他", "text": "第五　見品", "head": "N15n0006_p0259a11"}, {"level": "5", "n": "", "type": "其他", "text": "〔一四九〕第一　內", "head": "N15n0006_p0259a13"}, {"level": "5", "n": "", "type": "其他", "text": "〔一五〇〕第二　我所", "head": "N15n0006_p0261a09"}, {"level": "5", "n": "", "type": "其他", "text": "〔一五一〕第三　我", "head": "N15n0006_p0262a14"}, {"level": "5", "n": "", "type": "其他", "text": "〔一五二〕第四　無我所", "head": "N15n0006_p0264a13"}, {"level": "5", "n": "", "type": "其他", "text": "〔一五三〕第五　邪見", "head": "N15n0006_p0266a11"}, {"level": "5", "n": "", "type": "其他", "text": "〔一五四〕第六　有身", "head": "N15n0006_p0267a14"}, {"level": "5", "n": "", "type": "其他", "text": "〔一五五〕第七　我", "head": "N15n0006_p0269a01"}, {"level": "5", "n": "", "type": "其他", "text": "〔一五六〕第八　現貪（一）", "head": "N15n0006_p0270a04"}, {"level": "5", "n": "", "type": "其他", "text": "〔一五七〕第九　現貪（二）", "head": "N15n0006_p0271a02"}, {"level": "5", "n": "", "type": "其他", "text": "〔一五八〕第十　阿難", "head": "N15n0006_p0271a06"}, {"level": "2", "n": "", "type": "其他", "text": "第二　羅陀相應", "head": "N15n0006_p0275a01"}, {"level": "3", "n": "", "type": "其他", "text": "第一　初品", "head": "N15n0006_p0275a03"}, {"level": "4", "n": "", "type": "其他", "text": "〔一〕第一　魔", "head": "N15n0006_p0275a05"}, {"level": "4", "n": "", "type": "其他", "text": "〔二〕第二　眾生", "head": "N15n0006_p0277a02"}, {"level": "4", "n": "", "type": "其他", "text": "〔三〕第三　有綱", "head": "N15n0006_p0278a07"}, {"level": "4", "n": "", "type": "其他", "text": "〔四〕第四　所徧知", "head": "N15n0006_p0279a05"}, {"level": "4", "n": "", "type": "其他", "text": "〔五〕第五　沙門（一）", "head": "N15n0006_p0280a06"}, {"level": "4", "n": "", "type": "其他", "text": "〔六〕第六　沙門（二）", "head": "N15n0006_p0281a02"}, {"level": "4", "n": "", "type": "其他", "text": "〔七〕第七　預流", "head": "N15n0006_p0281a08"}, {"level": "4", "n": "", "type": "其他", "text": "〔八〕第八　阿羅漢", "head": "N15n0006_p0281a14"}, {"level": "4", "n": "", "type": "其他", "text": "〔九〕第九　欲貪（一）", "head": "N15n0006_p0282a07"}, {"level": "4", "n": "", "type": "其他", "text": "〔一〇〕第十　欲貪（二）", "head": "N15n0006_p0283a06"}, {"level": "3", "n": "", "type": "其他", "text": "第二　次品", "head": "N15n0006_p0284a11"}, {"level": "4", "n": "", "type": "其他", "text": "〔一一〕第一　魔", "head": "N15n0006_p0284a13"}, {"level": "4", "n": "", "type": "其他", "text": "〔一二〕第二　魔法", "head": "N15n0006_p0285a08"}, {"level": "4", "n": "", "type": "其他", "text": "〔一三〕第三　無常（一）", "head": "N15n0006_p0286a03"}, {"level": "4", "n": "", "type": "其他", "text": "〔一四〕第四　無常（二）", "head": "N15n0006_p0286a07"}, {"level": "4", "n": "", "type": "其他", "text": "〔一五〕第五　苦（一）", "head": "N15n0006_p0286a12"}, {"level": "4", "n": "", "type": "其他", "text": "〔一六〕第六　苦（二）", "head": "N15n0006_p0287a04"}, {"level": "4", "n": "", "type": "其他", "text": "〔一七〕第七　無我（一）", "head": "N15n0006_p0287a10"}, {"level": "4", "n": "", "type": "其他", "text": "〔一八〕第八　無我（二）", "head": "N15n0006_p0288a05"}, {"level": "4", "n": "", "type": "其他", "text": "〔一九〕第九　盡法", "head": "N15n0006_p0288a10"}, {"level": "4", "n": "", "type": "其他", "text": "〔二〇〕第十　壞法", "head": "N15n0006_p0289a05"}, {"level": "4", "n": "", "type": "其他", "text": "〔二一〕第十一　集", "head": "N15n0006_p0289a14"}, {"level": "4", "n": "", "type": "其他", "text": "〔二二〕第十二　滅法", "head": "N15n0006_p0290a06"}, {"level": "3", "n": "", "type": "其他", "text": "第三　所問品", "head": "N15n0006_p0291a08"}, {"level": "4", "n": "", "type": "其他", "text": "〔二三〕第一　魔", "head": "N15n0006_p0291a10"}, {"level": "4", "n": "", "type": "其他", "text": "〔二四〕第二　魔法", "head": "N15n0006_p0292a05"}, {"level": "4", "n": "", "type": "其他", "text": "〔二五～二六〕第三～四　無常（一～二）", "head": "N15n0006_p0292a10"}, {"level": "4", "n": "", "type": "其他", "text": "〔二七～二八〕第五～六　苦（一～二）", "head": "N15n0006_p0293a02"}, {"level": "4", "n": "", "type": "其他", "text": "〔二九～三〇〕第七～八　無我（一～二）", "head": "N15n0006_p0293a05"}, {"level": "4", "n": "", "type": "其他", "text": "〔三一～三二〕第九～十　盡～壞", "head": "N15n0006_p0293a08"}, {"level": "4", "n": "", "type": "其他", "text": "〔三三〕第十一　集", "head": "N15n0006_p0293a11"}, {"level": "4", "n": "", "type": "其他", "text": "〔三四〕第十二　滅法", "head": "N15n0006_p0293a13"}, {"level": "3", "n": "", "type": "其他", "text": "第四　侍坐品", "head": "N15n0006_p0295a02"}, {"level": "4", "n": "", "type": "其他", "text": "〔三五〕第一　魔", "head": "N15n0006_p0295a03"}, {"level": "4", "n": "", "type": "其他", "text": "〔三六〕第二　魔法", "head": "N15n0006_p0295a10"}, {"level": "4", "n": "", "type": "其他", "text": "〔三七～三八〕第三～四　無常（一～二）", "head": "N15n0006_p0295a14"}, {"level": "4", "n": "", "type": "其他", "text": "〔三九～四〇〕第五～六　苦（一～二）", "head": "N15n0006_p0296a03"}, {"level": "4", "n": "", "type": "其他", "text": "〔四一～四二〕第七～八　無我（一～二）", "head": "N15n0006_p0296a06"}, {"level": "4", "n": "", "type": "其他", "text": "〔四三～四五〕第九～十一　盡～壞～集", "head": "N15n0006_p0296a09"}, {"level": "4", "n": "", "type": "其他", "text": "〔四六〕第十二　滅法", "head": "N15n0006_p0296a13"}, {"level": "2", "n": "", "type": "其他", "text": "第三　見相應", "head": "N15n0006_p0298a01"}, {"level": "3", "n": "", "type": "其他", "text": "第一　預流品", "head": "N15n0006_p0298a03"}, {"level": "4", "n": "", "type": "其他", "text": "〔一〕第一　風", "head": "N15n0006_p0298a05"}, {"level": "4", "n": "", "type": "其他", "text": "〔二〕第二　我所", "head": "N15n0006_p0301a01"}, {"level": "4", "n": "", "type": "其他", "text": "〔三〕第三　我", "head": "N15n0006_p0303a01"}, {"level": "4", "n": "", "type": "其他", "text": "〔四〕第四　無我所", "head": "N15n0006_p0304a11"}, {"level": "4", "n": "", "type": "其他", "text": "〔五〕第五　無", "head": "N15n0006_p0306a07"}, {"level": "4", "n": "", "type": "其他", "text": "〔六〕第六　作", "head": "N15n0006_p0309a03"}, {"level": "4", "n": "", "type": "其他", "text": "〔七〕第七　因", "head": "N15n0006_p0311a06"}, {"level": "4", "n": "", "type": "其他", "text": "〔八〕第八　（大）見", "head": "N15n0006_p0313a05"}, {"level": "4", "n": "", "type": "其他", "text": "〔九〕第九　世間常", "head": "N15n0006_p0316a05"}, {"level": "4", "n": "", "type": "其他", "text": "〔一〇〕第十　世間無常", "head": "N15n0006_p0317a12"}, {"level": "4", "n": "", "type": "其他", "text": "〔一一〕第十一　有邊", "head": "N15n0006_p0318a11"}, {"level": "4", "n": "", "type": "其他", "text": "〔一二〕第十二　無邊", "head": "N15n0006_p0319a01"}, {"level": "4", "n": "", "type": "其他", "text": "〔一三〕第十三　命即身", "head": "N15n0006_p0319a05"}, {"level": "4", "n": "", "type": "其他", "text": "〔一四〕第十四　命身異", "head": "N15n0006_p0319a09"}, {"level": "4", "n": "", "type": "其他", "text": "〔一五〕第十五　如來有", "head": "N15n0006_p0319a13"}, {"level": "4", "n": "", "type": "其他", "text": "〔一六〕第十六　如來無", "head": "N15n0006_p0320a03"}, {"level": "4", "n": "", "type": "其他", "text": "〔一七〕第十七　如來有無", "head": "N15n0006_p0320a07"}, {"level": "4", "n": "", "type": "其他", "text": "〔一八〕第十八　如來非有非無", "head": "N15n0006_p0320a12"}, {"level": "3", "n": "", "type": "其他", "text": "第二　重說品", "head": "N15n0006_p0323a07"}, {"level": "4", "n": "", "type": "其他", "text": "第一章", "head": "N15n0006_p0323a09"}, {"level": "5", "n": "", "type": "其他", "text": "〔一九〕第一　風", "head": "N15n0006_p0323a11"}, {"level": "5", "n": "", "type": "其他", "text": "〔二〇～三五〕第二～十七", "head": "N15n0006_p0324a12"}, {"level": "5", "n": "", "type": "其他", "text": "〔三六〕第十八　非有非無", "head": "N15n0006_p0324a14"}, {"level": "4", "n": "", "type": "其他", "text": "第二章", "head": "N15n0006_p0325a10"}, {"level": "5", "n": "", "type": "其他", "text": "〔三七〕第十九　有色我", "head": "N15n0006_p0325a11"}, {"level": "5", "n": "", "type": "其他", "text": "〔三八〕第二十　無色我", "head": "N15n0006_p0327a02"}, {"level": "5", "n": "", "type": "其他", "text": "〔三九〕第二十一　有色無色", "head": "N15n0006_p0327a06"}, {"level": "5", "n": "", "type": "其他", "text": "〔四〇〕第二十二　非有色非無色", "head": "N15n0006_p0327a08"}, {"level": "5", "n": "", "type": "其他", "text": "〔四一〕第二十三　一向樂", "head": "N15n0006_p0327a10"}, {"level": "5", "n": "", "type": "其他", "text": "〔四二〕第二十四　一向苦", "head": "N15n0006_p0327a12"}, {"level": "5", "n": "", "type": "其他", "text": "〔四三〕第二十五　樂苦", "head": "N15n0006_p0327a14"}, {"level": "5", "n": "", "type": "其他", "text": "〔四四〕第二十六　非苦非樂", "head": "N15n0006_p0328a02"}, {"level": "4", "n": "", "type": "其他", "text": "第三章", "head": "N15n0006_p0330a12"}, {"level": "5", "n": "", "type": "其他", "text": "〔四五〕第一　風", "head": "N15n0006_p0330a14"}, {"level": "5", "n": "", "type": "其他", "text": "〔四六～六九〕第二～二五", "head": "N15n0006_p0331a14"}, {"level": "5", "n": "", "type": "其他", "text": "〔七〇〕第二六〔非苦非樂〕", "head": "N15n0006_p0332a02"}, {"level": "4", "n": "", "type": "其他", "text": "第四章", "head": "N15n0006_p0333a11"}, {"level": "5", "n": "", "type": "其他", "text": "〔七一〕第一〔風〕", "head": "N15n0006_p0333a13"}, {"level": "5", "n": "", "type": "其他", "text": "〔七二～九五〕第二～二五", "head": "N15n0006_p0335a03"}, {"level": "5", "n": "", "type": "其他", "text": "〔九六〕第二十六〔非苦非樂〕", "head": "N15n0006_p0335a05"}, {"level": "2", "n": "", "type": "其他", "text": "第四　入相應", "head": "N15n0006_p0338a01"}, {"level": "3", "n": "", "type": "其他", "text": "第一　眼", "head": "N15n0006_p0338a03"}, {"level": "3", "n": "", "type": "其他", "text": "第二　色", "head": "N15n0006_p0338a12"}, {"level": "3", "n": "", "type": "其他", "text": "第三　識", "head": "N15n0006_p0339a06"}, {"level": "3", "n": "", "type": "其他", "text": "第四　觸", "head": "N15n0006_p0339a11"}, {"level": "3", "n": "", "type": "其他", "text": "第五　受", "head": "N15n0006_p0340a02"}, {"level": "3", "n": "", "type": "其他", "text": "第六　想", "head": "N15n0006_p0340a10"}, {"level": "3", "n": "", "type": "其他", "text": "第七　思", "head": "N15n0006_p0341a01"}, {"level": "3", "n": "", "type": "其他", "text": "第八　愛", "head": "N15n0006_p0341a06"}, {"level": "3", "n": "", "type": "其他", "text": "第九　界", "head": "N15n0006_p0341a11"}, {"level": "3", "n": "", "type": "其他", "text": "第十　蘊", "head": "N15n0006_p0342a05"}, {"level": "2", "n": "", "type": "其他", "text": "第五　生相應", "head": "N15n0006_p0344a01"}, {"level": "3", "n": "", "type": "其他", "text": "第一　眼", "head": "N15n0006_p0344a03"}, {"level": "3", "n": "", "type": "其他", "text": "第二　色", "head": "N15n0006_p0344a14"}, {"level": "3", "n": "", "type": "其他", "text": "第三　識", "head": "N15n0006_p0345a07"}, {"level": "3", "n": "", "type": "其他", "text": "第四　觸", "head": "N15n0006_p0345a11"}, {"level": "3", "n": "", "type": "其他", "text": "第五　受", "head": "N15n0006_p0346a01"}, {"level": "3", "n": "", "type": "其他", "text": "第六　想", "head": "N15n0006_p0346a06"}, {"level": "3", "n": "", "type": "其他", "text": "第七　思", "head": "N15n0006_p0346a10"}, {"level": "3", "n": "", "type": "其他", "text": "第八　愛", "head": "N15n0006_p0347a01"}, {"level": "3", "n": "", "type": "其他", "text": "第九　界", "head": "N15n0006_p0347a05"}, {"level": "3", "n": "", "type": "其他", "text": "第十　蘊", "head": "N15n0006_p0347a10"}, {"level": "2", "n": "", "type": "其他", "text": "第六　煩惱相應", "head": "N15n0006_p0349a01"}, {"level": "3", "n": "", "type": "其他", "text": "第一　眼", "head": "N15n0006_p0349a03"}, {"level": "3", "n": "", "type": "其他", "text": "第二　色", "head": "N15n0006_p0349a10"}, {"level": "3", "n": "", "type": "其他", "text": "第三　識", "head": "N15n0006_p0350a02"}, {"level": "3", "n": "", "type": "其他", "text": "第四　觸", "head": "N15n0006_p0350a08"}, {"level": "3", "n": "", "type": "其他", "text": "第五　受", "head": "N15n0006_p0350a13"}, {"level": "3", "n": "", "type": "其他", "text": "第六　想", "head": "N15n0006_p0351a05"}, {"level": "3", "n": "", "type": "其他", "text": "第七　思", "head": "N15n0006_p0351a10"}, {"level": "3", "n": "", "type": "其他", "text": "第八　愛", "head": "N15n0006_p0352a01"}, {"level": "3", "n": "", "type": "其他", "text": "第九　界", "head": "N15n0006_p0352a06"}, {"level": "3", "n": "", "type": "其他", "text": "第十　蘊", "head": "N15n0006_p0352a12"}, {"level": "2", "n": "", "type": "其他", "text": "第七　舍利弗相應", "head": "N15n0006_p0354a01"}, {"level": "3", "n": "", "type": "其他", "text": "第一　離", "head": "N15n0006_p0354a03"}, {"level": "3", "n": "", "type": "其他", "text": "第二　無尋", "head": "N15n0006_p0355a01"}, {"level": "3", "n": "", "type": "其他", "text": "第三　喜", "head": "N15n0006_p0355a10"}, {"level": "3", "n": "", "type": "其他", "text": "第四　捨", "head": "N15n0006_p0356a02"}, {"level": "3", "n": "", "type": "其他", "text": "第五　虛空", "head": "N15n0006_p0356a07"}, {"level": "3", "n": "", "type": "其他", "text": "第六　識", "head": "N15n0006_p0356a11"}, {"level": "3", "n": "", "type": "其他", "text": "第七　無所有處", "head": "N15n0006_p0357a01"}, {"level": "3", "n": "", "type": "其他", "text": "第八　有想", "head": "N15n0006_p0357a05"}, {"level": "3", "n": "", "type": "其他", "text": "第九　滅", "head": "N15n0006_p0357a09"}, {"level": "3", "n": "", "type": "其他", "text": "第十　淨口", "head": "N15n0006_p0358a01"}, {"level": "2", "n": "", "type": "其他", "text": "第八　龍相應", "head": "N15n0006_p0362a01"}, {"level": "3", "n": "", "type": "其他", "text": "〔一〕第一　品類", "head": "N15n0006_p0362a03"}, {"level": "3", "n": "", "type": "其他", "text": "〔二〕第二　妙勝", "head": "N15n0006_p0362a10"}, {"level": "3", "n": "", "type": "其他", "text": "〔三〕第三　布薩（一）", "head": "N15n0006_p0363a03"}, {"level": "3", "n": "", "type": "其他", "text": "〔四〕第四　布薩（二）", "head": "N15n0006_p0364a04"}, {"level": "3", "n": "", "type": "其他", "text": "〔五〕第五　布薩（三）", "head": "N15n0006_p0364a11"}, {"level": "3", "n": "", "type": "其他", "text": "〔六〕第六　布薩（四）", "head": "N15n0006_p0365a03"}, {"level": "3", "n": "", "type": "其他", "text": "〔七〕第七　聞（一）", "head": "N15n0006_p0365a14"}, {"level": "3", "n": "", "type": "其他", "text": "〔八〕第八　聞（二）", "head": "N15n0006_p0366a14"}, {"level": "3", "n": "", "type": "其他", "text": "〔九〕第九　聞（三）", "head": "N15n0006_p0367a06"}, {"level": "3", "n": "", "type": "其他", "text": "〔一〇〕第十　聞（四）", "head": "N15n0006_p0367a12"}, {"level": "3", "n": "", "type": "其他", "text": "〔一一～二〇〕第十一　布施利益（一）", "head": "N15n0006_p0368a07"}, {"level": "3", "n": "", "type": "其他", "text": "〔二一～五〇〕第十二～十四　布施利益（二～四）", "head": "N15n0006_p0369a02"}, {"level": "2", "n": "", "type": "其他", "text": "第九　金翅鳥相應", "head": "N15n0006_p0371a01"}, {"level": "3", "n": "", "type": "其他", "text": "〔一〕第一　品類", "head": "N15n0006_p0371a03"}, {"level": "3", "n": "", "type": "其他", "text": "〔二〕第二　取", "head": "N15n0006_p0371a10"}, {"level": "3", "n": "", "type": "其他", "text": "〔三〕第三　善惡業（一）", "head": "N15n0006_p0372a08"}, {"level": "3", "n": "", "type": "其他", "text": "〔四～六〕第四～六　善惡業（二～四）", "head": "N15n0006_p0373a05"}, {"level": "3", "n": "", "type": "其他", "text": "〔七～一六〕第七　布施利益（一）", "head": "N15n0006_p0373a14"}, {"level": "3", "n": "", "type": "其他", "text": "〔一七～四六〕第八～十　布施利益（二～四）", "head": "N15n0006_p0374a10"}, {"level": "2", "n": "", "type": "其他", "text": "第十　乾達婆相應", "head": "N15n0006_p0376a01"}, {"level": "3", "n": "", "type": "其他", "text": "〔一〕第一　品類", "head": "N15n0006_p0376a03"}, {"level": "3", "n": "", "type": "其他", "text": "〔二〕第二　善行", "head": "N15n0006_p0376a12"}, {"level": "3", "n": "", "type": "其他", "text": "〔三〕第三　施者（一）", "head": "N15n0006_p0377a07"}, {"level": "3", "n": "", "type": "其他", "text": "〔四～一二〕第四～十二　施者（二～一〇）", "head": "N15n0006_p0378a02"}, {"level": "3", "n": "", "type": "其他", "text": "〔一三～二二〕第十三　布施利益（一）", "head": "N15n0006_p0378a12"}, {"level": "3", "n": "", "type": "其他", "text": "〔二三～一一二〕第十四～二十三　布施利益（二～一〇）", "head": "N15n0006_p0379a08"}, {"level": "2", "n": "", "type": "其他", "text": "第十一　雲相應", "head": "N15n0006_p0381a01"}, {"level": "3", "n": "", "type": "其他", "text": "〔一〕第一　說示", "head": "N15n0006_p0381a03"}, {"level": "3", "n": "", "type": "其他", "text": "〔二〕第二　善行", "head": "N15n0006_p0381a13"}, {"level": "3", "n": "", "type": "其他", "text": "〔三～二二〕第三　布施利益（一）", "head": "N15n0006_p0382a07"}, {"level": "3", "n": "", "type": "其他", "text": "〔二三～五二〕第四～七　布施利益（二～五）", "head": "N15n0006_p0383a01"}, {"level": "3", "n": "", "type": "其他", "text": "〔五三〕第八　寒", "head": "N15n0006_p0383a13"}, {"level": "3", "n": "", "type": "其他", "text": "〔五四〕第九　熱", "head": "N15n0006_p0384a04"}, {"level": "3", "n": "", "type": "其他", "text": "〔五五〕第十　闇", "head": "N15n0006_p0384a09"}, {"level": "3", "n": "", "type": "其他", "text": "〔五六〕第十一　風", "head": "N15n0006_p0384a14"}, {"level": "3", "n": "", "type": "其他", "text": "〔五七〕第十二　雨", "head": "N15n0006_p0385a05"}, {"level": "2", "n": "", "type": "其他", "text": "第十二　婆蹉種相應", "head": "N15n0006_p0387a01"}, {"level": "3", "n": "", "type": "其他", "text": "〔一〕第一　無知（一）", "head": "N15n0006_p0387a03"}, {"level": "4", "n": "", "type": "其他", "text": "第一　無知（一）", "head": "N15n0006_p0387a03"}, {"level": "4", "n": "", "type": "其他", "text": "第二　無知（二）", "head": "N15n0006_p0388a04"}, {"level": "4", "n": "", "type": "其他", "text": "第三　無知（三）", "head": "N15n0006_p0388a12"}, {"level": "4", "n": "", "type": "其他", "text": "第四　無知（四）", "head": "N15n0006_p0389a05"}, {"level": "4", "n": "", "type": "其他", "text": "第五　無知（五）", "head": "N15n0006_p0389a14"}, {"level": "3", "n": "", "type": "其他", "text": "〔二〕第六～十　無見（一～五）", "head": "N15n0006_p0390a08"}, {"level": "3", "n": "", "type": "其他", "text": "〔三〕第十一～十五　不現觀（一～五）", "head": "N15n0006_p0391a04"}, {"level": "3", "n": "", "type": "其他", "text": "〔四〕第十六～二十　不了悟（一～五）", "head": "N15n0006_p0391a11"}, {"level": "3", "n": "", "type": "其他", "text": "〔五〕第二十一～二十五　不通達（一～五）", "head": "N15n0006_p0392a07"}, {"level": "3", "n": "", "type": "其他", "text": "〔六〕第二十六～三十　不等觀（一～五）", "head": "N15n0006_p0392a10"}, {"level": "3", "n": "", "type": "其他", "text": "〔七〕第三十一～三十五　不隨觀（一～五）", "head": "N15n0006_p0392a13"}, {"level": "3", "n": "", "type": "其他", "text": "〔八〕第三十六～四十　不近觀（一～五）", "head": "N15n0006_p0393a02"}, {"level": "3", "n": "", "type": "其他", "text": "〔九〕第四十一～四十五　不等察（一～五）", "head": "N15n0006_p0393a05"}, {"level": "3", "n": "", "type": "其他", "text": "〔一〇〕第四十六～五〇　不近察（一～五）", "head": "N15n0006_p0393a08"}, {"level": "3", "n": "", "type": "其他", "text": "〔一一〕第五十一　不現見（一）", "head": "N15n0006_p0393a11"}, {"level": "3", "n": "", "type": "其他", "text": "第五十二～五十四　不現見（二～四）", "head": "N15n0006_p0394a08"}, {"level": "3", "n": "", "type": "其他", "text": "第五十五　不現見（五）", "head": "N15n0006_p0395a01"}, {"level": "2", "n": "", "type": "其他", "text": "第十三　禪定相應", "head": "N15n0006_p0397a01"}, {"level": "3", "n": "", "type": "其他", "text": "第一　三昧～等至", "head": "N15n0006_p0397a03"}, {"level": "3", "n": "", "type": "其他", "text": "第二　止住", "head": "N15n0006_p0398a04"}, {"level": "3", "n": "", "type": "其他", "text": "第三　出起", "head": "N15n0006_p0399a01"}, {"level": "3", "n": "", "type": "其他", "text": "第四　安樂", "head": "N15n0006_p0399a10"}, {"level": "3", "n": "", "type": "其他", "text": "第五　所緣", "head": "N15n0006_p0400a10"}, {"level": "3", "n": "", "type": "其他", "text": "第六　行境", "head": "N15n0006_p0401a06"}, {"level": "3", "n": "", "type": "其他", "text": "第七　引發", "head": "N15n0006_p0402a02"}, {"level": "3", "n": "", "type": "其他", "text": "第八　恭敬〔作〕", "head": "N15n0006_p0402a11"}, {"level": "3", "n": "", "type": "其他", "text": "第九　常作", "head": "N15n0006_p0403a07"}, {"level": "3", "n": "", "type": "其他", "text": "第十　隨應", "head": "N15n0006_p0404a03"}, {"level": "3", "n": "", "type": "其他", "text": "第十一　等至～止住", "head": "N15n0006_p0404a13"}, {"level": "3", "n": "", "type": "其他", "text": "第十二　等至～出起", "head": "N15n0006_p0405a09"}, {"level": "3", "n": "", "type": "其他", "text": "第十三　等至～安樂", "head": "N15n0006_p0406a03"}, {"level": "3", "n": "", "type": "其他", "text": "第十四　等至～所緣", "head": "N15n0006_p0406a11"}, {"level": "3", "n": "", "type": "其他", "text": "第十五　等至～行境", "head": "N15n0006_p0407a05"}, {"level": "3", "n": "", "type": "其他", "text": "第十六　等至～引發", "head": "N15n0006_p0407a11"}, {"level": "3", "n": "", "type": "其他", "text": "第十七　等至～恭敬", "head": "N15n0006_p0408a02"}, {"level": "3", "n": "", "type": "其他", "text": "第十八　等至～常作", "head": "N15n0006_p0408a08"}, {"level": "3", "n": "", "type": "其他", "text": "第十九　等至～隨應", "head": "N15n0006_p0408a14"}, {"level": "3", "n": "", "type": "其他", "text": "第二十　止住～出起", "head": "N15n0006_p0410a01"}, {"level": "3", "n": "", "type": "其他", "text": "第二十一～二十七　止住～安樂", "head": "N15n0006_p0410a09"}, {"level": "3", "n": "", "type": "其他", "text": "第二八　出起～安樂", "head": "N15n0006_p0411a12"}, {"level": "3", "n": "", "type": "其他", "text": "第二十九～三十四　出起", "head": "N15n0006_p0412a05"}, {"level": "3", "n": "", "type": "其他", "text": "第三十五　安樂～所緣", "head": "N15n0006_p0413a04"}, {"level": "3", "n": "", "type": "其他", "text": "第三十六～四十　安樂", "head": "N15n0006_p0413a11"}, {"level": "3", "n": "", "type": "其他", "text": "第四十一　所緣～行境", "head": "N15n0006_p0414a04"}, {"level": "3", "n": "", "type": "其他", "text": "第四十二～四十五　所緣", "head": "N15n0006_p0414a11"}, {"level": "3", "n": "", "type": "其他", "text": "第四十六　行境～引發", "head": "N15n0006_p0415a02"}, {"level": "3", "n": "", "type": "其他", "text": "第四十七～四十九　行境", "head": "N15n0006_p0415a11"}, {"level": "3", "n": "", "type": "其他", "text": "第五十　引發～〔恭敬〕", "head": "N15n0006_p0416a01"}, {"level": "3", "n": "", "type": "其他", "text": "第五十一～五十二〔引發〕", "head": "N15n0006_p0416a08"}, {"level": "3", "n": "", "type": "其他", "text": "第五十三　恭敬作～常作", "head": "N15n0006_p0416a11"}, {"level": "3", "n": "", "type": "其他", "text": "第五十四　恭敬作～隨應作", "head": "N15n0006_p0417a03"}, {"level": "3", "n": "", "type": "其他", "text": "第五十五　常作～隨應作", "head": "N15n0006_p0417a05"}]