[{"level": "1", "n": "", "type": "其他", "text": "因緣篇", "head": "N14n0006_p0001a01"}, {"level": "2", "n": "", "type": "其他", "text": "第一　因緣相應", "head": "N14n0006_p0001a09"}, {"level": "3", "n": "", "type": "其他", "text": "第一　佛陀品", "head": "N14n0006_p0001a11"}, {"level": "4", "n": "", "type": "其他", "text": "〔一〕第一　法說", "head": "N14n0006_p0001a12"}, {"level": "4", "n": "", "type": "其他", "text": "〔二〕第二　分別", "head": "N14n0006_p0002a12"}, {"level": "4", "n": "", "type": "其他", "text": "〔三〕第三　道跡", "head": "N14n0006_p0005a07"}, {"level": "4", "n": "", "type": "其他", "text": "〔四〕第四　毘婆尸", "head": "N14n0006_p0006a02"}, {"level": "5", "n": "", "type": "其他", "text": "二", "head": "N14n0006_p0008a06"}, {"level": "4", "n": "", "type": "其他", "text": "〔五〕第五　尸棄", "head": "N14n0006_p0010a06"}, {"level": "4", "n": "", "type": "其他", "text": "〔六〕第六　毘舍浮", "head": "N14n0006_p0010a08"}, {"level": "4", "n": "", "type": "其他", "text": "〔七〕第七　拘留孫", "head": "N14n0006_p0010a10"}, {"level": "4", "n": "", "type": "其他", "text": "〔八〕第八　拘那含", "head": "N14n0006_p0010a12"}, {"level": "4", "n": "", "type": "其他", "text": "〔九〕第九　迦葉", "head": "N14n0006_p0010a14"}, {"level": "4", "n": "", "type": "其他", "text": "〔一〇〕第十　大釋迦牟尼瞿曇", "head": "N14n0006_p0011a02"}, {"level": "5", "n": "", "type": "其他", "text": "一", "head": "N14n0006_p0011a03"}, {"level": "5", "n": "", "type": "其他", "text": "二", "head": "N14n0006_p0012a01"}, {"level": "3", "n": "", "type": "其他", "text": "第二　食品", "head": "N14n0006_p0013a03"}, {"level": "4", "n": "", "type": "其他", "text": "〔一一〕第一　食", "head": "N14n0006_p0013a04"}, {"level": "4", "n": "", "type": "其他", "text": "〔一二〕第二　破群那", "head": "N14n0006_p0014a13"}, {"level": "4", "n": "", "type": "其他", "text": "〔一三〕第三　沙門婆羅門（之一）", "head": "N14n0006_p0017a01"}, {"level": "4", "n": "", "type": "其他", "text": "〔一四〕第四　沙門婆羅門（之二）", "head": "N14n0006_p0017a12"}, {"level": "4", "n": "", "type": "其他", "text": "〔一五〕第五　迦旃延", "head": "N14n0006_p0019a04"}, {"level": "4", "n": "", "type": "其他", "text": "〔一六〕第六　說法者", "head": "N14n0006_p0020a05"}, {"level": "4", "n": "", "type": "其他", "text": "〔一七〕第七　阿支羅", "head": "N14n0006_p0021a05"}, {"level": "5", "n": "", "type": "其他", "text": "〇", "head": "N14n0006_p0021a05"}, {"level": "5", "n": "", "type": "其他", "text": "一", "head": "N14n0006_p0021a07"}, {"level": "5", "n": "", "type": "其他", "text": "二", "head": "N14n0006_p0022a06"}, {"level": "5", "n": "", "type": "其他", "text": "三", "head": "N14n0006_p0024a05"}, {"level": "5", "n": "", "type": "其他", "text": "四", "head": "N14n0006_p0025a01"}, {"level": "4", "n": "", "type": "其他", "text": "〔一八〕第八　玷牟留", "head": "N14n0006_p0025a06"}, {"level": "4", "n": "", "type": "其他", "text": "〔一九〕第九　愚與賢", "head": "N14n0006_p0027a08"}, {"level": "4", "n": "", "type": "其他", "text": "〔二〇〕第十　緣", "head": "N14n0006_p0029a01"}, {"level": "3", "n": "", "type": "其他", "text": "第三　十力品", "head": "N14n0006_p0031a13"}, {"level": "4", "n": "", "type": "其他", "text": "〔二一〕第一　十力（之一）", "head": "N14n0006_p0031a14"}, {"level": "4", "n": "", "type": "其他", "text": "〔二二〕第二　十力（之二）", "head": "N14n0006_p0032a11"}, {"level": "4", "n": "", "type": "其他", "text": "〔二三〕第三　緣", "head": "N14n0006_p0033a13"}, {"level": "4", "n": "", "type": "其他", "text": "〔二四〕第四　異學", "head": "N14n0006_p0037a03"}, {"level": "5", "n": "", "type": "其他", "text": "一", "head": "N14n0006_p0037a05"}, {"level": "5", "n": "", "type": "其他", "text": "二", "head": "N14n0006_p0039a03"}, {"level": "5", "n": "", "type": "其他", "text": "三", "head": "N14n0006_p0041a14"}, {"level": "4", "n": "", "type": "其他", "text": "〔二五〕第五　浮彌", "head": "N14n0006_p0043a03"}, {"level": "5", "n": "", "type": "其他", "text": "一", "head": "N14n0006_p0043a05"}, {"level": "5", "n": "", "type": "其他", "text": "二", "head": "N14n0006_p0044a11"}, {"level": "4", "n": "", "type": "其他", "text": "〔二六〕第六　優波摩那", "head": "N14n0006_p0046a08"}, {"level": "4", "n": "", "type": "其他", "text": "〔二七〕第七　緣", "head": "N14n0006_p0047a12"}, {"level": "4", "n": "", "type": "其他", "text": "〔二八〕第八　比丘", "head": "N14n0006_p0049a10"}, {"level": "4", "n": "", "type": "其他", "text": "〔二九〕第九　沙門婆羅門（之一）", "head": "N14n0006_p0052a01"}, {"level": "5", "n": "", "type": "其他", "text": "一", "head": "N14n0006_p0052a03"}, {"level": "5", "n": "", "type": "其他", "text": "二", "head": "N14n0006_p0052a09"}, {"level": "4", "n": "", "type": "其他", "text": "〔三〇〕第十　沙門婆羅門（之二）", "head": "N14n0006_p0053a01"}, {"level": "3", "n": "", "type": "其他", "text": "第四　伽拉羅剎利品", "head": "N14n0006_p0054a05"}, {"level": "4", "n": "", "type": "其他", "text": "〔三一〕第一　生者", "head": "N14n0006_p0054a06"}, {"level": "5", "n": "", "type": "其他", "text": "一", "head": "N14n0006_p0054a08"}, {"level": "5", "n": "", "type": "其他", "text": "二", "head": "N14n0006_p0055a09"}, {"level": "5", "n": "", "type": "其他", "text": "三", "head": "N14n0006_p0056a13"}, {"level": "4", "n": "", "type": "其他", "text": "〔三二〕第二　伽拉羅", "head": "N14n0006_p0058a04"}, {"level": "5", "n": "", "type": "其他", "text": "一", "head": "N14n0006_p0058a06"}, {"level": "5", "n": "", "type": "其他", "text": "二", "head": "N14n0006_p0059a12"}, {"level": "5", "n": "", "type": "其他", "text": "三", "head": "N14n0006_p0063a04"}, {"level": "5", "n": "", "type": "其他", "text": "四", "head": "N14n0006_p0064a06"}, {"level": "4", "n": "", "type": "其他", "text": "〔三三〕第三　智事（之一）", "head": "N14n0006_p0065a09"}, {"level": "4", "n": "", "type": "其他", "text": "〔三四〕第四　智事（之二）", "head": "N14n0006_p0069a10"}, {"level": "4", "n": "", "type": "其他", "text": "〔三五〕第五　無明緣（之一）", "head": "N14n0006_p0071a03"}, {"level": "4", "n": "", "type": "其他", "text": "〔三六〕第六　無明緣（之二）", "head": "N14n0006_p0074a12"}, {"level": "4", "n": "", "type": "其他", "text": "〔三七〕第七　非汝之物", "head": "N14n0006_p0077a06"}, {"level": "4", "n": "", "type": "其他", "text": "〔三八〕第八　思（之一）", "head": "N14n0006_p0077a14"}, {"level": "4", "n": "", "type": "其他", "text": "〔三九〕第九　思（之二）", "head": "N14n0006_p0078a11"}, {"level": "4", "n": "", "type": "其他", "text": "〔四〇〕第十　思（之三）", "head": "N14n0006_p0079a08"}, {"level": "3", "n": "", "type": "其他", "text": "第五　家主品", "head": "N14n0006_p0081a02"}, {"level": "4", "n": "", "type": "其他", "text": "〔四一〕第一　五畏罪（之一）", "head": "N14n0006_p0081a03"}, {"level": "5", "n": "", "type": "其他", "text": "一", "head": "N14n0006_p0081a05"}, {"level": "5", "n": "", "type": "其他", "text": "二", "head": "N14n0006_p0082a09"}, {"level": "4", "n": "", "type": "其他", "text": "〔四二〕第二　五畏罪（之二）", "head": "N14n0006_p0084a02"}, {"level": "4", "n": "", "type": "其他", "text": "〔四三〕第三　苦", "head": "N14n0006_p0085a10"}, {"level": "5", "n": "", "type": "其他", "text": "〇", "head": "N14n0006_p0085a10"}, {"level": "5", "n": "", "type": "其他", "text": "一", "head": "N14n0006_p0085a13"}, {"level": "5", "n": "", "type": "其他", "text": "二", "head": "N14n0006_p0086a09"}, {"level": "4", "n": "", "type": "其他", "text": "〔四四〕第四　世間", "head": "N14n0006_p0087a09"}, {"level": "5", "n": "", "type": "其他", "text": "〇", "head": "N14n0006_p0087a09"}, {"level": "5", "n": "", "type": "其他", "text": "一", "head": "N14n0006_p0087a12"}, {"level": "5", "n": "", "type": "其他", "text": "二", "head": "N14n0006_p0088a08"}, {"level": "4", "n": "", "type": "其他", "text": "〔四五〕第五　那提迦", "head": "N14n0006_p0089a06"}, {"level": "5", "n": "", "type": "其他", "text": "〇", "head": "N14n0006_p0089a06"}, {"level": "5", "n": "", "type": "其他", "text": "一", "head": "N14n0006_p0089a08"}, {"level": "5", "n": "", "type": "其他", "text": "二", "head": "N14n0006_p0090a12"}, {"level": "4", "n": "", "type": "其他", "text": "〔四六〕第六　異", "head": "N14n0006_p0091a05"}, {"level": "4", "n": "", "type": "其他", "text": "〔四七〕第七　聲聞", "head": "N14n0006_p0092a05"}, {"level": "4", "n": "", "type": "其他", "text": "〔四八〕第八　順世派", "head": "N14n0006_p0093a03"}, {"level": "4", "n": "", "type": "其他", "text": "〔四九〕第九　聖弟子（之一）", "head": "N14n0006_p0094a07"}, {"level": "4", "n": "", "type": "其他", "text": "〔五〇〕第十　聖弟子（之二）", "head": "N14n0006_p0095a11"}, {"level": "3", "n": "", "type": "其他", "text": "第六　樹品", "head": "N14n0006_p0097a10"}, {"level": "4", "n": "", "type": "其他", "text": "〔五一〕第一　思量", "head": "N14n0006_p0097a11"}, {"level": "4", "n": "", "type": "其他", "text": "〔五二〕第二　取", "head": "N14n0006_p0102a07"}, {"level": "4", "n": "", "type": "其他", "text": "〔五三〕第三　結（之一）", "head": "N14n0006_p0103a11"}, {"level": "4", "n": "", "type": "其他", "text": "〔五四〕第四　結（之二）", "head": "N14n0006_p0104a12"}, {"level": "4", "n": "", "type": "其他", "text": "〔五五〕第五　大樹（之一）", "head": "N14n0006_p0105a06"}, {"level": "4", "n": "", "type": "其他", "text": "〔五六〕第六　大樹（之二）", "head": "N14n0006_p0106a08"}, {"level": "4", "n": "", "type": "其他", "text": "〔五七〕第七　幼樹", "head": "N14n0006_p0107a05"}, {"level": "4", "n": "", "type": "其他", "text": "〔五八〕第八　名色", "head": "N14n0006_p0108a07"}, {"level": "4", "n": "", "type": "其他", "text": "〔五九〕第九　識", "head": "N14n0006_p0109a05"}, {"level": "4", "n": "", "type": "其他", "text": "〔六〇〕第十　因", "head": "N14n0006_p0110a03"}, {"level": "3", "n": "", "type": "其他", "text": "第七　大品", "head": "N14n0006_p0112a06"}, {"level": "4", "n": "", "type": "其他", "text": "〔六一〕第一　無聞（之一）", "head": "N14n0006_p0112a07"}, {"level": "4", "n": "", "type": "其他", "text": "〔六二〕第二　無聞（之二）", "head": "N14n0006_p0114a04"}, {"level": "4", "n": "", "type": "其他", "text": "〔六三〕第三　子肉", "head": "N14n0006_p0116a07"}, {"level": "4", "n": "", "type": "其他", "text": "〔六四〕第四　有貪", "head": "N14n0006_p0119a12"}, {"level": "4", "n": "", "type": "其他", "text": "〔六五〕第五　城邑", "head": "N14n0006_p0123a08"}, {"level": "4", "n": "", "type": "其他", "text": "〔六六〕第六　觸", "head": "N14n0006_p0127a02"}, {"level": "4", "n": "", "type": "其他", "text": "〔六七〕第七　蘆束", "head": "N14n0006_p0133a01"}, {"level": "4", "n": "", "type": "其他", "text": "〔六八〕第八　憍賞彌", "head": "N14n0006_p0136a05"}, {"level": "5", "n": "", "type": "其他", "text": "〇", "head": "N14n0006_p0136a05"}, {"level": "5", "n": "", "type": "其他", "text": "一", "head": "N14n0006_p0136a07"}, {"level": "5", "n": "", "type": "其他", "text": "二", "head": "N14n0006_p0139a01"}, {"level": "5", "n": "", "type": "其他", "text": "三", "head": "N14n0006_p0139a11"}, {"level": "4", "n": "", "type": "其他", "text": "〔六九〕第九　膨脹", "head": "N14n0006_p0140a01"}, {"level": "4", "n": "", "type": "其他", "text": "〔七〇〕第十　須尸摩", "head": "N14n0006_p0141a01"}, {"level": "5", "n": "", "type": "其他", "text": "〇", "head": "N14n0006_p0141a01"}, {"level": "5", "n": "", "type": "其他", "text": "一", "head": "N14n0006_p0141a03"}, {"level": "5", "n": "", "type": "其他", "text": "二", "head": "N14n0006_p0141a10"}, {"level": "5", "n": "", "type": "其他", "text": "三", "head": "N14n0006_p0142a04"}, {"level": "5", "n": "", "type": "其他", "text": "四", "head": "N14n0006_p0143a01"}, {"level": "5", "n": "", "type": "其他", "text": "五", "head": "N14n0006_p0146a06"}, {"level": "5", "n": "", "type": "其他", "text": "六", "head": "N14n0006_p0151a12"}, {"level": "3", "n": "", "type": "其他", "text": "第八　沙門婆羅門品", "head": "N14n0006_p0153a10"}, {"level": "4", "n": "", "type": "其他", "text": "〔七一〕第一　沙門婆羅門義", "head": "N14n0006_p0153a11"}, {"level": "4", "n": "", "type": "其他", "text": "〔七二～八〇〕第二～第十　不知（之一）", "head": "N14n0006_p0154a06"}, {"level": "4", "n": "", "type": "其他", "text": "〔八一〕第十一　不知（之二）", "head": "N14n0006_p0155a03"}, {"level": "3", "n": "", "type": "其他", "text": "第九　中略品", "head": "N14n0006_p0156a02"}, {"level": "4", "n": "", "type": "其他", "text": "〔八二〕第一　師", "head": "N14n0006_p0156a04"}, {"level": "4", "n": "", "type": "其他", "text": "〔八三〕第二　學", "head": "N14n0006_p0157a10"}, {"level": "4", "n": "", "type": "其他", "text": "〔八四〕第三　瑜伽", "head": "N14n0006_p0157a13"}, {"level": "4", "n": "", "type": "其他", "text": "〔八五〕第四　欲", "head": "N14n0006_p0158a01"}, {"level": "4", "n": "", "type": "其他", "text": "〔八六〕第五　努力", "head": "N14n0006_p0158a03"}, {"level": "4", "n": "", "type": "其他", "text": "〔八七〕第六　不退轉", "head": "N14n0006_p0158a05"}, {"level": "4", "n": "", "type": "其他", "text": "〔八八〕第七　熱誠", "head": "N14n0006_p0158a07"}, {"level": "4", "n": "", "type": "其他", "text": "〔八九〕第八　精進", "head": "N14n0006_p0158a09"}, {"level": "4", "n": "", "type": "其他", "text": "〔九〇〕第十　不拔", "head": "N14n0006_p0158a11"}, {"level": "4", "n": "", "type": "其他", "text": "〔九一〕第十一　正念", "head": "N14n0006_p0158a13"}, {"level": "4", "n": "", "type": "其他", "text": "〔九二〕第十二　正心", "head": "N14n0006_p0159a01"}, {"level": "4", "n": "", "type": "其他", "text": "〔九三〕第十三　不放逸", "head": "N14n0006_p0159a03"}, {"level": "2", "n": "", "type": "其他", "text": "第二　現觀相應", "head": "N14n0006_p0167a02"}, {"level": "3", "n": "", "type": "其他", "text": "〔一〕第一　爪尖", "head": "N14n0006_p0167a03"}, {"level": "3", "n": "", "type": "其他", "text": "〔二〕第二　蓮池", "head": "N14n0006_p0167a13"}, {"level": "3", "n": "", "type": "其他", "text": "〔三〕第三　合流水（之一）", "head": "N14n0006_p0168a10"}, {"level": "3", "n": "", "type": "其他", "text": "〔四〕第四　合流水（之二）", "head": "N14n0006_p0169a04"}, {"level": "3", "n": "", "type": "其他", "text": "〔五〕第五　地（之一）", "head": "N14n0006_p0169a12"}, {"level": "3", "n": "", "type": "其他", "text": "〔六〕第六　地（之二）", "head": "N14n0006_p0170a06"}, {"level": "3", "n": "", "type": "其他", "text": "〔七〕第七　海（之一）", "head": "N14n0006_p0170a14"}, {"level": "3", "n": "", "type": "其他", "text": "〔八〕第八　海（之二）", "head": "N14n0006_p0171a07"}, {"level": "3", "n": "", "type": "其他", "text": "〔九〕第九　山喻（之一）", "head": "N14n0006_p0171a14"}, {"level": "3", "n": "", "type": "其他", "text": "〔一〇〕第十　山喻（之二）", "head": "N14n0006_p0172a08"}, {"level": "3", "n": "", "type": "其他", "text": "〔一一〕第十一　山喻（之三）", "head": "N14n0006_p0173a06"}, {"level": "2", "n": "", "type": "其他", "text": "第三　界相應", "head": "N14n0006_p0175a02"}, {"level": "3", "n": "", "type": "其他", "text": "第一　種種品", "head": "N14n0006_p0175a04"}, {"level": "4", "n": "", "type": "其他", "text": "〔一〕第一　界", "head": "N14n0006_p0175a05"}, {"level": "4", "n": "", "type": "其他", "text": "〔二〕第二　觸", "head": "N14n0006_p0175a14"}, {"level": "4", "n": "", "type": "其他", "text": "〔三〕第三　非此", "head": "N14n0006_p0176a09"}, {"level": "4", "n": "", "type": "其他", "text": "〔四〕第四　受（之一）", "head": "N14n0006_p0177a04"}, {"level": "4", "n": "", "type": "其他", "text": "〔五〕第五　受（之二）", "head": "N14n0006_p0177a13"}, {"level": "4", "n": "", "type": "其他", "text": "〔六〕第六　界", "head": "N14n0006_p0178a12"}, {"level": "4", "n": "", "type": "其他", "text": "〔七〕第七　想", "head": "N14n0006_p0179a03"}, {"level": "4", "n": "", "type": "其他", "text": "〔八〕第八　非此", "head": "N14n0006_p0180a02"}, {"level": "4", "n": "", "type": "其他", "text": "〔九〕第九　觸（之一）", "head": "N14n0006_p0181a10"}, {"level": "4", "n": "", "type": "其他", "text": "〔一〇〕第十　觸（之二）", "head": "N14n0006_p0182a14"}, {"level": "3", "n": "", "type": "其他", "text": "第二　無慚愧品", "head": "N14n0006_p0185a02"}, {"level": "4", "n": "", "type": "其他", "text": "〔一一〕第一　此等之七", "head": "N14n0006_p0185a03"}, {"level": "4", "n": "", "type": "其他", "text": "〔一二〕第二　有因", "head": "N14n0006_p0186a09"}, {"level": "4", "n": "", "type": "其他", "text": "〔一三〕第三　磚瓦之家", "head": "N14n0006_p0189a01"}, {"level": "4", "n": "", "type": "其他", "text": "〔一四〕第四　劣意志", "head": "N14n0006_p0190a01"}, {"level": "4", "n": "", "type": "其他", "text": "〔一五〕第五　業", "head": "N14n0006_p0190a12"}, {"level": "4", "n": "", "type": "其他", "text": "〔一六〕第六　有偈", "head": "N14n0006_p0193a12"}, {"level": "5", "n": "", "type": "其他", "text": "一", "head": "N14n0006_p0193a13"}, {"level": "5", "n": "", "type": "其他", "text": "二", "head": "N14n0006_p0195a02"}, {"level": "4", "n": "", "type": "其他", "text": "〔一七〕第七　不信", "head": "N14n0006_p0196a10"}, {"level": "5", "n": "", "type": "其他", "text": "〇", "head": "N14n0006_p0196a11"}, {"level": "5", "n": "", "type": "其他", "text": "一", "head": "N14n0006_p0196a12"}, {"level": "5", "n": "", "type": "其他", "text": "二", "head": "N14n0006_p0198a05"}, {"level": "4", "n": "", "type": "其他", "text": "〔一八〕第八　不信之根本五", "head": "N14n0006_p0198a14"}, {"level": "5", "n": "", "type": "其他", "text": "〇", "head": "N14n0006_p0198a14"}, {"level": "5", "n": "", "type": "其他", "text": "一", "head": "N14n0006_p0199a02"}, {"level": "5", "n": "", "type": "其他", "text": "二", "head": "N14n0006_p0199a11"}, {"level": "5", "n": "", "type": "其他", "text": "三", "head": "N14n0006_p0200a04"}, {"level": "5", "n": "", "type": "其他", "text": "四", "head": "N14n0006_p0200a10"}, {"level": "5", "n": "", "type": "其他", "text": "五", "head": "N14n0006_p0201a03"}, {"level": "4", "n": "", "type": "其他", "text": "〔一九〕第九　無慚之根本四", "head": "N14n0006_p0201a09"}, {"level": "5", "n": "", "type": "其他", "text": "〇", "head": "N14n0006_p0201a09"}, {"level": "5", "n": "", "type": "其他", "text": "一", "head": "N14n0006_p0201a11"}, {"level": "5", "n": "", "type": "其他", "text": "二", "head": "N14n0006_p0202a01"}, {"level": "5", "n": "", "type": "其他", "text": "三", "head": "N14n0006_p0202a04"}, {"level": "5", "n": "", "type": "其他", "text": "四", "head": "N14n0006_p0202a07"}, {"level": "4", "n": "", "type": "其他", "text": "〔二〇〕第十　無愧之根本三", "head": "N14n0006_p0202a11"}, {"level": "5", "n": "", "type": "其他", "text": "〇", "head": "N14n0006_p0202a11"}, {"level": "5", "n": "", "type": "其他", "text": "一", "head": "N14n0006_p0202a13"}, {"level": "5", "n": "", "type": "其他", "text": "二", "head": "N14n0006_p0203a04"}, {"level": "5", "n": "", "type": "其他", "text": "三", "head": "N14n0006_p0203a08"}, {"level": "4", "n": "", "type": "其他", "text": "〔二一〕第十一　依少聞二", "head": "N14n0006_p0203a12"}, {"level": "5", "n": "", "type": "其他", "text": "〇", "head": "N14n0006_p0203a12"}, {"level": "5", "n": "", "type": "其他", "text": "一", "head": "N14n0006_p0203a14"}, {"level": "5", "n": "", "type": "其他", "text": "二", "head": "N14n0006_p0204a05"}, {"level": "4", "n": "", "type": "其他", "text": "〔二二〕第十二　懈怠", "head": "N14n0006_p0204a09"}, {"level": "5", "n": "", "type": "其他", "text": "〇", "head": "N14n0006_p0204a09"}, {"level": "5", "n": "", "type": "其他", "text": "一", "head": "N14n0006_p0204a11"}, {"level": "3", "n": "", "type": "其他", "text": "第三　業道品", "head": "N14n0006_p0205a13"}, {"level": "4", "n": "", "type": "其他", "text": "〔二三〕第一　不寂靜", "head": "N14n0006_p0205a14"}, {"level": "4", "n": "", "type": "其他", "text": "〔二四〕第二　惡戒", "head": "N14n0006_p0206a07"}, {"level": "4", "n": "", "type": "其他", "text": "〔二五〕第三　五學處", "head": "N14n0006_p0206a14"}, {"level": "4", "n": "", "type": "其他", "text": "〔二六〕第四　七業道", "head": "N14n0006_p0207a07"}, {"level": "4", "n": "", "type": "其他", "text": "〔二七〕第五　十業道", "head": "N14n0006_p0207a14"}, {"level": "4", "n": "", "type": "其他", "text": "〔二八〕第六　八支", "head": "N14n0006_p0208a09"}, {"level": "4", "n": "", "type": "其他", "text": "〔二九〕第七　十支", "head": "N14n0006_p0209a01"}, {"level": "3", "n": "", "type": "其他", "text": "第四　隨喜品", "head": "N14n0006_p0210a03"}, {"level": "4", "n": "", "type": "其他", "text": "〔三〇〕第一　四", "head": "N14n0006_p0210a04"}, {"level": "4", "n": "", "type": "其他", "text": "〔三一〕第二　前", "head": "N14n0006_p0210a09"}, {"level": "4", "n": "", "type": "其他", "text": "〔三二〕第三　〔我〕所行", "head": "N14n0006_p0211a14"}, {"level": "4", "n": "", "type": "其他", "text": "〔三三〕第四　若無此", "head": "N14n0006_p0213a04"}, {"level": "4", "n": "", "type": "其他", "text": "〔三四〕第五　苦", "head": "N14n0006_p0214a12"}, {"level": "4", "n": "", "type": "其他", "text": "〔三五〕第六　隨喜", "head": "N14n0006_p0215a13"}, {"level": "5", "n": "", "type": "其他", "text": "〇", "head": "N14n0006_p0215a13"}, {"level": "5", "n": "", "type": "其他", "text": "一", "head": "N14n0006_p0216a01"}, {"level": "5", "n": "", "type": "其他", "text": "二", "head": "N14n0006_p0216a07"}, {"level": "4", "n": "", "type": "其他", "text": "〔三六〕第七　生起", "head": "N14n0006_p0216a12"}, {"level": "4", "n": "", "type": "其他", "text": "〔三七〕第八　沙門婆羅門（之一）", "head": "N14n0006_p0217a09"}, {"level": "4", "n": "", "type": "其他", "text": "〔三八〕第九　沙門婆羅門（之二）", "head": "N14n0006_p0218a05"}, {"level": "4", "n": "", "type": "其他", "text": "〔三九〕第十　沙門婆羅門（之三）", "head": "N14n0006_p0218a12"}, {"level": "2", "n": "", "type": "其他", "text": "第四　無始相應", "head": "N14n0006_p0222a02"}, {"level": "3", "n": "", "type": "其他", "text": "第一　薪草品", "head": "N14n0006_p0222a04"}, {"level": "4", "n": "", "type": "其他", "text": "〔一〕第一　薪草", "head": "N14n0006_p0222a05"}, {"level": "4", "n": "", "type": "其他", "text": "〔二〕第二　地", "head": "N14n0006_p0223a03"}, {"level": "4", "n": "", "type": "其他", "text": "〔三〕第三　淚", "head": "N14n0006_p0223a13"}, {"level": "4", "n": "", "type": "其他", "text": "〔四〕第四　乳", "head": "N14n0006_p0225a05"}, {"level": "4", "n": "", "type": "其他", "text": "〔五〕第五　山", "head": "N14n0006_p0226a02"}, {"level": "4", "n": "", "type": "其他", "text": "〔六〕第六　芥子", "head": "N14n0006_p0227a01"}, {"level": "4", "n": "", "type": "其他", "text": "〔七〕第七　聲聞", "head": "N14n0006_p0227a13"}, {"level": "4", "n": "", "type": "其他", "text": "〔八〕第八　恒河", "head": "N14n0006_p0228a12"}, {"level": "4", "n": "", "type": "其他", "text": "〔九〕第九　杖", "head": "N14n0006_p0230a01"}, {"level": "4", "n": "", "type": "其他", "text": "〔一〇〕第十　人", "head": "N14n0006_p0230a09"}, {"level": "3", "n": "", "type": "其他", "text": "第二　苦惱等品", "head": "N14n0006_p0232a13"}, {"level": "4", "n": "", "type": "其他", "text": "〔一一〕第一　苦惱", "head": "N14n0006_p0232a14"}, {"level": "4", "n": "", "type": "其他", "text": "〔一二〕第二　安樂", "head": "N14n0006_p0233a07"}, {"level": "4", "n": "", "type": "其他", "text": "〔一三〕第三　約三十", "head": "N14n0006_p0233a12"}, {"level": "4", "n": "", "type": "其他", "text": "〔一四〕第四　母", "head": "N14n0006_p0236a02"}, {"level": "4", "n": "", "type": "其他", "text": "〔一五〕第五　父", "head": "N14n0006_p0236a07"}, {"level": "4", "n": "", "type": "其他", "text": "〔一六〕第六　兄弟", "head": "N14n0006_p0236a10"}, {"level": "4", "n": "", "type": "其他", "text": "〔一七〕第七　姊妹", "head": "N14n0006_p0236a13"}, {"level": "4", "n": "", "type": "其他", "text": "〔一八〕第八　子", "head": "N14n0006_p0237a02"}, {"level": "4", "n": "", "type": "其他", "text": "〔一九〕第九　女兒", "head": "N14n0006_p0237a05"}, {"level": "4", "n": "", "type": "其他", "text": "〔二〇〕第十　毘富羅山", "head": "N14n0006_p0237a14"}, {"level": "2", "n": "", "type": "其他", "text": "第五　迦葉相應", "head": "N14n0006_p0244a02"}, {"level": "3", "n": "", "type": "其他", "text": "第一　滿足", "head": "N14n0006_p0244a03"}, {"level": "3", "n": "", "type": "其他", "text": "第二　無愧", "head": "N14n0006_p0245a12"}, {"level": "4", "n": "", "type": "其他", "text": "〇", "head": "N14n0006_p0245a12"}, {"level": "4", "n": "", "type": "其他", "text": "一", "head": "N14n0006_p0246a06"}, {"level": "4", "n": "", "type": "其他", "text": "二", "head": "N14n0006_p0246a12"}, {"level": "4", "n": "", "type": "其他", "text": "三", "head": "N14n0006_p0247a06"}, {"level": "4", "n": "", "type": "其他", "text": "四", "head": "N14n0006_p0247a12"}, {"level": "3", "n": "", "type": "其他", "text": "第三　月喻", "head": "N14n0006_p0248a06"}, {"level": "3", "n": "", "type": "其他", "text": "第四　入在家", "head": "N14n0006_p0251a02"}, {"level": "3", "n": "", "type": "其他", "text": "第五　老", "head": "N14n0006_p0253a01"}, {"level": "3", "n": "", "type": "其他", "text": "第六　教誡（之一）", "head": "N14n0006_p0254a10"}, {"level": "3", "n": "", "type": "其他", "text": "第七　教誡（之二）", "head": "N14n0006_p0257a01"}, {"level": "3", "n": "", "type": "其他", "text": "第八　教誡（之三）", "head": "N14n0006_p0259a10"}, {"level": "3", "n": "", "type": "其他", "text": "第九　定與勝智", "head": "N14n0006_p0262a02"}, {"level": "3", "n": "", "type": "其他", "text": "第十　止住處", "head": "N14n0006_p0266a05"}, {"level": "4", "n": "", "type": "其他", "text": "〇", "head": "N14n0006_p0266a05"}, {"level": "4", "n": "", "type": "其他", "text": "一", "head": "N14n0006_p0266a07"}, {"level": "4", "n": "", "type": "其他", "text": "二", "head": "N14n0006_p0267a03"}, {"level": "4", "n": "", "type": "其他", "text": "三", "head": "N14n0006_p0267a12"}, {"level": "4", "n": "", "type": "其他", "text": "四", "head": "N14n0006_p0269a07"}, {"level": "3", "n": "", "type": "其他", "text": "第十一　衣", "head": "N14n0006_p0269a09"}, {"level": "4", "n": "", "type": "其他", "text": "〇", "head": "N14n0006_p0269a09"}, {"level": "4", "n": "", "type": "其他", "text": "一", "head": "N14n0006_p0269a11"}, {"level": "4", "n": "", "type": "其他", "text": "二", "head": "N14n0006_p0269a14"}, {"level": "4", "n": "", "type": "其他", "text": "三", "head": "N14n0006_p0271a02"}, {"level": "4", "n": "", "type": "其他", "text": "四", "head": "N14n0006_p0274a08"}, {"level": "3", "n": "", "type": "其他", "text": "第十二　死後", "head": "N14n0006_p0274a10"}, {"level": "3", "n": "", "type": "其他", "text": "第十三　像法", "head": "N14n0006_p0276a03"}, {"level": "2", "n": "", "type": "其他", "text": "第六　利得與供養相應", "head": "N14n0006_p0280a02"}, {"level": "3", "n": "", "type": "其他", "text": "第一　誡品", "head": "N14n0006_p0280a04"}, {"level": "4", "n": "", "type": "其他", "text": "〔一〕第一　可怖", "head": "N14n0006_p0280a05"}, {"level": "4", "n": "", "type": "其他", "text": "〔二〕第二　鉤針", "head": "N14n0006_p0280a13"}, {"level": "4", "n": "", "type": "其他", "text": "〔三〕第三　龜", "head": "N14n0006_p0281a13"}, {"level": "4", "n": "", "type": "其他", "text": "〔四〕第四　長毛", "head": "N14n0006_p0283a04"}, {"level": "4", "n": "", "type": "其他", "text": "〔五〕第五　糞蟲", "head": "N14n0006_p0283a14"}, {"level": "4", "n": "", "type": "其他", "text": "〔六〕第六　雷電", "head": "N14n0006_p0285a01"}, {"level": "4", "n": "", "type": "其他", "text": "〔七〕第七　含毒", "head": "N14n0006_p0285a08"}, {"level": "4", "n": "", "type": "其他", "text": "〔八〕第八　豺", "head": "N14n0006_p0286a01"}, {"level": "4", "n": "", "type": "其他", "text": "〔九〕第九　毘嵐風", "head": "N14n0006_p0286a13"}, {"level": "4", "n": "", "type": "其他", "text": "〔一〇〕第十　偈頌經", "head": "N14n0006_p0287a12"}, {"level": "3", "n": "", "type": "其他", "text": "第二　誡鉢品", "head": "N14n0006_p0289a09"}, {"level": "4", "n": "", "type": "其他", "text": "〔一一〕第一　鉢（之一）", "head": "N14n0006_p0289a10"}, {"level": "4", "n": "", "type": "其他", "text": "〔一二〕第二　鉢（之二）", "head": "N14n0006_p0290a04"}, {"level": "4", "n": "", "type": "其他", "text": "〔一三～二〇〕第三～第十　金環——地方之美人", "head": "N14n0006_p0290a12"}, {"level": "5", "n": "", "type": "其他", "text": "〔一三〕第三", "head": "N14n0006_p0291a01"}, {"level": "5", "n": "", "type": "其他", "text": "〔一四〕第四", "head": "N14n0006_p0291a02"}, {"level": "5", "n": "", "type": "其他", "text": "〔一五〕第五", "head": "N14n0006_p0291a03"}, {"level": "5", "n": "", "type": "其他", "text": "〔一六〕第六", "head": "N14n0006_p0291a04"}, {"level": "5", "n": "", "type": "其他", "text": "〔一七〕第七", "head": "N14n0006_p0291a05"}, {"level": "5", "n": "", "type": "其他", "text": "〔一八〕第八", "head": "N14n0006_p0291a06"}, {"level": "5", "n": "", "type": "其他", "text": "〔一九〕第九", "head": "N14n0006_p0291a07"}, {"level": "5", "n": "", "type": "其他", "text": "〔二〇〕第十", "head": "N14n0006_p0291a08"}, {"level": "3", "n": "", "type": "其他", "text": "第三　度量品", "head": "N14n0006_p0292a04"}, {"level": "4", "n": "", "type": "其他", "text": "〔二一〕第一　女", "head": "N14n0006_p0292a05"}, {"level": "4", "n": "", "type": "其他", "text": "〔二二〕第二　美人", "head": "N14n0006_p0292a11"}, {"level": "4", "n": "", "type": "其他", "text": "〔二三〕第三　子", "head": "N14n0006_p0293a04"}, {"level": "4", "n": "", "type": "其他", "text": "〔二四〕第四　一女", "head": "N14n0006_p0294a01"}, {"level": "4", "n": "", "type": "其他", "text": "〔二五〕第五　沙門婆羅門（之一）", "head": "N14n0006_p0294a14"}, {"level": "4", "n": "", "type": "其他", "text": "〔二六〕第六　沙門婆羅門（之二）", "head": "N14n0006_p0295a05"}, {"level": "4", "n": "", "type": "其他", "text": "〔二七〕第七　沙門婆羅門（之三）", "head": "N14n0006_p0295a11"}, {"level": "4", "n": "", "type": "其他", "text": "〔二八〕第八　皮", "head": "N14n0006_p0296a02"}, {"level": "4", "n": "", "type": "其他", "text": "〔二九〕第九　紐", "head": "N14n0006_p0296a09"}, {"level": "4", "n": "", "type": "其他", "text": "〔三〇〕第十　比丘", "head": "N14n0006_p0297a08"}, {"level": "3", "n": "", "type": "其他", "text": "第四　妄語品", "head": "N14n0006_p0299a02"}, {"level": "4", "n": "", "type": "其他", "text": "〔三一〕第一　割截", "head": "N14n0006_p0299a03"}, {"level": "4", "n": "", "type": "其他", "text": "〔三二〕第二　根", "head": "N14n0006_p0299a09"}, {"level": "4", "n": "", "type": "其他", "text": "〔三三〕第三　法", "head": "N14n0006_p0300a01"}, {"level": "4", "n": "", "type": "其他", "text": "〔三四〕第四　白", "head": "N14n0006_p0300a07"}, {"level": "4", "n": "", "type": "其他", "text": "〔三五〕第五　離去", "head": "N14n0006_p0300a13"}, {"level": "4", "n": "", "type": "其他", "text": "〔三六〕第六　車", "head": "N14n0006_p0302a09"}, {"level": "4", "n": "", "type": "其他", "text": "〔三七〕第七　母", "head": "N14n0006_p0303a10"}, {"level": "4", "n": "", "type": "其他", "text": "〔三八～四三〕第八　父、第九　兄弟、第十　姊妹、第十一　子、第十二　女、第十三　妻", "head": "N14n0006_p0304a07"}, {"level": "5", "n": "", "type": "其他", "text": "〔三八〕", "head": "N14n0006_p0304a12"}, {"level": "5", "n": "", "type": "其他", "text": "〔三九〕", "head": "N14n0006_p0304a13"}, {"level": "5", "n": "", "type": "其他", "text": "〔四〇〕", "head": "N14n0006_p0304a14"}, {"level": "5", "n": "", "type": "其他", "text": "〔四一〕", "head": "N14n0006_p0305a01"}, {"level": "5", "n": "", "type": "其他", "text": "〔四二〕", "head": "N14n0006_p0305a02"}, {"level": "5", "n": "", "type": "其他", "text": "〔四三〕", "head": "N14n0006_p0305a03"}, {"level": "2", "n": "", "type": "其他", "text": "第七　羅睺羅相應", "head": "N14n0006_p0308a01"}, {"level": "3", "n": "", "type": "其他", "text": "第一　界品", "head": "N14n0006_p0308a04"}, {"level": "4", "n": "", "type": "其他", "text": "〔一〕第一　眼", "head": "N14n0006_p0308a05"}, {"level": "4", "n": "", "type": "其他", "text": "〔二〕第二　色", "head": "N14n0006_p0310a10"}, {"level": "4", "n": "", "type": "其他", "text": "〔三〕第三　識", "head": "N14n0006_p0311a06"}, {"level": "4", "n": "", "type": "其他", "text": "〔四〕第四　觸", "head": "N14n0006_p0312a02"}, {"level": "4", "n": "", "type": "其他", "text": "〔五〕第五　受", "head": "N14n0006_p0312a11"}, {"level": "4", "n": "", "type": "其他", "text": "〔六〕第六　想", "head": "N14n0006_p0313a06"}, {"level": "4", "n": "", "type": "其他", "text": "〔七〕第七　思", "head": "N14n0006_p0313a14"}, {"level": "4", "n": "", "type": "其他", "text": "〔八〕第八　愛", "head": "N14n0006_p0314a08"}, {"level": "4", "n": "", "type": "其他", "text": "〔九〕第九　界", "head": "N14n0006_p0315a02"}, {"level": "4", "n": "", "type": "其他", "text": "〔一〇〕第十　蘊", "head": "N14n0006_p0315a10"}, {"level": "3", "n": "", "type": "其他", "text": "第二　界蘊品", "head": "N14n0006_p0316a13"}, {"level": "4", "n": "", "type": "其他", "text": "〔一一〕第一　眼", "head": "N14n0006_p0316a14"}, {"level": "4", "n": "", "type": "其他", "text": "〔一二～二〇〕第二～第十", "head": "N14n0006_p0318a10"}, {"level": "5", "n": "", "type": "其他", "text": "〔一二〕第二　色", "head": "N14n0006_p0318a13"}, {"level": "5", "n": "", "type": "其他", "text": "〔一三〕第三　識", "head": "N14n0006_p0319a03"}, {"level": "5", "n": "", "type": "其他", "text": "〔一四〕第四　觸", "head": "N14n0006_p0319a05"}, {"level": "5", "n": "", "type": "其他", "text": "〔一五〕第五　受", "head": "N14n0006_p0319a07"}, {"level": "5", "n": "", "type": "其他", "text": "〔一六〕第六　想", "head": "N14n0006_p0319a10"}, {"level": "5", "n": "", "type": "其他", "text": "〔一七〕第七　思", "head": "N14n0006_p0319a12"}, {"level": "5", "n": "", "type": "其他", "text": "〔一八〕第八　愛", "head": "N14n0006_p0319a14"}, {"level": "5", "n": "", "type": "其他", "text": "〔一九〕第九　界", "head": "N14n0006_p0320a02"}, {"level": "5", "n": "", "type": "其他", "text": "〔二〇〕第十　蘊", "head": "N14n0006_p0320a04"}, {"level": "4", "n": "", "type": "其他", "text": "〔二一〕第十一　使", "head": "N14n0006_p0320a08"}, {"level": "4", "n": "", "type": "其他", "text": "〔二二〕第十二　遠離", "head": "N14n0006_p0321a07"}, {"level": "2", "n": "", "type": "其他", "text": "第八　勒叉那相應", "head": "N14n0006_p0324a02"}, {"level": "3", "n": "", "type": "其他", "text": "第一　惡業品", "head": "N14n0006_p0324a04"}, {"level": "4", "n": "", "type": "其他", "text": "〔一〕第一　鎖骨", "head": "N14n0006_p0324a05"}, {"level": "4", "n": "", "type": "其他", "text": "〔二〕第二　屠牛者", "head": "N14n0006_p0326a02"}, {"level": "4", "n": "", "type": "其他", "text": "〔三〕第三　一塊與捕鳥者", "head": "N14n0006_p0326a06"}, {"level": "4", "n": "", "type": "其他", "text": "〔四〕第四　無皮膚之屠羊者", "head": "N14n0006_p0326a09"}, {"level": "4", "n": "", "type": "其他", "text": "〔五〕第五　刀之屠豬者", "head": "N14n0006_p0326a12"}, {"level": "4", "n": "", "type": "其他", "text": "〔六〕第六　刃之獵師", "head": "N14n0006_p0327a02"}, {"level": "4", "n": "", "type": "其他", "text": "〔七〕第七　矢之裁", "head": "N14n0006_p0327a06"}, {"level": "4", "n": "", "type": "其他", "text": "〔八〕第八　針之調師", "head": "N14n0006_p0327a10"}, {"level": "4", "n": "", "type": "其他", "text": "〔九〕第九　間諜", "head": "N14n0006_p0327a14"}, {"level": "4", "n": "", "type": "其他", "text": "〔一〇〕第十　腐敗之判官", "head": "N14n0006_p0328a05"}, {"level": "3", "n": "", "type": "其他", "text": "第二　惡業品", "head": "N14n0006_p0329a04"}, {"level": "4", "n": "", "type": "其他", "text": "〔一一〕第一　沈陷於坑之不義者", "head": "N14n0006_p0329a05"}, {"level": "4", "n": "", "type": "其他", "text": "〔一二〕第二　喰糞之邪惡婆羅門", "head": "N14n0006_p0329a09"}, {"level": "4", "n": "", "type": "其他", "text": "〔一三〕第三　剝皮膚女～姦婦", "head": "N14n0006_p0329a13"}, {"level": "4", "n": "", "type": "其他", "text": "〔一四〕第四　醜女卜占女", "head": "N14n0006_p0330a03"}, {"level": "4", "n": "", "type": "其他", "text": "〔一五〕第五　炙女曾投夥伴於炭火", "head": "N14n0006_p0330a07"}, {"level": "4", "n": "", "type": "其他", "text": "〔一六〕第六　斷頭司獄", "head": "N14n0006_p0330a11"}, {"level": "4", "n": "", "type": "其他", "text": "〔一七〕第七　比丘", "head": "N14n0006_p0331a01"}, {"level": "4", "n": "", "type": "其他", "text": "〔一八〕第八　比丘尼", "head": "N14n0006_p0331a07"}, {"level": "4", "n": "", "type": "其他", "text": "〔一九〕第九　式叉摩那", "head": "N14n0006_p0331a11"}, {"level": "4", "n": "", "type": "其他", "text": "〔二〇〕第十　沙彌", "head": "N14n0006_p0332a01"}, {"level": "4", "n": "", "type": "其他", "text": "〔二一〕第十一　沙彌尼", "head": "N14n0006_p0332a04"}, {"level": "2", "n": "", "type": "其他", "text": "第九　譬喻相應", "head": "N14n0006_p0336a02"}, {"level": "3", "n": "", "type": "其他", "text": "〔一〕第一　棟", "head": "N14n0006_p0336a03"}, {"level": "3", "n": "", "type": "其他", "text": "〔二〕第二　指端", "head": "N14n0006_p0336a11"}, {"level": "3", "n": "", "type": "其他", "text": "〔三〕第三　家", "head": "N14n0006_p0337a08"}, {"level": "3", "n": "", "type": "其他", "text": "〔四〕第四　釜", "head": "N14n0006_p0338a03"}, {"level": "3", "n": "", "type": "其他", "text": "〔五〕第五　刃", "head": "N14n0006_p0338a10"}, {"level": "3", "n": "", "type": "其他", "text": "〔六〕第六　弓術師", "head": "N14n0006_p0339a11"}, {"level": "3", "n": "", "type": "其他", "text": "〔七〕第七　鼓輻", "head": "N14n0006_p0340a09"}, {"level": "3", "n": "", "type": "其他", "text": "〔八〕第八　藁", "head": "N14n0006_p0341a09"}, {"level": "3", "n": "", "type": "其他", "text": "〔九〕第九　象", "head": "N14n0006_p0342a09"}, {"level": "3", "n": "", "type": "其他", "text": "〔一〇〕第十　貓", "head": "N14n0006_p0344a03"}, {"level": "3", "n": "", "type": "其他", "text": "〔一一〕第十一　豺（之一）", "head": "N14n0006_p0345a10"}, {"level": "3", "n": "", "type": "其他", "text": "〔一二〕第十二　豺（之二）", "head": "N14n0006_p0346a05"}, {"level": "2", "n": "", "type": "其他", "text": "第十　比丘相應", "head": "N14n0006_p0349a02"}, {"level": "3", "n": "", "type": "其他", "text": "〔一〕第一　拘離多", "head": "N14n0006_p0349a03"}, {"level": "3", "n": "", "type": "其他", "text": "〔二〕第二　優波低沙", "head": "N14n0006_p0350a04"}, {"level": "3", "n": "", "type": "其他", "text": "〔三〕第三　甕", "head": "N14n0006_p0351a05"}, {"level": "3", "n": "", "type": "其他", "text": "〔四〕第四　年少", "head": "N14n0006_p0353a08"}, {"level": "3", "n": "", "type": "其他", "text": "〔五〕第五　善生", "head": "N14n0006_p0355a08"}, {"level": "3", "n": "", "type": "其他", "text": "〔六〕第六　拔提", "head": "N14n0006_p0356a08"}, {"level": "3", "n": "", "type": "其他", "text": "〔七〕第七　毘舍佉", "head": "N14n0006_p0357a12"}, {"level": "3", "n": "", "type": "其他", "text": "〔八〕第八　難陀", "head": "N14n0006_p0359a04"}, {"level": "3", "n": "", "type": "其他", "text": "〔九〕第九　低沙", "head": "N14n0006_p0360a03"}, {"level": "3", "n": "", "type": "其他", "text": "〔一〇〕第十　名為長老", "head": "N14n0006_p0361a05"}, {"level": "3", "n": "", "type": "其他", "text": "〔一一〕第十一　劫賓那", "head": "N14n0006_p0363a08"}, {"level": "3", "n": "", "type": "其他", "text": "〔一二〕第十二　僚友", "head": "N14n0006_p0364a13"}]