[{"level": "1", "n": "", "type": "其他", "text": "叙", "head": "GA030n0031_pb119a01"}, {"level": "1", "n": "", "type": "其他", "text": "凡例", "head": "GA030n0031_pb121a01"}, {"level": "1", "n": "", "type": "其他", "text": "住持", "head": "GA030n0031_pb123a04"}, {"level": "2", "n": "", "type": "其他", "text": "概述", "head": "GA030n0031_pb123a05"}, {"level": "2", "n": "", "type": "其他", "text": "超倫和尚", "head": "GA030n0031_pb123a08"}, {"level": "2", "n": "", "type": "其他", "text": "興山和尚", "head": "GA030n0031_pb123a10"}, {"level": "2", "n": "", "type": "其他", "text": "省方勝和尚", "head": "GA030n0031_pb124a03"}, {"level": "2", "n": "", "type": "其他", "text": "不凡和尚", "head": "GA030n0031_pb124a07"}, {"level": "2", "n": "", "type": "其他", "text": "懋成藴和尚", "head": "GA030n0031_pb124a10"}, {"level": "2", "n": "", "type": "其他", "text": "清修和尚", "head": "GA030n0031_pb125a06"}, {"level": "2", "n": "", "type": "其他", "text": "明海和尚", "head": "GA030n0031_pb125a08"}, {"level": "2", "n": "", "type": "其他", "text": "普亮林和尚", "head": "GA030n0031_pb126a01"}, {"level": "2", "n": "", "type": "其他", "text": "祖峯安和尚", "head": "GA030n0031_pb126a04"}, {"level": "2", "n": "", "type": "其他", "text": "檀護", "head": "GA030n0031_pb126a06"}, {"level": "2", "n": "", "type": "其他", "text": "朱朗齋", "head": "GA030n0031_pb126a07"}, {"level": "2", "n": "", "type": "其他", "text": "沈漢章", "head": "GA030n0031_pb126a10"}, {"level": "2", "n": "", "type": "其他", "text": "戴友聖", "head": "GA030n0031_pb127a03"}, {"level": "2", "n": "", "type": "其他", "text": "屠舜豐　鄭漢良　顧鳳山　葉聖傳", "head": "GA030n0031_pb127a06"}, {"level": "2", "n": "", "type": "其他", "text": "姚關氏", "head": "GA030n0031_pb127a08"}, {"level": "2", "n": "", "type": "其他", "text": "蔣關氏　蔣氏女", "head": "GA030n0031_pb127a10"}, {"level": "2", "n": "", "type": "其他", "text": "嘉本師", "head": "GA030n0031_pb128a02"}, {"level": "2", "n": "", "type": "其他", "text": "吳載川　沈桐谷　葉治元", "head": "GA030n0031_pb128a04"}, {"level": "2", "n": "", "type": "其他", "text": "郭勝芝", "head": "GA030n0031_pb128a07"}, {"level": "2", "n": "", "type": "序", "text": "顧得序", "head": "GA030n0031_pb128a09"}, {"level": "2", "n": "", "type": "其他", "text": "濮兆祥　李繼隆　戴西庚　翟襄武　馮應仁", "head": "GA030n0031_pb129a01"}, {"level": "2", "n": "", "type": "其他", "text": "先君子萊山公", "head": "GA030n0031_pb129a03"}, {"level": "1", "n": "", "type": "其他", "text": "事實", "head": "GA030n0031_pb129a06"}, {"level": "2", "n": "", "type": "其他", "text": "新建普同塔地", "head": "GA030n0031_pb129a07"}, {"level": "2", "n": "", "type": "其他", "text": "七家河地", "head": "GA030n0031_pb130a02"}, {"level": "2", "n": "", "type": "其他", "text": "李杏村處士塜", "head": "GA030n0031_pb130a07"}, {"level": "2", "n": "", "type": "其他", "text": "野航戶糧", "head": "GA030n0031_pb130a10"}, {"level": "2", "n": "", "type": "其他", "text": "關帝殿門外大樟樹公議禁碑", "head": "GA030n0031_pb131a03"}, {"level": "1", "n": "", "type": "其他", "text": "詩", "head": "GA030n0031_pb135a03"}, {"level": "2", "n": "", "type": "其他", "text": "觀水月居即題寺壁", "head": "GA030n0031_pb135a04"}, {"level": "2", "n": "", "type": "其他", "text": "懋成上人招飲", "head": "GA030n0031_pb135a09"}, {"level": "2", "n": "", "type": "其他", "text": "贈崇福寺懋成和尚", "head": "GA030n0031_pb136a04"}, {"level": "2", "n": "", "type": "其他", "text": "過崇福寺題壁二首", "head": "GA030n0031_pb137a02"}, {"level": "2", "n": "", "type": "其他", "text": "遊崇福寺", "head": "GA030n0031_pb137a07"}, {"level": "2", "n": "", "type": "其他", "text": "聞崇福寺鐘聲", "head": "GA030n0031_pb138a01"}, {"level": "2", "n": "", "type": "其他", "text": "水月居感懷", "head": "GA030n0031_pb138a04"}, {"level": "2", "n": "", "type": "其他", "text": "贈懋公", "head": "GA030n0031_pb138a07"}, {"level": "2", "n": "", "type": "其他", "text": "經崇福寺", "head": "GA030n0031_pb138a10"}, {"level": "2", "n": "", "type": "其他", "text": "懋成上人招飲水月居二首", "head": "GA030n0031_pb139a04"}, {"level": "2", "n": "", "type": "其他", "text": "懋成上人主講有年固辭退息即席賦贈用證道心", "head": "GA030n0031_pb140a03"}, {"level": "2", "n": "", "type": "其他", "text": "崇福寺", "head": "GA030n0031_pb140a08"}, {"level": "2", "n": "", "type": "其他", "text": "游崇福寺", "head": "GA030n0031_pb141a01"}, {"level": "2", "n": "", "type": "其他", "text": "余與懋成和尚頗有山水之癖作此以贈", "head": "GA030n0031_pb141a04"}, {"level": "2", "n": "", "type": "其他", "text": "偕友游崇福寺", "head": "GA030n0031_pb141a07"}, {"level": "2", "n": "", "type": "其他", "text": "崇福寺訪懋成和尚不值", "head": "GA030n0031_pb142a01"}, {"level": "2", "n": "", "type": "其他", "text": "東郊晚步", "head": "GA030n0031_pb142a04"}, {"level": "2", "n": "", "type": "其他", "text": "偕友至水月居友問水月當作何解因口占一絕", "head": "GA030n0031_pb142a07"}, {"level": "2", "n": "", "type": "其他", "text": "懋成上人力止斫伐樟樹作此以贈", "head": "GA030n0031_pb143a01"}, {"level": "2", "n": "", "type": "其他", "text": "贈懋公", "head": "GA030n0031_pb143a08"}, {"level": "2", "n": "", "type": "其他", "text": "崇福寺訪懋成上人二首", "head": "GA030n0031_pb144a05"}, {"level": "1", "n": "", "type": "其他", "text": "後跋", "head": "GA030n0031_pb144a10"}]