[{"level": "1", "n": "", "type": "序", "text": "序", "head": "GA030n0029_pa003a01"}, {"level": "2", "n": "", "type": "序", "text": "慕天顏序", "head": "GA030n0029_pa003a02"}, {"level": "2", "n": "", "type": "序", "text": "錢朝彥序", "head": "GA030n0029_pa005a01"}, {"level": "2", "n": "", "type": "序", "text": "自序", "head": "GA030n0029_pa009a01"}, {"level": "1", "n": "", "type": "其他", "text": "紀勝", "head": "GA030n0029_pa013a06"}, {"level": "2", "n": "", "type": "序", "text": "序", "head": "GA030n0029_pa013a06"}, {"level": "2", "n": "", "type": "其他", "text": "西谿輦道", "head": "GA030n0029_pa014a04"}, {"level": "2", "n": "", "type": "其他", "text": "法華山", "head": "GA030n0029_pa015a02"}, {"level": "2", "n": "", "type": "其他", "text": "碧峰　桃源嶺　方井", "head": "GA030n0029_pa017a01"}, {"level": "2", "n": "", "type": "其他", "text": "北高峰塔", "head": "GA030n0029_pa017a07"}, {"level": "3", "n": "", "type": "其他", "text": "概述", "head": "GA030n0029_pa017a08"}, {"level": "3", "n": "", "type": "其他", "text": "鄧林遊北高峰詩", "head": "GA030n0029_pa018a03"}, {"level": "3", "n": "", "type": "其他", "text": "姚肇和詩", "head": "GA030n0029_pa018a06"}, {"level": "2", "n": "", "type": "其他", "text": "龍歸塢　得仙橋", "head": "GA030n0029_pa018a10"}, {"level": "2", "n": "", "type": "其他", "text": "蒹葭里", "head": "GA030n0029_pa019a05"}, {"level": "3", "n": "", "type": "其他", "text": "概述", "head": "GA030n0029_pa019a06"}, {"level": "3", "n": "", "type": "其他", "text": "種梅詩二首", "head": "GA030n0029_pa020a05"}, {"level": "2", "n": "", "type": "其他", "text": "廟塢", "head": "GA030n0029_pa021a02"}, {"level": "2", "n": "", "type": "其他", "text": "東法華泉", "head": "GA030n0029_pa021a05"}, {"level": "2", "n": "", "type": "其他", "text": "金魚井亭", "head": "GA030n0029_pa021a09"}, {"level": "2", "n": "", "type": "其他", "text": "法華亭", "head": "GA030n0029_pa022a01"}, {"level": "2", "n": "", "type": "其他", "text": "觀湖嶺", "head": "GA030n0029_pa022a05"}, {"level": "2", "n": "", "type": "其他", "text": "金竹嶺", "head": "GA030n0029_pa022a07"}, {"level": "2", "n": "", "type": "其他", "text": "湧山閣", "head": "GA030n0029_pa022a09"}, {"level": "2", "n": "", "type": "其他", "text": "村帶　神仙宮山　安前", "head": "GA030n0029_pa023a02"}, {"level": "2", "n": "", "type": "其他", "text": "唐家山　安樂橋　雙井", "head": "GA030n0029_pa023a10"}, {"level": "2", "n": "", "type": "其他", "text": "章神衖", "head": "GA030n0029_pa024a06"}, {"level": "2", "n": "", "type": "其他", "text": "留下鎮", "head": "GA030n0029_pa025a01"}, {"level": "2", "n": "", "type": "其他", "text": "三橋柳　花市", "head": "GA030n0029_pa026a01"}, {"level": "2", "n": "", "type": "其他", "text": "沙灘", "head": "GA030n0029_pa026a04"}, {"level": "2", "n": "", "type": "其他", "text": "二橋　三園　梅花泉", "head": "GA030n0029_pa026a07"}, {"level": "3", "n": "", "type": "其他", "text": "概述", "head": "GA030n0029_pa026a08"}, {"level": "3", "n": "", "type": "其他", "text": "選部吳本泰柏家園看梅詩", "head": "GA030n0029_pa027a03"}, {"level": "2", "n": "", "type": "其他", "text": "禁酒牌　陶家廂", "head": "GA030n0029_pa027a08"}, {"level": "2", "n": "", "type": "其他", "text": "忠義橋", "head": "GA030n0029_pa028a03"}, {"level": "2", "n": "", "type": "其他", "text": "長流澗", "head": "GA030n0029_pa028a06"}, {"level": "3", "n": "", "type": "其他", "text": "概述", "head": "GA030n0029_pa028a07"}, {"level": "3", "n": "", "type": "其他", "text": "楊蟠長流澗詩", "head": "GA030n0029_pa028a08"}, {"level": "2", "n": "", "type": "其他", "text": "永興湖", "head": "GA030n0029_pa028a10"}, {"level": "2", "n": "", "type": "其他", "text": "石松廟", "head": "GA030n0029_pa029a04"}, {"level": "2", "n": "", "type": "其他", "text": "金橋柳", "head": "GA030n0029_pa029a07"}, {"level": "2", "n": "", "type": "其他", "text": "放山臺", "head": "GA030n0029_pa030a01"}, {"level": "2", "n": "", "type": "其他", "text": "白蕩灘", "head": "GA030n0029_pa030a05"}, {"level": "2", "n": "", "type": "其他", "text": "朱家陡門", "head": "GA030n0029_pa030a09"}, {"level": "2", "n": "", "type": "其他", "text": "楊圩", "head": "GA030n0029_pa031a01"}, {"level": "2", "n": "", "type": "其他", "text": "上埠谿", "head": "GA030n0029_pa031a04"}, {"level": "2", "n": "", "type": "其他", "text": "金蓮池", "head": "GA030n0029_pa031a07"}, {"level": "2", "n": "", "type": "其他", "text": "相思嶺", "head": "GA030n0029_pa031a10"}, {"level": "2", "n": "", "type": "其他", "text": "虎,頭山", "head": "GA030n0029_pa032a04"}, {"level": "2", "n": "", "type": "其他", "text": "白栗山　百丈里", "head": "GA030n0029_pa032a07"}, {"level": "2", "n": "", "type": "其他", "text": "大青嶺　趙西塢　東穆塢", "head": "GA030n0029_pa033a01"}, {"level": "2", "n": "", "type": "其他", "text": "望江尖", "head": "GA030n0029_pa034a05"}, {"level": "2", "n": "", "type": "其他", "text": "大嶺", "head": "GA030n0029_pa034a07"}, {"level": "2", "n": "", "type": "其他", "text": "黃梅山", "head": "GA030n0029_pa034a10"}, {"level": "2", "n": "", "type": "其他", "text": "荊山　焦山", "head": "GA030n0029_pa035a04"}, {"level": "2", "n": "", "type": "其他", "text": "閑林埠　朱橋", "head": "GA030n0029_pa035a09"}, {"level": "2", "n": "", "type": "其他", "text": "周陸隱居", "head": "GA030n0029_pa036a03"}, {"level": "3", "n": "", "type": "其他", "text": "概述", "head": "GA030n0029_pa036a04"}, {"level": "3", "n": "", "type": "其他", "text": "董嗣杲詩", "head": "GA030n0029_pa036a07"}, {"level": "2", "n": "", "type": "其他", "text": "鳳嘴山", "head": "GA030n0029_pa036a10"}, {"level": "2", "n": "", "type": "其他", "text": "雞籠河", "head": "GA030n0029_pa037a03"}, {"level": "2", "n": "", "type": "其他", "text": "夏侯墳", "head": "GA030n0029_pa037a06"}, {"level": "2", "n": "", "type": "其他", "text": "象臥山", "head": "GA030n0029_pa037a09"}, {"level": "2", "n": "", "type": "其他", "text": "冷水孔", "head": "GA030n0029_pa038a01"}, {"level": "2", "n": "", "type": "其他", "text": "瑪瑙池", "head": "GA030n0029_pa038a04"}, {"level": "2", "n": "", "type": "其他", "text": "牛滑嶺", "head": "GA030n0029_pa038a07"}, {"level": "2", "n": "", "type": "其他", "text": "龍門", "head": "GA030n0029_pa038a10"}, {"level": "2", "n": "", "type": "其他", "text": "鰕埭兜", "head": "GA030n0029_pa039a04"}, {"level": "2", "n": "", "type": "其他", "text": "橫山草堂", "head": "GA030n0029_pa039a07"}, {"level": "3", "n": "", "type": "其他", "text": "概述", "head": "GA030n0029_pa039a08"}, {"level": "3", "n": "", "type": "其他", "text": "釋濟斐過橫山適芙蓉盛開詩", "head": "GA030n0029_pa039a09"}, {"level": "2", "n": "", "type": "其他", "text": "新安義塔", "head": "GA030n0029_pa040a09"}, {"level": "2", "n": "", "type": "其他", "text": "土利", "head": "GA030n0029_pa041a03"}, {"level": "2", "n": "", "type": "其他", "text": "水防", "head": "GA030n0029_pa042a07"}, {"level": "1", "n": "", "type": "其他", "text": "紀剎", "head": "GA030n0029_pa045a06"}, {"level": "2", "n": "", "type": "序", "text": "序", "head": "GA030n0029_pa045a06"}, {"level": "2", "n": "", "type": "其他", "text": "古法華寺", "head": "GA030n0029_pa046a04"}, {"level": "2", "n": "", "type": "其他", "text": "喜鵲寺", "head": "GA030n0029_pa048a03"}, {"level": "2", "n": "", "type": "其他", "text": "淨業堂", "head": "GA030n0029_pa049a10"}, {"level": "2", "n": "", "type": "其他", "text": "碧漪蓮社", "head": "GA030n0029_pa050a05"}, {"level": "2", "n": "", "type": "其他", "text": "普慈院", "head": "GA030n0029_pa050a07"}, {"level": "2", "n": "", "type": "其他", "text": "上關寺廨院", "head": "GA030n0029_pa051a03"}, {"level": "2", "n": "", "type": "其他", "text": "能仁寺", "head": "GA030n0029_pa051a05"}, {"level": "2", "n": "", "type": "其他", "text": "淨性寺", "head": "GA030n0029_pa051a07"}, {"level": "2", "n": "", "type": "其他", "text": "九蓮居", "head": "GA030n0029_pa051a10"}, {"level": "2", "n": "", "type": "其他", "text": "佛澄庵", "head": "GA030n0029_pa052a05"}, {"level": "2", "n": "", "type": "其他", "text": "真覺寺", "head": "GA030n0029_pa052a08"}, {"level": "2", "n": "", "type": "其他", "text": "天竺庵", "head": "GA030n0029_pa053a01"}, {"level": "2", "n": "", "type": "其他", "text": "雲蘊庵", "head": "GA030n0029_pa053a04"}, {"level": "2", "n": "", "type": "其他", "text": "佛慧寺", "head": "GA030n0029_pa053a06"}, {"level": "2", "n": "", "type": "其他", "text": "報先寺", "head": "GA030n0029_pa054a05"}, {"level": "2", "n": "", "type": "其他", "text": "茶亭", "head": "GA030n0029_pa055a02"}, {"level": "2", "n": "", "type": "其他", "text": "智勝寺", "head": "GA030n0029_pa055a04"}, {"level": "2", "n": "", "type": "其他", "text": "業白庵", "head": "GA030n0029_pa055a07"}, {"level": "2", "n": "", "type": "其他", "text": "蔣王廟", "head": "GA030n0029_pa055a08"}, {"level": "2", "n": "", "type": "其他", "text": "玉池庵", "head": "GA030n0029_pa055a10"}, {"level": "2", "n": "", "type": "其他", "text": "先春庵", "head": "GA030n0029_pa056a03"}, {"level": "2", "n": "", "type": "其他", "text": "新庵", "head": "GA030n0029_pa056a05"}, {"level": "2", "n": "", "type": "其他", "text": "古法華庵", "head": "GA030n0029_pa056a07"}, {"level": "2", "n": "", "type": "其他", "text": "靈瑞庵", "head": "GA030n0029_pa057a01"}, {"level": "2", "n": "", "type": "其他", "text": "我庵", "head": "GA030n0029_pa057a03"}, {"level": "2", "n": "", "type": "其他", "text": "澧庵", "head": "GA030n0029_pa057a07"}, {"level": "2", "n": "", "type": "其他", "text": "東嶽行宮", "head": "GA030n0029_pa057a10"}, {"level": "2", "n": "", "type": "其他", "text": "月潭居", "head": "GA030n0029_pa058a07"}, {"level": "2", "n": "", "type": "其他", "text": "定慧庵", "head": "GA030n0029_pa058a09"}, {"level": "2", "n": "", "type": "其他", "text": "一方土穀神", "head": "GA030n0029_pa059a01"}, {"level": "2", "n": "", "type": "其他", "text": "二方廟", "head": "GA030n0029_pa059a03"}, {"level": "2", "n": "", "type": "其他", "text": "安山室", "head": "GA030n0029_pa059a05"}, {"level": "2", "n": "", "type": "其他", "text": "清化寺", "head": "GA030n0029_pa059a07"}, {"level": "2", "n": "", "type": "其他", "text": "指華庵", "head": "GA030n0029_pa060a01"}, {"level": "2", "n": "", "type": "其他", "text": "借竹居", "head": "GA030n0029_pa060a04"}, {"level": "2", "n": "", "type": "其他", "text": "萃庵", "head": "GA030n0029_pa060a07"}, {"level": "2", "n": "", "type": "其他", "text": "龍歸院", "head": "GA030n0029_pa060a09"}, {"level": "2", "n": "", "type": "其他", "text": "法華律院", "head": "GA030n0029_pa062a04"}, {"level": "2", "n": "", "type": "其他", "text": "室羅院", "head": "GA030n0029_pa062a10"}, {"level": "2", "n": "", "type": "其他", "text": "天香庵", "head": "GA030n0029_pa063a05"}, {"level": "2", "n": "", "type": "其他", "text": "大蘇林", "head": "GA030n0029_pa063a08"}, {"level": "2", "n": "", "type": "其他", "text": "趙山寺", "head": "GA030n0029_pa064a10"}, {"level": "2", "n": "", "type": "其他", "text": "蓮花庵", "head": "GA030n0029_pa065a03"}, {"level": "2", "n": "", "type": "其他", "text": "淨土庵", "head": "GA030n0029_pa065a06"}, {"level": "2", "n": "", "type": "其他", "text": "永慶庵", "head": "GA030n0029_pa065a08"}, {"level": "2", "n": "", "type": "其他", "text": "道林居", "head": "GA030n0029_pa066a01"}, {"level": "2", "n": "", "type": "其他", "text": "三方土穀廟", "head": "GA030n0029_pa066a05"}, {"level": "2", "n": "", "type": "其他", "text": "四方土穀廟", "head": "GA030n0029_pa067a04"}, {"level": "2", "n": "", "type": "其他", "text": "孝慈庵", "head": "GA030n0029_pa067a08"}, {"level": "2", "n": "", "type": "其他", "text": "連珠庵", "head": "GA030n0029_pa068a02"}, {"level": "2", "n": "", "type": "其他", "text": "蔣相公廟", "head": "GA030n0029_pa068a06"}, {"level": "2", "n": "", "type": "其他", "text": "新庵", "head": "GA030n0029_pa069a07"}, {"level": "2", "n": "", "type": "其他", "text": "水月莊", "head": "GA030n0029_pa069a09"}, {"level": "2", "n": "", "type": "其他", "text": "鹿苑", "head": "GA030n0029_pa070a02"}, {"level": "2", "n": "", "type": "其他", "text": "集福庵", "head": "GA030n0029_pa070a05"}, {"level": "2", "n": "", "type": "其他", "text": "水香居", "head": "GA030n0029_pa070a08"}, {"level": "2", "n": "", "type": "其他", "text": "草庵", "head": "GA030n0029_pa070a10"}, {"level": "2", "n": "", "type": "其他", "text": "聖廟", "head": "GA030n0029_pa071a02"}, {"level": "2", "n": "", "type": "其他", "text": "曲水庵", "head": "GA030n0029_pa071a05"}, {"level": "2", "n": "", "type": "其他", "text": "蘆庵", "head": "GA030n0029_pa073a04"}, {"level": "2", "n": "", "type": "其他", "text": "慈覺庵", "head": "GA030n0029_pa074a08"}, {"level": "2", "n": "", "type": "其他", "text": "秋雪庵", "head": "GA030n0029_pa075a05"}, {"level": "2", "n": "", "type": "其他", "text": "古法華亭", "head": "GA030n0029_pa076a08"}, {"level": "2", "n": "", "type": "其他", "text": "開化庵", "head": "GA030n0029_pa077a01"}, {"level": "2", "n": "", "type": "其他", "text": "一擊庵", "head": "GA030n0029_pa077a04"}, {"level": "2", "n": "", "type": "其他", "text": "報劬庵", "head": "GA030n0029_pa077a06"}, {"level": "2", "n": "", "type": "其他", "text": "天泉庵", "head": "GA030n0029_pa078a01"}, {"level": "2", "n": "", "type": "其他", "text": "上乘庵", "head": "GA030n0029_pa078a03"}, {"level": "2", "n": "", "type": "其他", "text": "曉庵", "head": "GA030n0029_pa078a05"}, {"level": "2", "n": "", "type": "其他", "text": "定慧庵", "head": "GA030n0029_pa078a07"}, {"level": "2", "n": "", "type": "其他", "text": "塔院", "head": "GA030n0029_pa078a09"}, {"level": "2", "n": "", "type": "其他", "text": "法楞庵", "head": "GA030n0029_pa079a04"}, {"level": "2", "n": "", "type": "其他", "text": "聽松庵", "head": "GA030n0029_pa080a06"}, {"level": "2", "n": "", "type": "其他", "text": "齋", "head": "GA030n0029_pa080a08"}, {"level": "2", "n": "", "type": "其他", "text": "翦雲庵", "head": "GA030n0029_pa081a10"}, {"level": "2", "n": "", "type": "其他", "text": "在澗", "head": "GA030n0029_pa082a02"}, {"level": "2", "n": "", "type": "其他", "text": "雲水居", "head": "GA030n0029_pa082a04"}, {"level": "2", "n": "", "type": "其他", "text": "休庵", "head": "GA030n0029_pa082a06"}, {"level": "2", "n": "", "type": "其他", "text": "翠峯居", "head": "GA030n0029_pa082a08"}, {"level": "2", "n": "", "type": "其他", "text": "谿飲庵", "head": "GA030n0029_pa082a10"}, {"level": "2", "n": "", "type": "其他", "text": "雲巢", "head": "GA030n0029_pa083a02"}, {"level": "2", "n": "", "type": "其他", "text": "美音庵", "head": "GA030n0029_pa083a05"}, {"level": "2", "n": "", "type": "其他", "text": "肯庵", "head": "GA030n0029_pa083a07"}, {"level": "2", "n": "", "type": "其他", "text": "卧雲庵", "head": "GA030n0029_pa083a09"}, {"level": "2", "n": "", "type": "其他", "text": "翠巖居", "head": "GA030n0029_pa084a01"}, {"level": "2", "n": "", "type": "其他", "text": "飲峯居", "head": "GA030n0029_pa084a06"}, {"level": "2", "n": "", "type": "其他", "text": "天隱庵", "head": "GA030n0029_pa085a03"}, {"level": "2", "n": "", "type": "其他", "text": "梵天庵", "head": "GA030n0029_pa085a05"}, {"level": "2", "n": "", "type": "其他", "text": "毘尼庵", "head": "GA030n0029_pa085a09"}, {"level": "2", "n": "", "type": "其他", "text": "栢家庵", "head": "GA030n0029_pa086a02"}, {"level": "2", "n": "", "type": "其他", "text": "五方土穀廟", "head": "GA030n0029_pa086a06"}, {"level": "2", "n": "", "type": "其他", "text": "後洪廟", "head": "GA030n0029_pa086a09"}, {"level": "2", "n": "", "type": "其他", "text": "石大郎土穀廟", "head": "GA030n0029_pa087a02"}, {"level": "2", "n": "", "type": "其他", "text": "馬池土穀廟", "head": "GA030n0029_pa087a07"}, {"level": "2", "n": "", "type": "其他", "text": "上土穀廟", "head": "GA030n0029_pa088a01"}, {"level": "2", "n": "", "type": "其他", "text": "市北茶亭", "head": "GA030n0029_pa088a04"}, {"level": "2", "n": "", "type": "其他", "text": "祝公廟", "head": "GA030n0029_pa088a06"}, {"level": "2", "n": "", "type": "其他", "text": "靈慈正廟", "head": "GA030n0029_pa088a09"}, {"level": "2", "n": "", "type": "其他", "text": "福清庵", "head": "GA030n0029_pa089a03"}, {"level": "2", "n": "", "type": "其他", "text": "福清靜室", "head": "GA030n0029_pa090a02"}, {"level": "2", "n": "", "type": "其他", "text": "囦秒庵", "head": "GA030n0029_pa090a09"}, {"level": "2", "n": "", "type": "其他", "text": "蓮居塔院", "head": "GA030n0029_pa091a01"}, {"level": "2", "n": "", "type": "其他", "text": "石佛庵", "head": "GA030n0029_pa091a03"}, {"level": "2", "n": "", "type": "其他", "text": "古夕照庵", "head": "GA030n0029_pa091a05"}, {"level": "2", "n": "", "type": "其他", "text": "永興寺", "head": "GA030n0029_pa091a10"}, {"level": "2", "n": "", "type": "其他", "text": "安樂松軒", "head": "GA030n0029_pa094a07"}, {"level": "2", "n": "", "type": "其他", "text": "古福勝院", "head": "GA030n0029_pa095a05"}, {"level": "2", "n": "", "type": "其他", "text": "楊家庵", "head": "GA030n0029_pa096a10"}, {"level": "2", "n": "", "type": "其他", "text": "悟空下院", "head": "GA030n0029_pa097a02"}, {"level": "2", "n": "", "type": "其他", "text": "護荊庵", "head": "GA030n0029_pa097a04"}, {"level": "2", "n": "", "type": "其他", "text": "小福清庵", "head": "GA030n0029_pa097a07"}, {"level": "2", "n": "", "type": "其他", "text": "潮音庵", "head": "GA030n0029_pa097a09"}, {"level": "2", "n": "", "type": "其他", "text": "孫家庵", "head": "GA030n0029_pa098a01"}, {"level": "2", "n": "", "type": "其他", "text": "菩提下院", "head": "GA030n0029_pa098a03"}, {"level": "2", "n": "", "type": "其他", "text": "永樂庵", "head": "GA030n0029_pa098a06"}, {"level": "2", "n": "", "type": "其他", "text": "崇真院", "head": "GA030n0029_pa099a08"}, {"level": "2", "n": "", "type": "其他", "text": "資嚴寺", "head": "GA030n0029_pa100a01"}, {"level": "2", "n": "", "type": "其他", "text": "普甯院", "head": "GA030n0029_pa100a04"}, {"level": "2", "n": "", "type": "其他", "text": "泗洲退院", "head": "GA030n0029_pa100a07"}, {"level": "2", "n": "", "type": "其他", "text": "春雪庵", "head": "GA030n0029_pa100a09"}, {"level": "2", "n": "", "type": "其他", "text": "起菩薩庵", "head": "GA030n0029_pa101a02"}, {"level": "2", "n": "", "type": "其他", "text": "清溪道院", "head": "GA030n0029_pa101a05"}, {"level": "2", "n": "", "type": "其他", "text": "長慶堂", "head": "GA030n0029_pa101a09"}, {"level": "2", "n": "", "type": "其他", "text": "神仙宮", "head": "GA030n0029_pa102a03"}, {"level": "2", "n": "", "type": "其他", "text": "自然室", "head": "GA030n0029_pa102a05"}, {"level": "2", "n": "", "type": "其他", "text": "寶壽寺", "head": "GA030n0029_pa102a08"}, {"level": "2", "n": "", "type": "其他", "text": "光明寺", "head": "GA030n0029_pa104a09"}, {"level": "2", "n": "", "type": "其他", "text": "悟空寺", "head": "GA030n0029_pa105a05"}, {"level": "2", "n": "", "type": "其他", "text": "錢村妙淨寺", "head": "GA030n0029_pa105a08"}, {"level": "2", "n": "", "type": "其他", "text": "兠率院", "head": "GA030n0029_pa106a04"}, {"level": "2", "n": "", "type": "其他", "text": "隆慶寺", "head": "GA030n0029_pa106a06"}, {"level": "2", "n": "", "type": "其他", "text": "瑞雲庵", "head": "GA030n0029_pa107a01"}, {"level": "2", "n": "", "type": "其他", "text": "平觀法師墖", "head": "GA030n0029_pa107a06"}, {"level": "2", "n": "", "type": "其他", "text": "珠明庵", "head": "GA030n0029_pa107a09"}, {"level": "2", "n": "", "type": "其他", "text": "金竹庵", "head": "GA030n0029_pa108a02"}, {"level": "2", "n": "", "type": "其他", "text": "龍居庵", "head": "GA030n0029_pa108a06"}, {"level": "2", "n": "", "type": "其他", "text": "香圃庵", "head": "GA030n0029_pa108a09"}, {"level": "2", "n": "", "type": "其他", "text": "玉修庵", "head": "GA030n0029_pa109a05"}, {"level": "2", "n": "", "type": "其他", "text": "精進林", "head": "GA030n0029_pa109a08"}, {"level": "2", "n": "", "type": "其他", "text": "虎谿庵", "head": "GA030n0029_pa110a03"}, {"level": "2", "n": "", "type": "其他", "text": "青龍庵", "head": "GA030n0029_pa110a05"}, {"level": "2", "n": "", "type": "其他", "text": "足矣居", "head": "GA030n0029_pa110a08"}, {"level": "2", "n": "", "type": "其他", "text": "慈月庵", "head": "GA030n0029_pa110a10"}, {"level": "2", "n": "", "type": "其他", "text": "慈雲庵", "head": "GA030n0029_pa111a02"}, {"level": "2", "n": "", "type": "其他", "text": "潭影庵", "head": "GA030n0029_pa111a04"}, {"level": "2", "n": "", "type": "其他", "text": "生生庵", "head": "GA030n0029_pa111a06"}, {"level": "2", "n": "", "type": "其他", "text": "護生庵", "head": "GA030n0029_pa111a10"}, {"level": "2", "n": "", "type": "其他", "text": "雲溪庵", "head": "GA030n0029_pa112a03"}, {"level": "2", "n": "", "type": "其他", "text": "凷菴", "head": "GA030n0029_pa112a07"}, {"level": "2", "n": "", "type": "其他", "text": "浪雪居", "head": "GA030n0029_pa113a04"}, {"level": "1", "n": "", "type": "其他", "text": "紀詩", "head": "GA030n0029_pa115a06"}, {"level": "2", "n": "", "type": "序", "text": "序", "head": "GA030n0029_pa115a06"}, {"level": "2", "n": "", "type": "其他", "text": "唐", "head": "GA030n0029_pa116a05"}, {"level": "3", "n": "", "type": "其他", "text": "法華寺上方題江上人禪室", "head": "GA030n0029_pa116a05"}, {"level": "3", "n": "", "type": "其他", "text": "法華寺下院秋望贈如獻上人", "head": "GA030n0029_pa116a08"}, {"level": "3", "n": "", "type": "其他", "text": "宿法華寺簡徹上人", "head": "GA030n0029_pa116a10"}, {"level": "2", "n": "", "type": "其他", "text": "宋", "head": "GA030n0029_pa117a03"}, {"level": "3", "n": "", "type": "其他", "text": "北高峰塔", "head": "GA030n0029_pa117a03"}, {"level": "3", "n": "", "type": "其他", "text": "北高峰塔", "head": "GA030n0029_pa117a10"}, {"level": "3", "n": "", "type": "其他", "text": "題法華寺雲巢", "head": "GA030n0029_pa118a03"}, {"level": "3", "n": "", "type": "其他", "text": "其二", "head": "GA030n0029_pa118a06"}, {"level": "2", "n": "", "type": "其他", "text": "元", "head": "GA030n0029_pa118a09"}, {"level": "3", "n": "", "type": "其他", "text": "法華山房為敷上人", "head": "GA030n0029_pa118a09"}, {"level": "2", "n": "", "type": "其他", "text": "明", "head": "GA030n0029_pa119a03"}, {"level": "3", "n": "", "type": "其他", "text": "喜鵲寺", "head": "GA030n0029_pa119a03"}, {"level": "3", "n": "", "type": "其他", "text": "佛慧寺", "head": "GA030n0029_pa119a06"}, {"level": "3", "n": "", "type": "其他", "text": "佛慧寺", "head": "GA030n0029_pa119a09"}, {"level": "3", "n": "", "type": "其他", "text": "佛慧寺", "head": "GA030n0029_pa120a02"}, {"level": "3", "n": "", "type": "其他", "text": "佛慧寺", "head": "GA030n0029_pa120a06"}, {"level": "3", "n": "", "type": "其他", "text": "佛慧寺", "head": "GA030n0029_pa120a09"}, {"level": "3", "n": "", "type": "其他", "text": "夜行法華山投佛慧寺", "head": "GA030n0029_pa121a02"}, {"level": "3", "n": "", "type": "其他", "text": "贈智勝寺僧伴雲", "head": "GA030n0029_pa121a05"}, {"level": "3", "n": "", "type": "其他", "text": "春日同門人看梅西溪", "head": "GA030n0029_pa121a08"}, {"level": "3", "n": "", "type": "其他", "text": "從秦亭山濟西溪行梅花樹中十八里貽所遲客", "head": "GA030n0029_pa122a01"}, {"level": "3", "n": "", "type": "其他", "text": "同孫偃虹司李西溪觀梅和黃又謙韻", "head": "GA030n0029_pa122a10"}, {"level": "3", "n": "", "type": "其他", "text": "永興寺觀綠萼梅", "head": "GA030n0029_pa123a05"}, {"level": "3", "n": "", "type": "其他", "text": "法華山道中", "head": "GA030n0029_pa123a08"}, {"level": "3", "n": "", "type": "其他", "text": "西方菴草亭歌", "head": "GA030n0029_pa124a01"}, {"level": "3", "n": "", "type": "其他", "text": "煑雪贈溪巢上人", "head": "GA030n0029_pa124a08"}, {"level": "3", "n": "", "type": "其他", "text": "永興寺看竹", "head": "GA030n0029_pa125a01"}, {"level": "3", "n": "", "type": "其他", "text": "古蕩", "head": "GA030n0029_pa125a05"}, {"level": "3", "n": "", "type": "其他", "text": "又絕句四首", "head": "GA030n0029_pa125a08"}, {"level": "3", "n": "", "type": "其他", "text": "佛慧思歸作", "head": "GA030n0029_pa126a07"}, {"level": "3", "n": "", "type": "其他", "text": "佛慧寺步玉泉聽流水聲", "head": "GA030n0029_pa127a01"}, {"level": "3", "n": "", "type": "其他", "text": "夜入古蕩", "head": "GA030n0029_pa127a04"}, {"level": "3", "n": "", "type": "其他", "text": "別佛慧寺性印", "head": "GA030n0029_pa127a07"}, {"level": "3", "n": "", "type": "其他", "text": "夜宿佛慧聞虎鳴", "head": "GA030n0029_pa127a10"}, {"level": "3", "n": "", "type": "其他", "text": "訪心宗師不值", "head": "GA030n0029_pa128a03"}, {"level": "3", "n": "", "type": "其他", "text": "西溪看梅", "head": "GA030n0029_pa128a06"}, {"level": "3", "n": "", "type": "其他", "text": "蔣王廟秦亭古社", "head": "GA030n0029_pa129a02"}, {"level": "3", "n": "", "type": "其他", "text": "智勝寺", "head": "GA030n0029_pa129a06"}, {"level": "3", "n": "", "type": "其他", "text": "贈濟舟上人", "head": "GA030n0029_pa129a10"}, {"level": "3", "n": "", "type": "其他", "text": "過法華山為濟舟上人題", "head": "GA030n0029_pa130a03"}, {"level": "3", "n": "", "type": "其他", "text": "贈濟舟上人", "head": "GA030n0029_pa130a07"}, {"level": "3", "n": "", "type": "其他", "text": "探梅西溪", "head": "GA030n0029_pa131a01"}, {"level": "3", "n": "", "type": "其他", "text": "遊花塢", "head": "GA030n0029_pa131a05"}, {"level": "3", "n": "", "type": "其他", "text": "贈慈覺菴笠雲二首", "head": "GA030n0029_pa131a08"}, {"level": "3", "n": "", "type": "其他", "text": "次韻酬錢太史", "head": "GA030n0029_pa132a03"}, {"level": "3", "n": "", "type": "其他", "text": "訪笠公不值", "head": "GA030n0029_pa132a06"}, {"level": "3", "n": "", "type": "其他", "text": "永興寺偶題", "head": "GA030n0029_pa132a08"}, {"level": "3", "n": "", "type": "其他", "text": "贈曲水古德法師", "head": "GA030n0029_pa133a01"}, {"level": "3", "n": "", "type": "其他", "text": "訪交蘆菴", "head": "GA030n0029_pa133a05"}, {"level": "3", "n": "", "type": "其他", "text": "別安樂松軒三首", "head": "GA030n0029_pa134a02"}, {"level": "3", "n": "", "type": "其他", "text": "同江六如西溪看梅", "head": "GA030n0029_pa134a09"}, {"level": "3", "n": "", "type": "其他", "text": "雪霽留別江六如并其倩朱燕昭", "head": "GA030n0029_pa135a02"}, {"level": "3", "n": "", "type": "其他", "text": "秋雪菴八詠", "head": "GA030n0029_pa135a07"}, {"level": "3", "n": "", "type": "其他", "text": "仙島蕩", "head": "GA030n0029_pa135a08"}, {"level": "3", "n": "", "type": "其他", "text": "幔蘆港", "head": "GA030n0029_pa136a01"}, {"level": "3", "n": "", "type": "其他", "text": "秋雪灘", "head": "GA030n0029_pa136a04"}, {"level": "3", "n": "", "type": "其他", "text": "蓮花幢", "head": "GA030n0029_pa136a07"}, {"level": "3", "n": "", "type": "其他", "text": "楊柳城", "head": "GA030n0029_pa136a10"}, {"level": "3", "n": "", "type": "其他", "text": "薝蔔籬", "head": "GA030n0029_pa137a03"}, {"level": "3", "n": "", "type": "其他", "text": "護生堤", "head": "GA030n0029_pa137a06"}, {"level": "3", "n": "", "type": "其他", "text": "彈指樓", "head": "GA030n0029_pa137a09"}, {"level": "3", "n": "", "type": "其他", "text": "河渚卜居除日", "head": "GA030n0029_pa138a02"}, {"level": "3", "n": "", "type": "其他", "text": "溪堂早春", "head": "GA030n0029_pa138a06"}, {"level": "3", "n": "", "type": "其他", "text": "曲水雜詠", "head": "GA030n0029_pa138a10"}, {"level": "3", "n": "", "type": "其他", "text": "法華秋霽", "head": "GA030n0029_pa139a01"}, {"level": "3", "n": "", "type": "其他", "text": "北峰起雲", "head": "GA030n0029_pa139a04"}, {"level": "3", "n": "", "type": "其他", "text": "蒹葭泛月", "head": "GA030n0029_pa139a07"}, {"level": "3", "n": "", "type": "其他", "text": "法華秋霽", "head": "GA030n0029_pa139a10"}, {"level": "3", "n": "", "type": "其他", "text": "河渚漁歌", "head": "GA030n0029_pa140a03"}, {"level": "3", "n": "", "type": "其他", "text": "法華秋霽", "head": "GA030n0029_pa140a06"}, {"level": "3", "n": "", "type": "其他", "text": "佛慧晚鐘", "head": "GA030n0029_pa140a09"}, {"level": "3", "n": "", "type": "其他", "text": "河渚漁歌", "head": "GA030n0029_pa141a02"}, {"level": "3", "n": "", "type": "其他", "text": "蒹葭泛月", "head": "GA030n0029_pa141a05"}, {"level": "3", "n": "", "type": "其他", "text": "北峰起雲", "head": "GA030n0029_pa141a08"}, {"level": "3", "n": "", "type": "其他", "text": "竹林問渡", "head": "GA030n0029_pa142a01"}, {"level": "3", "n": "", "type": "其他", "text": "北峰起雲", "head": "GA030n0029_pa142a04"}, {"level": "3", "n": "", "type": "其他", "text": "西溪梅墅", "head": "GA030n0029_pa142a07"}, {"level": "3", "n": "", "type": "其他", "text": "竹林問渡", "head": "GA030n0029_pa142a09"}, {"level": "3", "n": "", "type": "其他", "text": "石人塢除夕", "head": "GA030n0029_pa143a01"}, {"level": "3", "n": "", "type": "其他", "text": "山居絕句四首", "head": "GA030n0029_pa143a04"}, {"level": "3", "n": "", "type": "其他", "text": "訪花塢", "head": "GA030n0029_pa144a03"}, {"level": "3", "n": "", "type": "其他", "text": "訪花塢", "head": "GA030n0029_pa144a06"}, {"level": "3", "n": "", "type": "其他", "text": "西溪落梅", "head": "GA030n0029_pa144a09"}, {"level": "3", "n": "", "type": "其他", "text": "和夫子西溪落梅", "head": "GA030n0029_pa145a03"}, {"level": "3", "n": "", "type": "其他", "text": "從古法師曲水菴至一公秋雪菴", "head": "GA030n0029_pa145a07"}, {"level": "3", "n": "", "type": "其他", "text": "宿古法華寺二首", "head": "GA030n0029_pa146a04"}, {"level": "3", "n": "", "type": "其他", "text": "秋雪自題", "head": "GA030n0029_pa146a09"}, {"level": "3", "n": "", "type": "其他", "text": "秋雪", "head": "GA030n0029_pa147a03"}, {"level": "3", "n": "", "type": "其他", "text": "聞孝直西溪築隱居", "head": "GA030n0029_pa147a07"}, {"level": "3", "n": "", "type": "其他", "text": "過孝直河渚草堂", "head": "GA030n0029_pa147a10"}, {"level": "3", "n": "", "type": "其他", "text": "劉雪符八橫山同居", "head": "GA030n0029_pa148a04"}, {"level": "3", "n": "", "type": "其他", "text": "題秋雪菴六首", "head": "GA030n0029_pa148a08"}, {"level": "3", "n": "", "type": "其他", "text": "又秋雪六首", "head": "GA030n0029_pa150a01"}, {"level": "3", "n": "", "type": "其他", "text": "西溪諸梵舍", "head": "GA030n0029_pa151a08"}, {"level": "3", "n": "", "type": "其他", "text": "曲水", "head": "GA030n0029_pa151a09"}, {"level": "3", "n": "", "type": "其他", "text": "秋雪", "head": "GA030n0029_pa152a03"}, {"level": "3", "n": "", "type": "其他", "text": "蘆菴", "head": "GA030n0029_pa152a07"}, {"level": "3", "n": "", "type": "其他", "text": "大蘇林", "head": "GA030n0029_pa153a01"}, {"level": "3", "n": "", "type": "其他", "text": "花塢", "head": "GA030n0029_pa153a05"}, {"level": "3", "n": "", "type": "其他", "text": "題永興寺壁", "head": "GA030n0029_pa153a09"}, {"level": "3", "n": "", "type": "其他", "text": "橫山六首", "head": "GA030n0029_pa154a03"}, {"level": "4", "n": "", "type": "其他", "text": "橫山", "head": "GA030n0029_pa154a04"}, {"level": "4", "n": "", "type": "其他", "text": "竹浪居", "head": "GA030n0029_pa154a06"}, {"level": "4", "n": "", "type": "其他", "text": "香夢窩", "head": "GA030n0029_pa154a08"}, {"level": "4", "n": "", "type": "其他", "text": "鶴磯", "head": "GA030n0029_pa154a10"}, {"level": "4", "n": "", "type": "其他", "text": "擁書樓", "head": "GA030n0029_pa155a02"}, {"level": "4", "n": "", "type": "其他", "text": "萬松崗", "head": "GA030n0029_pa155a04"}, {"level": "3", "n": "", "type": "其他", "text": "山居五首", "head": "GA030n0029_pa155a06"}, {"level": "3", "n": "", "type": "其他", "text": "黃山路口", "head": "GA030n0029_pa156a07"}, {"level": "3", "n": "", "type": "其他", "text": "浩然院", "head": "GA030n0029_pa156a10"}, {"level": "3", "n": "", "type": "其他", "text": "永樂禪寺", "head": "GA030n0029_pa157a03"}, {"level": "3", "n": "", "type": "其他", "text": "寶壽寺", "head": "GA030n0029_pa157a06"}, {"level": "3", "n": "", "type": "其他", "text": "靈慈正廟", "head": "GA030n0029_pa157a10"}, {"level": "3", "n": "", "type": "其他", "text": "安樂松軒", "head": "GA030n0029_pa158a03"}, {"level": "3", "n": "", "type": "其他", "text": "龍歸塢", "head": "GA030n0029_pa158a06"}, {"level": "3", "n": "", "type": "其他", "text": "小福清菴", "head": "GA030n0029_pa158a09"}, {"level": "3", "n": "", "type": "其他", "text": "橫山四首", "head": "GA030n0029_pa159a02"}, {"level": "4", "n": "", "type": "其他", "text": "醉山樓", "head": "GA030n0029_pa159a03"}, {"level": "4", "n": "", "type": "其他", "text": "綠香亭", "head": "GA030n0029_pa159a05"}, {"level": "4", "n": "", "type": "其他", "text": "雲肆", "head": "GA030n0029_pa159a07"}, {"level": "4", "n": "", "type": "其他", "text": "艷雪", "head": "GA030n0029_pa159a09"}, {"level": "3", "n": "", "type": "其他", "text": "訪秋雪道宗師", "head": "GA030n0029_pa160a01"}, {"level": "3", "n": "", "type": "其他", "text": "坐西溪村閣二首", "head": "GA030n0029_pa160a04"}, {"level": "3", "n": "", "type": "其他", "text": "坐蝶菴望江閣偶成六言示道闇", "head": "GA030n0029_pa160a07"}, {"level": "3", "n": "", "type": "其他", "text": "東嶽來鶴山房贈曹鍊師", "head": "GA030n0029_pa161a01"}, {"level": "3", "n": "", "type": "其他", "text": "寄江文波橫山", "head": "GA030n0029_pa161a04"}, {"level": "3", "n": "", "type": "其他", "text": "永興寺看梅", "head": "GA030n0029_pa161a07"}, {"level": "3", "n": "", "type": "其他", "text": "西溪尋隱士居", "head": "GA030n0029_pa162a01"}, {"level": "3", "n": "", "type": "其他", "text": "獨徃西溪", "head": "GA030n0029_pa162a04"}, {"level": "3", "n": "", "type": "其他", "text": "法華道中", "head": "GA030n0029_pa162a08"}, {"level": "3", "n": "", "type": "其他", "text": "河渚探梅", "head": "GA030n0029_pa163a01"}, {"level": "3", "n": "", "type": "其他", "text": "西谿感懷", "head": "GA030n0029_pa163a04"}, {"level": "3", "n": "", "type": "其他", "text": "贈性融法師一絕", "head": "GA030n0029_pa163a07"}, {"level": "3", "n": "", "type": "其他", "text": "七絕一首", "head": "GA030n0029_pa163a10"}, {"level": "3", "n": "", "type": "其他", "text": "和韻", "head": "GA030n0029_pa164a03"}, {"level": "3", "n": "", "type": "其他", "text": "春過谿飲", "head": "GA030n0029_pa164a06"}, {"level": "3", "n": "", "type": "其他", "text": "贈谿飲主人", "head": "GA030n0029_pa164a09"}, {"level": "3", "n": "", "type": "其他", "text": "過谿飲", "head": "GA030n0029_pa165a02"}, {"level": "3", "n": "", "type": "其他", "text": "贈一擊菴", "head": "GA030n0029_pa165a06"}, {"level": "3", "n": "", "type": "其他", "text": "贈法華律院介法師", "head": "GA030n0029_pa165a09"}, {"level": "3", "n": "", "type": "其他", "text": "介彬師說金剛經於法華律院有贈", "head": "GA030n0029_pa166a03"}, {"level": "3", "n": "", "type": "其他", "text": "過雪浪院", "head": "GA030n0029_pa166a08"}, {"level": "3", "n": "", "type": "其他", "text": "山居閒詠二首", "head": "GA030n0029_pa168a07"}, {"level": "1", "n": "", "type": "其他", "text": "紀文", "head": "GA030n0029_pa171a06"}, {"level": "2", "n": "", "type": "序", "text": "序", "head": "GA030n0029_pa171a06"}, {"level": "2", "n": "", "type": "其他", "text": "西谿舊志", "head": "GA030n0029_pa172a05"}, {"level": "2", "n": "", "type": "其他", "text": "復古法華寺碑記", "head": "GA030n0029_pa175a01"}, {"level": "2", "n": "", "type": "其他", "text": "古法華寺緣疏", "head": "GA030n0029_pa177a10"}, {"level": "2", "n": "", "type": "其他", "text": "復古法華寺碑記", "head": "GA030n0029_pa180a02"}, {"level": "2", "n": "", "type": "其他", "text": "法華山重修東嶽廟記", "head": "GA030n0029_pa183a04"}, {"level": "2", "n": "", "type": "其他", "text": "重修東嶽行宮碑記", "head": "GA030n0029_pa186a10"}, {"level": "2", "n": "", "type": "其他", "text": "佛慧寺白業堂記", "head": "GA030n0029_pa190a01"}, {"level": "2", "n": "", "type": "其他", "text": "永興寺碑記", "head": "GA030n0029_pa192a04"}, {"level": "2", "n": "", "type": "其他", "text": "福清菴疏", "head": "GA030n0029_pa193a10"}, {"level": "2", "n": "", "type": "其他", "text": "古福勝院記", "head": "GA030n0029_pa195a09"}, {"level": "2", "n": "", "type": "其他", "text": "序西谿懺堂緣起", "head": "GA030n0029_pa199a03"}, {"level": "2", "n": "", "type": "其他", "text": "大蘇林碑記", "head": "GA030n0029_pa201a01"}, {"level": "2", "n": "", "type": "其他", "text": "秋雪菴碑記", "head": "GA030n0029_pa205a02"}, {"level": "2", "n": "", "type": "其他", "text": "登北高峯記略", "head": "GA030n0029_pa209a01"}, {"level": "2", "n": "", "type": "其他", "text": "北高峯夢感記", "head": "GA030n0029_pa210a07"}, {"level": "2", "n": "", "type": "其他", "text": "慈覺菴記", "head": "GA030n0029_pa213a01"}, {"level": "2", "n": "", "type": "其他", "text": "龍歸院緣起", "head": "GA030n0029_pa214a04"}, {"level": "2", "n": "", "type": "其他", "text": "花塢蓮居靜室記", "head": "GA030n0029_pa216a10"}, {"level": "2", "n": "", "type": "其他", "text": "法華塢總紀", "head": "GA030n0029_pa218a08"}, {"level": "2", "n": "", "type": "其他", "text": "觀秋雪庵蘆花記", "head": "GA030n0029_pa223a10"}, {"level": "2", "n": "", "type": "其他", "text": "法華山看梅遂至西溪記", "head": "GA030n0029_pa225a05"}, {"level": "2", "n": "", "type": "其他", "text": "法華山看梅記", "head": "GA030n0029_pa227a04"}, {"level": "2", "n": "", "type": "其他", "text": "西谿寄彭欽之書", "head": "GA030n0029_pa230a05"}, {"level": "2", "n": "", "type": "其他", "text": "題永興蘭若圖冊子", "head": "GA030n0029_pa231a01"}, {"level": "2", "n": "", "type": "其他", "text": "新安義塔誌", "head": "GA030n0029_pa231a09"}, {"level": "2", "n": "", "type": "其他", "text": "谿巢自述", "head": "GA030n0029_pa233a07"}, {"level": "2", "n": "", "type": "其他", "text": "圓通菴東暉禪師塔記", "head": "GA030n0029_pa235a03"}, {"level": "2", "n": "", "type": "其他", "text": "自製塔銘", "head": "GA030n0029_pa236a05"}, {"level": "2", "n": "", "type": "其他", "text": "新伊法師壙誌", "head": "GA030n0029_pa238a05"}, {"level": "2", "n": "", "type": "其他", "text": "達源禪師傳略", "head": "GA030n0029_pa241a02"}, {"level": "2", "n": "", "type": "其他", "text": "朱橋百丈山墓記", "head": "GA030n0029_pa245a03"}, {"level": "2", "n": "", "type": "其他", "text": "肯菴小記", "head": "GA030n0029_pa247a01"}, {"level": "2", "n": "", "type": "其他", "text": "谿飲菴記", "head": "GA030n0029_pa247a09"}, {"level": "2", "n": "", "type": "其他", "text": "訪翠巖居性融師并徒在學筆記", "head": "GA030n0029_pa248a07"}, {"level": "2", "n": "", "type": "其他", "text": "澧菴記", "head": "GA030n0029_pa249a06"}, {"level": "2", "n": "", "type": "其他", "text": "淨光禪師行錄", "head": "GA030n0029_pa251a01"}, {"level": "2", "n": "", "type": "其他", "text": "凷菴記", "head": "GA030n0029_pa253a05"}, {"level": "2", "n": "", "type": "其他", "text": "武林西谿千金池護生三菴記", "head": "GA030n0029_pa255a07"}, {"level": "1", "n": "", "type": "序", "text": "後序", "head": "GA030n0029_pa261a01"}]