[{"n": "1", "fun": "open", "head": "GA012n0011_p0637a01", "title": "明州阿育王山續志卷第十一"}, {"n": "2", "fun": "open", "head": "GA012n0011_p0687a01", "title": "明州阿育王山續志卷第十二"}, {"n": "3", "fun": "open", "head": "GA012n0011_p0739a01", "title": "明州阿育王山續志卷第十三"}, {"n": "4", "fun": "open", "head": "GA012n0011_p0785a01", "title": "明州阿育王山續志卷第十四"}, {"n": "5", "fun": "open", "head": "GA012n0011_p0831a01", "title": "明州阿育王山續志卷第十五"}, {"n": "6", "fun": "open", "head": "GA012n0011_p0889a01", "title": "明州阿育王山續志卷第十六"}]