[{"level": "1", "n": "", "type": "其他", "text": "二四　波梨經", "head": "N08n0004_p0001a02"}, {"level": "2", "n": "", "type": "其他", "text": "第一　誦品", "head": "N08n0004_p0001a03"}, {"level": "2", "n": "", "type": "其他", "text": "第二　誦品", "head": "N08n0004_p0019a02"}, {"level": "1", "n": "", "type": "其他", "text": "二五　優曇婆邏師子吼經", "head": "N08n0004_p0036a02"}, {"level": "1", "n": "", "type": "其他", "text": "二六　轉輪聖王師子吼經", "head": "N08n0004_p0055a02"}, {"level": "1", "n": "", "type": "其他", "text": "二七　起世因本經", "head": "N08n0004_p0075a02"}, {"level": "1", "n": "", "type": "其他", "text": "二八　自歡喜經", "head": "N08n0004_p0092a02"}, {"level": "1", "n": "", "type": "其他", "text": "二九　清淨經", "head": "N08n0004_p0112a02"}, {"level": "1", "n": "", "type": "其他", "text": "三〇　三十二相經", "head": "N08n0004_p0138a02"}, {"level": "2", "n": "", "type": "其他", "text": "第一　誦品", "head": "N08n0004_p0138a03"}, {"level": "2", "n": "", "type": "其他", "text": "第二　誦品", "head": "N08n0004_p0161a02"}, {"level": "1", "n": "", "type": "其他", "text": "三一　教授尸伽羅越經", "head": "N08n0004_p0181a02"}, {"level": "1", "n": "", "type": "其他", "text": "三二　阿吒曩胝經", "head": "N08n0004_p0200a02"}, {"level": "1", "n": "", "type": "其他", "text": "三三　等誦經", "head": "N08n0004_p0225a02"}, {"level": "2", "n": "", "type": "其他", "text": "第一　誦品", "head": "N08n0004_p0225a03"}, {"level": "2", "n": "", "type": "其他", "text": "第二　誦品", "head": "N08n0004_p0247a01"}, {"level": "2", "n": "", "type": "其他", "text": "第三　誦品", "head": "N08n0004_p0263a06"}, {"level": "1", "n": "", "type": "其他", "text": "三四　十上經", "head": "N08n0004_p0283a02"}, {"level": "2", "n": "", "type": "其他", "text": "第一　誦品", "head": "N08n0004_p0283a03"}, {"level": "2", "n": "", "type": "其他", "text": "第二　誦品", "head": "N08n0004_p0295a05"}]