[{"level": "1", "n": "", "type": "品", "text": "1 相品", "head": "T44n1835_p0001b03"}, {"level": "1", "n": "", "type": "品", "text": "2 障品", "head": "T44n1835_p0009c17"}, {"level": "1", "n": "", "type": "品", "text": "3 真實品", "head": "T44n1835_p0015b27"}, {"level": "1", "n": "", "type": "品", "text": "4 對治品", "head": "T44n1835_p0022a07"}, {"level": "1", "n": "", "type": "品", "text": "5 分位品", "head": "T44n1835_p0026b10"}, {"level": "1", "n": "", "type": "品", "text": "6 得果品", "head": "T44n1835_p0027b18"}, {"level": "1", "n": "", "type": "品", "text": "7 無上乘品", "head": "T44n1835_p0028c03"}]