[{"level": "1", "n": "", "type": "其他", "text": "序偈", "head": "N47n0023_p0001a01"}, {"level": "1", "n": "", "type": "其他", "text": "第一　阿耆多學童所問之義釋", "head": "N47n0023_p0010a07"}, {"level": "1", "n": "", "type": "其他", "text": "第二　帝須彌勒學童所問之義釋", "head": "N47n0023_p0035a04"}, {"level": "1", "n": "", "type": "其他", "text": "第三　富那迦學童所問之義釋", "head": "N47n0023_p0044a02"}, {"level": "1", "n": "", "type": "其他", "text": "第四　彌多求學童所問之義釋", "head": "N47n0023_p0069a13"}, {"level": "1", "n": "", "type": "其他", "text": "第五　度多迦學童所問之義釋", "head": "N47n0023_p0110a09"}, {"level": "1", "n": "", "type": "其他", "text": "第六　優波私婆學童所問之義釋", "head": "N47n0023_p0128a12"}, {"level": "1", "n": "", "type": "其他", "text": "第七　難陀學童所問之義釋", "head": "N47n0023_p0145a02"}, {"level": "1", "n": "", "type": "其他", "text": "第八　醯摩迦學童所問之義釋", "head": "N47n0023_p0165a07"}, {"level": "1", "n": "", "type": "其他", "text": "第九　刀提耶學童所問之義釋", "head": "N47n0023_p0173a10"}, {"level": "1", "n": "", "type": "其他", "text": "第十　劫波學童所問之義釋", "head": "N47n0023_p0180a11"}, {"level": "1", "n": "", "type": "其他", "text": "第十一　闇都乾耳學童所問之義釋", "head": "N47n0023_p0191a08"}, {"level": "1", "n": "", "type": "其他", "text": "第十二　跋陀羅浮陀學童所問之義釋", "head": "N47n0023_p0202a02"}, {"level": "1", "n": "", "type": "其他", "text": "第十三　優陀耶學童所問之義釋", "head": "N47n0023_p0211a10"}, {"level": "1", "n": "", "type": "其他", "text": "第十四　布沙羅學童所問之義釋", "head": "N47n0023_p0225a09"}, {"level": "1", "n": "", "type": "其他", "text": "第十五　莫伽羅闍學童所問之義釋", "head": "N47n0023_p0238a13"}, {"level": "1", "n": "", "type": "其他", "text": "第十六　賓祗耶學童所問之義釋", "head": "N47n0023_p0259a10"}, {"level": "1", "n": "", "type": "其他", "text": "十六學童所問結語之義釋", "head": "N47n0023_p0268a06"}, {"level": "1", "n": "", "type": "其他", "text": "犀角經之義釋", "head": "N47n0023_p0317a11"}]