[{"n": "8", "fun": "open", "head": "GA089n0089_p0295a01"}, {"n": "8", "fun": "close", "head": "GA089n0089_p0356a09"}, {"n": "9", "fun": "open", "head": "GA089n0089_p0357a01"}, {"n": "9", "fun": "close", "head": "GA089n0089_p0390a09"}, {"n": "10", "fun": "open", "head": "GA089n0089_p0391a01"}, {"n": "10", "fun": "close", "head": "GA089n0089_p0422a09"}, {"n": "11", "fun": "open", "head": "GA089n0089_p0423a01"}, {"n": "11", "fun": "close", "head": "GA089n0089_p0460a09"}, {"n": "12", "fun": "open", "head": "GA089n0089_p0461a01"}, {"n": "12", "fun": "close", "head": "GA089n0089_p0504a09"}, {"n": "13", "fun": "open", "head": "GA089n0089_p0505a01"}, {"n": "13", "fun": "close", "head": "GA089n0089_p0548a09"}, {"n": "14", "fun": "open", "head": "GA089n0089_p0549a01"}, {"n": "14", "fun": "close", "head": "GA089n0089_p0562a09"}, {"n": "15", "fun": "open", "head": "GA089n0089_p0563a01"}, {"n": "15", "fun": "close", "head": "GA089n0089_p0590a09"}, {"n": "16", "fun": "open", "head": "GA089n0089_p0591a01"}, {"n": "16", "fun": "close", "head": "GA089n0089_p0616a09"}, {"n": "17", "fun": "open", "head": "GA089n0089_p0617a01"}, {"n": "17", "fun": "close", "head": "GA089n0089_p0648a09"}, {"n": "18", "fun": "open", "head": "GA089n0089_p0649a01"}, {"n": "18", "fun": "close", "head": "GA089n0089_p0668a09"}]