[{"n": "8", "fun": "open", "head": "GA089n0089_p0295a01", "title": "天台山方外志卷第八"}, {"n": "8", "fun": "close", "head": "GA089n0089_p0356a09", "title": "天台山方外志卷第八終"}, {"n": "9", "fun": "open", "head": "GA089n0089_p0357a01", "title": "天台山方外志卷第九"}, {"n": "9", "fun": "close", "head": "GA089n0089_p0390a09", "title": "天台山方外志卷第九終"}, {"n": "10", "fun": "open", "head": "GA089n0089_p0391a01", "title": "天台山方外志卷第十"}, {"n": "10", "fun": "close", "head": "GA089n0089_p0422a09", "title": "天台山方外志卷第十終"}, {"n": "11", "fun": "open", "head": "GA089n0089_p0423a01", "title": "天台山方外志卷第十一"}, {"n": "11", "fun": "close", "head": "GA089n0089_p0460a09", "title": "天台山方外志卷第十一終"}, {"n": "12", "fun": "open", "head": "GA089n0089_p0461a01", "title": "天台山方外志卷第十二"}, {"n": "12", "fun": "close", "head": "GA089n0089_p0504a09", "title": "天台山方外志卷第十二終"}, {"n": "13", "fun": "open", "head": "GA089n0089_p0505a01", "title": "天台山方外志卷第十三"}, {"n": "13", "fun": "close", "head": "GA089n0089_p0548a09", "title": "天台山方外志卷第十三終"}, {"n": "14", "fun": "open", "head": "GA089n0089_p0549a01", "title": "天台山方外志卷第十四"}, {"n": "14", "fun": "close", "head": "GA089n0089_p0562a09", "title": "天台山方外志卷十四終"}, {"n": "15", "fun": "open", "head": "GA089n0089_p0563a01", "title": "天台山方外志卷第十五"}, {"n": "15", "fun": "close", "head": "GA089n0089_p0590a09", "title": "天台山方外志卷第十五終"}, {"n": "16", "fun": "open", "head": "GA089n0089_p0591a01", "title": "天台山方外志卷第十六"}, {"n": "16", "fun": "close", "head": "GA089n0089_p0616a09", "title": "天台山方外志卷第十六終"}, {"n": "17", "fun": "open", "head": "GA089n0089_p0617a01", "title": "天台山方外志卷第十七"}, {"n": "17", "fun": "close", "head": "GA089n0089_p0648a09", "title": "天台山方外志卷第十七終"}, {"n": "18", "fun": "open", "head": "GA089n0089_p0649a01", "title": "天台山方外志卷第十八"}, {"n": "18", "fun": "close", "head": "GA089n0089_p0668a09", "title": "天台山方外志卷第十八終"}]