[{"level": "1", "n": "", "type": "其他", "text": "提唱宗乗", "head": "GA012n0010_p0429a04"}, {"level": "2", "n": "", "type": "序", "text": "序", "head": "GA012n0010_p0429a05"}, {"level": "2", "n": "", "type": "其他", "text": "福昌善禪師法嗣", "head": "GA012n0010_p0429a09"}, {"level": "3", "n": "", "type": "其他", "text": "明州育王常坦禪師", "head": "GA012n0010_p0429a10"}, {"level": "2", "n": "", "type": "其他", "text": "泐潭澄禪師法嗣", "head": "GA012n0010_p0430a05"}, {"level": "3", "n": "", "type": "其他", "text": "明州育王山懷璉大覺禪師", "head": "GA012n0010_p0430a06"}, {"level": "2", "n": "", "type": "其他", "text": "瑞巖鴻禪師法嗣", "head": "GA012n0010_p0437a10"}, {"level": "3", "n": "", "type": "其他", "text": "明州育王曇振真戒禪師", "head": "GA012n0010_p0438a01"}, {"level": "2", "n": "", "type": "其他", "text": "福嚴感禪師法嗣", "head": "GA012n0010_p0438a04"}, {"level": "3", "n": "", "type": "其他", "text": "慶元府育王法逹寳鑑禪師", "head": "GA012n0010_p0438a05"}, {"level": "2", "n": "", "type": "其他", "text": "保寜璣禪師法嗣", "head": "GA012n0010_p0438a08"}, {"level": "3", "n": "", "type": "其他", "text": "慶元府育王無竭淨曇禪師", "head": "GA012n0010_p0438a09"}, {"level": "2", "n": "", "type": "其他", "text": "黃龍清禪師法嗣", "head": "GA012n0010_p0439a07"}, {"level": "3", "n": "", "type": "其他", "text": "慶元府育王野堂普崇禪師", "head": "GA012n0010_p0439a08"}, {"level": "2", "n": "", "type": "其他", "text": "天寜卓禪師法嗣", "head": "GA012n0010_p0440a06"}, {"level": "3", "n": "", "type": "其他", "text": "慶元府育王無示介諶禪師", "head": "GA012n0010_p0440a07"}, {"level": "2", "n": "", "type": "其他", "text": "昭覺勤禪師法嗣", "head": "GA012n0010_p0442a03"}, {"level": "3", "n": "", "type": "其他", "text": "臨安府徑山宗杲大慧普覺禪師", "head": "GA012n0010_p0442a04"}, {"level": "3", "n": "", "type": "其他", "text": "慶元府育王山佛智端裕禪師", "head": "GA012n0010_p0461a03"}, {"level": "2", "n": "", "type": "其他", "text": "徑山杲禪師法嗣", "head": "GA012n0010_p0466a02"}, {"level": "3", "n": "", "type": "其他", "text": "慶元府育王佛照德光禪師", "head": "GA012n0010_p0466a03"}, {"level": "3", "n": "", "type": "其他", "text": "常州華藏遯庵宗演禪師", "head": "GA012n0010_p0468a09"}, {"level": "3", "n": "", "type": "其他", "text": "慶元府育王大圓遵璞禪師", "head": "GA012n0010_p0470a02"}, {"level": "2", "n": "", "type": "其他", "text": "育王璉禪師法嗣", "head": "GA012n0010_p0471a04"}, {"level": "3", "n": "", "type": "其他", "text": "臨安府佛日淨慧戒弼禪師", "head": "GA012n0010_p0471a05"}, {"level": "3", "n": "", "type": "其他", "text": "福州天宮慎徽禪師", "head": "GA012n0010_p0471a07"}, {"level": "3", "n": "", "type": "其他", "text": "杭州徑山無畏維琳禪師", "head": "GA012n0010_p0472a02"}, {"level": "3", "n": "", "type": "其他", "text": "杭州臨平勝因資禪師", "head": "GA012n0010_p0472a10"}, {"level": "3", "n": "", "type": "其他", "text": "温州彌陀正彥菴主", "head": "GA012n0010_p0473a07"}, {"level": "2", "n": "", "type": "其他", "text": "保寜璣禪師法嗣", "head": "GA012n0010_p0474a04"}, {"level": "3", "n": "", "type": "其他", "text": "台州真如戒香禪師", "head": "GA012n0010_p0474a05"}, {"level": "2", "n": "", "type": "其他", "text": "育王裕禪師法嗣", "head": "GA012n0010_p0474a08"}, {"level": "3", "n": "", "type": "其他", "text": "福州清涼坦禪師", "head": "GA012n0010_p0474a09"}, {"level": "3", "n": "", "type": "其他", "text": "臨安府淨慈水庵師一禪師", "head": "GA012n0010_p0475a02"}, {"level": "3", "n": "", "type": "其他", "text": "安吉州道塲無庵法全禪師", "head": "GA012n0010_p0476a09"}, {"level": "3", "n": "", "type": "其他", "text": "泉州延福寒巖慧升禪師", "head": "GA012n0010_p0478a07"}, {"level": "2", "n": "", "type": "其他", "text": "育王大慧杲禪師法嗣", "head": "GA012n0010_p0479a04"}, {"level": "3", "n": "", "type": "其他", "text": "侍郎無垢居士張九成", "head": "GA012n0010_p0479a05"}, {"level": "3", "n": "", "type": "其他", "text": "參政李邴居士", "head": "GA012n0010_p0486a03"}, {"level": "3", "n": "", "type": "其他", "text": "寳學劉彥脩居士", "head": "GA012n0010_p0488a03"}, {"level": "3", "n": "", "type": "其他", "text": "提刑吳偉明居士", "head": "GA012n0010_p0488a08"}, {"level": "3", "n": "", "type": "其他", "text": "門司黃彥節居士", "head": "GA012n0010_p0489a08"}, {"level": "3", "n": "", "type": "其他", "text": "秦國夫人計氏法真", "head": "GA012n0010_p0490a04"}, {"level": "2", "n": "", "type": "其他", "text": "育王光禪師法嗣", "head": "GA012n0010_p0491a04"}, {"level": "3", "n": "", "type": "其他", "text": "杭州靈隱妙峰善禪師", "head": "GA012n0010_p0491a05"}, {"level": "3", "n": "", "type": "其他", "text": "杭州府淨慈北磵禪師", "head": "GA012n0010_p0494a04"}, {"level": "3", "n": "", "type": "其他", "text": "杭州徑山如琰禪師", "head": "GA012n0010_p0496a08"}, {"level": "3", "n": "", "type": "其他", "text": "明州天童,禪師", "head": "GA012n0010_p0497a01"}, {"level": "3", "n": "", "type": "其他", "text": "東禪觀禪師", "head": "GA012n0010_p0497a04"}, {"level": "3", "n": "", "type": "其他", "text": "上方朴翁銛禪師", "head": "GA012n0010_p0498a09"}, {"level": "2", "n": "", "type": "其他", "text": "育王師瑞禪師法嗣", "head": "GA012n0010_p0499a02"}, {"level": "3", "n": "", "type": "其他", "text": "明州瑞岩壽禪師", "head": "GA012n0010_p0499a03"}, {"level": "2", "n": "", "type": "其他", "text": "淨慈居簡禪師法嗣", "head": "GA012n0010_p0499a07"}, {"level": "3", "n": "", "type": "其他", "text": "明州育王大觀禪師", "head": "GA012n0010_p0499a08"}, {"level": "2", "n": "", "type": "其他", "text": "育王觀禪師法嗣", "head": "GA012n0010_p0500a06"}, {"level": "3", "n": "", "type": "其他", "text": "徑山佛智晦機禪師", "head": "GA012n0010_p0500a07"}, {"level": "1", "n": "", "type": "其他", "text": "玉几社詠上", "head": "GA012n0010_p0515a04"}, {"level": "2", "n": "", "type": "序", "text": "序", "head": "GA012n0010_p0515a05"}, {"level": "2", "n": "", "type": "其他", "text": "頌佛舍利", "head": "GA012n0010_p0515a09"}, {"level": "2", "n": "", "type": "其他", "text": "贈,士范的育王書石", "head": "GA012n0010_p0516a05"}, {"level": "2", "n": "", "type": "其他", "text": "荅于使君時余在育王寺書石，使君寄贈四韻，依次用本韻奉酧。", "head": "GA012n0010_p0517a04"}, {"level": "2", "n": "", "type": "其他", "text": "禮舍利塔", "head": "GA012n0010_p0517a09"}, {"level": "2", "n": "", "type": "其他", "text": "靈鰻井", "head": "GA012n0010_p0518a02"}, {"level": "2", "n": "", "type": "其他", "text": "游育王寺", "head": "GA012n0010_p0518a05"}, {"level": "2", "n": "", "type": "其他", "text": "禱雨金沙井", "head": "GA012n0010_p0518a09"}, {"level": "2", "n": "", "type": "其他", "text": "禮舍利塔", "head": "GA012n0010_p0519a03"}, {"level": "2", "n": "", "type": "其他", "text": "次劉使君韻", "head": "GA012n0010_p0519a07"}, {"level": "2", "n": "", "type": "其他", "text": "寄元虚照禪師", "head": "GA012n0010_p0520a01"}, {"level": "2", "n": "", "type": "其他", "text": "題明月堂", "head": "GA012n0010_p0520a05"}, {"level": "2", "n": "", "type": "其他", "text": "游育王寺", "head": "GA012n0010_p0520a09"}, {"level": "2", "n": "", "type": "其他", "text": "錢教諭紳祭金沙井次韻", "head": "GA012n0010_p0521a03"}, {"level": "2", "n": "", "type": "其他", "text": "遊育王寺", "head": "GA012n0010_p0522a09"}, {"level": "2", "n": "", "type": "其他", "text": "游育王寺贈福上人", "head": "GA012n0010_p0523a03"}, {"level": "2", "n": "", "type": "其他", "text": "前題", "head": "GA012n0010_p0523a07"}, {"level": "2", "n": "", "type": "其他", "text": "遊育王寺", "head": "GA012n0010_p0524a06"}, {"level": "2", "n": "", "type": "其他", "text": "宿普香室", "head": "GA012n0010_p0524a10"}, {"level": "2", "n": "", "type": "其他", "text": "登上塔", "head": "GA012n0010_p0525a03"}, {"level": "2", "n": "", "type": "其他", "text": "遊育王寺", "head": "GA012n0010_p0525a06"}, {"level": "2", "n": "", "type": "其他", "text": "禮舍利塔", "head": "GA012n0010_p0525a10"}, {"level": "2", "n": "", "type": "其他", "text": "贈頤菴禪師", "head": "GA012n0010_p0526a04"}, {"level": "2", "n": "", "type": "其他", "text": "題竹", "head": "GA012n0010_p0526a08"}, {"level": "2", "n": "", "type": "其他", "text": "贈頥庵禪師", "head": "GA012n0010_p0527a01"}, {"level": "2", "n": "", "type": "其他", "text": "遊育王寺", "head": "GA012n0010_p0527a05"}, {"level": "2", "n": "", "type": "其他", "text": "登上塔", "head": "GA012n0010_p0527a09"}, {"level": "2", "n": "", "type": "其他", "text": "育王寺", "head": "GA012n0010_p0528a02"}, {"level": "2", "n": "", "type": "其他", "text": "白雲竹院", "head": "GA012n0010_p0528a06"}, {"level": "2", "n": "", "type": "其他", "text": "和高瓦屋使君韻", "head": "GA012n0010_p0528a10"}, {"level": "2", "n": "", "type": "其他", "text": "入山呈日峰首座", "head": "GA012n0010_p0529a04"}, {"level": "2", "n": "", "type": "其他", "text": "游損巖", "head": "GA012n0010_p0529a08"}, {"level": "2", "n": "", "type": "其他", "text": "登上塔", "head": "GA012n0010_p0530a01"}, {"level": "2", "n": "", "type": "其他", "text": "望海", "head": "GA012n0010_p0530a04"}, {"level": "2", "n": "", "type": "其他", "text": "白雲竹院", "head": "GA012n0010_p0531a01"}, {"level": "2", "n": "", "type": "其他", "text": "登溪光山色樓", "head": "GA012n0010_p0531a05"}, {"level": "2", "n": "", "type": "其他", "text": "前題", "head": "GA012n0010_p0531a09"}, {"level": "2", "n": "", "type": "其他", "text": "前題", "head": "GA012n0010_p0532a03"}, {"level": "2", "n": "", "type": "其他", "text": "題白雲竹院", "head": "GA012n0010_p0532a07"}, {"level": "2", "n": "", "type": "其他", "text": "訪李六峰侍御過育王寺", "head": "GA012n0010_p0533a01"}, {"level": "2", "n": "", "type": "其他", "text": "遊育王寺次高瓦屋韻", "head": "GA012n0010_p0533a05"}, {"level": "2", "n": "", "type": "其他", "text": "前題次鄭沙村韻", "head": "GA012n0010_p0533a09"}, {"level": "2", "n": "", "type": "其他", "text": "遊育王寺", "head": "GA012n0010_p0534a03"}, {"level": "2", "n": "", "type": "其他", "text": "次高瓦屋韻", "head": "GA012n0010_p0534a07"}, {"level": "2", "n": "", "type": "其他", "text": "次鄭沙村韻", "head": "GA012n0010_p0535a01"}, {"level": "2", "n": "", "type": "其他", "text": "游育王八景與蘭朱簡總歌", "head": "GA012n0010_p0535a05"}, {"level": "2", "n": "", "type": "其他", "text": "舍利塔", "head": "GA012n0010_p0537a01"}, {"level": "2", "n": "", "type": "其他", "text": "望海亭", "head": "GA012n0010_p0537a04"}, {"level": "2", "n": "", "type": "其他", "text": "無異堂", "head": "GA012n0010_p0537a07"}, {"level": "2", "n": "", "type": "其他", "text": "淵靈廟", "head": "GA012n0010_p0537a10"}, {"level": "2", "n": "", "type": "其他", "text": "禮舍利塔", "head": "GA012n0010_p0538a03"}, {"level": "2", "n": "", "type": "其他", "text": "登上塔", "head": "GA012n0010_p0538a07"}, {"level": "2", "n": "", "type": "其他", "text": "游育王寺", "head": "GA012n0010_p0538a10"}, {"level": "2", "n": "", "type": "其他", "text": "山橫玉几", "head": "GA012n0010_p0539a03"}, {"level": "2", "n": "", "type": "其他", "text": "香篆燒雲", "head": "GA012n0010_p0539a07"}, {"level": "2", "n": "", "type": "其他", "text": "燈燃兩塔", "head": "GA012n0010_p0540a01"}, {"level": "2", "n": "", "type": "其他", "text": "井湧金沙", "head": "GA012n0010_p0540a05"}, {"level": "2", "n": "", "type": "其他", "text": "鐘度重", "head": "GA012n0010_p0540a09"}, {"level": "2", "n": "", "type": "其他", "text": "螢照松堂", "head": "GA012n0010_p0541a03"}, {"level": "2", "n": "", "type": "其他", "text": "鹿鳴芝洞", "head": "GA012n0010_p0541a07"}, {"level": "2", "n": "", "type": "其他", "text": "茶鐺煑月", "head": "GA012n0010_p0542a01"}, {"level": "2", "n": "", "type": "其他", "text": "禮育王塔贈瓶公", "head": "GA012n0010_p0542a05"}, {"level": "2", "n": "", "type": "其他", "text": "送秘藏法師入紫阜習靜", "head": "GA012n0010_p0542a09"}, {"level": "2", "n": "", "type": "其他", "text": "游阿育王寺", "head": "GA012n0010_p0543a10"}, {"level": "2", "n": "", "type": "其他", "text": "參舍利塔", "head": "GA012n0010_p0544a04"}, {"level": "2", "n": "", "type": "其他", "text": "解帶付育王塔寺無漏住持", "head": "GA012n0010_p0544a08"}, {"level": "2", "n": "", "type": "其他", "text": "謁阿育王塔", "head": "GA012n0010_p0545a02"}, {"level": "2", "n": "", "type": "其他", "text": "與無漏住持清話", "head": "GA012n0010_p0545a06"}, {"level": "2", "n": "", "type": "其他", "text": "送秘藏法師習靜紫阜", "head": "GA012n0010_p0545a10"}, {"level": "2", "n": "", "type": "其他", "text": "禮舍利塔贈無漏瓶公", "head": "GA012n0010_p0546a05"}, {"level": "2", "n": "", "type": "其他", "text": "遙瞻舍利塔送理公還四明", "head": "GA012n0010_p0547a03"}, {"level": "2", "n": "", "type": "其他", "text": "贈無漏律師", "head": "GA012n0010_p0547a07"}, {"level": "2", "n": "", "type": "其他", "text": "贈無漏上人", "head": "GA012n0010_p0548a03"}, {"level": "2", "n": "", "type": "其他", "text": "送慧日、秘藏二師還玉几", "head": "GA012n0010_p0548a07"}, {"level": "2", "n": "", "type": "其他", "text": "玉几昇公禮吳中石像寄贈", "head": "GA012n0010_p0549a01"}, {"level": "2", "n": "", "type": "其他", "text": "赴鄮峰瓶公華嚴道塲", "head": "GA012n0010_p0549a05"}, {"level": "2", "n": "", "type": "其他", "text": "贈無漏律師", "head": "GA012n0010_p0549a09"}, {"level": "2", "n": "", "type": "其他", "text": "贈無疆上座", "head": "GA012n0010_p0550a03"}, {"level": "2", "n": "", "type": "其他", "text": "贈慧日上人", "head": "GA012n0010_p0550a07"}, {"level": "2", "n": "", "type": "其他", "text": "懷秘藏法師", "head": "GA012n0010_p0551a01"}, {"level": "2", "n": "", "type": "其他", "text": "旅泊庵詩四首為秘藏法師賦", "head": "GA012n0010_p0551a05"}, {"level": "2", "n": "", "type": "其他", "text": "送秘藏上人省母", "head": "GA012n0010_p0552a04"}, {"level": "2", "n": "", "type": "其他", "text": "游阿育王寺", "head": "GA012n0010_p0552a09"}, {"level": "2", "n": "", "type": "其他", "text": "屠田叔瞻禮舍利塔，獲睹瑞光，有詩見示，因憶昔年之遇，依韻和之", "head": "GA012n0010_p0553a03"}, {"level": "2", "n": "", "type": "其他", "text": "戯贈秘藏上人", "head": "GA012n0010_p0553a08"}, {"level": "2", "n": "", "type": "其他", "text": "贈無漏上人", "head": "GA012n0010_p0554a01"}, {"level": "2", "n": "", "type": "其他", "text": "重禮舍利", "head": "GA012n0010_p0554a05"}, {"level": "2", "n": "", "type": "其他", "text": "贈師弟瓶公", "head": "GA012n0010_p0554a09"}, {"level": "2", "n": "", "type": "其他", "text": "送秘藏掩,紫阜", "head": "GA012n0010_p0555a06"}, {"level": "2", "n": "", "type": "其他", "text": "題慧日寒玉齋", "head": "GA012n0010_p0555a10"}, {"level": "2", "n": "", "type": "其他", "text": "宿秘藏聞復齋", "head": "GA012n0010_p0556a04"}, {"level": "2", "n": "", "type": "其他", "text": "送秘藏還育王，復招聖水度夏", "head": "GA012n0010_p0556a09"}, {"level": "2", "n": "", "type": "其他", "text": "荅旅泊庵賓主偈", "head": "GA012n0010_p0557a03"}, {"level": "2", "n": "", "type": "其他", "text": "送秘藏歸寜", "head": "GA012n0010_p0557a07"}, {"level": "2", "n": "", "type": "其他", "text": "端陽日，與慧日、休遠過秘藏損巖，分韻賦詩，共紀其勝，得質韻", "head": "GA012n0010_p0558a02"}, {"level": "2", "n": "", "type": "其他", "text": "結制日，同充庵法師及休遠、恒如送秘藏姪徃維揚訪郭太乙、陵舄昆玉", "head": "GA012n0010_p0559a01"}, {"level": "2", "n": "", "type": "其他", "text": "贈無漏上人", "head": "GA012n0010_p0559a06"}, {"level": "2", "n": "", "type": "其他", "text": "送玉几昇公入天台", "head": "GA012n0010_p0559a10"}, {"level": "2", "n": "", "type": "其他", "text": "禮鄮山舍利兼贈秘藏法師", "head": "GA012n0010_p0560a04"}, {"level": "2", "n": "", "type": "其他", "text": "贈瓶公住持舍利殿", "head": "GA012n0010_p0560a08"}, {"level": "2", "n": "", "type": "其他", "text": "秘藏掩,紫阜", "head": "GA012n0010_p0561a02"}, {"level": "2", "n": "", "type": "其他", "text": "送理公歸寜", "head": "GA012n0010_p0561a06"}, {"level": "2", "n": "", "type": "其他", "text": "贈慧日昇公", "head": "GA012n0010_p0562a01"}, {"level": "2", "n": "", "type": "其他", "text": "禮舍利塔赴藏公之約", "head": "GA012n0010_p0562a05"}, {"level": "2", "n": "", "type": "其他", "text": "送鄮山理公宣州省母", "head": "GA012n0010_p0563a05"}, {"level": "2", "n": "", "type": "其他", "text": "游玉几", "head": "GA012n0010_p0563a08"}, {"level": "2", "n": "", "type": "其他", "text": "訪無漏律師", "head": "GA012n0010_p0564a02"}, {"level": "2", "n": "", "type": "其他", "text": "寄懷損巖理公上座", "head": "GA012n0010_p0564a06"}, {"level": "2", "n": "", "type": "其他", "text": "將卜草堂於玉几先寄無漏律師", "head": "GA012n0010_p0564a10"}, {"level": "2", "n": "", "type": "其他", "text": "贈鄮山秘藏法師", "head": "GA012n0010_p0565a04"}, {"level": "2", "n": "", "type": "其他", "text": "懷慧日上人", "head": "GA012n0010_p0565a08"}, {"level": "2", "n": "", "type": "其他", "text": "送玉几理公歸宣州省母", "head": "GA012n0010_p0566a02"}, {"level": "2", "n": "", "type": "其他", "text": "送慧日上人訪王百谷", "head": "GA012n0010_p0566a07"}, {"level": "2", "n": "", "type": "其他", "text": "贈秘藏理公", "head": "GA012n0010_p0567a01"}, {"level": "2", "n": "", "type": "其他", "text": "過道謙上人蒙泉居", "head": "GA012n0010_p0567a05"}, {"level": "2", "n": "", "type": "其他", "text": "玉几歌贈秘藏法師", "head": "GA012n0010_p0567a09"}, {"level": "2", "n": "", "type": "其他", "text": "旅泊庵賦為秘藏法師", "head": "GA012n0010_p0569a01"}, {"level": "2", "n": "", "type": "其他", "text": "登育王上塔", "head": "GA012n0010_p0569a07"}, {"level": "2", "n": "", "type": "其他", "text": "攤書", "head": "GA012n0010_p0570a01"}, {"level": "2", "n": "", "type": "其他", "text": "與無漏師夜坐", "head": "GA012n0010_p0570a04"}, {"level": "2", "n": "", "type": "其他", "text": "送慧日上座游錢唐聖果寺", "head": "GA012n0010_p0570a08"}, {"level": "2", "n": "", "type": "其他", "text": "題秘藏法兄旅泊庵", "head": "GA012n0010_p0571a07"}, {"level": "2", "n": "", "type": "其他", "text": "隨喜舍利", "head": "GA012n0010_p0572a03"}, {"level": "2", "n": "", "type": "其他", "text": "送理公之金陵", "head": "GA012n0010_p0572a08"}, {"level": "2", "n": "", "type": "其他", "text": "贈無漏開士", "head": "GA012n0010_p0573a02"}, {"level": "2", "n": "", "type": "其他", "text": "秘藏法師出,紫阜，卓錫鄮峰，扁其居曰「旅泊」。余訪師，寄宿其,，遂以二偈問之", "head": "GA012n0010_p0573a06"}, {"level": "2", "n": "", "type": "其他", "text": "訊無漏師掩", "head": "GA012n0010_p0574a02"}, {"level": "2", "n": "", "type": "其他", "text": "寄慧日、秘藏", "head": "GA012n0010_p0574a06"}, {"level": "2", "n": "", "type": "其他", "text": "與無漏師夜坐", "head": "GA012n0010_p0574a10"}, {"level": "2", "n": "", "type": "其他", "text": "宿祕藏旅泊庵", "head": "GA012n0010_p0575a04"}, {"level": "2", "n": "", "type": "其他", "text": "城南晚眺，同慧日、秘藏", "head": "GA012n0010_p0575a10"}, {"level": "2", "n": "", "type": "其他", "text": "送秘藏之西昌訪郭太乙、陵舄諸居士", "head": "GA012n0010_p0576a06"}, {"level": "2", "n": "", "type": "其他", "text": "訪無漏師掩,不值", "head": "GA012n0010_p0576a10"}, {"level": "2", "n": "", "type": "其他", "text": "禮阿育王寺舍利寳塔偈，同聞隱鱗、李次公二居士作", "head": "GA012n0010_p0577a04"}, {"level": "2", "n": "", "type": "其他", "text": "夜坐瓶師方丈", "head": "GA012n0010_p0577a10"}, {"level": "2", "n": "", "type": "其他", "text": "結夏育王寺，同慧日、秘藏", "head": "GA012n0010_p0578a04"}, {"level": "2", "n": "", "type": "其他", "text": "旅泊庵為秘藏師兄賦", "head": "GA012n0010_p0578a08"}, {"level": "2", "n": "", "type": "其他", "text": "同幽溪大師、慧日游秘藏損岩", "head": "GA012n0010_p0579a04"}, {"level": "2", "n": "", "type": "其他", "text": "貽三支集與益道謙", "head": "GA012n0010_p0579a10"}, {"level": "2", "n": "", "type": "其他", "text": "送秘藏兄之維揚訪郭太乙、陵舄", "head": "GA012n0010_p0580a02"}, {"level": "2", "n": "", "type": "其他", "text": "前題", "head": "GA012n0010_p0580a06"}, {"level": "2", "n": "", "type": "其他", "text": "前題", "head": "GA012n0010_p0580a10"}, {"level": "2", "n": "", "type": "其他", "text": "謁四明廣利寺舍利塔", "head": "GA012n0010_p0581a04"}, {"level": "2", "n": "", "type": "其他", "text": "同檀燕徐觀察、石梁陶孝亷禮東海鄮峰，宿理公白雲竹院", "head": "GA012n0010_p0581a08"}, {"level": "2", "n": "", "type": "其他", "text": "玉几秘藏法師小園夜坐，次韻奉答", "head": "GA012n0010_p0582a03"}, {"level": "2", "n": "", "type": "其他", "text": "禮鄮山設利塔", "head": "GA012n0010_p0582a07"}, {"level": "2", "n": "", "type": "其他", "text": "游育王寺贈秘藏法師", "head": "GA012n0010_p0583a01"}, {"level": "2", "n": "", "type": "其他", "text": "春日同玉几理公羅寳網舟中即事", "head": "GA012n0010_p0583a05"}, {"level": "2", "n": "", "type": "其他", "text": "銕佛寺同理公夜坐", "head": "GA012n0010_p0583a09"}, {"level": "2", "n": "", "type": "其他", "text": "理公以散花室詩見投，依次用本韻奉答", "head": "GA012n0010_p0584a03"}, {"level": "2", "n": "", "type": "其他", "text": "舍利塔", "head": "GA012n0010_p0584a07"}, {"level": "2", "n": "", "type": "其他", "text": "玉几峰", "head": "GA012n0010_p0584a10"}, {"level": "2", "n": "", "type": "其他", "text": "金沙井", "head": "GA012n0010_p0585a03"}, {"level": "2", "n": "", "type": "其他", "text": "仙書巖", "head": "GA012n0010_p0585a06"}, {"level": "2", "n": "", "type": "其他", "text": "佛跡", "head": "GA012n0010_p0585a09"}, {"level": "2", "n": "", "type": "其他", "text": "七佛潭", "head": "GA012n0010_p0586a02"}, {"level": "2", "n": "", "type": "其他", "text": "大權洞", "head": "GA012n0010_p0586a05"}, {"level": "2", "n": "", "type": "其他", "text": "承恩閣", "head": "GA012n0010_p0586a08"}, {"level": "2", "n": "", "type": "其他", "text": "涌現巖", "head": "GA012n0010_p0587a01"}, {"level": "2", "n": "", "type": "其他", "text": "妙喜泉", "head": "GA012n0010_p0587a04"}, {"level": "1", "n": "", "type": "其他", "text": "玉几社詠下", "head": "GA012n0010_p0595a04"}, {"level": "2", "n": "", "type": "其他", "text": "玉几晨鐘", "head": "GA012n0010_p0595a04"}, {"level": "2", "n": "", "type": "其他", "text": "高明大師開講《法華》奉寄", "head": "GA012n0010_p0595a09"}, {"level": "2", "n": "", "type": "其他", "text": "寒玉題畫松", "head": "GA012n0010_p0596a05"}, {"level": "2", "n": "", "type": "其他", "text": "答胡隱蓮居士", "head": "GA012n0010_p0596a09"}, {"level": "2", "n": "", "type": "其他", "text": "同秘藏法師登方山望海", "head": "GA012n0010_p0597a03"}, {"level": "2", "n": "", "type": "其他", "text": "贈印詮住雲居庵", "head": "GA012n0010_p0597a07"}, {"level": "2", "n": "", "type": "其他", "text": "贈古修寄跡雪竇", "head": "GA012n0010_p0598a01"}, {"level": "2", "n": "", "type": "其他", "text": "和施九岳韻贈秘藏", "head": "GA012n0010_p0598a05"}, {"level": "2", "n": "", "type": "其他", "text": "寄隱蓮居士", "head": "GA012n0010_p0598a09"}, {"level": "2", "n": "", "type": "其他", "text": "送張君平北上", "head": "GA012n0010_p0599a03"}, {"level": "2", "n": "", "type": "其他", "text": "瓊臺雙闕", "head": "GA012n0010_p0599a07"}, {"level": "2", "n": "", "type": "其他", "text": "同鄮山游桃源洞", "head": "GA012n0010_p0600a01"}, {"level": "2", "n": "", "type": "其他", "text": "偶逢南海友人隱石橋淨室", "head": "GA012n0010_p0600a05"}, {"level": "2", "n": "", "type": "其他", "text": "同西來觀瀑布", "head": "GA012n0010_p0600a09"}, {"level": "2", "n": "", "type": "其他", "text": "晚秋偕藏公遊法輪寺", "head": "GA012n0010_p0601a03"}, {"level": "2", "n": "", "type": "其他", "text": "清涼留別秘藏", "head": "GA012n0010_p0601a07"}, {"level": "2", "n": "", "type": "其他", "text": "夏日喜遇休遠于大善寺", "head": "GA012n0010_p0602a02"}, {"level": "2", "n": "", "type": "其他", "text": "雪中坐綠筠軒", "head": "GA012n0010_p0602a06"}, {"level": "2", "n": "", "type": "其他", "text": "聽講罷邀諸侶晚步", "head": "GA012n0010_p0602a10"}, {"level": "2", "n": "", "type": "其他", "text": "聖果寺留別慧舟", "head": "GA012n0010_p0603a04"}, {"level": "2", "n": "", "type": "其他", "text": "春日過竹林精舍", "head": "GA012n0010_p0603a08"}, {"level": "2", "n": "", "type": "其他", "text": "中秋高明寺對月，同文心", "head": "GA012n0010_p0604a02"}, {"level": "2", "n": "", "type": "其他", "text": "贈照瞿師住鶴林寺", "head": "GA012n0010_p0604a06"}, {"level": "2", "n": "", "type": "其他", "text": "同曇芳、五空、秘藏登天寜寺佛閣", "head": "GA012n0010_p0604a10"}, {"level": "2", "n": "", "type": "其他", "text": "石城寄秘藏", "head": "GA012n0010_p0605a07"}, {"level": "2", "n": "", "type": "其他", "text": "清涼講席送別慧舟", "head": "GA012n0010_p0606a01"}, {"level": "2", "n": "", "type": "其他", "text": "送秘藏入吳", "head": "GA012n0010_p0606a05"}, {"level": "2", "n": "", "type": "其他", "text": "靜坐", "head": "GA012n0010_p0606a09"}, {"level": "2", "n": "", "type": "其他", "text": "贈景陽師修淨業", "head": "GA012n0010_p0607a01"}, {"level": "2", "n": "", "type": "其他", "text": "雨霽同秘藏山行", "head": "GA012n0010_p0607a05"}, {"level": "2", "n": "", "type": "其他", "text": "雨中訪潘玄素居士不值", "head": "GA012n0010_p0607a09"}, {"level": "2", "n": "", "type": "其他", "text": "雨中夜坐", "head": "GA012n0010_p0608a03"}, {"level": "2", "n": "", "type": "其他", "text": "寄懷歸台麓使君", "head": "GA012n0010_p0608a06"}, {"level": "2", "n": "", "type": "其他", "text": "聞鐘聲寄隱鱗居士", "head": "GA012n0010_p0608a10"}, {"level": "2", "n": "", "type": "其他", "text": "喜季脩至", "head": "GA012n0010_p0609a04"}, {"level": "2", "n": "", "type": "其他", "text": "遲繼西兄不至", "head": "GA012n0010_p0609a08"}, {"level": "2", "n": "", "type": "其他", "text": "懷秘藏", "head": "GA012n0010_p0610a02"}, {"level": "2", "n": "", "type": "其他", "text": "同道謙夜坐", "head": "GA012n0010_p0610a06"}, {"level": "2", "n": "", "type": "其他", "text": "山居喜雨", "head": "GA012n0010_p0611a05"}, {"level": "2", "n": "", "type": "其他", "text": "憶母", "head": "GA012n0010_p0611a09"}, {"level": "2", "n": "", "type": "其他", "text": "山居", "head": "GA012n0010_p0612a02"}, {"level": "2", "n": "", "type": "其他", "text": "懷聞隱鱗居士", "head": "GA012n0010_p0612a07"}, {"level": "2", "n": "", "type": "其他", "text": "幽溪大師講經紫阜", "head": "GA012n0010_p0613a01"}, {"level": "2", "n": "", "type": "其他", "text": "別包桂海", "head": "GA012n0010_p0613a05"}, {"level": "2", "n": "", "type": "其他", "text": "關中留慧日師兄", "head": "GA012n0010_p0613a08"}, {"level": "2", "n": "", "type": "其他", "text": "寄王叔晦", "head": "GA012n0010_p0614a02"}, {"level": "2", "n": "", "type": "其他", "text": "春日遲繼西", "head": "GA012n0010_p0614a06"}, {"level": "2", "n": "", "type": "其他", "text": "宿湖南懷慧日", "head": "GA012n0010_p0614a09"}, {"level": "2", "n": "", "type": "其他", "text": "寄懷胡萊儔隱士", "head": "GA012n0010_p0615a03"}, {"level": "2", "n": "", "type": "其他", "text": "曉鐘", "head": "GA012n0010_p0615a07"}, {"level": "2", "n": "", "type": "其他", "text": "春日同張孺愿、西來、空波、休遠、敬中泛舟南郊得間字", "head": "GA012n0010_p0616a02"}, {"level": "2", "n": "", "type": "其他", "text": "寄張明蛟", "head": "GA012n0010_p0616a07"}, {"level": "2", "n": "", "type": "其他", "text": "應潘玄素居士齋", "head": "GA012n0010_p0617a01"}, {"level": "2", "n": "", "type": "其他", "text": "金鵞潭聽泉示道謙", "head": "GA012n0010_p0617a05"}, {"level": "2", "n": "", "type": "其他", "text": "雪霽", "head": "GA012n0010_p0618a04"}, {"level": "2", "n": "", "type": "其他", "text": "過湖南遠公片石齋", "head": "GA012n0010_p0618a07"}, {"level": "2", "n": "", "type": "其他", "text": "贈天台高明寺文心教公", "head": "GA012n0010_p0619a01"}, {"level": "2", "n": "", "type": "其他", "text": "雨夜孤燈", "head": "GA012n0010_p0619a05"}, {"level": "2", "n": "", "type": "其他", "text": "山中即事", "head": "GA012n0010_p0619a08"}, {"level": "2", "n": "", "type": "其他", "text": "同玄素、慧日坐松下得清字", "head": "GA012n0010_p0620a01"}, {"level": "2", "n": "", "type": "其他", "text": "喜雨", "head": "GA012n0010_p0620a05"}, {"level": "2", "n": "", "type": "其他", "text": "廣慈園贈郭太乙社長", "head": "GA012n0010_p0620a08"}, {"level": "2", "n": "", "type": "其他", "text": "題郭陵舄居士散花室", "head": "GA012n0010_p0621a03"}, {"level": "2", "n": "", "type": "其他", "text": "送郭世忠金吾之錦衣任", "head": "GA012n0010_p0621a07"}, {"level": "2", "n": "", "type": "其他", "text": "雨中同郭陵舄、羅寳網舟中茶話", "head": "GA012n0010_p0622a01"}, {"level": "2", "n": "", "type": "其他", "text": "同廬山杲、育二公六度庵看月得清字", "head": "GA012n0010_p0622a05"}, {"level": "2", "n": "", "type": "其他", "text": "層溪懷聞隱鱗社長", "head": "GA012n0010_p0622a09"}, {"level": "2", "n": "", "type": "其他", "text": "匡廬懷潘象易居士", "head": "GA012n0010_p0623a05"}, {"level": "2", "n": "", "type": "其他", "text": "游金牛寺訪度公", "head": "GA012n0010_p0624a01"}, {"level": "2", "n": "", "type": "其他", "text": "初夏懷西來", "head": "GA012n0010_p0624a05"}, {"level": "2", "n": "", "type": "其他", "text": "澄江舟中懷休遠", "head": "GA012n0010_p0624a08"}, {"level": "2", "n": "", "type": "其他", "text": "銕佛", "head": "GA012n0010_p0625a01"}, {"level": "2", "n": "", "type": "其他", "text": "同靜臺、納川晚登翠峰訪朗公", "head": "GA012n0010_p0625a04"}, {"level": "2", "n": "", "type": "其他", "text": "贈無著禪師", "head": "GA012n0010_p0625a08"}, {"level": "2", "n": "", "type": "其他", "text": "寓六度庵喜白石兄見過", "head": "GA012n0010_p0626a02"}, {"level": "2", "n": "", "type": "其他", "text": "同和六過太虚觀", "head": "GA012n0010_p0626a08"}, {"level": "2", "n": "", "type": "其他", "text": "同郭世光、覺予過層溪", "head": "GA012n0010_p0627a01"}, {"level": "2", "n": "", "type": "其他", "text": "贈湯箕仲", "head": "GA012n0010_p0627a07"}]