[{"level": "1", "n": "", "type": "其他", "text": "論母", "head": "N48n0024_p0001a01"}, {"level": "2", "n": "", "type": "其他", "text": "論之論母〔百二十二門〕", "head": "N48n0024_p0001a08"}, {"level": "3", "n": "", "type": "其他", "text": "〔A. 三法門（Tika）二十二門〕", "head": "N48n0024_p0001a09"}, {"level": "3", "n": "", "type": "其他", "text": "〔B. 二法門（Duka）百門〕", "head": "N48n0024_p0003a05"}, {"level": "2", "n": "", "type": "其他", "text": "經之論母〔四十二門〕", "head": "N48n0024_p0011a07"}, {"level": "1", "n": "", "type": "其他", "text": "第一　心生起品", "head": "N48n0024_p0015a01"}, {"level": "2", "n": "", "type": "其他", "text": "第一　善心", "head": "N48n0024_p0015a04"}, {"level": "3", "n": "", "type": "其他", "text": "欲纏八大心", "head": "N48n0024_p0015a07"}, {"level": "4", "n": "", "type": "其他", "text": "第一心", "head": "N48n0024_p0015a10"}, {"level": "4", "n": "", "type": "其他", "text": "第二心", "head": "N48n0024_p0037a08"}, {"level": "4", "n": "", "type": "其他", "text": "第三心", "head": "N48n0024_p0037a13"}, {"level": "4", "n": "", "type": "其他", "text": "第四心", "head": "N48n0024_p0038a10"}, {"level": "4", "n": "", "type": "其他", "text": "第五心", "head": "N48n0024_p0039a02"}, {"level": "4", "n": "", "type": "其他", "text": "第六心", "head": "N48n0024_p0040a04"}, {"level": "4", "n": "", "type": "其他", "text": "第七心", "head": "N48n0024_p0040a09"}, {"level": "4", "n": "", "type": "其他", "text": "第八心", "head": "N48n0024_p0041a13"}, {"level": "3", "n": "", "type": "其他", "text": "色纏善", "head": "N48n0024_p0045a01"}, {"level": "4", "n": "", "type": "其他", "text": "一　八徧", "head": "N48n0024_p0045a04"}, {"level": "5", "n": "", "type": "其他", "text": "地徧", "head": "N48n0024_p0045a06"}, {"level": "5", "n": "", "type": "其他", "text": "四種法", "head": "N48n0024_p0045a08"}, {"level": "5", "n": "", "type": "其他", "text": "五種法", "head": "N48n0024_p0048a04"}, {"level": "5", "n": "", "type": "其他", "text": "四行", "head": "N48n0024_p0051a07"}, {"level": "5", "n": "", "type": "其他", "text": "四所緣", "head": "N48n0024_p0052a08"}, {"level": "5", "n": "", "type": "其他", "text": "十六組合", "head": "N48n0024_p0053a09"}, {"level": "5", "n": "", "type": "其他", "text": "水徧……白徧", "head": "N48n0024_p0057a13"}, {"level": "4", "n": "", "type": "其他", "text": "二　勝處", "head": "N48n0024_p0058a05"}, {"level": "5", "n": "", "type": "其他", "text": "一　色少", "head": "N48n0024_p0058a07"}, {"level": "6", "n": "", "type": "其他", "text": "四種法．五種法", "head": "N48n0024_p0058a09"}, {"level": "6", "n": "", "type": "其他", "text": "四行", "head": "N48n0024_p0059a04"}, {"level": "6", "n": "", "type": "其他", "text": "二所緣", "head": "N48n0024_p0060a09"}, {"level": "6", "n": "", "type": "其他", "text": "八組合", "head": "N48n0024_p0061a07"}, {"level": "5", "n": "", "type": "其他", "text": "二　色少．好色．惡色", "head": "N48n0024_p0063a13"}, {"level": "5", "n": "", "type": "其他", "text": "三　色無量", "head": "N48n0024_p0064a08"}, {"level": "6", "n": "", "type": "其他", "text": "四種法．五種法", "head": "N48n0024_p0064a10"}, {"level": "6", "n": "", "type": "其他", "text": "四行", "head": "N48n0024_p0065a05"}, {"level": "6", "n": "", "type": "其他", "text": "二所緣", "head": "N48n0024_p0066a10"}, {"level": "6", "n": "", "type": "其他", "text": "八組合", "head": "N48n0024_p0067a09"}, {"level": "5", "n": "", "type": "其他", "text": "四　色無量．好色惡色", "head": "N48n0024_p0070a02"}, {"level": "6", "n": "", "type": "其他", "text": "四種法．五種法", "head": "N48n0024_p0070a04"}, {"level": "5", "n": "", "type": "其他", "text": "五　色青", "head": "N48n0024_p0070a13"}, {"level": "5", "n": "", "type": "其他", "text": "六　色黃．色赤．色白", "head": "N48n0024_p0071a04"}, {"level": "4", "n": "", "type": "其他", "text": "三　三解脫", "head": "N48n0024_p0071a10"}, {"level": "4", "n": "", "type": "其他", "text": "四　四梵住靜慮", "head": "N48n0024_p0072a07"}, {"level": "5", "n": "", "type": "其他", "text": "慈", "head": "N48n0024_p0072a09"}, {"level": "6", "n": "", "type": "其他", "text": "四種法", "head": "N48n0024_p0072a11"}, {"level": "6", "n": "", "type": "其他", "text": "五種法", "head": "N48n0024_p0073a05"}, {"level": "5", "n": "", "type": "其他", "text": "悲", "head": "N48n0024_p0074a02"}, {"level": "5", "n": "", "type": "其他", "text": "喜", "head": "N48n0024_p0074a09"}, {"level": "5", "n": "", "type": "其他", "text": "捨", "head": "N48n0024_p0075a02"}, {"level": "4", "n": "", "type": "其他", "text": "五　不淨靜慮", "head": "N48n0024_p0075a07"}, {"level": "3", "n": "", "type": "其他", "text": "無色纏善", "head": "N48n0024_p0078a02"}, {"level": "4", "n": "", "type": "其他", "text": "四無色靜慮", "head": "N48n0024_p0078a04"}, {"level": "5", "n": "", "type": "其他", "text": "一　虛空無邊處", "head": "N48n0024_p0078a06"}, {"level": "5", "n": "", "type": "其他", "text": "二　識無邊處", "head": "N48n0024_p0078a11"}, {"level": "5", "n": "", "type": "其他", "text": "三　無所有處", "head": "N48n0024_p0079a02"}, {"level": "5", "n": "", "type": "其他", "text": "四　非想非非想處", "head": "N48n0024_p0079a07"}, {"level": "3", "n": "", "type": "其他", "text": "三纏善", "head": "N48n0024_p0080a04"}, {"level": "4", "n": "", "type": "其他", "text": "一　欲廛善", "head": "N48n0024_p0080a07"}, {"level": "4", "n": "", "type": "其他", "text": "二　色纏善", "head": "N48n0024_p0081a08"}, {"level": "4", "n": "", "type": "其他", "text": "三　無色纏善", "head": "N48n0024_p0082a11"}, {"level": "3", "n": "", "type": "其他", "text": "出世間心", "head": "N48n0024_p0085a06"}, {"level": "4", "n": "", "type": "其他", "text": "初道", "head": "N48n0024_p0085a08"}, {"level": "5", "n": "", "type": "其他", "text": "靜慮", "head": "N48n0024_p0085a10"}, {"level": "5", "n": "", "type": "其他", "text": "淨行", "head": "N48n0024_p0085a12"}, {"level": "5", "n": "", "type": "其他", "text": "空", "head": "N48n0024_p0098a02"}, {"level": "5", "n": "", "type": "其他", "text": "空根本行", "head": "N48n0024_p0098a11"}, {"level": "5", "n": "", "type": "其他", "text": "無願", "head": "N48n0024_p0100a02"}, {"level": "5", "n": "", "type": "其他", "text": "無願根本行", "head": "N48n0024_p0100a11"}, {"level": "5", "n": "", "type": "其他", "text": "二十大種法", "head": "N48n0024_p0102a02"}, {"level": "5", "n": "", "type": "其他", "text": "增上", "head": "N48n0024_p0102a13"}, {"level": "4", "n": "", "type": "其他", "text": "第二道", "head": "N48n0024_p0103a11"}, {"level": "4", "n": "", "type": "其他", "text": "第三道", "head": "N48n0024_p0104a02"}, {"level": "4", "n": "", "type": "其他", "text": "第四道", "head": "N48n0024_p0104a07"}, {"level": "2", "n": "", "type": "其他", "text": "第二　不善心", "head": "N48n0024_p0106a01"}, {"level": "3", "n": "", "type": "其他", "text": "十二不善法", "head": "N48n0024_p0106a04"}, {"level": "4", "n": "", "type": "其他", "text": "一", "head": "N48n0024_p0106a07"}, {"level": "4", "n": "", "type": "其他", "text": "二", "head": "N48n0024_p0112a05"}, {"level": "4", "n": "", "type": "其他", "text": "三", "head": "N48n0024_p0112a10"}, {"level": "4", "n": "", "type": "其他", "text": "四", "head": "N48n0024_p0113a06"}, {"level": "4", "n": "", "type": "其他", "text": "五", "head": "N48n0024_p0113a11"}, {"level": "4", "n": "", "type": "其他", "text": "六", "head": "N48n0024_p0115a02"}, {"level": "4", "n": "", "type": "其他", "text": "七", "head": "N48n0024_p0115a07"}, {"level": "4", "n": "", "type": "其他", "text": "八", "head": "N48n0024_p0116a02"}, {"level": "4", "n": "", "type": "其他", "text": "九", "head": "N48n0024_p0116a09"}, {"level": "4", "n": "", "type": "其他", "text": "一〇", "head": "N48n0024_p0118a06"}, {"level": "4", "n": "", "type": "其他", "text": "一一", "head": "N48n0024_p0118a11"}, {"level": "4", "n": "", "type": "其他", "text": "一二", "head": "N48n0024_p0120a02"}, {"level": "2", "n": "", "type": "其他", "text": "第三　無記心", "head": "N48n0024_p0123a02"}, {"level": "3", "n": "", "type": "其他", "text": "一　異熟", "head": "N48n0024_p0123a05"}, {"level": "4", "n": "", "type": "其他", "text": "一　善業", "head": "N48n0024_p0123a07"}, {"level": "5", "n": "", "type": "其他", "text": "一　欲纏異熟", "head": "N48n0024_p0123a09"}, {"level": "6", "n": "", "type": "其他", "text": "一　善異熟五識", "head": "N48n0024_p0123a11"}, {"level": "7", "n": "", "type": "其他", "text": "一", "head": "N48n0024_p0123a13"}, {"level": "7", "n": "", "type": "其他", "text": "二～五", "head": "N48n0024_p0126a02"}, {"level": "6", "n": "", "type": "其他", "text": "二　善異熟意界", "head": "N48n0024_p0128a07"}, {"level": "6", "n": "", "type": "其他", "text": "三　善異熟意識界", "head": "N48n0024_p0131a02"}, {"level": "6", "n": "", "type": "其他", "text": "四　善異熟捨俱行意識界", "head": "N48n0024_p0133a10"}, {"level": "6", "n": "", "type": "其他", "text": "五　八大異熟", "head": "N48n0024_p0136a02"}, {"level": "5", "n": "", "type": "其他", "text": "二　色纏異熟", "head": "N48n0024_p0137a02"}, {"level": "5", "n": "", "type": "其他", "text": "三　無色纏異熟", "head": "N48n0024_p0137a13"}, {"level": "5", "n": "", "type": "其他", "text": "四　出世間異熟", "head": "N48n0024_p0140a02"}, {"level": "6", "n": "", "type": "其他", "text": "初道", "head": "N48n0024_p0140a04"}, {"level": "7", "n": "", "type": "其他", "text": "靜慮", "head": "N48n0024_p0140a06"}, {"level": "7", "n": "", "type": "其他", "text": "淨行", "head": "N48n0024_p0140a08"}, {"level": "7", "n": "", "type": "其他", "text": "淨空", "head": "N48n0024_p0142a10"}, {"level": "7", "n": "", "type": "其他", "text": "空行", "head": "N48n0024_p0144a02"}, {"level": "7", "n": "", "type": "其他", "text": "淨無願", "head": "N48n0024_p0146a06"}, {"level": "7", "n": "", "type": "其他", "text": "無願行", "head": "N48n0024_p0147a13"}, {"level": "7", "n": "", "type": "其他", "text": "二十大種法", "head": "N48n0024_p0149a12"}, {"level": "7", "n": "", "type": "其他", "text": "欲增上淨行", "head": "N48n0024_p0150a11"}, {"level": "7", "n": "", "type": "其他", "text": "欲增上淨空", "head": "N48n0024_p0153a02"}, {"level": "6", "n": "", "type": "其他", "text": "第二道～第四道", "head": "N48n0024_p0161a02"}, {"level": "4", "n": "", "type": "其他", "text": "二　不善業", "head": "N48n0024_p0163a04"}, {"level": "5", "n": "", "type": "其他", "text": "不善異熟無記", "head": "N48n0024_p0163a06"}, {"level": "3", "n": "", "type": "其他", "text": "二　所應作", "head": "N48n0024_p0166a07"}, {"level": "4", "n": "", "type": "其他", "text": "一　欲纏所應作", "head": "N48n0024_p0166a09"}, {"level": "4", "n": "", "type": "其他", "text": "二　色纏所應作", "head": "N48n0024_p0169a12"}, {"level": "4", "n": "", "type": "其他", "text": "三　無色纏所應作", "head": "N48n0024_p0170a07"}, {"level": "1", "n": "", "type": "其他", "text": "第二　色品", "head": "N48n0024_p0172a02"}, {"level": "2", "n": "", "type": "其他", "text": "一　論母", "head": "N48n0024_p0172a05"}, {"level": "3", "n": "", "type": "其他", "text": "一種色聚", "head": "N48n0024_p0172a07"}, {"level": "3", "n": "", "type": "其他", "text": "二種色聚", "head": "N48n0024_p0173a05"}, {"level": "3", "n": "", "type": "其他", "text": "三種色聚", "head": "N48n0024_p0175a02"}, {"level": "3", "n": "", "type": "其他", "text": "四種色聚", "head": "N48n0024_p0178a06"}, {"level": "3", "n": "", "type": "其他", "text": "五種色聚", "head": "N48n0024_p0180a02"}, {"level": "3", "n": "", "type": "其他", "text": "六種色聚", "head": "N48n0024_p0180a07"}, {"level": "3", "n": "", "type": "其他", "text": "七種色聚", "head": "N48n0024_p0180a12"}, {"level": "3", "n": "", "type": "其他", "text": "八種色聚", "head": "N48n0024_p0181a02"}, {"level": "3", "n": "", "type": "其他", "text": "九種色聚", "head": "N48n0024_p0181a07"}, {"level": "3", "n": "", "type": "其他", "text": "一〇種色聚", "head": "N48n0024_p0181a11"}, {"level": "3", "n": "", "type": "其他", "text": "一一種色聚", "head": "N48n0024_p0182a01"}, {"level": "2", "n": "", "type": "其他", "text": "二　註釋", "head": "N48n0024_p0182a05"}, {"level": "3", "n": "", "type": "其他", "text": "第一註釋", "head": "N48n0024_p0182a08"}, {"level": "3", "n": "", "type": "其他", "text": "第二註釋", "head": "N48n0024_p0183a02"}, {"level": "3", "n": "", "type": "其他", "text": "第三註釋", "head": "N48n0024_p0209a12"}, {"level": "3", "n": "", "type": "其他", "text": "第四註譯", "head": "N48n0024_p0227a12"}, {"level": "3", "n": "", "type": "其他", "text": "第五註釋", "head": "N48n0024_p0239a03"}, {"level": "3", "n": "", "type": "其他", "text": "第六註釋", "head": "N48n0024_p0240a02"}, {"level": "3", "n": "", "type": "其他", "text": "第七註釋", "head": "N48n0024_p0240a08"}, {"level": "3", "n": "", "type": "其他", "text": "第八註釋", "head": "N48n0024_p0241a02"}, {"level": "3", "n": "", "type": "其他", "text": "第九註釋", "head": "N48n0024_p0241a09"}, {"level": "3", "n": "", "type": "其他", "text": "第一〇註釋", "head": "N48n0024_p0242a04"}, {"level": "3", "n": "", "type": "其他", "text": "第一一註釋", "head": "N48n0024_p0243a02"}, {"level": "1", "n": "", "type": "其他", "text": "第三　概說品", "head": "N48n0024_p0246a02"}, {"level": "2", "n": "", "type": "其他", "text": "第一章", "head": "N48n0024_p0246a05"}, {"level": "3", "n": "", "type": "其他", "text": "一　三聚", "head": "N48n0024_p0246a07"}, {"level": "3", "n": "", "type": "其他", "text": "二　因聚", "head": "N48n0024_p0258a05"}, {"level": "3", "n": "", "type": "其他", "text": "三　小中雙", "head": "N48n0024_p0264a04"}, {"level": "3", "n": "", "type": "其他", "text": "四　漏聚", "head": "N48n0024_p0267a02"}, {"level": "3", "n": "", "type": "其他", "text": "五　結聚", "head": "N48n0024_p0270a03"}, {"level": "3", "n": "", "type": "其他", "text": "六　繫聚", "head": "N48n0024_p0275a02"}, {"level": "3", "n": "", "type": "其他", "text": "七　暴流聚", "head": "N48n0024_p0279a05"}, {"level": "3", "n": "", "type": "其他", "text": "八　軛聚", "head": "N48n0024_p0279a08"}, {"level": "3", "n": "", "type": "其他", "text": "九　蓋聚", "head": "N48n0024_p0279a11"}, {"level": "3", "n": "", "type": "其他", "text": "一〇　取著聚", "head": "N48n0024_p0284a06"}, {"level": "3", "n": "", "type": "其他", "text": "一一　大中雙", "head": "N48n0024_p0286a06"}, {"level": "3", "n": "", "type": "其他", "text": "一二　取聚", "head": "N48n0024_p0289a11"}, {"level": "3", "n": "", "type": "其他", "text": "一三　煩惱聚", "head": "N48n0024_p0293a02"}, {"level": "3", "n": "", "type": "其他", "text": "一四　殘餘二法", "head": "N48n0024_p0300a06"}, {"level": "2", "n": "", "type": "其他", "text": "第二章", "head": "N48n0024_p0307a08"}, {"level": "3", "n": "", "type": "其他", "text": "經二法", "head": "N48n0024_p0307a10"}, {"level": "1", "n": "", "type": "其他", "text": "第四　義釋品", "head": "N48n0024_p0325a02"}]