[{"n": "001", "fun": "open", "head": "T45n1861_p0245a03"}, {"n": "001", "fun": "close", "head": "T45n1861_p0267c28"}, {"n": "002", "fun": "open", "head": "T45n1861_p0268a05"}, {"n": "002", "fun": "close", "head": "T45n1861_p0294a13"}, {"n": "003", "fun": "open", "head": "T45n1861_p0294a21"}, {"n": "003", "fun": "close", "head": "T45n1861_p0315c28"}, {"n": "004", "fun": "open", "head": "T45n1861_p0316a04"}, {"n": "004", "fun": "close", "head": "T45n1861_p0331a18"}, {"n": "005", "fun": "open", "head": "T45n1861_p0331a21"}, {"n": "005", "fun": "close", "head": "T45n1861_p0343a26"}, {"n": "006", "fun": "open", "head": "T45n1861_p0343b11"}, {"n": "006", "fun": "close", "head": "T45n1861_p0358c09"}, {"n": "007", "fun": "open", "head": "T45n1861_p0358c17"}, {"n": "007", "fun": "close", "head": "T45n1861_p0374c01"}]