[{"n": "001", "fun": "open", "head": "T45n1909_p0922c20"}, {"n": "001", "fun": "close", "head": "T45n1909_p0928a09"}, {"n": "002", "fun": "open", "head": "T45n1909_p0928a12"}, {"n": "002", "fun": "close", "head": "T45n1909_p0932a21"}, {"n": "003", "fun": "open", "head": "T45n1909_p0932a24"}, {"n": "003", "fun": "close", "head": "T45n1909_p0937b19"}, {"n": "004", "fun": "open", "head": "T45n1909_p0937b22"}, {"n": "004", "fun": "close", "head": "T45n1909_p0942a17"}, {"n": "005", "fun": "open", "head": "T45n1909_p0942a19"}, {"n": "005", "fun": "close", "head": "T45n1909_p0946a19"}, {"n": "006", "fun": "open", "head": "T45n1909_p0946a22"}, {"n": "006", "fun": "close", "head": "T45n1909_p0950a25"}, {"n": "007", "fun": "open", "head": "T45n1909_p0950b02"}, {"n": "007", "fun": "close", "head": "T45n1909_p0954a26"}, {"n": "008", "fun": "open", "head": "T45n1909_p0954b02"}, {"n": "008", "fun": "close", "head": "T45n1909_p0958a08"}, {"n": "009", "fun": "open", "head": "T45n1909_p0958a11"}, {"n": "009", "fun": "close", "head": "T45n1909_p0962c21"}, {"n": "010", "fun": "open", "head": "T45n1909_p0963a02"}, {"n": "010", "fun": "close", "head": "T45n1909_p0967c24"}]