[{"n": "001", "fun": "open", "head": "T45n1860_p0201a03", "title": "肇論新疏卷上"}, {"n": "001", "fun": "close", "head": "T45n1860_p0212c16", "title": "肇論新疏卷上"}, {"n": "002", "fun": "open", "head": "T45n1860_p0212c19", "title": "肇論新疏卷中"}, {"n": "002", "fun": "close", "head": "T45n1860_p0228a09", "title": "肇論新疏卷中畢"}, {"n": "003", "fun": "open", "head": "T45n1860_p0228a12", "title": "肇論新疏卷下"}, {"n": "003", "fun": "close", "head": "T45n1860_p0243b22", "title": "肇論新疏卷下終"}]