[{"n": "001", "fun": "open", "head": "T45n1866_p0477a03", "title": "華嚴一乘教義分齊章卷第一"}, {"n": "001", "fun": "close", "head": "T45n1866_p0484b25", "title": "華嚴一乘教義分齊章卷第一"}, {"n": "002", "fun": "open", "head": "T45n1866_p0484c03", "title": "華嚴一乘教義分齊章卷第二"}, {"n": "002", "fun": "close", "head": "T45n1866_p0491c19", "title": "華嚴一乘教義分齊章卷第二"}, {"n": "003", "fun": "open", "head": "T45n1866_p0492a02", "title": "華嚴一乘教義分齊章卷第三"}, {"n": "003", "fun": "close", "head": "T45n1866_p0499a03", "title": "華嚴一乘教義分齊章卷第三"}, {"n": "004", "fun": "open", "head": "T45n1866_p0499a06", "title": "華嚴一乘教義分齊章卷第四"}, {"n": "004", "fun": "close", "head": "T45n1866_p0509a04", "title": "華嚴一乘教義分齊章卷第四"}]