[{"n": "001", "fun": "open", "head": "T45n1861_p0245a03", "title": "大乘法苑義林章卷第一"}, {"n": "001", "fun": "close", "head": "T45n1861_p0267c28", "title": "大乘法苑義林章卷第一"}, {"n": "002", "fun": "open", "head": "T45n1861_p0268a05", "title": "大乘法苑義林章卷第二"}, {"n": "002", "fun": "close", "head": "T45n1861_p0294a13", "title": "大乘法苑義林章第二"}, {"n": "003", "fun": "open", "head": "T45n1861_p0294a21", "title": "大乘法苑義林章卷第三"}, {"n": "003", "fun": "close", "head": "T45n1861_p0315c28", "title": "大乘法苑義林章卷第三"}, {"n": "004", "fun": "open", "head": "T45n1861_p0316a04", "title": "大乘法苑義林章卷第四"}, {"n": "004", "fun": "close", "head": "T45n1861_p0331a18", "title": "大乘法苑義林章卷第四"}, {"n": "005", "fun": "open", "head": "T45n1861_p0331a21", "title": "大乘法苑義林章卷第五"}, {"n": "005", "fun": "close", "head": "T45n1861_p0343a26", "title": "大乘法苑義林章卷第五"}, {"n": "006", "fun": "open", "head": "T45n1861_p0343b11", "title": "大乘法苑義林章卷第六"}, {"n": "006", "fun": "close", "head": "T45n1861_p0358c09", "title": "大乘法苑義林章卷第六"}, {"n": "007", "fun": "open", "head": "T45n1861_p0358c17", "title": "大乘法苑義林章卷第七"}, {"n": "007", "fun": "close", "head": "T45n1861_p0374c01", "title": "大乘法苑義林章卷第七"}]