[{"n": "001", "fun": "open", "head": "T45n1862_p0375a03", "title": "勸發菩提心集卷上"}, {"n": "001", "fun": "close", "head": "T45n1862_p0383c21", "title": "勸發菩提心集卷上"}, {"n": "002", "fun": "open", "head": "T45n1862_p0383c24", "title": "勸發菩提心集卷中"}, {"n": "002", "fun": "close", "head": "T45n1862_p0395c12", "title": "勸發菩提心集卷中"}, {"n": "003", "fun": "open", "head": "T45n1862_p0395c15", "title": "勸發菩提心集卷下"}, {"n": "003", "fun": "close", "head": "T45n1862_p0408b08", "title": "勸發菩提心集卷下終"}]