[{"n": "001", "fun": "open", "head": "T45n1859_p0161c03", "title": "肇論疏卷上　序"}, {"n": "001", "fun": "close", "head": "T45n1859_p0174b22", "title": "肇論疏卷上"}, {"n": "002", "fun": "open", "head": "T45n1859_p0174c17", "title": "肇論疏卷中"}, {"n": "002", "fun": "close", "head": "T45n1859_p0189c11", "title": "肇論疏卷中"}, {"n": "003", "fun": "open", "head": "T45n1859_p0189c20", "title": "肇論疏卷下"}, {"n": "003", "fun": "close", "head": "T45n1859_p0200c24", "title": "肇論疏卷下終"}]