[{"n": "001", "fun": "open", "head": "T45n1910_p0968c18", "title": "慈悲水懺法卷上"}, {"n": "001", "fun": "close", "head": "T45n1910_p0971b21", "title": "慈悲水懺法卷上"}, {"n": "002", "fun": "open", "head": "T45n1910_p0971b24", "title": "慈悲水懺法卷中"}, {"n": "002", "fun": "close", "head": "T45n1910_p0975b06", "title": "慈悲水懺法卷中"}, {"n": "003", "fun": "open", "head": "T45n1910_p0975b09", "title": "慈悲水懺法卷下"}, {"n": "003", "fun": "close", "head": "T45n1910_p0978b28", "title": "慈悲水懺法卷下"}]