[{"n": "001", "fun": "open", "head": "T45n1854_p0078a11", "title": "二諦義卷上"}, {"n": "001", "fun": "close", "head": "T45n1854_p0092c01", "title": "二諦義卷上"}, {"n": "002", "fun": "open", "head": "T45n1854_p0092c04", "title": "二諦義中卷"}, {"n": "002", "fun": "close", "head": "T45n1854_p0104c04", "title": "二諦義中卷"}, {"n": "003", "fun": "open", "head": "T45n1854_p0104c08", "title": "二諦義卷下"}, {"n": "003", "fun": "close", "head": "T45n1854_p0115a17", "title": "二諦義下卷"}]