[{"n": "001a", "fun": "open", "head": "T45n1887B_p0716a24", "title": "法界圖記叢髓錄卷上之一"}, {"n": "001a", "fun": "close", "head": "T45n1887B_p0731a01", "title": "法界圖記叢髓錄卷上之一"}, {"n": "001b", "fun": "open", "head": "T45n1887B_p0731a04", "title": "法界圖記叢髓錄卷上之二"}, {"n": "001b", "fun": "close", "head": "T45n1887B_p0743a13", "title": "法界圖記叢髓錄卷上之二"}, {"n": "002a", "fun": "open", "head": "T45n1887B_p0743a16", "title": "法界圖記叢髓錄卷下之一"}, {"n": "002a", "fun": "close", "head": "T45n1887B_p0755a02", "title": "法界圖記叢髓錄卷下之一"}, {"n": "002b", "fun": "open", "head": "T45n1887B_p0755a06", "title": "法界圖記叢髓錄卷下之二"}, {"n": "002b", "fun": "close", "head": "T45n1887B_p0767c20", "title": "法界圖記叢髓錄卷下之二"}]