[{"n": "001", "fun": "open", "head": "T45n1853_p0015a07"}, {"n": "001", "fun": "close", "head": "T45n1853_p0025a13"}, {"n": "002", "fun": "open", "head": "T45n1853_p0025a16"}, {"n": "002", "fun": "close", "head": "T45n1853_p0035b03"}, {"n": "003", "fun": "open", "head": "T45n1853_p0035b06"}, {"n": "003", "fun": "close", "head": "T45n1853_p0048c28"}, {"n": "004", "fun": "open", "head": "T45n1853_p0049a02"}, {"n": "004", "fun": "close", "head": "T45n1853_p0063b03"}, {"n": "005", "fun": "open", "head": "T45n1853_p0063b06"}, {"n": "005", "fun": "close", "head": "T45n1853_p0077b07"}]