[{"n": "001", "fun": "open", "head": "T45n1856_p0122b18", "title": "鳩摩羅什法師大義卷上"}, {"n": "001", "fun": "close", "head": "T45n1856_p0129c08", "title": "鳩摩羅什法師大義卷上"}, {"n": "002", "fun": "open", "head": "T45n1856_p0129c11", "title": "鳩摩羅什法師大義卷中"}, {"n": "002", "fun": "close", "head": "T45n1856_p0136b11", "title": "鳩摩羅什法師大義卷中"}, {"n": "003", "fun": "open", "head": "T45n1856_p0136b14", "title": "鳩摩羅什法師大義卷下"}, {"n": "003", "fun": "close", "head": "T45n1856_p0143b10", "title": "鳩摩羅什法師大義卷下終"}]