[{"n": "001", "fun": "open", "head": "T45n1909_p0922c20", "title": "慈悲道場懺法卷第一"}, {"n": "001", "fun": "close", "head": "T45n1909_p0928a09", "title": "慈悲道場懺法卷第一"}, {"n": "002", "fun": "open", "head": "T45n1909_p0928a12", "title": "慈悲道場懺法卷第二"}, {"n": "002", "fun": "close", "head": "T45n1909_p0932a21", "title": "慈悲道場懺法卷第二"}, {"n": "003", "fun": "open", "head": "T45n1909_p0932a24", "title": "慈悲道場懺法卷第三"}, {"n": "003", "fun": "close", "head": "T45n1909_p0937b19", "title": "慈悲道場懺法卷第三"}, {"n": "004", "fun": "open", "head": "T45n1909_p0937b22", "title": "慈悲道場懺法卷第四"}, {"n": "004", "fun": "close", "head": "T45n1909_p0942a17", "title": "慈悲道場懺法卷第四"}, {"n": "005", "fun": "open", "head": "T45n1909_p0942a19", "title": "慈悲道場懺法卷第五"}, {"n": "005", "fun": "close", "head": "T45n1909_p0946a19", "title": "慈悲道場懺法卷第五"}, {"n": "006", "fun": "open", "head": "T45n1909_p0946a22", "title": "慈悲道場懺法卷第六"}, {"n": "006", "fun": "close", "head": "T45n1909_p0950a25", "title": "慈悲道場懺法卷第六"}, {"n": "007", "fun": "open", "head": "T45n1909_p0950b02", "title": "慈悲道場懺法卷第七"}, {"n": "007", "fun": "close", "head": "T45n1909_p0954a26", "title": "慈悲道場懺法卷第七"}, {"n": "008", "fun": "open", "head": "T45n1909_p0954b02", "title": "慈悲道場懺法卷第八"}, {"n": "008", "fun": "close", "head": "T45n1909_p0958a08", "title": "慈悲道場懺法卷第八"}, {"n": "009", "fun": "open", "head": "T45n1909_p0958a11", "title": "慈悲道場懺法卷第九"}, {"n": "009", "fun": "close", "head": "T45n1909_p0962c21", "title": "慈悲道場懺法卷第九"}, {"n": "010", "fun": "open", "head": "T45n1909_p0963a02", "title": "慈悲道場懺法卷第十"}, {"n": "010", "fun": "close", "head": "T45n1909_p0967c24", "title": "慈悲道場懺法卷第十"}]