[{"n": "001", "fun": "open", "head": "T45n1870_p0536c03", "title": "華嚴經內章門等雜孔目卷第一"}, {"n": "001", "fun": "close", "head": "T45n1870_p0548a08", "title": "華嚴經內章門等雜孔目卷第一"}, {"n": "002", "fun": "open", "head": "T45n1870_p0548a11", "title": "華嚴經內章門等雜孔目卷第二"}, {"n": "002", "fun": "close", "head": "T45n1870_p0560a12", "title": "華嚴經內章門等雜孔目卷第二"}, {"n": "003", "fun": "open", "head": "T45n1870_p0560a15", "title": "華嚴經內章門等雜孔目卷第三"}, {"n": "003", "fun": "close", "head": "T45n1870_p0575b20", "title": "華嚴經內章門等維孔目卷第三"}, {"n": "004", "fun": "open", "head": "T45n1870_p0575b23", "title": "華嚴經內章門等雜孔目卷第四"}, {"n": "004", "fun": "close", "head": "T45n1870_p0589b14", "title": "華嚴經內章門等雜孔目卷第四止"}]