[{"n": "001", "fun": "open", "head": "T45n1863_p0408b21", "title": "能顯中邊慧日論第一"}, {"n": "001", "fun": "close", "head": "T45n1863_p0421c19", "title": "能顯中邊慧日論卷一"}, {"n": "002", "fun": "open", "head": "T45n1863_p0421c22", "title": "能顯中邊慧日論第二"}, {"n": "002", "fun": "close", "head": "T45n1863_p0430c25", "title": "能顯中邊慧日論第二"}, {"n": "003", "fun": "open", "head": "T45n1863_p0431a02", "title": "能顯中邊慧日論第三"}, {"n": "003", "fun": "close", "head": "T45n1863_p0439a05", "title": "能顯中邊慧日論第三"}, {"n": "004", "fun": "open", "head": "T45n1863_p0439a08", "title": "能顯中邊慧日論第四"}, {"n": "004", "fun": "close", "head": "T45n1863_p0449a12", "title": "能顯中邊慧日論第四"}]