[{"n": "001", "fun": "open", "head": "T45n1853_p0015a07", "title": "大乘玄論卷第一"}, {"n": "001", "fun": "close", "head": "T45n1853_p0025a13", "title": "大乘玄論卷第一終"}, {"n": "002", "fun": "open", "head": "T45n1853_p0025a16", "title": "大乘玄論卷第二"}, {"n": "002", "fun": "close", "head": "T45n1853_p0035b03", "title": "大乘玄論卷第二終"}, {"n": "003", "fun": "open", "head": "T45n1853_p0035b06", "title": "大乘玄論卷第三"}, {"n": "003", "fun": "close", "head": "T45n1853_p0048c28", "title": "大乘玄論卷第三"}, {"n": "004", "fun": "open", "head": "T45n1853_p0049a02", "title": "大乘玄論卷第四"}, {"n": "004", "fun": "close", "head": "T45n1853_p0063b03", "title": "大乘玄論卷第四終"}, {"n": "005", "fun": "open", "head": "T45n1853_p0063b06", "title": "大乘玄論卷第五"}, {"n": "005", "fun": "close", "head": "T45n1853_p0077b07", "title": "大乘玄論卷第五"}]