[{"level": "1", "n": "", "type": "其他", "text": "論二", "head": "N55n0029_p0001a01"}, {"level": "2", "n": "", "type": "其他", "text": "順發趣二", "head": "N55n0029_p0001a01"}, {"level": "3", "n": "", "type": "其他", "text": "順三法發趣二", "head": "N55n0029_p0001a01"}, {"level": "4", "n": "", "type": "其他", "text": "第二　受三法", "head": "N55n0029_p0001a01"}, {"level": "5", "n": "", "type": "其他", "text": "第一章　相緣分", "head": "N55n0029_p0001a03"}, {"level": "6", "n": "", "type": "其他", "text": "第一節　順", "head": "N55n0029_p0001a05"}, {"level": "6", "n": "", "type": "其他", "text": "第二節　逆", "head": "N55n0029_p0004a07"}, {"level": "6", "n": "", "type": "其他", "text": "第三節　順逆", "head": "N55n0029_p0010a07"}, {"level": "6", "n": "", "type": "其他", "text": "第四節　逆順", "head": "N55n0029_p0010a12"}, {"level": "5", "n": "", "type": "其他", "text": "第二章～第六章", "head": "N55n0029_p0013a06"}, {"level": "5", "n": "", "type": "其他", "text": "第七章　問分", "head": "N55n0029_p0013a12"}, {"level": "6", "n": "", "type": "其他", "text": "第一節　順", "head": "N55n0029_p0013a14"}, {"level": "7", "n": "", "type": "其他", "text": "〔因緣〕", "head": "N55n0029_p0014a01"}, {"level": "7", "n": "", "type": "其他", "text": "〔所緣緣〕", "head": "N55n0029_p0014a09"}, {"level": "7", "n": "", "type": "其他", "text": "〔增上緣〕", "head": "N55n0029_p0018a02"}, {"level": "7", "n": "", "type": "其他", "text": "〔無間緣〕", "head": "N55n0029_p0019a11"}, {"level": "7", "n": "", "type": "其他", "text": "〔等無間緣〕", "head": "N55n0029_p0021a11"}, {"level": "7", "n": "", "type": "其他", "text": "〔俱生緣〕", "head": "N55n0029_p0021a13"}, {"level": "7", "n": "", "type": "其他", "text": "〔互相緣．依止緣〕", "head": "N55n0029_p0022a08"}, {"level": "7", "n": "", "type": "其他", "text": "〔親依止緣〕", "head": "N55n0029_p0022a11"}, {"level": "7", "n": "", "type": "其他", "text": "〔修習緣〕", "head": "N55n0029_p0027a02"}, {"level": "7", "n": "", "type": "其他", "text": "〔業緣〕", "head": "N55n0029_p0027a11"}, {"level": "7", "n": "", "type": "其他", "text": "〔異熟緣〕", "head": "N55n0029_p0029a03"}, {"level": "7", "n": "", "type": "其他", "text": "〔食緣、根緣、靜慮緣、道緣、相應緣……〕", "head": "N55n0029_p0029a10"}, {"level": "7", "n": "", "type": "其他", "text": "〔因根〕", "head": "N55n0029_p0029a14"}, {"level": "7", "n": "", "type": "其他", "text": "所緣根", "head": "N55n0029_p0030a11"}, {"level": "7", "n": "", "type": "其他", "text": "增上根", "head": "N55n0029_p0030a13"}, {"level": "7", "n": "", "type": "其他", "text": "無間．等無間根", "head": "N55n0029_p0031a09"}, {"level": "7", "n": "", "type": "其他", "text": "俱生．互相．依止根", "head": "N55n0029_p0031a13"}, {"level": "7", "n": "", "type": "其他", "text": "親依止根", "head": "N55n0029_p0032a05"}, {"level": "7", "n": "", "type": "其他", "text": "修習根", "head": "N55n0029_p0032a11"}, {"level": "7", "n": "", "type": "其他", "text": "業根", "head": "N55n0029_p0032a14"}, {"level": "7", "n": "", "type": "其他", "text": "異熟根", "head": "N55n0029_p0033a06"}, {"level": "7", "n": "", "type": "其他", "text": "食根", "head": "N55n0029_p0033a09"}, {"level": "7", "n": "", "type": "其他", "text": "根根", "head": "N55n0029_p0034a04"}, {"level": "7", "n": "", "type": "其他", "text": "靜慮根", "head": "N55n0029_p0035a07"}, {"level": "7", "n": "", "type": "其他", "text": "道根", "head": "N55n0029_p0036a02"}, {"level": "7", "n": "", "type": "其他", "text": "相應根", "head": "N55n0029_p0037a02"}, {"level": "6", "n": "", "type": "其他", "text": "第二節　逆", "head": "N55n0029_p0037a07"}, {"level": "6", "n": "", "type": "其他", "text": "第三節　順逆", "head": "N55n0029_p0039a05"}, {"level": "6", "n": "", "type": "其他", "text": "第四節　逆順", "head": "N55n0029_p0039a11"}, {"level": "4", "n": "", "type": "其他", "text": "第三　異熟三法", "head": "N55n0029_p0041a04"}, {"level": "5", "n": "", "type": "其他", "text": "第一章　相緣分", "head": "N55n0029_p0041a06"}, {"level": "6", "n": "", "type": "其他", "text": "第一節　順", "head": "N55n0029_p0041a08"}, {"level": "6", "n": "", "type": "其他", "text": "第二節　逆", "head": "N55n0029_p0047a12"}, {"level": "6", "n": "", "type": "其他", "text": "第三節　順逆", "head": "N55n0029_p0056a14"}, {"level": "6", "n": "", "type": "其他", "text": "第四節　逆順", "head": "N55n0029_p0057a10"}, {"level": "5", "n": "", "type": "其他", "text": "第二章　俱生分", "head": "N55n0029_p0058a06"}, {"level": "5", "n": "", "type": "其他", "text": "第三章　緣依分", "head": "N55n0029_p0058a12"}, {"level": "6", "n": "", "type": "其他", "text": "第一節　順", "head": "N55n0029_p0058a14"}, {"level": "6", "n": "", "type": "其他", "text": "第二節　逆", "head": "N55n0029_p0067a11"}, {"level": "6", "n": "", "type": "其他", "text": "第三節　順逆", "head": "N55n0029_p0069a02"}, {"level": "6", "n": "", "type": "其他", "text": "第四節　逆順", "head": "N55n0029_p0069a06"}, {"level": "5", "n": "", "type": "其他", "text": "第四章　依止分", "head": "N55n0029_p0069a11"}, {"level": "5", "n": "", "type": "其他", "text": "第五章　相雜分", "head": "N55n0029_p0070a01"}, {"level": "6", "n": "", "type": "其他", "text": "第一節　順", "head": "N55n0029_p0070a02"}, {"level": "6", "n": "", "type": "其他", "text": "第二節　逆", "head": "N55n0029_p0070a09"}, {"level": "6", "n": "", "type": "其他", "text": "第三節　順逆", "head": "N55n0029_p0070a14"}, {"level": "6", "n": "", "type": "其他", "text": "第四節　逆順", "head": "N55n0029_p0071a03"}, {"level": "5", "n": "", "type": "其他", "text": "第六章　相應分", "head": "N55n0029_p0071a07"}, {"level": "5", "n": "", "type": "其他", "text": "第七章　問分", "head": "N55n0029_p0071a11"}, {"level": "6", "n": "", "type": "其他", "text": "第一節　順", "head": "N55n0029_p0071a12"}, {"level": "6", "n": "", "type": "其他", "text": "第二節　逆", "head": "N55n0029_p0092a05"}, {"level": "6", "n": "", "type": "其他", "text": "第三節　順逆", "head": "N55n0029_p0094a03"}, {"level": "6", "n": "", "type": "其他", "text": "第四節　逆順", "head": "N55n0029_p0094a09"}, {"level": "4", "n": "", "type": "其他", "text": "第四　已取三法", "head": "N55n0029_p0095a01"}, {"level": "5", "n": "", "type": "其他", "text": "第一章　相緣分", "head": "N55n0029_p0095a04"}, {"level": "6", "n": "", "type": "其他", "text": "第一節　順", "head": "N55n0029_p0095a06"}, {"level": "6", "n": "", "type": "其他", "text": "第二節　逆", "head": "N55n0029_p0099a14"}, {"level": "6", "n": "", "type": "其他", "text": "第三節　順逆", "head": "N55n0029_p0104a13"}, {"level": "6", "n": "", "type": "其他", "text": "第四節　逆順", "head": "N55n0029_p0105a01"}, {"level": "5", "n": "", "type": "其他", "text": "第二章　俱生分", "head": "N55n0029_p0105a04"}, {"level": "5", "n": "", "type": "其他", "text": "第三章　緣依分", "head": "N55n0029_p0105a07"}, {"level": "6", "n": "", "type": "其他", "text": "第一節　順", "head": "N55n0029_p0105a08"}, {"level": "6", "n": "", "type": "其他", "text": "第二節　逆", "head": "N55n0029_p0108a08"}, {"level": "5", "n": "", "type": "其他", "text": "第四章　依止分", "head": "N55n0029_p0112a06"}, {"level": "5", "n": "", "type": "其他", "text": "第五章　相雜分", "head": "N55n0029_p0112a10"}, {"level": "6", "n": "", "type": "其他", "text": "第一節　順", "head": "N55n0029_p0112a11"}, {"level": "6", "n": "", "type": "其他", "text": "第二節　逆", "head": "N55n0029_p0113a05"}, {"level": "6", "n": "", "type": "其他", "text": "第三節～第四節　順逆．逆順", "head": "N55n0029_p0113a11"}, {"level": "5", "n": "", "type": "其他", "text": "第六章　相應分", "head": "N55n0029_p0114a01"}, {"level": "5", "n": "", "type": "其他", "text": "第七章　問分", "head": "N55n0029_p0114a06"}, {"level": "6", "n": "", "type": "其他", "text": "第一節　順", "head": "N55n0029_p0114a07"}, {"level": "6", "n": "", "type": "其他", "text": "第二節　逆", "head": "N55n0029_p0147a04"}, {"level": "6", "n": "", "type": "其他", "text": "第三節　順逆", "head": "N55n0029_p0150a05"}, {"level": "6", "n": "", "type": "其他", "text": "第四節　逆順", "head": "N55n0029_p0150a11"}, {"level": "4", "n": "", "type": "其他", "text": "第五　已染三法", "head": "N55n0029_p0151a03"}, {"level": "5", "n": "", "type": "其他", "text": "第一章　相緣分", "head": "N55n0029_p0151a05"}, {"level": "5", "n": "", "type": "其他", "text": "第二章～第六章", "head": "N55n0029_p0154a06"}, {"level": "5", "n": "", "type": "其他", "text": "第七章　問分", "head": "N55n0029_p0154a09"}, {"level": "6", "n": "", "type": "其他", "text": "第一節　順", "head": "N55n0029_p0154a10"}, {"level": "6", "n": "", "type": "其他", "text": "第二節　逆", "head": "N55n0029_p0172a06"}, {"level": "6", "n": "", "type": "其他", "text": "第三節　順逆", "head": "N55n0029_p0174a09"}, {"level": "6", "n": "", "type": "其他", "text": "第四節　逆順", "head": "N55n0029_p0174a14"}, {"level": "4", "n": "", "type": "其他", "text": "第六　尋三法", "head": "N55n0029_p0175a07"}, {"level": "5", "n": "", "type": "其他", "text": "第一章　相緣分", "head": "N55n0029_p0175a09"}, {"level": "6", "n": "", "type": "其他", "text": "第一節　順", "head": "N55n0029_p0175a11"}, {"level": "6", "n": "", "type": "其他", "text": "第二節　逆", "head": "N55n0029_p0193a06"}, {"level": "6", "n": "", "type": "其他", "text": "第三節　順逆", "head": "N55n0029_p0205a08"}, {"level": "6", "n": "", "type": "其他", "text": "第四節　逆順", "head": "N55n0029_p0205a10"}, {"level": "5", "n": "", "type": "其他", "text": "第二章　俱生分", "head": "N55n0029_p0205a12"}, {"level": "5", "n": "", "type": "其他", "text": "第三章　緣依分", "head": "N55n0029_p0206a01"}, {"level": "6", "n": "", "type": "其他", "text": "第一節　順", "head": "N55n0029_p0206a03"}, {"level": "6", "n": "", "type": "其他", "text": "第二節　逆", "head": "N55n0029_p0208a12"}, {"level": "5", "n": "", "type": "其他", "text": "第四章　依止分", "head": "N55n0029_p0212a03"}, {"level": "5", "n": "", "type": "其他", "text": "第五章　相雜分", "head": "N55n0029_p0212a06"}, {"level": "6", "n": "", "type": "其他", "text": "第一節　順", "head": "N55n0029_p0212a07"}, {"level": "6", "n": "", "type": "其他", "text": "第二節　逆", "head": "N55n0029_p0214a02"}, {"level": "5", "n": "", "type": "其他", "text": "第六章　相應分", "head": "N55n0029_p0214a07"}, {"level": "5", "n": "", "type": "其他", "text": "第七章　問分", "head": "N55n0029_p0214a10"}, {"level": "6", "n": "", "type": "其他", "text": "第一節　順", "head": "N55n0029_p0214a11"}, {"level": "6", "n": "", "type": "其他", "text": "第二節　逆", "head": "N55n0029_p0283a04"}, {"level": "6", "n": "", "type": "其他", "text": "第三節　順逆", "head": "N55n0029_p0287a12"}, {"level": "6", "n": "", "type": "其他", "text": "第四節　逆順", "head": "N55n0029_p0288a03"}, {"level": "4", "n": "", "type": "其他", "text": "第七　喜三法", "head": "N55n0029_p0288a09"}, {"level": "5", "n": "", "type": "其他", "text": "第一章　相緣分", "head": "N55n0029_p0288a11"}, {"level": "6", "n": "", "type": "其他", "text": "第一節　順", "head": "N55n0029_p0288a13"}, {"level": "6", "n": "", "type": "其他", "text": "第二節　逆", "head": "N55n0029_p0291a01"}, {"level": "6", "n": "", "type": "其他", "text": "第三節　順逆", "head": "N55n0029_p0293a01"}, {"level": "6", "n": "", "type": "其他", "text": "第四節　逆順", "head": "N55n0029_p0293a04"}, {"level": "5", "n": "", "type": "其他", "text": "第二章～第六章", "head": "N55n0029_p0293a09"}, {"level": "5", "n": "", "type": "其他", "text": "第七章　問分", "head": "N55n0029_p0293a12"}, {"level": "6", "n": "", "type": "其他", "text": "第一節　順", "head": "N55n0029_p0293a13"}, {"level": "6", "n": "", "type": "其他", "text": "第二節　逆", "head": "N55n0029_p0312a14"}, {"level": "6", "n": "", "type": "其他", "text": "第三節　順逆", "head": "N55n0029_p0315a06"}, {"level": "6", "n": "", "type": "其他", "text": "第四節　逆順", "head": "N55n0029_p0315a11"}, {"level": "4", "n": "", "type": "其他", "text": "第八　見三法", "head": "N55n0029_p0316a01"}, {"level": "5", "n": "", "type": "其他", "text": "第一章　相緣分", "head": "N55n0029_p0316a04"}, {"level": "6", "n": "", "type": "其他", "text": "第一節　順", "head": "N55n0029_p0316a06"}, {"level": "6", "n": "", "type": "其他", "text": "第二節　逆", "head": "N55n0029_p0320a05"}, {"level": "6", "n": "", "type": "其他", "text": "第三節　順逆", "head": "N55n0029_p0324a14"}, {"level": "6", "n": "", "type": "其他", "text": "第四節　逆順", "head": "N55n0029_p0325a04"}, {"level": "5", "n": "", "type": "其他", "text": "第二章　俱生分", "head": "N55n0029_p0325a09"}, {"level": "5", "n": "", "type": "其他", "text": "第三章　緣依分", "head": "N55n0029_p0325a13"}, {"level": "6", "n": "", "type": "其他", "text": "第一節　順", "head": "N55n0029_p0325a14"}, {"level": "6", "n": "", "type": "其他", "text": "第二節　逆", "head": "N55n0029_p0329a11"}, {"level": "6", "n": "", "type": "其他", "text": "第三節　順逆", "head": "N55n0029_p0334a07"}, {"level": "6", "n": "", "type": "其他", "text": "第四節　逆順", "head": "N55n0029_p0334a11"}, {"level": "5", "n": "", "type": "其他", "text": "第四章　依止分", "head": "N55n0029_p0335a01"}, {"level": "5", "n": "", "type": "其他", "text": "第五章　相雜分", "head": "N55n0029_p0335a04"}, {"level": "6", "n": "", "type": "其他", "text": "第一節　順", "head": "N55n0029_p0335a06"}, {"level": "6", "n": "", "type": "其他", "text": "第二節　逆", "head": "N55n0029_p0336a02"}, {"level": "6", "n": "", "type": "其他", "text": "第三節　順逆", "head": "N55n0029_p0337a01"}, {"level": "6", "n": "", "type": "其他", "text": "第四節　逆順", "head": "N55n0029_p0337a04"}, {"level": "5", "n": "", "type": "其他", "text": "第六章　相應分", "head": "N55n0029_p0337a09"}, {"level": "5", "n": "", "type": "其他", "text": "第七章　問分", "head": "N55n0029_p0337a12"}, {"level": "6", "n": "", "type": "其他", "text": "第一節　順", "head": "N55n0029_p0337a13"}, {"level": "6", "n": "", "type": "其他", "text": "第二節　逆", "head": "N55n0029_p0355a12"}, {"level": "6", "n": "", "type": "其他", "text": "第三節　順逆", "head": "N55n0029_p0357a10"}, {"level": "6", "n": "", "type": "其他", "text": "第四節　逆順", "head": "N55n0029_p0357a14"}, {"level": "1", "n": "", "type": "其他", "text": "註二", "head": "N55n0029_p0358a05"}, {"level": "2", "n": "", "type": "其他", "text": "第二　受三法之釋", "head": "N55n0029_p0358a08"}, {"level": "2", "n": "", "type": "其他", "text": "第三　異熟三法之釋", "head": "N55n0029_p0365a11"}, {"level": "2", "n": "", "type": "其他", "text": "第四　已取三法之釋", "head": "N55n0029_p0367a12"}, {"level": "2", "n": "", "type": "其他", "text": "第五　殘餘三法之釋", "head": "N55n0029_p0368a12"}]