[{"level": "1", "n": "", "type": "序", "text": "序", "head": "GA035n0036_pb003a01"}, {"level": "1", "n": "", "type": "其他", "text": "山圖", "head": "GA035n0036_pb019a01"}, {"level": "2", "n": "", "type": "其他", "text": "烏目山圖", "head": "GA035n0036_pb019a01"}, {"level": "2", "n": "", "type": "其他", "text": "興福寺圖", "head": "GA035n0036_pb024a01"}, {"level": "2", "n": "", "type": "其他", "text": "蘇先子後圖", "head": "GA035n0036_pb025a01"}, {"level": "1", "n": "", "type": "其他", "text": "破山", "head": "GA035n0036_pb027a03"}, {"level": "1", "n": "", "type": "其他", "text": "興福寺", "head": "GA035n0036_pb030a03"}, {"level": "2", "n": "", "type": "其他", "text": "概述", "head": "GA035n0036_pb030a03"}, {"level": "2", "n": "", "type": "其他", "text": "唐破山興福寺再修功德記", "head": "GA035n0036_pb030a05"}, {"level": "2", "n": "", "type": "其他", "text": "唐詩", "head": "GA035n0036_pb035a01"}, {"level": "3", "n": "", "type": "其他", "text": "常建：題破山寺後禪院", "head": "GA035n0036_pb035a02"}, {"level": "3", "n": "", "type": "其他", "text": "僧清晝：晚秋破山寺", "head": "GA035n0036_pb037a07"}, {"level": "3", "n": "", "type": "其他", "text": "吳融：送僧歸破山寺", "head": "GA035n0036_pb038a06"}, {"level": "3", "n": "", "type": "其他", "text": "僧常達：破山山居八詠", "head": "GA035n0036_pb039a01"}, {"level": "4", "n": "", "type": "其他", "text": "一", "head": "GA035n0036_pb039a02"}, {"level": "4", "n": "", "type": "其他", "text": "二", "head": "GA035n0036_pb039a04"}, {"level": "4", "n": "", "type": "其他", "text": "三", "head": "GA035n0036_pb039a07"}, {"level": "4", "n": "", "type": "其他", "text": "四", "head": "GA035n0036_pb040a02"}, {"level": "4", "n": "", "type": "其他", "text": "五", "head": "GA035n0036_pb040a05"}, {"level": "4", "n": "", "type": "其他", "text": "六", "head": "GA035n0036_pb040a08"}, {"level": "4", "n": "", "type": "其他", "text": "七", "head": "GA035n0036_pb041a03"}, {"level": "4", "n": "", "type": "其他", "text": "八", "head": "GA035n0036_pb041a06"}, {"level": "2", "n": "", "type": "其他", "text": "宋詩", "head": "GA035n0036_pb042a01"}, {"level": "3", "n": "", "type": "其他", "text": "劉拯：破山八詠", "head": "GA035n0036_pb042a02"}, {"level": "3", "n": "", "type": "其他", "text": "興福寺", "head": "GA035n0036_pb043a02"}, {"level": "3", "n": "", "type": "其他", "text": "李湛：興福寺", "head": "GA035n0036_pb043a08"}, {"level": "3", "n": "", "type": "其他", "text": "莫儔：破山", "head": "GA035n0036_pb044a06"}, {"level": "3", "n": "", "type": "其他", "text": "李光：破山興福寺", "head": "GA035n0036_pb045a03"}, {"level": "3", "n": "", "type": "其他", "text": "章康：游龍山", "head": "GA035n0036_pb045a08"}, {"level": "2", "n": "", "type": "其他", "text": "元詩", "head": "GA035n0036_pb047a01"}, {"level": "3", "n": "", "type": "其他", "text": "周霞賔：破山後院", "head": "GA035n0036_pb047a02"}, {"level": "3", "n": "", "type": "其他", "text": "僧如鏡：破山寺", "head": "GA035n0036_pb047a05"}, {"level": "3", "n": "", "type": "其他", "text": "吳訥：破山", "head": "GA035n0036_pb048a01"}, {"level": "3", "n": "", "type": "其他", "text": "李傑：遊破山寺和錢世恒韻", "head": "GA035n0036_pb048a05"}, {"level": "3", "n": "", "type": "其他", "text": "王同祖：游破山興福寺破龍澗", "head": "GA035n0036_pb049a01"}, {"level": "3", "n": "", "type": "其他", "text": "錢籍：遊興福寺歸途即事", "head": "GA035n0036_pb049a04"}, {"level": "3", "n": "", "type": "其他", "text": "楊儀：遊興福寺", "head": "GA035n0036_pb049a07"}, {"level": "3", "n": "", "type": "其他", "text": "楊儀：贈破山寺洪上人", "head": "GA035n0036_pb050a02"}, {"level": "3", "n": "", "type": "其他", "text": "孫七政：春日遊破山遇雨", "head": "GA035n0036_pb050a06"}, {"level": "3", "n": "", "type": "其他", "text": "邵鍪：破山贈李超無得貧字", "head": "GA035n0036_pb051a01"}, {"level": "3", "n": "", "type": "其他", "text": "尹嘉賔：寄破山樵者李超無三首", "head": "GA035n0036_pb051a05"}, {"level": "4", "n": "", "type": "其他", "text": "一", "head": "GA035n0036_pb051a06"}, {"level": "4", "n": "", "type": "其他", "text": "二", "head": "GA035n0036_pb051a08"}, {"level": "4", "n": "", "type": "其他", "text": "三", "head": "GA035n0036_pb052a03"}, {"level": "1", "n": "", "type": "其他", "text": "龍鬬澗", "head": "GA035n0036_pb052a06"}, {"level": "2", "n": "", "type": "其他", "text": "概述", "head": "GA035n0036_pb052a06"}, {"level": "2", "n": "", "type": "其他", "text": "劉拯：龍鬬澗", "head": "GA035n0036_pb053a01"}, {"level": "2", "n": "", "type": "其他", "text": "宋高九萬：題龍山", "head": "GA035n0036_pb053a05"}, {"level": "1", "n": "", "type": "其他", "text": "朱砂洞", "head": "GA035n0036_pb054a03"}, {"level": "1", "n": "", "type": "其他", "text": "大澗", "head": "GA035n0036_pb054a05"}, {"level": "1", "n": "", "type": "其他", "text": "空心潭", "head": "GA035n0036_pb054a06"}, {"level": "2", "n": "", "type": "其他", "text": "概述", "head": "GA035n0036_pb054a06"}, {"level": "2", "n": "", "type": "其他", "text": "劉拯：空心潭", "head": "GA035n0036_pb055a01"}, {"level": "2", "n": "", "type": "其他", "text": "明季箎：空心潭", "head": "GA035n0036_pb055a05"}, {"level": "1", "n": "", "type": "其他", "text": "空心亭", "head": "GA035n0036_pb055a08"}, {"level": "2", "n": "", "type": "其他", "text": "概述", "head": "GA035n0036_pb055a08"}, {"level": "2", "n": "", "type": "其他", "text": "叚天祐：空心亭記", "head": "GA035n0036_pb056a03"}, {"level": "2", "n": "", "type": "其他", "text": "李傑：重建空心亭記", "head": "GA035n0036_pb059a07"}, {"level": "2", "n": "", "type": "其他", "text": "張著：分題空心亭得枝字", "head": "GA035n0036_pb061a06"}, {"level": "1", "n": "", "type": "其他", "text": "御賜鍾", "head": "GA035n0036_pb062a02"}, {"level": "2", "n": "", "type": "其他", "text": "概述", "head": "GA035n0036_pb062a02"}, {"level": "2", "n": "", "type": "其他", "text": "劉拯：御賜鍾", "head": "GA035n0036_pb062a05"}, {"level": "1", "n": "", "type": "其他", "text": "四高僧祠", "head": "GA035n0036_pb065a03"}, {"level": "2", "n": "", "type": "其他", "text": "概述", "head": "GA035n0036_pb065a03"}, {"level": "2", "n": "", "type": "其他", "text": "宋僧居簡：破山高僧塔", "head": "GA035n0036_pb065a08"}, {"level": "1", "n": "", "type": "其他", "text": "唐高僧常達塔", "head": "GA035n0036_pb066a05"}, {"level": "2", "n": "", "type": "其他", "text": "概述", "head": "GA035n0036_pb066a05"}, {"level": "2", "n": "", "type": "其他", "text": "唐吳郡破山寺常達傳", "head": "GA035n0036_pb066a07"}, {"level": "2", "n": "", "type": "其他", "text": "劉拯：文舉塔", "head": "GA035n0036_pb069a02"}, {"level": "1", "n": "", "type": "其他", "text": "唐高僧懷述塔", "head": "GA035n0036_pb069a07"}, {"level": "2", "n": "", "type": "其他", "text": "概述", "head": "GA035n0036_pb069a07"}, {"level": "2", "n": "", "type": "其他", "text": "劉拯：體如塔", "head": "GA035n0036_pb070a01"}, {"level": "1", "n": "", "type": "其他", "text": "梁高僧彥偁塔", "head": "GA035n0036_pb070a07"}, {"level": "2", "n": "", "type": "其他", "text": "概述", "head": "GA035n0036_pb070a07"}, {"level": "2", "n": "", "type": "其他", "text": "梁蘇州破山興福寺彥偁傳", "head": "GA035n0036_pb071a03"}, {"level": "2", "n": "", "type": "其他", "text": "附：壽闍黎傳", "head": "GA035n0036_pb073a01"}, {"level": "1", "n": "", "type": "其他", "text": "救虎閣", "head": "GA035n0036_pb073a06"}, {"level": "2", "n": "", "type": "其他", "text": "概述", "head": "GA035n0036_pb073a06"}, {"level": "2", "n": "", "type": "其他", "text": "劉拯：救虎閣", "head": "GA035n0036_pb073a08"}, {"level": "2", "n": "", "type": "其他", "text": "宋陳表：高僧彥偁塔", "head": "GA035n0036_pb074a06"}, {"level": "1", "n": "", "type": "其他", "text": "宋高僧晤恩塔", "head": "GA035n0036_pb075a01"}, {"level": "2", "n": "", "type": "其他", "text": "概述", "head": "GA035n0036_pb075a01"}, {"level": "2", "n": "", "type": "其他", "text": "大宋杭州慈光院晤恩傳", "head": "GA035n0036_pb076a01"}, {"level": "1", "n": "", "type": "其他", "text": "宗教院", "head": "GA035n0036_pb083a01"}, {"level": "2", "n": "", "type": "其他", "text": "概述", "head": "GA035n0036_pb083a01"}, {"level": "2", "n": "", "type": "其他", "text": "劉拯：宗教院", "head": "GA035n0036_pb083a02"}, {"level": "1", "n": "", "type": "其他", "text": "光明菴", "head": "GA035n0036_pb083a08"}, {"level": "2", "n": "", "type": "其他", "text": "概述", "head": "GA035n0036_pb083a08"}, {"level": "2", "n": "", "type": "其他", "text": "僧仲殊：破山光明菴記", "head": "GA035n0036_pb084a04"}, {"level": "2", "n": "", "type": "其他", "text": "仲殊：光明菴", "head": "GA035n0036_pb088a01"}, {"level": "2", "n": "", "type": "其他", "text": "宋陸曦：光明菴", "head": "GA035n0036_pb088a04"}, {"level": "1", "n": "", "type": "其他", "text": "瓔珞栢", "head": "GA035n0036_pb088a08"}, {"level": "2", "n": "", "type": "其他", "text": "概述", "head": "GA035n0036_pb088a08"}, {"level": "2", "n": "", "type": "其他", "text": "僧居簡：破山瓔珞栢", "head": "GA035n0036_pb089a02"}, {"level": "1", "n": "", "type": "其他", "text": "白蓮池", "head": "GA035n0036_pb089a05"}, {"level": "2", "n": "", "type": "其他", "text": "概述", "head": "GA035n0036_pb089a05"}, {"level": "2", "n": "", "type": "其他", "text": "宋陳掞：破山寺雙頭白蓮", "head": "GA035n0036_pb090a07"}, {"level": "1", "n": "", "type": "其他", "text": "尊勝石幢", "head": "GA035n0036_pb091a06"}, {"level": "1", "n": "", "type": "其他", "text": "舜井", "head": "GA035n0036_pb092a03"}, {"level": "1", "n": "", "type": "其他", "text": "石梅", "head": "GA035n0036_pb092a05"}, {"level": "1", "n": "", "type": "其他", "text": "破山龍堂", "head": "GA035n0036_pb092a07"}, {"level": "2", "n": "", "type": "其他", "text": "概述", "head": "GA035n0036_pb092a07"}, {"level": "2", "n": "", "type": "其他", "text": "皮日休：破山龍堂記", "head": "GA035n0036_pb093a06"}, {"level": "1", "n": "", "type": "其他", "text": "破山路", "head": "GA035n0036_pb096a05"}, {"level": "1", "n": "", "type": "其他", "text": "宋中散大夫陸綰墓", "head": "GA035n0036_pb097a02"}, {"level": "1", "n": "", "type": "其他", "text": "明中憲大夫顧玉柱墓", "head": "GA035n0036_pb097a06"}, {"level": "1", "n": "", "type": "其他", "text": "僧德清：吳越忠懿國王造銅阿育王舍利塔記", "head": "GA035n0036_pb098a02"}, {"level": "1", "n": "", "type": "其他", "text": "本朝以來重建本寺事蹟", "head": "GA035n0036_pb103a03"}, {"level": "2", "n": "", "type": "其他", "text": "屠隆：重建破山寺碑", "head": "GA035n0036_pb103a04"}, {"level": "2", "n": "", "type": "其他", "text": "李維楨：破山寺碑跋", "head": "GA035n0036_pb108a03"}, {"level": "2", "n": "", "type": "其他", "text": "瞿汝稷：重修興福寺唱導文", "head": "GA035n0036_pb109a04"}, {"level": "1", "n": "", "type": "其他", "text": "興福寺大殿", "head": "GA035n0036_pb112a04"}, {"level": "1", "n": "", "type": "其他", "text": "四高僧殿", "head": "GA035n0036_pb113a03"}, {"level": "1", "n": "", "type": "其他", "text": "懶融殿", "head": "GA035n0036_pb113a05"}, {"level": "1", "n": "", "type": "其他", "text": "韋馱殿廊廡", "head": "GA035n0036_pb113a07"}, {"level": "1", "n": "", "type": "其他", "text": "四天王殿", "head": "GA035n0036_pb114a01"}, {"level": "1", "n": "", "type": "其他", "text": "地藏殿", "head": "GA035n0036_pb114a03"}, {"level": "1", "n": "", "type": "其他", "text": "凖提殿", "head": "GA035n0036_pb114a05"}, {"level": "1", "n": "", "type": "其他", "text": "雲會堂", "head": "GA035n0036_pb114a07"}, {"level": "1", "n": "", "type": "其他", "text": "東西客寮", "head": "GA035n0036_pb115a01"}, {"level": "1", "n": "", "type": "其他", "text": "觀音殿", "head": "GA035n0036_pb115a03"}, {"level": "1", "n": "", "type": "其他", "text": "觀堂", "head": "GA035n0036_pb115a05"}, {"level": "1", "n": "", "type": "其他", "text": "方丈", "head": "GA035n0036_pb115a07"}, {"level": "1", "n": "", "type": "其他", "text": "齋堂　庫房　香積厨　茶寮", "head": "GA035n0036_pb115a08"}, {"level": "1", "n": "", "type": "其他", "text": "三門", "head": "GA035n0036_pb116a04"}, {"level": "1", "n": "", "type": "其他", "text": "龍澗橋", "head": "GA035n0036_pb116a05"}, {"level": "1", "n": "", "type": "其他", "text": "東房", "head": "GA035n0036_pb116a07"}, {"level": "1", "n": "", "type": "其他", "text": "西房", "head": "GA035n0036_pb117a02"}, {"level": "1", "n": "", "type": "其他", "text": "興福寺外三門", "head": "GA035n0036_pb117a04"}, {"level": "1", "n": "", "type": "其他", "text": "茶菴", "head": "GA035n0036_pb117a05"}, {"level": "1", "n": "", "type": "其他", "text": "日居菴", "head": "GA035n0036_pb117a07"}, {"level": "1", "n": "", "type": "其他", "text": "高林菴", "head": "GA035n0036_pb117a08"}, {"level": "1", "n": "", "type": "其他", "text": "團瓢", "head": "GA035n0036_pb118a01"}, {"level": "1", "n": "", "type": "其他", "text": "高僧墓", "head": "GA035n0036_pb118a02"}, {"level": "1", "n": "", "type": "其他", "text": "菜園", "head": "GA035n0036_pb118a04"}, {"level": "1", "n": "", "type": "其他", "text": "山場", "head": "GA035n0036_pb118a07"}, {"level": "1", "n": "", "type": "其他", "text": "僧田", "head": "GA035n0036_pb119a01"}, {"level": "1", "n": "", "type": "其他", "text": "本朝名僧事畧", "head": "GA035n0036_pb121a03"}, {"level": "2", "n": "", "type": "其他", "text": "海舟禪師", "head": "GA035n0036_pb121a04"}, {"level": "2", "n": "", "type": "其他", "text": "無著禪師", "head": "GA035n0036_pb122a02"}, {"level": "2", "n": "", "type": "其他", "text": "鉢菴法師", "head": "GA035n0036_pb123a02"}, {"level": "2", "n": "", "type": "其他", "text": "洞聞禪師", "head": "GA035n0036_pb123a06"}, {"level": "2", "n": "", "type": "其他", "text": "等慈禪師", "head": "GA035n0036_pb124a05"}, {"level": "1", "n": "", "type": "其他", "text": "康熈三十二年癸酉上元日，吳郡司馬李繼勳：重修大雄殿募疏", "head": "GA035n0036_pb127a02"}, {"level": "1", "n": "", "type": "其他", "text": "重脩興福大雄殿記異", "head": "GA035n0036_pb130a01"}]