[{"n": "6", "fun": "open", "head": "GA032n0032_p0527a01"}, {"n": "6", "fun": "close", "head": "GA032n0032_p0614a09"}, {"n": "7", "fun": "open", "head": "GA032n0032_p0627a01"}, {"n": "7", "fun": "close", "head": "GA032n0032_p0734a09"}, {"n": "8", "fun": "open", "head": "GA032n0032_p0741a01"}, {"n": "8", "fun": "close", "head": "GA032n0032_p0812a09"}, {"n": "9", "fun": "open", "head": "GA032n0032_p0817a01"}, {"n": "9", "fun": "close", "head": "GA032n0032_p0879a09"}, {"n": "10", "fun": "open", "head": "GA032n0032_p0887a01"}, {"n": "10", "fun": "close", "head": "GA032n0032_p0967a09"}, {"n": "11", "fun": "open", "head": "GA032n0032_p0973a01"}, {"n": "11", "fun": "close", "head": "GA032n0032_p1001a09"}, {"n": "12", "fun": "open", "head": "GA032n0032_p1003a01"}, {"n": "13", "fun": "open", "head": "GA032n0032_p1033a01"}, {"n": "13", "fun": "close", "head": "GA032n0032_p1053a09"}, {"n": "14", "fun": "open", "head": "GA032n0032_p1055a01"}, {"n": "14", "fun": "close", "head": "GA032n0032_p1077a09"}]