[{"n": "6", "fun": "open", "head": "GA032n0032_p0527a01", "title": "徑山志卷之六"}, {"n": "6", "fun": "close", "head": "GA032n0032_p0614a09", "title": "徑山志卷之六終"}, {"n": "7", "fun": "open", "head": "GA032n0032_p0627a01", "title": "徑山志卷之七"}, {"n": "7", "fun": "close", "head": "GA032n0032_p0734a09", "title": "徑山志卷之七終"}, {"n": "8", "fun": "open", "head": "GA032n0032_p0741a01", "title": "徑山志卷之八"}, {"n": "8", "fun": "close", "head": "GA032n0032_p0812a09", "title": "徑山志卷之八終"}, {"n": "9", "fun": "open", "head": "GA032n0032_p0817a01", "title": "徑山志卷之九"}, {"n": "9", "fun": "close", "head": "GA032n0032_p0879a09", "title": "徑山志卷之九終"}, {"n": "10", "fun": "open", "head": "GA032n0032_p0887a01", "title": "徑山志卷之十"}, {"n": "10", "fun": "close", "head": "GA032n0032_p0967a09", "title": "徑山志卷之十終"}, {"n": "11", "fun": "open", "head": "GA032n0032_p0973a01", "title": "徑山志卷之十一"}, {"n": "11", "fun": "close", "head": "GA032n0032_p1001a09", "title": "徑山志卷之十一終"}, {"n": "12", "fun": "open", "head": "GA032n0032_p1003a01", "title": "徑山志卷之十二"}, {"n": "13", "fun": "open", "head": "GA032n0032_p1033a01", "title": "徑山志卷之十三"}, {"n": "13", "fun": "close", "head": "GA032n0032_p1053a09", "title": "徑山志卷之十三終"}, {"n": "14", "fun": "open", "head": "GA032n0032_p1055a01", "title": "徑山志卷之十四"}, {"n": "14", "fun": "close", "head": "GA032n0032_p1077a09", "title": "徑山志卷之十四終"}]