[{"level": "2", "n": "", "type": "序", "text": "序", "head": "GA090n0089_p0669a03"}, {"level": "3", "n": "", "type": "其他", "text": "唐", "head": "GA090n0089_p0669a03"}, {"level": "4", "n": "", "type": "序", "text": "梁翰林：《天台止觀統例》序", "head": "GA090n0089_p0669a03"}, {"level": "4", "n": "", "type": "其他", "text": "智者大師傳論", "head": "GA090n0089_p0675a02"}, {"level": "4", "n": "", "type": "其他", "text": "普門子：《法華玄義釋籤》緣起序", "head": "GA090n0089_p0677a05"}, {"level": "4", "n": "", "type": "其他", "text": "《止觀輔行傳弘決》序", "head": "GA090n0089_p0678a06"}, {"level": "4", "n": "", "type": "其他", "text": "崔尚：桐柏觀頌序", "head": "GA090n0089_p0680a03"}, {"level": "3", "n": "", "type": "其他", "text": "宋", "head": "GA090n0089_p0681a07"}, {"level": "4", "n": "", "type": "其他", "text": "晁待制：《仁王般若經疏》序", "head": "GA090n0089_p0681a07"}, {"level": "4", "n": "", "type": "其他", "text": "吳鎧菴居士：重刊《刪定止觀》序", "head": "GA090n0089_p0682a09"}, {"level": "4", "n": "", "type": "其他", "text": "慈雲大師：《南嶽止觀》後序", "head": "GA090n0089_p0683a06"}, {"level": "4", "n": "", "type": "其他", "text": "王太師：〈十法界圖〉序", "head": "GA090n0089_p0685a09"}, {"level": "4", "n": "", "type": "其他", "text": "賀允中：《江東天籟》序", "head": "GA090n0089_p0686a05"}, {"level": "4", "n": "", "type": "其他", "text": "吳子良：《江東天籟》序", "head": "GA090n0089_p0687a09"}, {"level": "4", "n": "", "type": "其他", "text": "宋之瑞：〈天台圖經〉序", "head": "GA090n0089_p0689a02"}, {"level": "3", "n": "", "type": "其他", "text": "元", "head": "GA090n0089_p0690a06"}, {"level": "4", "n": "", "type": "其他", "text": "黃太史：《無見語錄》序", "head": "GA090n0089_p0690a06"}, {"level": "4", "n": "", "type": "其他", "text": "曇噩：《無見語錄》序", "head": "GA090n0089_p0692a04"}, {"level": "4", "n": "", "type": "其他", "text": "曹君煥：題行天台山序後", "head": "GA090n0089_p0693a08"}, {"level": "3", "n": "", "type": "其他", "text": "明", "head": "GA090n0089_p0694a06"}, {"level": "4", "n": "", "type": "其他", "text": "徐一夔：何憲副集天台山賦為詩序", "head": "GA090n0089_p0694a06"}, {"level": "4", "n": "", "type": "其他", "text": "范理：《天台要覽》序", "head": "GA090n0089_p0696a07"}, {"level": "4", "n": "", "type": "其他", "text": "范吉：《天台縣志》序", "head": "GA090n0089_p0698a03"}, {"level": "4", "n": "", "type": "其他", "text": "劉俸：《縣志》後序", "head": "GA090n0089_p0699a07"}, {"level": "4", "n": "", "type": "其他", "text": "馮太史：《有門頌畧解》序", "head": "GA090n0089_p0700a06"}, {"level": "4", "n": "", "type": "其他", "text": "李素：《天台勝紀》序", "head": "GA090n0089_p0701a03"}, {"level": "4", "n": "", "type": "其他", "text": "彭憲副：續修《天台縣志》序", "head": "GA090n0089_p0703a03"}, {"level": "4", "n": "", "type": "其他", "text": "張邑矦：重修《天台縣志》序", "head": "GA090n0089_p0705a07"}, {"level": "4", "n": "", "type": "其他", "text": "王司寇", "head": "GA090n0089_p0707a01"}, {"level": "4", "n": "", "type": "其他", "text": "馮太史：《天台教源流圖》序", "head": "GA090n0089_p0708a07"}, {"level": "4", "n": "", "type": "其他", "text": "虞司勳：《楞嚴玄義》序", "head": "GA090n0089_p0711a03"}, {"level": "4", "n": "", "type": "其他", "text": "聞居士：《楞嚴玄義》序", "head": "GA090n0089_p0713a01"}, {"level": "4", "n": "", "type": "其他", "text": "介山傳如法師：《楞嚴玄義》序", "head": "GA090n0089_p0715a01"}, {"level": "4", "n": "", "type": "其他", "text": "聞居士：《法華玄義輯畧》序", "head": "GA090n0089_p0716a02"}, {"level": "4", "n": "", "type": "其他", "text": "聞居士：送幽溪解講歸天台序", "head": "GA090n0089_p0717a03"}, {"level": "4", "n": "", "type": "其他", "text": "申太師：送覲西上人歸錫天台序", "head": "GA090n0089_p0720a04"}, {"level": "4", "n": "", "type": "其他", "text": "王方伯：贈葛居士修曇花亭序", "head": "GA090n0089_p0721a04"}, {"level": "2", "n": "", "type": "其他", "text": "記", "head": "GA090n0089_p0723a03"}, {"level": "3", "n": "", "type": "其他", "text": "唐", "head": "GA090n0089_p0723a03"}, {"level": "4", "n": "", "type": "其他", "text": "王展：白郎巖記", "head": "GA090n0089_p0723a03"}, {"level": "3", "n": "", "type": "其他", "text": "宋", "head": "GA090n0089_p0724a05"}, {"level": "4", "n": "", "type": "其他", "text": "天台般若新寺甎塔記", "head": "GA090n0089_p0724a05"}, {"level": "4", "n": "", "type": "其他", "text": "鄭至道：劉阮洞記", "head": "GA090n0089_p0725a07"}, {"level": "4", "n": "", "type": "其他", "text": "李彌綸：元應善利廣濟真人祠記", "head": "GA090n0089_p0729a04"}, {"level": "4", "n": "", "type": "其他", "text": "王十朋：記人說生前事", "head": "GA090n0089_p0731a04"}, {"level": "4", "n": "", "type": "其他", "text": "俞建：送金銀錢還潭記", "head": "GA090n0089_p0732a07"}, {"level": "4", "n": "", "type": "其他", "text": "賀允中：應心泉記", "head": "GA090n0089_p0734a09"}, {"level": "4", "n": "", "type": "其他", "text": "宋之瑞：伫真亭記", "head": "GA090n0089_p0736a08"}, {"level": "4", "n": "", "type": "其他", "text": "僧法照：曇華亭記", "head": "GA090n0089_p0738a02"}, {"level": "4", "n": "", "type": "其他", "text": "曹勛：重修桐柏觀記", "head": "GA090n0089_p0739a05"}, {"level": "4", "n": "", "type": "其他", "text": "丁可：福田莊記", "head": "GA090n0089_p0743a03"}, {"level": "4", "n": "", "type": "其他", "text": "僧昕：大智寺記", "head": "GA090n0089_p0744a07"}, {"level": "4", "n": "", "type": "其他", "text": "劉邑侯景德：國清寺干門塗田記", "head": "GA090n0089_p0746a04"}, {"level": "4", "n": "", "type": "其他", "text": "慈聖寺耆舊捨飛泉田記", "head": "GA090n0089_p0749a01"}, {"level": "3", "n": "", "type": "其他", "text": "元", "head": "GA090n0089_p0751a02"}, {"level": "4", "n": "", "type": "其他", "text": "僧梵琦：娑羅軒記", "head": "GA090n0089_p0751a02"}, {"level": "4", "n": "", "type": "其他", "text": "丁世傑：,溪廟記", "head": "GA090n0089_p0753a03"}, {"level": "3", "n": "", "type": "其他", "text": "明", "head": "GA090n0089_p0757a04"}, {"level": "4", "n": "", "type": "其他", "text": "夏鍭：遊石橋記", "head": "GA090n0089_p0757a04"}, {"level": "4", "n": "", "type": "其他", "text": "夏鍭：始得隱巖記", "head": "GA090n0089_p0758a09"}, {"level": "4", "n": "", "type": "其他", "text": "盧濬：遊石橋諸山記", "head": "GA090n0089_p0761a02"}, {"level": "4", "n": "", "type": "其他", "text": "盧濬：厯寒、明諸寺記", "head": "GA090n0089_p0764a03"}, {"level": "4", "n": "", "type": "其他", "text": "僧佛樹：重裝羅漢記", "head": "GA090n0089_p0767a06"}, {"level": "4", "n": "", "type": "其他", "text": "葉良佩：天台山記", "head": "GA090n0089_p0769a02"}, {"level": "4", "n": "", "type": "其他", "text": "薛應旂：天台山志", "head": "GA090n0089_p0775a02"}, {"level": "4", "n": "", "type": "其他", "text": "薛應旂：桐柏山志", "head": "GA090n0089_p0776a02"}, {"level": "4", "n": "", "type": "其他", "text": "張存：遊國清記", "head": "GA090n0089_p0778a05"}, {"level": "4", "n": "", "type": "其他", "text": "張存：遊采煙次桃源記", "head": "GA090n0089_p0781a02"}, {"level": "4", "n": "", "type": "其他", "text": "張存：遊赤城記", "head": "GA090n0089_p0784a02"}, {"level": "4", "n": "", "type": "其他", "text": "張存：遊靈墟記", "head": "GA090n0089_p0786a09"}, {"level": "4", "n": "", "type": "其他", "text": "張存：遊華頂峯記", "head": "GA090n0089_p0787a08"}, {"level": "4", "n": "", "type": "其他", "text": "張存：遊佛隴大慈寺記", "head": "GA090n0089_p0790a02"}, {"level": "4", "n": "", "type": "其他", "text": "張存：遊桐柏宮記", "head": "GA090n0089_p0792a03"}, {"level": "4", "n": "", "type": "其他", "text": "張存：未遊次勝境記", "head": "GA090n0089_p0797a04"}, {"level": "4", "n": "", "type": "其他", "text": "李汶：遊天台紀畧", "head": "GA090n0089_p0801a03"}, {"level": "4", "n": "", "type": "其他", "text": "王士性：入天台山志", "head": "GA090n0089_p0804a07"}, {"level": "4", "n": "", "type": "其他", "text": "屠長卿：新建天台祖庭記", "head": "GA090n0089_p0813a01"}, {"level": "4", "n": "", "type": "其他", "text": "王邑侯：重建國清禪寺記", "head": "GA090n0089_p0816a06"}, {"level": "4", "n": "", "type": "其他", "text": "王士昌：立雪齋記", "head": "GA090n0089_p0819a06"}, {"level": "2", "n": "", "type": "其他", "text": "碑", "head": "GA090n0089_p0821a03"}, {"level": "3", "n": "", "type": "其他", "text": "梁", "head": "GA090n0089_p0821a03"}, {"level": "4", "n": "", "type": "其他", "text": "沈約：桐柏山金庭觀碑", "head": "GA090n0089_p0821a03"}, {"level": "3", "n": "", "type": "其他", "text": "陳", "head": "GA090n0089_p0821a09"}, {"level": "4", "n": "", "type": "其他", "text": "徐孝克：天台山修禪寺智者大師放生碑", "head": "GA090n0089_p0821a09"}, {"level": "4", "n": "", "type": "其他", "text": "徐陵：天台山館徐則法師碑", "head": "GA090n0089_p0826a03"}, {"level": "3", "n": "", "type": "其他", "text": "隋", "head": "GA090n0089_p0827a03"}, {"level": "4", "n": "", "type": "其他", "text": "柳顧言：天台國清寺智者大師碑", "head": "GA090n0089_p0827a03"}, {"level": "3", "n": "", "type": "其他", "text": "唐", "head": "GA090n0089_p0837a08"}, {"level": "4", "n": "", "type": "其他", "text": "梁肅：天台山修禪道場碑", "head": "GA090n0089_p0837a08"}, {"level": "4", "n": "", "type": "其他", "text": "崔尚：桐柏觀碑", "head": "GA090n0089_p0840a09"}, {"level": "2", "n": "", "type": "其他", "text": "銘", "head": "GA090n0089_p0845a03"}, {"level": "3", "n": "", "type": "其他", "text": "元", "head": "GA090n0089_p0845a03"}, {"level": "4", "n": "", "type": "其他", "text": "無見覩和尚塔銘", "head": "GA090n0089_p0845a03"}, {"level": "3", "n": "", "type": "其他", "text": "明", "head": "GA090n0089_p0847a09"}, {"level": "4", "n": "", "type": "其他", "text": "妙峯覺法師塔銘", "head": "GA090n0089_p0847a09"}, {"level": "4", "n": "", "type": "其他", "text": "易庵通法師塔銘", "head": "GA090n0089_p0850a04"}, {"level": "4", "n": "", "type": "其他", "text": "象先禪師塔銘", "head": "GA090n0089_p0854a02"}, {"level": "4", "n": "", "type": "其他", "text": "萬年寺蘊空禪師行狀", "head": "GA090n0089_p0859a05"}, {"level": "4", "n": "", "type": "其他", "text": "明石城守庵大師傳", "head": "GA090n0089_p0861a08"}, {"level": "2", "n": "", "type": "其他", "text": "贊", "head": "GA090n0089_p0871a03"}, {"level": "3", "n": "", "type": "其他", "text": "晉", "head": "GA090n0089_p0871a03"}, {"level": "4", "n": "", "type": "其他", "text": "陸機：王子喬贊", "head": "GA090n0089_p0871a03"}, {"level": "3", "n": "", "type": "其他", "text": "梁", "head": "GA090n0089_p0871a04"}, {"level": "4", "n": "", "type": "其他", "text": "江淹：王子喬贊", "head": "GA090n0089_p0871a04"}, {"level": "4", "n": "", "type": "其他", "text": "又：白雲贊", "head": "GA090n0089_p0871a06"}, {"level": "3", "n": "", "type": "其他", "text": "唐", "head": "GA090n0089_p0871a08"}, {"level": "4", "n": "", "type": "其他", "text": "陸龜蒙：怪松圖贊并序", "head": "GA090n0089_p0871a08"}, {"level": "3", "n": "", "type": "其他", "text": "宋", "head": "GA090n0089_p0872a09"}, {"level": "4", "n": "", "type": "其他", "text": "遵式：智者大師功德贊", "head": "GA090n0089_p0872a09"}, {"level": "5", "n": "", "type": "其他", "text": "大蘇山悟法華三昧贊", "head": "GA090n0089_p0873a01"}, {"level": "5", "n": "", "type": "其他", "text": "華頂峯降伏天魔贊", "head": "GA090n0089_p0873a04"}, {"level": "5", "n": "", "type": "其他", "text": "瓦官寺說《法華玄義》贊", "head": "GA090n0089_p0873a07"}, {"level": "5", "n": "", "type": "其他", "text": "玉泉山說《摩訶止觀》贊", "head": "GA090n0089_p0874a01"}, {"level": "5", "n": "", "type": "其他", "text": "太極殿講《仁王經》贊", "head": "GA090n0089_p0874a04"}, {"level": "5", "n": "", "type": "其他", "text": "陳、隋兩國授戒贊", "head": "GA090n0089_p0874a07"}, {"level": "5", "n": "", "type": "其他", "text": "佛隴解《淨名經》贊", "head": "GA090n0089_p0874a09"}, {"level": "5", "n": "", "type": "其他", "text": "靈石寺開《涅槃》萬句解脫贊", "head": "GA090n0089_p0875a02"}, {"level": "5", "n": "", "type": "其他", "text": "放生池上講〈流水品〉贊", "head": "GA090n0089_p0875a05"}, {"level": "5", "n": "", "type": "其他", "text": "石城金剎現善寂贊", "head": "GA090n0089_p0875a08"}, {"level": "5", "n": "", "type": "其他", "text": "帝封靈塔全身贊", "head": "GA090n0089_p0876a02"}, {"level": "5", "n": "", "type": "其他", "text": "普生佛剎贊", "head": "GA090n0089_p0876a04"}, {"level": "4", "n": "", "type": "其他", "text": "志磐〈天台諸祖贊〉", "head": "GA090n0089_p0876a06"}, {"level": "5", "n": "", "type": "其他", "text": "高祖龍樹尊者贊", "head": "GA090n0089_p0876a07"}, {"level": "5", "n": "", "type": "其他", "text": "二祖北齊尊者贊", "head": "GA090n0089_p0877a03"}, {"level": "5", "n": "", "type": "其他", "text": "三祖南嶽尊者贊", "head": "GA090n0089_p0877a07"}, {"level": "5", "n": "", "type": "其他", "text": "四祖智者大師贊", "head": "GA090n0089_p0878a02"}, {"level": "5", "n": "", "type": "其他", "text": "五祖章安尊者贊", "head": "GA090n0089_p0878a09"}, {"level": "5", "n": "", "type": "其他", "text": "六祖法華尊者贊", "head": "GA090n0089_p0879a04"}, {"level": "5", "n": "", "type": "其他", "text": "七祖天宮尊者贊", "head": "GA090n0089_p0879a08"}, {"level": "5", "n": "", "type": "其他", "text": "八祖左溪尊者贊", "head": "GA090n0089_p0880a03"}, {"level": "5", "n": "", "type": "其他", "text": "九祖荊溪尊者贊", "head": "GA090n0089_p0880a07"}, {"level": "5", "n": "", "type": "其他", "text": "十七祖四明尊者贊", "head": "GA090n0089_p0881a03"}, {"level": "4", "n": "", "type": "其他", "text": "僧江：法智尊者贊", "head": "GA090n0089_p0882a05"}, {"level": "4", "n": "", "type": "其他", "text": "駱偃：法智大師真贊", "head": "GA090n0089_p0882a08"}, {"level": "4", "n": "", "type": "其他", "text": "史浩：法智大師像贊", "head": "GA090n0089_p0883a02"}, {"level": "4", "n": "", "type": "其他", "text": "希顏首座：法智大師贊", "head": "GA090n0089_p0883a07"}, {"level": "4", "n": "", "type": "其他", "text": "元通：方等陀羅尼經贊", "head": "GA090n0089_p0884a05"}, {"level": "4", "n": "", "type": "其他", "text": "般若敬遵禪師自述真贊", "head": "GA090n0089_p0889a04"}, {"level": "2", "n": "", "type": "其他", "text": "賦", "head": "GA090n0089_p0891a03"}, {"level": "3", "n": "", "type": "其他", "text": "晉孫興公：天台山賦", "head": "GA090n0089_p0891a03"}, {"level": "3", "n": "", "type": "其他", "text": "白玉蟾：天台山賦", "head": "GA090n0089_p0894a02"}, {"level": "3", "n": "", "type": "其他", "text": "覺如：赤城賦", "head": "GA090n0089_p0896a08"}, {"level": "2", "n": "", "type": "其他", "text": "詩", "head": "GA090n0089_p0899a04"}, {"level": "3", "n": "", "type": "其他", "text": "天台山", "head": "GA090n0089_p0899a04"}, {"level": "4", "n": "", "type": "其他", "text": "梁", "head": "GA090n0089_p0899a05"}, {"level": "5", "n": "", "type": "其他", "text": "李巨仁：登天台篇", "head": "GA090n0089_p0899a05"}, {"level": "4", "n": "", "type": "其他", "text": "唐", "head": "GA090n0089_p0900a01"}, {"level": "5", "n": "", "type": "其他", "text": "許渾：思天台山", "head": "GA090n0089_p0900a01"}, {"level": "5", "n": "", "type": "其他", "text": "早發天台", "head": "GA090n0089_p0900a01"}, {"level": "5", "n": "", "type": "其他", "text": "劉禹錫：憶天台山", "head": "GA090n0089_p0900a03"}, {"level": "5", "n": "", "type": "其他", "text": "孟浩然：舟中曉望台山", "head": "GA090n0089_p0900a05"}, {"level": "5", "n": "", "type": "其他", "text": "尋天台山", "head": "GA090n0089_p0900a07"}, {"level": "5", "n": "", "type": "其他", "text": "方干：入天台山", "head": "GA090n0089_p0900a08"}, {"level": "5", "n": "", "type": "其他", "text": "貫休：春日行天台山", "head": "GA090n0089_p0900a09"}, {"level": "5", "n": "", "type": "其他", "text": "徐凝：天台獨夜", "head": "GA090n0089_p0901a02"}, {"level": "5", "n": "", "type": "其他", "text": "李郢：重遊天台", "head": "GA090n0089_p0901a03"}, {"level": "5", "n": "", "type": "其他", "text": "張佑：遊天台", "head": "GA090n0089_p0901a04"}, {"level": "5", "n": "", "type": "其他", "text": "司馬承禎：山居洗心", "head": "GA090n0089_p0902a04"}, {"level": "4", "n": "", "type": "其他", "text": "宋", "head": "GA090n0089_p0902a08"}, {"level": "5", "n": "", "type": "其他", "text": "姚寬：天台夜雨", "head": "GA090n0089_p0902a08"}, {"level": "5", "n": "", "type": "其他", "text": "高似孫：天台渡", "head": "GA090n0089_p0902a09"}, {"level": "5", "n": "", "type": "其他", "text": "趙湘：天台思古", "head": "GA090n0089_p0903a03"}, {"level": "5", "n": "", "type": "其他", "text": "左緯：天台道中", "head": "GA090n0089_p0903a04"}, {"level": "5", "n": "", "type": "其他", "text": "洪适：天台道中", "head": "GA090n0089_p0903a05"}, {"level": "5", "n": "", "type": "其他", "text": "曾幾：初至天台", "head": "GA090n0089_p0903a07"}, {"level": "5", "n": "", "type": "其他", "text": "樓鑰：天台道中口占", "head": "GA090n0089_p0904a02"}, {"level": "5", "n": "", "type": "其他", "text": "夏竦：天台道中", "head": "GA090n0089_p0904a04"}, {"level": "5", "n": "", "type": "其他", "text": "王十朋：望天台山", "head": "GA090n0089_p0904a05"}, {"level": "5", "n": "", "type": "其他", "text": "過天台", "head": "GA090n0089_p0905a02"}, {"level": "5", "n": "", "type": "其他", "text": "陳知柔：遊天台山", "head": "GA090n0089_p0905a04"}, {"level": "5", "n": "", "type": "其他", "text": "劉宰：天台道中", "head": "GA090n0089_p0905a09"}, {"level": "5", "n": "", "type": "其他", "text": "又天台道中", "head": "GA090n0089_p0906a01"}, {"level": "5", "n": "", "type": "其他", "text": "王廷表：遊天台山", "head": "GA090n0089_p0906a03"}, {"level": "5", "n": "", "type": "其他", "text": "汪藻：天台道中", "head": "GA090n0089_p0906a05"}, {"level": "5", "n": "", "type": "其他", "text": "陳剛中：天台懷古", "head": "GA090n0089_p0906a07"}, {"level": "4", "n": "", "type": "其他", "text": "明", "head": "GA090n0089_p0907a01"}, {"level": "5", "n": "", "type": "其他", "text": "虞謙：用韻", "head": "GA090n0089_p0907a01"}, {"level": "5", "n": "", "type": "其他", "text": "丘嵩：天台山", "head": "GA090n0089_p0907a02"}, {"level": "5", "n": "", "type": "其他", "text": "謝鐸：賦天台山", "head": "GA090n0089_p0907a09"}, {"level": "5", "n": "", "type": "其他", "text": "胡纘宗：天台懷古", "head": "GA090n0089_p0908a02"}, {"level": "5", "n": "", "type": "其他", "text": "鄭毅：天台道中", "head": "GA090n0089_p0908a03"}, {"level": "5", "n": "", "type": "其他", "text": "蕭一中：遊天台", "head": "GA090n0089_p0908a05"}, {"level": "5", "n": "", "type": "其他", "text": "黃約：過天台", "head": "GA090n0089_p0909a01"}, {"level": "5", "n": "", "type": "其他", "text": "鄭善夫：天台雜詩二絕", "head": "GA090n0089_p0909a01"}, {"level": "5", "n": "", "type": "其他", "text": "王廷幹：遊天台山", "head": "GA090n0089_p0909a04"}, {"level": "5", "n": "", "type": "其他", "text": "黃孔昭：憇天台山寺", "head": "GA090n0089_p0909a09"}, {"level": "5", "n": "", "type": "其他", "text": "王畿：再遊天台", "head": "GA090n0089_p0910a02"}, {"level": "5", "n": "", "type": "其他", "text": "孔天胤：天台路,眺", "head": "GA090n0089_p0910a04"}, {"level": "5", "n": "", "type": "其他", "text": "周志偉：同葉海峯遊天台山水", "head": "GA090n0089_p0910a07"}, {"level": "5", "n": "", "type": "其他", "text": "王士性：惡溪道上聽猨聲", "head": "GA090n0089_p0910a09"}, {"level": "3", "n": "", "type": "其他", "text": "國清寺", "head": "GA090n0089_p0913a02"}, {"level": "4", "n": "", "type": "其他", "text": "唐", "head": "GA090n0089_p0913a03"}, {"level": "5", "n": "", "type": "其他", "text": "皮日休", "head": "GA090n0089_p0913a03"}, {"level": "5", "n": "", "type": "其他", "text": "陸龜蒙", "head": "GA090n0089_p0913a04"}, {"level": "4", "n": "", "type": "其他", "text": "宋", "head": "GA090n0089_p0913a05"}, {"level": "5", "n": "", "type": "其他", "text": "夏竦", "head": "GA090n0089_p0913a05"}, {"level": "5", "n": "", "type": "其他", "text": "洪适", "head": "GA090n0089_p0913a06"}, {"level": "5", "n": "", "type": "其他", "text": "趙湘", "head": "GA090n0089_p0913a07"}, {"level": "5", "n": "", "type": "其他", "text": "史蘊", "head": "GA090n0089_p0913a08"}, {"level": "5", "n": "", "type": "其他", "text": "高似孫", "head": "GA090n0089_p0914a01"}, {"level": "5", "n": "", "type": "其他", "text": "楊傑：三賢堂", "head": "GA090n0089_p0914a04"}, {"level": "6", "n": "", "type": "其他", "text": "豐干", "head": "GA090n0089_p0914a05"}, {"level": "6", "n": "", "type": "其他", "text": "寒山", "head": "GA090n0089_p0914a05"}, {"level": "6", "n": "", "type": "其他", "text": "拾得", "head": "GA090n0089_p0914a06"}, {"level": "4", "n": "", "type": "其他", "text": "明", "head": "GA090n0089_p0914a08"}, {"level": "5", "n": "", "type": "其他", "text": "僧懷讓", "head": "GA090n0089_p0914a08"}, {"level": "5", "n": "", "type": "其他", "text": "鄭善夫", "head": "GA090n0089_p0914a09"}, {"level": "5", "n": "", "type": "其他", "text": "僧本庵", "head": "GA090n0089_p0915a02"}, {"level": "5", "n": "", "type": "其他", "text": "僧明統", "head": "GA090n0089_p0915a04"}, {"level": "5", "n": "", "type": "其他", "text": "僧德榮", "head": "GA090n0089_p0915a05"}, {"level": "5", "n": "", "type": "其他", "text": "魯穆：陪梁叅憲遊國清", "head": "GA090n0089_p0915a07"}, {"level": "5", "n": "", "type": "其他", "text": "范理：偕杜內翰遊國清", "head": "GA090n0089_p0916a03"}, {"level": "5", "n": "", "type": "其他", "text": "盧濬（三首）", "head": "GA090n0089_p0916a07"}, {"level": "5", "n": "", "type": "其他", "text": "洪珠：宿國清寺", "head": "GA090n0089_p0916a09"}, {"level": "5", "n": "", "type": "其他", "text": "蔡潮", "head": "GA090n0089_p0917a01"}, {"level": "5", "n": "", "type": "其他", "text": "鄭善夫：同夏赤城遊國清", "head": "GA090n0089_p0917a03"}, {"level": "5", "n": "", "type": "其他", "text": "陳堯", "head": "GA090n0089_p0917a05"}, {"level": "5", "n": "", "type": "其他", "text": "陳繼疇：暮投國清", "head": "GA090n0089_p0917a07"}, {"level": "5", "n": "", "type": "其他", "text": "王立程：國清錫杖泉", "head": "GA090n0089_p0918a02"}, {"level": "3", "n": "", "type": "其他", "text": "赤城", "head": "GA090n0089_p0918a05"}, {"level": "4", "n": "", "type": "其他", "text": "唐", "head": "GA090n0089_p0918a06"}, {"level": "5", "n": "", "type": "其他", "text": "許渾：題赤城中巖寺", "head": "GA090n0089_p0918a06"}, {"level": "4", "n": "", "type": "其他", "text": "宋", "head": "GA090n0089_p0918a08"}, {"level": "5", "n": "", "type": "其他", "text": "僧蘊常", "head": "GA090n0089_p0918a08"}, {"level": "5", "n": "", "type": "其他", "text": "夏竦", "head": "GA090n0089_p0918a09"}, {"level": "5", "n": "", "type": "其他", "text": "余爽：玉京洞", "head": "GA090n0089_p0919a02"}, {"level": "5", "n": "", "type": "其他", "text": "洪适", "head": "GA090n0089_p0919a05"}, {"level": "5", "n": "", "type": "其他", "text": "蘇軾：贈杜介遊赤城", "head": "GA090n0089_p0919a06"}, {"level": "4", "n": "", "type": "其他", "text": "元", "head": "GA090n0089_p0920a03"}, {"level": "5", "n": "", "type": "其他", "text": "楊維楨：玉京山", "head": "GA090n0089_p0920a03"}, {"level": "4", "n": "", "type": "其他", "text": "明", "head": "GA090n0089_p0920a05"}, {"level": "5", "n": "", "type": "其他", "text": "左贊", "head": "GA090n0089_p0920a05"}, {"level": "5", "n": "", "type": "其他", "text": "范理", "head": "GA090n0089_p0920a06"}, {"level": "5", "n": "", "type": "其他", "text": "賈恆：赤城僧房", "head": "GA090n0089_p0920a08"}, {"level": "5", "n": "", "type": "其他", "text": "王立程：自國清金地嶺度幽溪", "head": "GA090n0089_p0920a09"}, {"level": "3", "n": "", "type": "其他", "text": "佛隴諸寺", "head": "GA090n0089_p0921a03"}, {"level": "4", "n": "", "type": "其他", "text": "宋", "head": "GA090n0089_p0921a04"}, {"level": "5", "n": "", "type": "其他", "text": "葉清臣：遊大慈寺", "head": "GA090n0089_p0921a04"}, {"level": "5", "n": "", "type": "其他", "text": "王十朋", "head": "GA090n0089_p0921a05"}, {"level": "5", "n": "", "type": "其他", "text": "蘇澥：禮智者塔", "head": "GA090n0089_p0921a06"}, {"level": "5", "n": "", "type": "其他", "text": "洪适：遊大慈寺佛隴", "head": "GA090n0089_p0921a07"}, {"level": "4", "n": "", "type": "其他", "text": "明", "head": "GA090n0089_p0922a01"}, {"level": "5", "n": "", "type": "其他", "text": "潘瑊：石橋路", "head": "GA090n0089_p0922a01"}, {"level": "5", "n": "", "type": "其他", "text": "夏鍭：國清至高明", "head": "GA090n0089_p0922a01"}, {"level": "5", "n": "", "type": "其他", "text": "陳宏：高明寺", "head": "GA090n0089_p0922a03"}, {"level": "5", "n": "", "type": "其他", "text": "葉良佩：遊天封寺", "head": "GA090n0089_p0922a05"}, {"level": "5", "n": "", "type": "其他", "text": "龐櫟", "head": "GA090n0089_p0922a07"}, {"level": "3", "n": "", "type": "其他", "text": "華頂", "head": "GA090n0089_p0923a01"}, {"level": "4", "n": "", "type": "其他", "text": "唐", "head": "GA090n0089_p0923a02"}, {"level": "5", "n": "", "type": "其他", "text": "賈島", "head": "GA090n0089_p0923a02"}, {"level": "5", "n": "", "type": "其他", "text": "僧靈徹", "head": "GA090n0089_p0923a03"}, {"level": "5", "n": "", "type": "其他", "text": "李紳", "head": "GA090n0089_p0923a04"}, {"level": "5", "n": "", "type": "其他", "text": "皮日休：華頂杖", "head": "GA090n0089_p0923a05"}, {"level": "5", "n": "", "type": "其他", "text": "陸龜蒙：華頂杖", "head": "GA090n0089_p0923a07"}, {"level": "4", "n": "", "type": "其他", "text": "明", "head": "GA090n0089_p0923a09"}, {"level": "5", "n": "", "type": "其他", "text": "范理", "head": "GA090n0089_p0923a09"}, {"level": "5", "n": "", "type": "其他", "text": "周應顯", "head": "GA090n0089_p0924a03"}, {"level": "5", "n": "", "type": "其他", "text": "潘慎：用韻", "head": "GA090n0089_p0924a04"}, {"level": "5", "n": "", "type": "其他", "text": "賈詩", "head": "GA090n0089_p0924a06"}, {"level": "5", "n": "", "type": "其他", "text": "題王右軍墨池", "head": "GA090n0089_p0924a08"}, {"level": "5", "n": "", "type": "其他", "text": "胡融：望海石", "head": "GA090n0089_p0924a09"}, {"level": "5", "n": "", "type": "其他", "text": "鍊丹井", "head": "GA090n0089_p0925a02"}, {"level": "5", "n": "", "type": "其他", "text": "黃經洞", "head": "GA090n0089_p0925a05"}, {"level": "5", "n": "", "type": "其他", "text": "葛僊茶圃", "head": "GA090n0089_p0925a07"}, {"level": "5", "n": "", "type": "其他", "text": "葛僊宅", "head": "GA090n0089_p0926a01"}, {"level": "5", "n": "", "type": "其他", "text": "王宗沐：登華頂", "head": "GA090n0089_p0926a03"}, {"level": "5", "n": "", "type": "其他", "text": "王士性：華頂太白堂觴別王承父，時朗陵劉孟玉在坐", "head": "GA090n0089_p0926a06"}, {"level": "5", "n": "", "type": "其他", "text": "王立程：陟華頂下桐柏仄徑", "head": "GA090n0089_p0927a05"}, {"level": "5", "n": "", "type": "其他", "text": "楊鶴：同無盡燈法師登華頂觀日出", "head": "GA090n0089_p0927a07"}, {"level": "5", "n": "", "type": "其他", "text": "訪優曇習靜處", "head": "GA090n0089_p0929a01"}, {"level": "5", "n": "", "type": "其他", "text": "陳繼疇：登華頂", "head": "GA090n0089_p0929a06"}, {"level": "5", "n": "", "type": "其他", "text": "劉康社：華頂吟寄幽溪無盡法主", "head": "GA090n0089_p0929a08"}, {"level": "3", "n": "", "type": "其他", "text": "石橋", "head": "GA090n0089_p0931a01"}, {"level": "4", "n": "", "type": "其他", "text": "唐", "head": "GA090n0089_p0931a02"}, {"level": "5", "n": "", "type": "其他", "text": "皇甫曾", "head": "GA090n0089_p0931a02"}, {"level": "4", "n": "", "type": "其他", "text": "宋", "head": "GA090n0089_p0931a04"}, {"level": "5", "n": "", "type": "其他", "text": "羅適：題石橋栴檀像", "head": "GA090n0089_p0931a04"}, {"level": "5", "n": "", "type": "其他", "text": "石梁", "head": "GA090n0089_p0931a05"}, {"level": "5", "n": "", "type": "其他", "text": "陶穀", "head": "GA090n0089_p0931a06"}, {"level": "5", "n": "", "type": "其他", "text": "洪适", "head": "GA090n0089_p0931a07"}, {"level": "5", "n": "", "type": "其他", "text": "陳知柔", "head": "GA090n0089_p0932a02"}, {"level": "5", "n": "", "type": "其他", "text": "賀允中", "head": "GA090n0089_p0932a04"}, {"level": "5", "n": "", "type": "其他", "text": "石郊", "head": "GA090n0089_p0932a05"}, {"level": "5", "n": "", "type": "其他", "text": "太史章", "head": "GA090n0089_p0932a05"}, {"level": "5", "n": "", "type": "其他", "text": "魏宗", "head": "GA090n0089_p0932a07"}, {"level": "5", "n": "", "type": "其他", "text": "夏竦", "head": "GA090n0089_p0932a09"}, {"level": "5", "n": "", "type": "其他", "text": "僧見公", "head": "GA090n0089_p0933a01"}, {"level": "5", "n": "", "type": "其他", "text": "葉清臣（二首）", "head": "GA090n0089_p0933a03"}, {"level": "5", "n": "", "type": "其他", "text": "王十朋（二首）", "head": "GA090n0089_p0933a06"}, {"level": "5", "n": "", "type": "其他", "text": "賈似道", "head": "GA090n0089_p0933a08"}, {"level": "5", "n": "", "type": "其他", "text": "王亞夫", "head": "GA090n0089_p0933a09"}, {"level": "5", "n": "", "type": "其他", "text": "陳長卿", "head": "GA090n0089_p0934a02"}, {"level": "5", "n": "", "type": "其他", "text": "趙湘", "head": "GA090n0089_p0934a07"}, {"level": "5", "n": "", "type": "其他", "text": "趙清源", "head": "GA090n0089_p0934a08"}, {"level": "5", "n": "", "type": "其他", "text": "僧訥齋", "head": "GA090n0089_p0934a09"}, {"level": "5", "n": "", "type": "其他", "text": "高似孫", "head": "GA090n0089_p0935a02"}, {"level": "5", "n": "", "type": "其他", "text": "宋之瑞（二首）", "head": "GA090n0089_p0935a04"}, {"level": "4", "n": "", "type": "其他", "text": "元", "head": "GA090n0089_p0935a07"}, {"level": "5", "n": "", "type": "其他", "text": "鮮于樞：石橋,題", "head": "GA090n0089_p0935a07"}, {"level": "4", "n": "", "type": "其他", "text": "明", "head": "GA090n0089_p0936a01"}, {"level": "5", "n": "", "type": "其他", "text": "魯昇", "head": "GA090n0089_p0936a01"}, {"level": "5", "n": "", "type": "其他", "text": "嚴光治", "head": "GA090n0089_p0936a02"}, {"level": "5", "n": "", "type": "其他", "text": "夏昺：遊石橋次宗成姪韻", "head": "GA090n0089_p0936a03"}, {"level": "5", "n": "", "type": "其他", "text": "鄭善夫：石梁行", "head": "GA090n0089_p0936a05"}, {"level": "5", "n": "", "type": "其他", "text": "范理", "head": "GA090n0089_p0936a08"}, {"level": "5", "n": "", "type": "其他", "text": "王曠", "head": "GA090n0089_p0937a01"}, {"level": "5", "n": "", "type": "其他", "text": "王士性：宿石梁", "head": "GA090n0089_p0937a02"}, {"level": "5", "n": "", "type": "其他", "text": "蓋竹歌", "head": "GA090n0089_p0937a04"}, {"level": "5", "n": "", "type": "其他", "text": "陳繼儒：宿石橋寺", "head": "GA090n0089_p0938a01"}, {"level": "5", "n": "", "type": "其他", "text": "王立程：同休遠、文心上人度石梁", "head": "GA090n0089_p0938a05"}, {"level": "5", "n": "", "type": "其他", "text": "楊鶴：同無盡師遊石梁坐石上觀瀑（四首）", "head": "GA090n0089_p0939a07"}, {"level": "5", "n": "", "type": "其他", "text": "馬騰：同文心登石梁觀瀑", "head": "GA090n0089_p0940a05"}, {"level": "5", "n": "", "type": "其他", "text": "僧仲光：曇花亭觀石橋", "head": "GA090n0089_p0940a07"}, {"level": "5", "n": "", "type": "其他", "text": "雲水僧：題石梁壁間", "head": "GA090n0089_p0940a09"}, {"level": "5", "n": "", "type": "其他", "text": "慧秀：同無盡師兄度石梁", "head": "GA090n0089_p0941a02"}, {"level": "5", "n": "", "type": "其他", "text": "王立程：題斷橋", "head": "GA090n0089_p0941a04"}, {"level": "3", "n": "", "type": "其他", "text": "萬年寺", "head": "GA090n0089_p0943a01"}, {"level": "4", "n": "", "type": "其他", "text": "宋", "head": "GA090n0089_p0943a02"}, {"level": "5", "n": "", "type": "其他", "text": "陳知柔", "head": "GA090n0089_p0943a02"}, {"level": "5", "n": "", "type": "其他", "text": "楊傑：玅蓮閣", "head": "GA090n0089_p0943a03"}, {"level": "5", "n": "", "type": "其他", "text": "羅適", "head": "GA090n0089_p0943a06"}, {"level": "4", "n": "", "type": "其他", "text": "明", "head": "GA090n0089_p0943a09"}, {"level": "5", "n": "", "type": "其他", "text": "何守愚", "head": "GA090n0089_p0943a09"}, {"level": "5", "n": "", "type": "其他", "text": "程資", "head": "GA090n0089_p0944a01"}, {"level": "5", "n": "", "type": "其他", "text": "方瞕", "head": "GA090n0089_p0944a04"}, {"level": "5", "n": "", "type": "其他", "text": "蔡潮", "head": "GA090n0089_p0944a05"}, {"level": "5", "n": "", "type": "其他", "text": "錢德洪：臥病萬年寺（二首）", "head": "GA090n0089_p0944a07"}, {"level": "5", "n": "", "type": "其他", "text": "葉良佩：由石橋尋萬年寺", "head": "GA090n0089_p0944a09"}, {"level": "5", "n": "", "type": "其他", "text": "王宣：日暮抵萬年", "head": "GA090n0089_p0945a02"}, {"level": "5", "n": "", "type": "其他", "text": "宋景平", "head": "GA090n0089_p0945a04"}, {"level": "5", "n": "", "type": "其他", "text": "王宗沐：萬年寺閔山僧行（二首）", "head": "GA090n0089_p0945a06"}, {"level": "5", "n": "", "type": "其他", "text": "陳繼疇：雜詠", "head": "GA090n0089_p0946a03"}, {"level": "6", "n": "", "type": "其他", "text": "萬年寺午鐘", "head": "GA090n0089_p0946a04"}, {"level": "6", "n": "", "type": "其他", "text": "仙人浪", "head": "GA090n0089_p0946a06"}, {"level": "6", "n": "", "type": "其他", "text": "天姥嶺", "head": "GA090n0089_p0946a07"}, {"level": "6", "n": "", "type": "其他", "text": "惆悵溪", "head": "GA090n0089_p0946a08"}, {"level": "5", "n": "", "type": "其他", "text": "王立程：萬年寺立雪齋", "head": "GA090n0089_p0946a09"}, {"level": "5", "n": "", "type": "其他", "text": "天姥", "head": "GA090n0089_p0947a02"}, {"level": "5", "n": "", "type": "其他", "text": "僧慧秀：遊萬年寺", "head": "GA090n0089_p0947a04"}, {"level": "3", "n": "", "type": "其他", "text": "玉霄峯", "head": "GA090n0089_p0949a01"}, {"level": "4", "n": "", "type": "其他", "text": "唐", "head": "GA090n0089_p0949a02"}, {"level": "5", "n": "", "type": "其他", "text": "皮日休", "head": "GA090n0089_p0949a02"}, {"level": "5", "n": "", "type": "其他", "text": "陸龜蒙", "head": "GA090n0089_p0949a03"}, {"level": "5", "n": "", "type": "其他", "text": "陳寡言：玉霄山居", "head": "GA090n0089_p0949a05"}, {"level": "4", "n": "", "type": "其他", "text": "宋", "head": "GA090n0089_p0949a07"}, {"level": "5", "n": "", "type": "其他", "text": "陸務觀：玉霄閣", "head": "GA090n0089_p0949a07"}, {"level": "4", "n": "", "type": "其他", "text": "明", "head": "GA090n0089_p0949a09"}, {"level": "5", "n": "", "type": "其他", "text": "胡融", "head": "GA090n0089_p0949a09"}, {"level": "3", "n": "", "type": "其他", "text": "桐柏觀", "head": "GA090n0089_p0950a03"}, {"level": "4", "n": "", "type": "其他", "text": "唐", "head": "GA090n0089_p0950a04"}, {"level": "5", "n": "", "type": "其他", "text": "李白", "head": "GA090n0089_p0950a04"}, {"level": "5", "n": "", "type": "其他", "text": "僧皎然", "head": "GA090n0089_p0950a06"}, {"level": "5", "n": "", "type": "其他", "text": "李嶠", "head": "GA090n0089_p0950a08"}, {"level": "5", "n": "", "type": "其他", "text": "任翻", "head": "GA090n0089_p0950a09"}, {"level": "5", "n": "", "type": "其他", "text": "皮日休", "head": "GA090n0089_p0951a01"}, {"level": "5", "n": "", "type": "其他", "text": "孟浩然", "head": "GA090n0089_p0951a03"}, {"level": "5", "n": "", "type": "其他", "text": "白玉蟾（四首）", "head": "GA090n0089_p0951a04"}, {"level": "5", "n": "", "type": "其他", "text": "鄭薰", "head": "GA090n0089_p0951a09"}, {"level": "5", "n": "", "type": "其他", "text": "姚鵠", "head": "GA090n0089_p0952a01"}, {"level": "5", "n": "", "type": "其他", "text": "周朴", "head": "GA090n0089_p0952a02"}, {"level": "5", "n": "", "type": "其他", "text": "孟浩然：宿桐柏觀", "head": "GA090n0089_p0952a04"}, {"level": "5", "n": "", "type": "其他", "text": "錢起：過桐柏山", "head": "GA090n0089_p0952a07"}, {"level": "4", "n": "", "type": "其他", "text": "宋", "head": "GA090n0089_p0953a01"}, {"level": "5", "n": "", "type": "其他", "text": "章得象", "head": "GA090n0089_p0953a01"}, {"level": "5", "n": "", "type": "其他", "text": "葛閎（二首）", "head": "GA090n0089_p0953a02"}, {"level": "5", "n": "", "type": "其他", "text": "元積中", "head": "GA090n0089_p0953a05"}, {"level": "5", "n": "", "type": "其他", "text": "趙師秀", "head": "GA090n0089_p0953a06"}, {"level": "5", "n": "", "type": "其他", "text": "李昉", "head": "GA090n0089_p0953a08"}, {"level": "5", "n": "", "type": "其他", "text": "元居中", "head": "GA090n0089_p0953a09"}, {"level": "5", "n": "", "type": "其他", "text": "夏竦", "head": "GA090n0089_p0954a02"}, {"level": "5", "n": "", "type": "其他", "text": "楊愈", "head": "GA090n0089_p0954a03"}, {"level": "5", "n": "", "type": "其他", "text": "萬奴", "head": "GA090n0089_p0954a04"}, {"level": "5", "n": "", "type": "其他", "text": "長吉", "head": "GA090n0089_p0954a05"}, {"level": "5", "n": "", "type": "其他", "text": "孫何", "head": "GA090n0089_p0954a07"}, {"level": "5", "n": "", "type": "其他", "text": "高似孫：夜宿桐柏觀", "head": "GA090n0089_p0954a09"}, {"level": "5", "n": "", "type": "其他", "text": "貢師泰", "head": "GA090n0089_p0955a01"}, {"level": "5", "n": "", "type": "其他", "text": "王文簡", "head": "GA090n0089_p0955a03"}, {"level": "5", "n": "", "type": "其他", "text": "趙儀鳳", "head": "GA090n0089_p0955a04"}, {"level": "4", "n": "", "type": "其他", "text": "元", "head": "GA090n0089_p0955a06"}, {"level": "5", "n": "", "type": "其他", "text": "楊維楨（二首）", "head": "GA090n0089_p0955a06"}, {"level": "4", "n": "", "type": "其他", "text": "明", "head": "GA090n0089_p0955a08"}, {"level": "5", "n": "", "type": "其他", "text": "揭軌", "head": "GA090n0089_p0955a08"}, {"level": "5", "n": "", "type": "其他", "text": "僧宗泐", "head": "GA090n0089_p0955a09"}, {"level": "5", "n": "", "type": "其他", "text": "丁彥俊", "head": "GA090n0089_p0956a03"}, {"level": "5", "n": "", "type": "其他", "text": "潘淵", "head": "GA090n0089_p0956a04"}, {"level": "5", "n": "", "type": "其他", "text": "蔡宗堯", "head": "GA090n0089_p0956a05"}, {"level": "5", "n": "", "type": "其他", "text": "胡融：桐相碑", "head": "GA090n0089_p0956a07"}, {"level": "3", "n": "", "type": "其他", "text": "瓊臺", "head": "GA090n0089_p0957a02"}, {"level": "4", "n": "", "type": "其他", "text": "唐", "head": "GA090n0089_p0957a03"}, {"level": "5", "n": "", "type": "其他", "text": "柳泌", "head": "GA090n0089_p0957a03"}, {"level": "5", "n": "", "type": "其他", "text": "方干", "head": "GA090n0089_p0957a03"}, {"level": "4", "n": "", "type": "其他", "text": "宋", "head": "GA090n0089_p0957a06"}, {"level": "5", "n": "", "type": "其他", "text": "高似孫：瓊臺西路", "head": "GA090n0089_p0957a06"}, {"level": "5", "n": "", "type": "其他", "text": "又", "head": "GA090n0089_p0957a07"}, {"level": "5", "n": "", "type": "其他", "text": "清曉昇瓊臺石崖有僊人腳跡", "head": "GA090n0089_p0958a01"}, {"level": "4", "n": "", "type": "其他", "text": "明", "head": "GA090n0089_p0958a05"}, {"level": "5", "n": "", "type": "其他", "text": "胡融", "head": "GA090n0089_p0958a05"}, {"level": "5", "n": "", "type": "其他", "text": "陳臨民", "head": "GA090n0089_p0958a07"}, {"level": "3", "n": "", "type": "其他", "text": "雙闕", "head": "GA090n0089_p0959a03"}, {"level": "4", "n": "", "type": "其他", "text": "宋", "head": "GA090n0089_p0959a04"}, {"level": "5", "n": "", "type": "其他", "text": "夏竦：三井銘", "head": "GA090n0089_p0959a04"}, {"level": "4", "n": "", "type": "其他", "text": "元", "head": "GA090n0089_p0959a06"}, {"level": "5", "n": "", "type": "其他", "text": "楊維楨", "head": "GA090n0089_p0959a06"}, {"level": "5", "n": "", "type": "其他", "text": "孔天徹：登雙闕最高頂", "head": "GA090n0089_p0959a09"}, {"level": "5", "n": "", "type": "其他", "text": "張鉄", "head": "GA090n0089_p0960a03"}, {"level": "3", "n": "", "type": "其他", "text": "瀑布", "head": "GA090n0089_p0960a05"}, {"level": "4", "n": "", "type": "其他", "text": "唐", "head": "GA090n0089_p0960a06"}, {"level": "5", "n": "", "type": "其他", "text": "曹松", "head": "GA090n0089_p0960a06"}, {"level": "5", "n": "", "type": "其他", "text": "鄭巢：瀑布寺", "head": "GA090n0089_p0960a07"}, {"level": "5", "n": "", "type": "其他", "text": "呂岩：遊福聖觀", "head": "GA090n0089_p0960a09"}, {"level": "5", "n": "", "type": "其他", "text": "楊偰：福聖觀瀑布", "head": "GA090n0089_p0961a01"}, {"level": "5", "n": "", "type": "其他", "text": "柳泌：玉清行", "head": "GA090n0089_p0961a02"}, {"level": "5", "n": "", "type": "其他", "text": "僧靈一：題妙樂觀", "head": "GA090n0089_p0961a07"}, {"level": "5", "n": "", "type": "其他", "text": "方干：石門瀑布", "head": "GA090n0089_p0962a01"}, {"level": "5", "n": "", "type": "其他", "text": "白玉蟾：方瀛山居", "head": "GA090n0089_p0962a03"}, {"level": "4", "n": "", "type": "其他", "text": "宋", "head": "GA090n0089_p0963a03"}, {"level": "5", "n": "", "type": "其他", "text": "高似孫：夜宿金庭洞", "head": "GA090n0089_p0963a03"}, {"level": "5", "n": "", "type": "其他", "text": "洪适", "head": "GA090n0089_p0963a08"}, {"level": "5", "n": "", "type": "其他", "text": "僧遵式", "head": "GA090n0089_p0963a09"}, {"level": "5", "n": "", "type": "其他", "text": "余爽（三首）", "head": "GA090n0089_p0964a02"}, {"level": "4", "n": "", "type": "其他", "text": "元", "head": "GA090n0089_p0964a06"}, {"level": "5", "n": "", "type": "其他", "text": "楊維楨", "head": "GA090n0089_p0964a06"}, {"level": "4", "n": "", "type": "其他", "text": "明", "head": "GA090n0089_p0964a08"}, {"level": "5", "n": "", "type": "其他", "text": "曾,：題玅聲堂", "head": "GA090n0089_p0964a08"}, {"level": "5", "n": "", "type": "其他", "text": "高天逸：葛僊壇", "head": "GA090n0089_p0964a09"}, {"level": "5", "n": "", "type": "其他", "text": "王度：遊石門", "head": "GA090n0089_p0965a02"}, {"level": "3", "n": "", "type": "其他", "text": "桃源洞", "head": "GA090n0089_p0967a02"}, {"level": "4", "n": "", "type": "其他", "text": "唐", "head": "GA090n0089_p0967a03"}, {"level": "5", "n": "", "type": "其他", "text": "元稹（二首）", "head": "GA090n0089_p0967a03"}, {"level": "5", "n": "", "type": "其他", "text": "僧靈一：桃源山房", "head": "GA090n0089_p0967a04"}, {"level": "5", "n": "", "type": "其他", "text": "曹唐：擬劉晨、阮肇遊天台", "head": "GA090n0089_p0967a06"}, {"level": "5", "n": "", "type": "其他", "text": "僊子送劉阮出洞", "head": "GA090n0089_p0967a08"}, {"level": "5", "n": "", "type": "其他", "text": "僊子洞中有懷劉阮", "head": "GA090n0089_p0968a01"}, {"level": "5", "n": "", "type": "其他", "text": "劉阮再到天台不復見僊子", "head": "GA090n0089_p0968a03"}, {"level": "4", "n": "", "type": "其他", "text": "宋", "head": "GA090n0089_p0968a06"}, {"level": "5", "n": "", "type": "其他", "text": "林仰", "head": "GA090n0089_p0968a06"}, {"level": "5", "n": "", "type": "其他", "text": "蘇軾：詠天台", "head": "GA090n0089_p0968a06"}, {"level": "5", "n": "", "type": "其他", "text": "洪适", "head": "GA090n0089_p0968a08"}, {"level": "5", "n": "", "type": "其他", "text": "毛漸", "head": "GA090n0089_p0969a01"}, {"level": "5", "n": "", "type": "其他", "text": "王十朋", "head": "GA090n0089_p0969a02"}, {"level": "5", "n": "", "type": "其他", "text": "左緯", "head": "GA090n0089_p0969a03"}, {"level": "5", "n": "", "type": "其他", "text": "周美成", "head": "GA090n0089_p0969a04"}, {"level": "5", "n": "", "type": "其他", "text": "吳師正", "head": "GA090n0089_p0969a05"}, {"level": "4", "n": "", "type": "其他", "text": "元", "head": "GA090n0089_p0970a04"}, {"level": "5", "n": "", "type": "其他", "text": "元文本：桃源採藥寓留居意", "head": "GA090n0089_p0970a04"}, {"level": "4", "n": "", "type": "其他", "text": "明", "head": "GA090n0089_p0970a07"}, {"level": "5", "n": "", "type": "其他", "text": "劉友鶴", "head": "GA090n0089_p0970a07"}, {"level": "5", "n": "", "type": "其他", "text": "鄭至道", "head": "GA090n0089_p0970a08"}, {"level": "5", "n": "", "type": "其他", "text": "周振", "head": "GA090n0089_p0970a09"}, {"level": "5", "n": "", "type": "其他", "text": "陳瓚", "head": "GA090n0089_p0971a01"}, {"level": "5", "n": "", "type": "其他", "text": "朱思平", "head": "GA090n0089_p0971a03"}, {"level": "5", "n": "", "type": "其他", "text": "楊珂", "head": "GA090n0089_p0971a04"}, {"level": "5", "n": "", "type": "其他", "text": "女郎潘氏（二首）", "head": "GA090n0089_p0971a06"}, {"level": "5", "n": "", "type": "其他", "text": "顧士龍：經天台劉阮洞雨作不及遊", "head": "GA090n0089_p0971a08"}, {"level": "5", "n": "", "type": "其他", "text": "夏鍊", "head": "GA090n0089_p0972a02"}, {"level": "5", "n": "", "type": "其他", "text": "周文盛：桃源圖", "head": "GA090n0089_p0972a03"}, {"level": "5", "n": "", "type": "其他", "text": "陶肱：劉阮天台圖", "head": "GA090n0089_p0972a08"}, {"level": "5", "n": "", "type": "其他", "text": "陳明復：東柯谷", "head": "GA090n0089_p0972a09"}, {"level": "5", "n": "", "type": "其他", "text": "吳宗助", "head": "GA090n0089_p0973a02"}, {"level": "5", "n": "", "type": "其他", "text": "高述：流花亭", "head": "GA090n0089_p0973a04"}, {"level": "5", "n": "", "type": "其他", "text": "王士性：桃源行", "head": "GA090n0089_p0973a05"}, {"level": "5", "n": "", "type": "其他", "text": "陳策", "head": "GA090n0089_p0974a02"}, {"level": "5", "n": "", "type": "其他", "text": "謝鐸", "head": "GA090n0089_p0974a03"}, {"level": "5", "n": "", "type": "其他", "text": "無名氏：桃源行", "head": "GA090n0089_p0974a05"}, {"level": "3", "n": "", "type": "其他", "text": "護國寺", "head": "GA090n0089_p0976a03"}, {"level": "4", "n": "", "type": "其他", "text": "宋", "head": "GA090n0089_p0976a04"}, {"level": "5", "n": "", "type": "其他", "text": "錢惟濟", "head": "GA090n0089_p0976a04"}, {"level": "5", "n": "", "type": "其他", "text": "錢惟演", "head": "GA090n0089_p0976a05"}, {"level": "4", "n": "", "type": "其他", "text": "明", "head": "GA090n0089_p0976a08"}, {"level": "5", "n": "", "type": "其他", "text": "盧濬", "head": "GA090n0089_p0976a08"}, {"level": "5", "n": "", "type": "其他", "text": "周振：宿護國寺", "head": "GA090n0089_p0976a08"}, {"level": "5", "n": "", "type": "其他", "text": "張耕：白巖寺", "head": "GA090n0089_p0977a01"}, {"level": "5", "n": "", "type": "其他", "text": "陸寶：接符寺", "head": "GA090n0089_p0977a03"}, {"level": "5", "n": "", "type": "其他", "text": "蔡宗堯：廣巖寺", "head": "GA090n0089_p0977a04"}, {"level": "3", "n": "", "type": "其他", "text": "寒巖", "head": "GA090n0089_p0977a07"}, {"level": "4", "n": "", "type": "其他", "text": "唐", "head": "GA090n0089_p0977a08"}, {"level": "5", "n": "", "type": "其他", "text": "寒山子（七首）", "head": "GA090n0089_p0977a08"}, {"level": "4", "n": "", "type": "其他", "text": "宋", "head": "GA090n0089_p0978a08"}, {"level": "5", "n": "", "type": "其他", "text": "郭三益", "head": "GA090n0089_p0978a08"}, {"level": "5", "n": "", "type": "其他", "text": "洪适", "head": "GA090n0089_p0978a09"}, {"level": "5", "n": "", "type": "其他", "text": "太史章：題晏坐石", "head": "GA090n0089_p0979a02"}, {"level": "4", "n": "", "type": "其他", "text": "元", "head": "GA090n0089_p0979a04"}, {"level": "5", "n": "", "type": "其他", "text": "曹一介：晚過寒巖", "head": "GA090n0089_p0979a04"}, {"level": "5", "n": "", "type": "其他", "text": "別羅沙：宿寒巖", "head": "GA090n0089_p0979a05"}, {"level": "5", "n": "", "type": "其他", "text": "許廣大：宿寒巖", "head": "GA090n0089_p0979a07"}, {"level": "4", "n": "", "type": "其他", "text": "明", "head": "GA090n0089_p0980a01"}, {"level": "5", "n": "", "type": "其他", "text": "黃綰", "head": "GA090n0089_p0980a01"}, {"level": "5", "n": "", "type": "其他", "text": "許具瞻", "head": "GA090n0089_p0980a02"}, {"level": "5", "n": "", "type": "其他", "text": "陳憲章：寄題", "head": "GA090n0089_p0980a04"}, {"level": "3", "n": "", "type": "其他", "text": "明巖", "head": "GA090n0089_p0980a07"}, {"level": "4", "n": "", "type": "其他", "text": "宋", "head": "GA090n0089_p0980a08"}, {"level": "5", "n": "", "type": "其他", "text": "洪适", "head": "GA090n0089_p0980a08"}, {"level": "5", "n": "", "type": "其他", "text": "太史章：題幽石", "head": "GA090n0089_p0980a09"}, {"level": "5", "n": "", "type": "其他", "text": "望飛泉", "head": "GA090n0089_p0981a01"}, {"level": "4", "n": "", "type": "其他", "text": "元", "head": "GA090n0089_p0981a03"}, {"level": "5", "n": "", "type": "其他", "text": "許嗣", "head": "GA090n0089_p0981a03"}, {"level": "4", "n": "", "type": "其他", "text": "明", "head": "GA090n0089_p0981a07"}, {"level": "5", "n": "", "type": "其他", "text": "黃綰", "head": "GA090n0089_p0981a07"}, {"level": "5", "n": "", "type": "其他", "text": "謝少南", "head": "GA090n0089_p0981a08"}, {"level": "4", "n": "", "type": "其他", "text": "唐", "head": "GA090n0089_p0982a01"}, {"level": "5", "n": "", "type": "其他", "text": "許渾：宿東橫山", "head": "GA090n0089_p0982a01"}, {"level": "5", "n": "", "type": "其他", "text": "發靈溪館", "head": "GA090n0089_p0982a02"}, {"level": "5", "n": "", "type": "其他", "text": "鄭巢：靈溪館", "head": "GA090n0089_p0982a03"}, {"level": "4", "n": "", "type": "其他", "text": "宋", "head": "GA090n0089_p0982a06"}, {"level": "5", "n": "", "type": "其他", "text": "洪适：甯國寺", "head": "GA090n0089_p0982a06"}, {"level": "4", "n": "", "type": "其他", "text": "元", "head": "GA090n0089_p0982a08"}, {"level": "5", "n": "", "type": "其他", "text": "潘和道：大覺寺", "head": "GA090n0089_p0982a08"}, {"level": "5", "n": "", "type": "其他", "text": "曹文晦：九月清溪道中", "head": "GA090n0089_p0982a09"}, {"level": "4", "n": "", "type": "其他", "text": "明", "head": "GA090n0089_p0983a03"}, {"level": "5", "n": "", "type": "其他", "text": "魯昇：普聞寺", "head": "GA090n0089_p0983a03"}, {"level": "5", "n": "", "type": "其他", "text": "僧無可：禪林寺", "head": "GA090n0089_p0983a04"}, {"level": "5", "n": "", "type": "其他", "text": "雷燁：曉山", "head": "GA090n0089_p0983a06"}, {"level": "4", "n": "", "type": "其他", "text": "元", "head": "GA090n0089_p0983a08"}, {"level": "5", "n": "", "type": "其他", "text": "曹文晦：賦八景", "head": "GA090n0089_p0983a08"}, {"level": "6", "n": "", "type": "其他", "text": "赤城棲霞", "head": "GA090n0089_p0983a08"}, {"level": "6", "n": "", "type": "其他", "text": "雙澗觀瀾", "head": "GA090n0089_p0984a01"}, {"level": "6", "n": "", "type": "其他", "text": "石橋雪瀑", "head": "GA090n0089_p0984a03"}, {"level": "6", "n": "", "type": "其他", "text": "桃源春曉", "head": "GA090n0089_p0984a05"}, {"level": "6", "n": "", "type": "其他", "text": "瓊臺夜月", "head": "GA090n0089_p0984a06"}, {"level": "6", "n": "", "type": "其他", "text": "寒巖夕照", "head": "GA090n0089_p0984a08"}, {"level": "6", "n": "", "type": "其他", "text": "螺溪釣艇", "head": "GA090n0089_p0985a01"}, {"level": "6", "n": "", "type": "其他", "text": "清溪落雁", "head": "GA090n0089_p0985a03"}, {"level": "5", "n": "", "type": "其他", "text": "施文德：寒、明兩嵓歌", "head": "GA090n0089_p0985a05"}, {"level": "2", "n": "", "type": "其他", "text": "詩寄贈", "head": "GA090n0089_p0987a02"}, {"level": "3", "n": "", "type": "其他", "text": "唐", "head": "GA090n0089_p0987a03"}, {"level": "4", "n": "", "type": "其他", "text": "唐玄宗：送司馬道士歸天台", "head": "GA090n0089_p0987a03"}, {"level": "4", "n": "", "type": "其他", "text": "李白：夢遊天姥，吟留別東魯諸公", "head": "GA090n0089_p0987a05"}, {"level": "4", "n": "", "type": "其他", "text": "送楊山人歸天台", "head": "GA090n0089_p0988a05"}, {"level": "4", "n": "", "type": "其他", "text": "宋之問：寄司馬道士", "head": "GA090n0089_p0988a08"}, {"level": "4", "n": "", "type": "其他", "text": "貫休：送道士歸天台", "head": "GA090n0089_p0988a09"}, {"level": "4", "n": "", "type": "其他", "text": "羅隱：送程尊師遊天台", "head": "GA090n0089_p0989a02"}, {"level": "4", "n": "", "type": "其他", "text": "項斯：寄石橋僧", "head": "GA090n0089_p0989a04"}, {"level": "4", "n": "", "type": "其他", "text": "病中懷王展先輩在天台", "head": "GA090n0089_p0989a06"}, {"level": "4", "n": "", "type": "其他", "text": "賈島：送僧歸天台", "head": "GA090n0089_p0989a08"}, {"level": "4", "n": "", "type": "其他", "text": "崔湜：寄天台司馬先生", "head": "GA090n0089_p0989a09"}, {"level": "4", "n": "", "type": "其他", "text": "張九齡：送楊道士往天台", "head": "GA090n0089_p0990a02"}, {"level": "4", "n": "", "type": "其他", "text": "范德機：憶遊天台寄道流", "head": "GA090n0089_p0990a04"}, {"level": "3", "n": "", "type": "其他", "text": "宋", "head": "GA090n0089_p0990a07"}, {"level": "4", "n": "", "type": "其他", "text": "蘇軾：贈杜介遊赤城", "head": "GA090n0089_p0990a07"}, {"level": "3", "n": "", "type": "其他", "text": "明", "head": "GA090n0089_p0991a04"}, {"level": "4", "n": "", "type": "其他", "text": "諸明公贈錢塘葛居士重修曇華亭（四首）", "head": "GA090n0089_p0991a04"}, {"level": "5", "n": "", "type": "其他", "text": "王士琦", "head": "GA090n0089_p0991a05"}, {"level": "5", "n": "", "type": "其他", "text": "何湛之", "head": "GA090n0089_p0991a09"}, {"level": "5", "n": "", "type": "其他", "text": "王立程", "head": "GA090n0089_p0991a09"}, {"level": "5", "n": "", "type": "其他", "text": "金以諫", "head": "GA090n0089_p0992a05"}, {"level": "4", "n": "", "type": "其他", "text": "諸明公贈僧燈詩", "head": "GA090n0089_p0993a02"}, {"level": "5", "n": "", "type": "其他", "text": "吳中禮石佛還天台，王穉登贈", "head": "GA090n0089_p0993a03"}, {"level": "5", "n": "", "type": "其他", "text": "紫阜山講經還天台，蔡宗明贈", "head": "GA090n0089_p0993a05"}, {"level": "4", "n": "", "type": "其他", "text": "四明講經還天台，諸明公贈", "head": "GA090n0089_p0993a08"}, {"level": "5", "n": "", "type": "其他", "text": "屠隆", "head": "GA090n0089_p0993a09"}, {"level": "5", "n": "", "type": "其他", "text": "蔡學用", "head": "GA090n0089_p0994a01"}, {"level": "5", "n": "", "type": "其他", "text": "屠本畯", "head": "GA090n0089_p0994a06"}, {"level": "5", "n": "", "type": "其他", "text": "李德學", "head": "GA090n0089_p0994a07"}, {"level": "5", "n": "", "type": "其他", "text": "沈明臣", "head": "GA090n0089_p0994a09"}, {"level": "5", "n": "", "type": "其他", "text": "楊德政", "head": "GA090n0089_p0995a02"}, {"level": "5", "n": "", "type": "其他", "text": "張邦伊", "head": "GA090n0089_p0995a04"}, {"level": "5", "n": "", "type": "其他", "text": "張邦伺", "head": "GA090n0089_p0995a06"}, {"level": "5", "n": "", "type": "其他", "text": "陳緯", "head": "GA090n0089_p0996a01"}, {"level": "5", "n": "", "type": "其他", "text": "張應崧", "head": "GA090n0089_p0996a03"}, {"level": "5", "n": "", "type": "其他", "text": "張邦岱", "head": "GA090n0089_p0996a04"}, {"level": "5", "n": "", "type": "其他", "text": "聞龍", "head": "GA090n0089_p0996a06"}, {"level": "5", "n": "", "type": "其他", "text": "李麟", "head": "GA090n0089_p0996a09"}, {"level": "5", "n": "", "type": "其他", "text": "陳來譽", "head": "GA090n0089_p0997a02"}, {"level": "5", "n": "", "type": "其他", "text": "沈雲沖", "head": "GA090n0089_p0997a04"}, {"level": "5", "n": "", "type": "其他", "text": "施文德（二首）", "head": "GA090n0089_p0997a06"}, {"level": "5", "n": "", "type": "其他", "text": "沈泰鴻", "head": "GA090n0089_p0997a08"}, {"level": "5", "n": "", "type": "其他", "text": "沈泰湻（二首）", "head": "GA090n0089_p0998a04"}, {"level": "5", "n": "", "type": "其他", "text": "薛岡：十洲社集分體賦贈", "head": "GA090n0089_p0998a06"}, {"level": "5", "n": "", "type": "其他", "text": "僧傳慧", "head": "GA090n0089_p0999a04"}, {"level": "5", "n": "", "type": "其他", "text": "僧佛引（二首）", "head": "GA090n0089_p0999a09"}, {"level": "5", "n": "", "type": "其他", "text": "僧弘灝", "head": "GA090n0089_p1000a03"}, {"level": "5", "n": "", "type": "其他", "text": "僧圓復", "head": "GA090n0089_p1000a04"}, {"level": "5", "n": "", "type": "其他", "text": "僧正亮", "head": "GA090n0089_p1000a06"}, {"level": "5", "n": "", "type": "其他", "text": "錢塘勝果寺講經還天台，周錫圭贈", "head": "GA090n0089_p1000a08"}, {"level": "5", "n": "", "type": "其他", "text": "何白寄贈，兼懷朗初", "head": "GA090n0089_p1001a06"}, {"level": "5", "n": "", "type": "其他", "text": "五峙講經還天台，項復弘贈", "head": "GA090n0089_p1002a08"}, {"level": "5", "n": "", "type": "其他", "text": "林國材", "head": "GA090n0089_p1002a09"}, {"level": "5", "n": "", "type": "其他", "text": "錢塘勝果山修懺還天台，虞湻熙贈", "head": "GA090n0089_p1003a02"}, {"level": "5", "n": "", "type": "其他", "text": "修天台山志，金以諫寄贈", "head": "GA090n0089_p1003a09"}, {"level": "5", "n": "", "type": "其他", "text": "周錫圭：讀無盡大師天台山志偶述", "head": "GA090n0089_p1004a08"}, {"level": "5", "n": "", "type": "其他", "text": "又讀山志，因得三人，領以幽溪，作四賢詠", "head": "GA090n0089_p1005a02"}, {"level": "5", "n": "", "type": "其他", "text": "陳繼疇：聽幽溪法師講《法華經》于山陰大善寺賦贈", "head": "GA090n0089_p1006a03"}, {"level": "5", "n": "", "type": "其他", "text": "劉康社：送幽溪法師還天台山", "head": "GA090n0089_p1006a09"}, {"level": "5", "n": "", "type": "其他", "text": "旃檀像成志喜", "head": "GA090n0089_p1007a06"}, {"level": "5", "n": "", "type": "其他", "text": "周應賔：贈幽溪講經還天台", "head": "GA090n0089_p1008a02"}, {"level": "5", "n": "", "type": "其他", "text": "周應治：石梁行送幽溪法師還天台", "head": "GA090n0089_p1008a04"}, {"level": "5", "n": "", "type": "其他", "text": "屠隆：贈幽溪師講經還天台", "head": "GA090n0089_p1008a09"}, {"level": "5", "n": "", "type": "其他", "text": "金錫敦：贈幽溪至永嘉刻香像并山志成還山", "head": "GA090n0089_p1009a05"}, {"level": "5", "n": "", "type": "其他", "text": "邵建章：贈幽溪刻栴檀像", "head": "GA090n0089_p1010a01"}, {"level": "5", "n": "", "type": "其他", "text": "汪其俊：贈幽溪法師三吳解講歸天台", "head": "GA090n0089_p1010a07"}, {"level": "1", "n": "", "type": "其他", "text": "跋", "head": "GA090n0089_p1011a01"}, {"level": "1", "n": "", "type": "其他", "text": "補錄：天台方外志跋", "head": "GA090n0089_p1014a13"}]