[{"level": "1", "n": "", "type": "其他", "text": "原文", "head": "GA001n0002_p0225a01"}, {"level": "2", "n": "", "type": "其他", "text": "原序", "head": "GA001n0002_p0225a01"}, {"level": "2", "n": "", "type": "其他", "text": "吳若準序", "head": "GA001n0002_p0227a01"}, {"level": "2", "n": "", "type": "其他", "text": "圖", "head": "GA001n0002_p0228a01"}, {"level": "2", "n": "", "type": "其他", "text": "城內", "head": "GA001n0002_p0230a03"}, {"level": "3", "n": "", "type": "其他", "text": "永,寺", "head": "GA001n0002_p0230a04"}, {"level": "3", "n": "", "type": "其他", "text": "建中寺", "head": "GA001n0002_p0233b09"}, {"level": "3", "n": "", "type": "其他", "text": "長秋寺", "head": "GA001n0002_p0234a03"}, {"level": "3", "n": "", "type": "其他", "text": "瑤光寺", "head": "GA001n0002_p0234a13"}, {"level": "3", "n": "", "type": "其他", "text": "景樂寺", "head": "GA001n0002_p0234b11"}, {"level": "3", "n": "", "type": "其他", "text": "昭儀尼寺", "head": "GA001n0002_p0235a02"}, {"level": "3", "n": "", "type": "其他", "text": "胡統寺", "head": "GA001n0002_p0235b05"}, {"level": "3", "n": "", "type": "其他", "text": "修梵寺", "head": "GA001n0002_p0235b11"}, {"level": "3", "n": "", "type": "其他", "text": "景林寺", "head": "GA001n0002_p0235b21"}, {"level": "2", "n": "", "type": "其他", "text": "城東", "head": "GA001n0002_p0237a03"}, {"level": "3", "n": "", "type": "其他", "text": "明懸尼寺", "head": "GA001n0002_p0237a04"}, {"level": "3", "n": "", "type": "其他", "text": "龍華寺", "head": "GA001n0002_p0237a14"}, {"level": "3", "n": "", "type": "其他", "text": "瓔珞寺", "head": "GA001n0002_p0237b08"}, {"level": "3", "n": "", "type": "其他", "text": "宗聖寺", "head": "GA001n0002_p0237b12"}, {"level": "3", "n": "", "type": "其他", "text": "崇真寺", "head": "GA001n0002_p0237b15"}, {"level": "3", "n": "", "type": "其他", "text": "魏昌尼寺", "head": "GA001n0002_p0238a19"}, {"level": "3", "n": "", "type": "其他", "text": "景興尼寺", "head": "GA001n0002_p0238a23"}, {"level": "3", "n": "", "type": "其他", "text": "莊嚴寺", "head": "GA001n0002_p0239a11"}, {"level": "3", "n": "", "type": "其他", "text": "秦太上君寺", "head": "GA001n0002_p0239a14"}, {"level": "3", "n": "", "type": "其他", "text": "正始寺", "head": "GA001n0002_p0239b19"}, {"level": "3", "n": "", "type": "其他", "text": "平等寺", "head": "GA001n0002_p0240b15"}, {"level": "3", "n": "", "type": "其他", "text": "景,寺", "head": "GA001n0002_p0242a17"}, {"level": "2", "n": "", "type": "其他", "text": "城南", "head": "GA001n0002_p0244a03"}, {"level": "3", "n": "", "type": "其他", "text": "景明寺", "head": "GA001n0002_p0244a04"}, {"level": "3", "n": "", "type": "其他", "text": "大統寺", "head": "GA001n0002_p0244b17"}, {"level": "3", "n": "", "type": "其他", "text": "雙女寺", "head": "GA001n0002_p0244b24"}, {"level": "3", "n": "", "type": "其他", "text": "報德寺", "head": "GA001n0002_p0245a23"}, {"level": "3", "n": "", "type": "其他", "text": "正覺寺", "head": "GA001n0002_p0245b11"}, {"level": "3", "n": "", "type": "其他", "text": "龍華寺", "head": "GA001n0002_p0246a18"}, {"level": "3", "n": "", "type": "其他", "text": "菩提寺", "head": "GA001n0002_p0247a21"}, {"level": "3", "n": "", "type": "其他", "text": "高陽王寺", "head": "GA001n0002_p0247b19"}, {"level": "3", "n": "", "type": "其他", "text": "崇虛寺", "head": "GA001n0002_p0248b01"}, {"level": "2", "n": "", "type": "其他", "text": "城西", "head": "GA001n0002_p0249a03"}, {"level": "3", "n": "", "type": "其他", "text": "沖覺寺", "head": "GA001n0002_p0249a04"}, {"level": "3", "n": "", "type": "其他", "text": "宣忠寺", "head": "GA001n0002_p0249a23"}, {"level": "3", "n": "", "type": "其他", "text": "宣忠寺", "head": "GA001n0002_p0250a05"}, {"level": "3", "n": "", "type": "其他", "text": "白馬寺", "head": "GA001n0002_p0250a09"}, {"level": "3", "n": "", "type": "其他", "text": "光寶寺", "head": "GA001n0002_p0250b04"}, {"level": "3", "n": "", "type": "其他", "text": "法雲寺", "head": "GA001n0002_p0250b16"}, {"level": "3", "n": "", "type": "其他", "text": "開善寺", "head": "GA001n0002_p0252a06"}, {"level": "3", "n": "", "type": "其他", "text": "追光寺", "head": "GA001n0002_p0253a10"}, {"level": "3", "n": "", "type": "其他", "text": "融覺寺", "head": "GA001n0002_p0253b13"}, {"level": "3", "n": "", "type": "其他", "text": "大覺寺", "head": "GA001n0002_p0253b22"}, {"level": "3", "n": "", "type": "其他", "text": "永明寺", "head": "GA001n0002_p0254a05"}, {"level": "2", "n": "", "type": "其他", "text": "城北", "head": "GA001n0002_p0255a03"}, {"level": "3", "n": "", "type": "其他", "text": "禪虛寺", "head": "GA001n0002_p0255a04"}, {"level": "3", "n": "", "type": "其他", "text": "凝圓寺", "head": "GA001n0002_p0255a09"}, {"level": "2", "n": "", "type": "其他", "text": "結語", "head": "GA001n0002_p0259b19"}, {"level": "2", "n": "", "type": "其他", "text": "朱紫貴跋", "head": "GA001n0002_p0261a01"}, {"level": "1", "n": "", "type": "其他", "text": "集證", "head": "GA001n0002_p0261b01"}, {"level": "2", "n": "", "type": "其他", "text": "序", "head": "GA001n0002_p0261b03"}, {"level": "2", "n": "", "type": "其他", "text": "城內卷第一", "head": "GA001n0002_p0261b14"}, {"level": "2", "n": "", "type": "其他", "text": "城東卷第二", "head": "GA001n0002_p0263a16"}, {"level": "2", "n": "", "type": "其他", "text": "城南卷第三", "head": "GA001n0002_p0265b17"}, {"level": "2", "n": "", "type": "其他", "text": "城西卷第四", "head": "GA001n0002_p0267b04"}, {"level": "2", "n": "", "type": "其他", "text": "城北卷第五", "head": "GA001n0002_p0269a21"}]