[{"level": "1", "n": "", "type": "其他", "text": "總圖", "head": "GA001n0003_p0272a01"}, {"level": "1", "n": "", "type": "其他", "text": "鉤沈序", "head": "GA001n0003_p0273a01"}, {"level": "1", "n": "", "type": "其他", "text": "原序", "head": "GA001n0003_p0274a02"}, {"level": "1", "n": "", "type": "其他", "text": "城內", "head": "GA001n0003_p0275b14"}, {"level": "2", "n": "", "type": "其他", "text": "永甯寺", "head": "GA001n0003_p0275b15"}, {"level": "2", "n": "", "type": "其他", "text": "建中寺", "head": "GA001n0003_p0281b20"}, {"level": "2", "n": "", "type": "其他", "text": "長秋寺", "head": "GA001n0003_p0282b10"}, {"level": "2", "n": "", "type": "其他", "text": "瑤光寺", "head": "GA001n0003_p0283a03"}, {"level": "2", "n": "", "type": "其他", "text": "景樂寺", "head": "GA001n0003_p0284a03"}, {"level": "2", "n": "", "type": "其他", "text": "昭儀尼寺", "head": "GA001n0003_p0284b06"}, {"level": "2", "n": "", "type": "其他", "text": "胡統寺", "head": "GA001n0003_p0285a17"}, {"level": "2", "n": "", "type": "其他", "text": "修梵寺", "head": "GA001n0003_p0285b02"}, {"level": "2", "n": "", "type": "其他", "text": "景林寺", "head": "GA001n0003_p0286a01"}, {"level": "1", "n": "", "type": "其他", "text": "城東", "head": "GA001n0003_p0288a02"}, {"level": "2", "n": "", "type": "其他", "text": "明縣尼寺", "head": "GA001n0003_p0288a03"}, {"level": "2", "n": "", "type": "其他", "text": "龍華寺", "head": "GA001n0003_p0288a16"}, {"level": "2", "n": "", "type": "其他", "text": "瓔珞寺", "head": "GA001n0003_p0288b20"}, {"level": "2", "n": "", "type": "其他", "text": "宗聖寺", "head": "GA001n0003_p0289a07"}, {"level": "2", "n": "", "type": "其他", "text": "崇真寺", "head": "GA001n0003_p0289a11"}, {"level": "2", "n": "", "type": "其他", "text": "魏昌尼寺", "head": "GA001n0003_p0290a03"}, {"level": "2", "n": "", "type": "其他", "text": "景興尼寺", "head": "GA001n0003_p0290a08"}, {"level": "2", "n": "", "type": "其他", "text": "莊嚴寺", "head": "GA001n0003_p0291a15"}, {"level": "2", "n": "", "type": "其他", "text": "秦太上君寺", "head": "GA001n0003_p0291b02"}, {"level": "2", "n": "", "type": "其他", "text": "正始寺", "head": "GA001n0003_p0292b09"}, {"level": "2", "n": "", "type": "其他", "text": "平等寺", "head": "GA001n0003_p0294a01"}, {"level": "2", "n": "", "type": "其他", "text": "景甯寺", "head": "GA001n0003_p0296a12"}, {"level": "1", "n": "", "type": "其他", "text": "城南", "head": "GA001n0003_p0299a02"}, {"level": "2", "n": "", "type": "其他", "text": "景明寺", "head": "GA001n0003_p0299a03"}, {"level": "2", "n": "", "type": "其他", "text": "大統寺", "head": "GA001n0003_p0300a08"}, {"level": "2", "n": "", "type": "其他", "text": "雙女寺", "head": "GA001n0003_p0300a15"}, {"level": "2", "n": "", "type": "其他", "text": "報德寺", "head": "GA001n0003_p0301a01"}, {"level": "2", "n": "", "type": "其他", "text": "正覺寺", "head": "GA001n0003_p0301a18"}, {"level": "2", "n": "", "type": "其他", "text": "龍華寺", "head": "GA001n0003_p0302a17"}, {"level": "2", "n": "", "type": "其他", "text": "菩提寺", "head": "GA001n0003_p0304a04"}, {"level": "2", "n": "", "type": "其他", "text": "高陽王寺", "head": "GA001n0003_p0304b08"}, {"level": "2", "n": "", "type": "其他", "text": "崇虛寺", "head": "GA001n0003_p0305b05"}, {"level": "1", "n": "", "type": "其他", "text": "城西", "head": "GA001n0003_p0306a02"}, {"level": "2", "n": "", "type": "其他", "text": "沖覺寺", "head": "GA001n0003_p0306a03"}, {"level": "2", "n": "", "type": "其他", "text": "宣忠寺", "head": "GA001n0003_p0306b08"}, {"level": "2", "n": "", "type": "其他", "text": "宣忠寺", "head": "GA001n0003_p0307b01"}, {"level": "2", "n": "", "type": "其他", "text": "白馬寺", "head": "GA001n0003_p0307b09"}, {"level": "2", "n": "", "type": "其他", "text": "光寶寺", "head": "GA001n0003_p0308a12"}, {"level": "2", "n": "", "type": "其他", "text": "法雲寺", "head": "GA001n0003_p0308b08"}, {"level": "2", "n": "", "type": "其他", "text": "開善寺", "head": "GA001n0003_p0310b11"}, {"level": "2", "n": "", "type": "其他", "text": "追光寺", "head": "GA001n0003_p0312a15"}, {"level": "2", "n": "", "type": "其他", "text": "融覺寺", "head": "GA001n0003_p0313a12"}, {"level": "2", "n": "", "type": "其他", "text": "大覺寺", "head": "GA001n0003_p0313b01"}, {"level": "2", "n": "", "type": "其他", "text": "永明寺", "head": "GA001n0003_p0313b10"}, {"level": "1", "n": "", "type": "其他", "text": "城北", "head": "GA001n0003_p0316a02"}, {"level": "2", "n": "", "type": "其他", "text": "禪虛寺", "head": "GA001n0003_p0316a03"}, {"level": "2", "n": "", "type": "其他", "text": "凝玄寺", "head": "GA001n0003_p0316a09"}, {"level": "1", "n": "", "type": "其他", "text": "結語", "head": "GA001n0003_p0322b03"}]