[{"level": "1", "n": "", "type": "其他", "text": "合校本序", "head": "GA001n0004_p0327a01"}, {"level": "1", "n": "", "type": "其他", "text": "原序", "head": "GA001n0004_p0329a01"}, {"level": "1", "n": "", "type": "其他", "text": "圖", "head": "GA001n0004_p0335a01"}, {"level": "1", "n": "", "type": "其他", "text": "城內", "head": "GA001n0004_p0337a03"}, {"level": "2", "n": "", "type": "其他", "text": "永寜寺", "head": "GA001n0004_p0337a04"}, {"level": "2", "n": "", "type": "其他", "text": "建中寺", "head": "GA001n0004_p0355a05"}, {"level": "2", "n": "", "type": "其他", "text": "長秋寺", "head": "GA001n0004_p0357a02"}, {"level": "2", "n": "", "type": "其他", "text": "瑶光寺", "head": "GA001n0004_p0357a10"}, {"level": "2", "n": "", "type": "其他", "text": "景樂寺", "head": "GA001n0004_p0360a03"}, {"level": "2", "n": "", "type": "其他", "text": "昭儀尼寺", "head": "GA001n0004_p0361a07"}, {"level": "2", "n": "", "type": "其他", "text": "胡統寺", "head": "GA001n0004_p0364a02"}, {"level": "2", "n": "", "type": "其他", "text": "修梵寺", "head": "GA001n0004_p0364a06"}, {"level": "2", "n": "", "type": "其他", "text": "景林寺", "head": "GA001n0004_p0365a06"}, {"level": "2", "n": "", "type": "其他", "text": "華林園", "head": "GA001n0004_p0366a05"}, {"level": "1", "n": "", "type": "其他", "text": "城東", "head": "GA001n0004_p0371a03"}, {"level": "2", "n": "", "type": "其他", "text": "明懸尼寺", "head": "GA001n0004_p0371a04"}, {"level": "2", "n": "", "type": "其他", "text": "龍華寺", "head": "GA001n0004_p0372a03"}, {"level": "2", "n": "", "type": "其他", "text": "瓔珞寺", "head": "GA001n0004_p0374a03"}, {"level": "2", "n": "", "type": "其他", "text": "宗聖寺", "head": "GA001n0004_p0374a07"}, {"level": "2", "n": "", "type": "其他", "text": "崇真寺", "head": "GA001n0004_p0375a01"}, {"level": "2", "n": "", "type": "其他", "text": "魏昌尼寺", "head": "GA001n0004_p0377a10"}, {"level": "2", "n": "", "type": "其他", "text": "景興尼寺", "head": "GA001n0004_p0378a04"}, {"level": "2", "n": "", "type": "其他", "text": "靈應寺", "head": "GA001n0004_p0378a08"}, {"level": "2", "n": "", "type": "其他", "text": "莊嚴寺", "head": "GA001n0004_p0381a10"}, {"level": "2", "n": "", "type": "其他", "text": "秦太上君寺", "head": "GA001n0004_p0382a04"}, {"level": "2", "n": "", "type": "其他", "text": "正始寺", "head": "GA001n0004_p0385a03"}, {"level": "2", "n": "", "type": "其他", "text": "平等寺", "head": "GA001n0004_p0389a09"}, {"level": "2", "n": "", "type": "其他", "text": "景寜寺", "head": "GA001n0004_p0397a05"}, {"level": "1", "n": "", "type": "其他", "text": "城南", "head": "GA001n0004_p0407a03"}, {"level": "2", "n": "", "type": "其他", "text": "景明寺", "head": "GA001n0004_p0407a04"}, {"level": "2", "n": "", "type": "其他", "text": "大統寺", "head": "GA001n0004_p0410a10"}, {"level": "2", "n": "", "type": "其他", "text": "雙女寺", "head": "GA001n0004_p0411a07"}, {"level": "2", "n": "", "type": "其他", "text": "報德寺", "head": "GA001n0004_p0413a10"}, {"level": "2", "n": "", "type": "其他", "text": "正覺寺", "head": "GA001n0004_p0415a02"}, {"level": "2", "n": "", "type": "其他", "text": "龍華寺", "head": "GA001n0004_p0418a06"}, {"level": "2", "n": "", "type": "其他", "text": "菩提寺", "head": "GA001n0004_p0423a09"}, {"level": "2", "n": "", "type": "其他", "text": "高陽王寺", "head": "GA001n0004_p0426a02"}, {"level": "2", "n": "", "type": "其他", "text": "崇虚寺", "head": "GA001n0004_p0429a04"}, {"level": "1", "n": "", "type": "其他", "text": "城西", "head": "GA001n0004_p0431a03"}, {"level": "2", "n": "", "type": "其他", "text": "沖覺寺", "head": "GA001n0004_p0431a04"}, {"level": "2", "n": "", "type": "其他", "text": "宣忠寺", "head": "GA001n0004_p0433a03"}, {"level": "2", "n": "", "type": "其他", "text": "宣忠寺", "head": "GA001n0004_p0436a04"}, {"level": "2", "n": "", "type": "其他", "text": "白馬寺", "head": "GA001n0004_p0436a08"}, {"level": "2", "n": "", "type": "其他", "text": "光寶,寺", "head": "GA001n0004_p0438a05"}, {"level": "2", "n": "", "type": "其他", "text": "法雲寺", "head": "GA001n0004_p0439a07"}, {"level": "2", "n": "", "type": "其他", "text": "開善寺", "head": "GA001n0004_p0446a01"}, {"level": "2", "n": "", "type": "其他", "text": "追光寺", "head": "GA001n0004_p0451a07"}, {"level": "2", "n": "", "type": "其他", "text": "融覺寺", "head": "GA001n0004_p0454a05"}, {"level": "2", "n": "", "type": "其他", "text": "大覺寺", "head": "GA001n0004_p0455a04"}, {"level": "2", "n": "", "type": "其他", "text": "永明寺", "head": "GA001n0004_p0456a01"}, {"level": "1", "n": "", "type": "其他", "text": "城北", "head": "GA001n0004_p0461a03"}, {"level": "2", "n": "", "type": "其他", "text": "禪虛寺", "head": "GA001n0004_p0461a04"}, {"level": "2", "n": "", "type": "其他", "text": "凝圓寺", "head": "GA001n0004_p0461a09"}, {"level": "1", "n": "", "type": "其他", "text": "結語", "head": "GA001n0004_p0486a01"}, {"level": "1", "n": "", "type": "附文", "text": "附錄", "head": "GA001n0004_p0487a01"}, {"level": "2", "n": "", "type": "附文", "text": "提要", "head": "GA001n0004_p0487a01"}, {"level": "2", "n": "", "type": "附文", "text": "序跋", "head": "GA001n0004_p0489a05"}, {"level": "3", "n": "", "type": "附文", "text": "明．毛晉跋", "head": "GA001n0004_p0489a05"}, {"level": "3", "n": "", "type": "附文", "text": "清．王謨跋", "head": "GA001n0004_p0490a03"}, {"level": "3", "n": "", "type": "附文", "text": "清．毛扆跋", "head": "GA001n0004_p0491a08"}, {"level": "3", "n": "", "type": "附文", "text": "清．顧廣圻跋", "head": "GA001n0004_p0493a03"}, {"level": "3", "n": "", "type": "附文", "text": "清．朱紫貴跋", "head": "GA001n0004_p0494a02"}, {"level": "3", "n": "", "type": "附文", "text": "清．吳若準序", "head": "GA001n0004_p0495a02"}, {"level": "3", "n": "", "type": "附文", "text": "清．李葆恂跋", "head": "GA001n0004_p0497a07"}, {"level": "3", "n": "", "type": "附文", "text": "袁廷檮記二則", "head": "GA001n0004_p0499a02"}, {"level": "4", "n": "", "type": "附文", "text": "一", "head": "GA001n0004_p0499a02"}, {"level": "4", "n": "", "type": "附文", "text": "二", "head": "GA001n0004_p0499a05"}, {"level": "3", "n": "", "type": "附文", "text": "清．李葆恂記", "head": "GA001n0004_p0499a10"}, {"level": "3", "n": "", "type": "附文", "text": "太平御覽二則", "head": "GA001n0004_p0501a10"}, {"level": "4", "n": "", "type": "附文", "text": "一", "head": "GA001n0004_p0501a10"}, {"level": "4", "n": "", "type": "附文", "text": "二", "head": "GA001n0004_p0502a03"}, {"level": "3", "n": "", "type": "附文", "text": "清．李葆恂又記", "head": "GA001n0004_p0502a05"}, {"level": "3", "n": "", "type": "附文", "text": "鈎沉序", "head": "GA001n0004_p0503a02"}, {"level": "2", "n": "", "type": "附文", "text": "集證", "head": "GA001n0004_p0507a01"}, {"level": "3", "n": "", "type": "附文", "text": "序", "head": "GA001n0004_p0507a03"}, {"level": "3", "n": "", "type": "附文", "text": "城内卷第一", "head": "GA001n0004_p0508a08"}, {"level": "3", "n": "", "type": "附文", "text": "城東卷第二", "head": "GA001n0004_p0515a09"}, {"level": "3", "n": "", "type": "附文", "text": "城南卷第三", "head": "GA001n0004_p0527a06"}, {"level": "3", "n": "", "type": "附文", "text": "城西卷第四", "head": "GA001n0004_p0535a05"}, {"level": "3", "n": "", "type": "附文", "text": "城北卷第五", "head": "GA001n0004_p0543a05"}, {"level": "2", "n": "", "type": "附文", "text": "集證本正文", "head": "GA001n0004_p0549a01"}, {"level": "3", "n": "", "type": "附文", "text": "城内", "head": "GA001n0004_p0549a08"}, {"level": "3", "n": "", "type": "附文", "text": "城東", "head": "GA001n0004_p0550a07"}, {"level": "3", "n": "", "type": "附文", "text": "城南", "head": "GA001n0004_p0551a05"}, {"level": "3", "n": "", "type": "附文", "text": "城西", "head": "GA001n0004_p0551a10"}, {"level": "3", "n": "", "type": "附文", "text": "城北", "head": "GA001n0004_p0552a09"}, {"level": "2", "n": "", "type": "附文", "text": "鉤沉本正文", "head": "GA001n0004_p0555a01"}, {"level": "3", "n": "", "type": "附文", "text": "城内", "head": "GA001n0004_p0555a08"}, {"level": "3", "n": "", "type": "附文", "text": "城東", "head": "GA001n0004_p0560a07"}, {"level": "3", "n": "", "type": "附文", "text": "城南", "head": "GA001n0004_p0563a10"}, {"level": "3", "n": "", "type": "附文", "text": "城西", "head": "GA001n0004_p0566a05"}, {"level": "3", "n": "", "type": "附文", "text": "城北", "head": "GA001n0004_p0568a08"}]