[{"level": "1", "n": "", "type": "序", "text": "1 大乘瑜伽金剛性海曼殊室利千臂千缽大教王經序", "head": "T20n1177A_p0724b07"}, {"level": "1", "n": "2", "type": "品", "text": "2 諸佛出現證修金剛菩提殊勝品", "head": "T20n1177A_p0731a07"}, {"level": "2", "n": "", "type": "", "text": "1", "head": "T20n1177A_p0731a07"}, {"level": "2", "n": "", "type": "", "text": "2", "head": "T20n1177A_p0734c05"}, {"level": "2", "n": "", "type": "", "text": "3", "head": "T20n1177A_p0738c09"}, {"level": "1", "n": "3", "type": "品", "text": "4 演一切賢聖入法見道顯教修持品", "head": "T20n1177A_p0745c12"}]