[{"level": "1", "n": "", "type": "序", "text": "大明太宗文皇帝御製觀音讚", "head": "T20n1055_p0070c13"}, {"level": "1", "n": "1", "type": "其他", "text": "1 梵讚", "head": "T20n1055_p0071a25"}, {"level": "1", "n": "2", "type": "其他", "text": "2 梵讚", "head": "T20n1055_p0071b01"}, {"level": "1", "n": "3", "type": "其他", "text": "3 梵讚", "head": "T20n1055_p0071b06"}, {"level": "1", "n": "4", "type": "其他", "text": "4 梵讚", "head": "T20n1055_p0071b11"}, {"level": "1", "n": "5", "type": "其他", "text": "5 梵讚", "head": "T20n1055_p0071b16"}, {"level": "1", "n": "6", "type": "其他", "text": "6 梵讚", "head": "T20n1055_p0071b21"}, {"level": "1", "n": "7", "type": "其他", "text": "7 梵讚", "head": "T20n1055_p0071b26"}, {"level": "1", "n": "8", "type": "其他", "text": "8 梵讚", "head": "T20n1055_p0071c02"}]