[{"level": "1", "n": "2", "type": "分", "text": "1 成就尊者說不空神咒功德分", "head": "T20n1097_p0421b28"}, {"level": "1", "n": "3", "type": "分", "text": "2 成就受持供養神咒法分", "head": "T20n1097_p0421c27"}, {"level": "1", "n": "4", "type": "分", "text": "3 成就親見聖觀自在菩薩法分", "head": "T20n1097_p0422a26"}, {"level": "1", "n": "5", "type": "分", "text": "4 成就畫像幀法分", "head": "T20n1097_p0422b15"}, {"level": "1", "n": "6", "type": "分", "text": "5 成就使者能辦事法分", "head": "T20n1097_p0423b23"}, {"level": "1", "n": "7", "type": "分", "text": "6 成就驅策僮僕使者分", "head": "T20n1097_p0424a06"}, {"level": "1", "n": "8", "type": "分", "text": "7 成就吉祥瓶法分", "head": "T20n1097_p0424b18"}, {"level": "1", "n": "9", "type": "分", "text": "8 成就策使羅剎童子分", "head": "T20n1097_p0425a28"}, {"level": "1", "n": "10", "type": "分", "text": "9 成就使死屍取伏藏分", "head": "T20n1097_p0425b22"}, {"level": "1", "n": "11", "type": "分", "text": "10 成就入婇女室分", "head": "T20n1097_p0425c24"}, {"level": "1", "n": "12", "type": "分", "text": "11 成就眼藥分", "head": "T20n1097_p0426b02"}, {"level": "1", "n": "13", "type": "分", "text": "12 成就除鬼著病法分", "head": "T20n1097_p0426c02"}, {"level": "1", "n": "14", "type": "分", "text": "13 成就入壇法分", "head": "T20n1097_p0427b20"}, {"level": "1", "n": "15", "type": "分", "text": "14 成就調伏諸龍得自在分", "head": "T20n1097_p0429c04"}, {"level": "1", "n": "16", "type": "分", "text": "15 成就見不空罥索王法分", "head": "T20n1097_p0430b28"}, {"level": "1", "n": "17", "type": "分", "text": "16 成就見如來法分", "head": "T20n1097_p0431a17"}]