[{"level": "1", "n": "1", "type": "分", "text": "1 大明成就分", "head": "T20n1169_p0677b27"}, {"level": "1", "n": "2", "type": "分", "text": "2 觀智成就分", "head": "T20n1169_p0678a12"}, {"level": "2", "n": "", "type": "", "text": "1", "head": "T20n1169_p0678a12"}, {"level": "2", "n": "", "type": "", "text": "2", "head": "T20n1169_p0680c02"}, {"level": "1", "n": "3", "type": "分", "text": "3 造,像分", "head": "T20n1169_p0684c05"}, {"level": "1", "n": "4", "type": "分", "text": "4 尊那菩薩大明成就儀軌作曼拏羅法分", "head": "T20n1169_p0685c10"}, {"level": "1", "n": "5", "type": "分", "text": "5 護摩法分", "head": "T20n1169_p0686b13"}, {"level": "1", "n": "6", "type": "分", "text": "6 尊那菩薩持誦法分", "head": "T20n1169_p0686c13"}]