[{"level": "1", "n": "1", "type": "品", "text": "1 序品", "head": "T20n1191_p0835a08"}, {"level": "2", "n": "", "type": "", "text": "1", "head": "T20n1191_p0835a08"}, {"level": "2", "n": "", "type": "", "text": "2", "head": "T20n1191_p0840a02"}, {"level": "2", "n": "", "type": "", "text": "3", "head": "T20n1191_p0845b02"}, {"level": "1", "n": "2", "type": "品", "text": "2 菩薩變化儀軌品", "head": "T20n1191_p0848c14"}, {"level": "2", "n": "", "type": "", "text": "1", "head": "T20n1191_p0848c14"}, {"level": "2", "n": "", "type": "", "text": "2", "head": "T20n1191_p0853a21"}, {"level": "1", "n": "3", "type": "品", "text": "3 曼拏羅儀則品", "head": "T20n1191_p0858b28"}, {"level": "1", "n": "4", "type": "品", "text": "4 上品,像儀則品", "head": "T20n1191_p0859a21"}, {"level": "1", "n": "5", "type": "品", "text": "5 中品,像儀則品", "head": "T20n1191_p0862b03"}, {"level": "1", "n": "6", "type": "品", "text": "6 下品,像儀則品", "head": "T20n1191_p0862c23"}, {"level": "1", "n": "7", "type": "品", "text": "7 第四,像儀則品", "head": "T20n1191_p0863b07"}, {"level": "1", "n": "8", "type": "品", "text": "8 第一成就最上法品", "head": "T20n1191_p0864b25"}, {"level": "1", "n": "9", "type": "品", "text": "9 第二成就最上法品", "head": "T20n1191_p0865a15"}, {"level": "1", "n": "10", "type": "品", "text": "10 第三成就最上法品", "head": "T20n1191_p0866b16"}, {"level": "1", "n": "11", "type": "品", "text": "11 第四淨行觀想護摩成就法品", "head": "T20n1191_p0868a10"}, {"level": "2", "n": "", "type": "", "text": "1", "head": "T20n1191_p0868a10"}, {"level": "2", "n": "", "type": "", "text": "2", "head": "T20n1191_p0869b21"}, {"level": "1", "n": "12", "type": "品", "text": "12 數珠儀則品", "head": "T20n1191_p0873a07"}, {"level": "1", "n": "13", "type": "品", "text": "13 護摩品", "head": "T20n1191_p0874a13"}, {"level": "1", "n": "14", "type": "品", "text": "14 曼拏羅成就法大輪一字明王畫像儀則品", "head": "T20n1191_p0875b04"}, {"level": "1", "n": "15", "type": "品", "text": "15 一切法行義品", "head": "T20n1191_p0878c15"}, {"level": "1", "n": "16", "type": "品", "text": "16 法義品", "head": "T20n1191_p0882a26"}, {"level": "1", "n": "17", "type": "品", "text": "17 隨業因果品", "head": "T20n1191_p0882c22"}, {"level": "1", "n": "18", "type": "品", "text": "18 陰陽善惡徵應品", "head": "T20n1191_p0883c24"}, {"level": "1", "n": "19", "type": "品", "text": "19 略說大輪一字品", "head": "T20n1191_p0887b07"}, {"level": "1", "n": "20", "type": "品", "text": "20 說一字大輪明王畫像成就品", "head": "T20n1191_p0888b21"}, {"level": "1", "n": "21", "type": "品", "text": "21 一字根本心真言儀則品", "head": "T20n1191_p0892a04"}, {"level": "1", "n": "22", "type": "品", "text": "22 妙吉祥心麼字唵字成就法儀則品", "head": "T20n1191_p0894a19"}, {"level": "1", "n": "23", "type": "品", "text": "23 妙吉祥六字心真言品", "head": "T20n1191_p0897a27"}, {"level": "1", "n": "24", "type": "品", "text": "24 修行地位時節儀則品", "head": "T20n1191_p0898a17"}, {"level": "1", "n": "25", "type": "品", "text": "25 執魅者儀則品", "head": "T20n1191_p0898c25"}, {"level": "1", "n": "26", "type": "品", "text": "26 如來藏大法寶法界相無數功德祥瑞品", "head": "T20n1191_p0900a10"}, {"level": "1", "n": "27", "type": "品", "text": "27 生無量功德果報品", "head": "T20n1191_p0902a25"}, {"level": "1", "n": "28", "type": "品", "text": "28 說印儀則品", "head": "T20n1191_p0903a06"}]