[{"level": "1", "n": "2", "type": "其他", "text": "1 梵讚", "head": "T20n1197_p0938c13"}, {"level": "1", "n": "3", "type": "其他", "text": "2 梵讚", "head": "T20n1197_p0938c18"}, {"level": "1", "n": "4", "type": "其他", "text": "3 梵讚", "head": "T20n1197_p0938c22"}, {"level": "1", "n": "5", "type": "其他", "text": "4 梵讚", "head": "T20n1197_p0938c27"}, {"level": "1", "n": "6", "type": "其他", "text": "5 梵讚", "head": "T20n1197_p0939a03"}, {"level": "1", "n": "7", "type": "其他", "text": "6 梵讚", "head": "T20n1197_p0939a08"}, {"level": "1", "n": "8", "type": "其他", "text": "7 梵讚", "head": "T20n1197_p0939a13"}, {"level": "1", "n": "9", "type": "其他", "text": "8 梵讚", "head": "T20n1197_p0939a18"}, {"level": "1", "n": "10", "type": "其他", "text": "9 梵讚", "head": "T20n1197_p0939a23"}, {"level": "1", "n": "11", "type": "其他", "text": "10 梵讚", "head": "T20n1197_p0939a28"}, {"level": "1", "n": "12", "type": "其他", "text": "11 梵讚", "head": "T20n1197_p0939b04"}, {"level": "1", "n": "13", "type": "其他", "text": "12 梵讚", "head": "T20n1197_p0939b09"}, {"level": "1", "n": "14", "type": "其他", "text": "13 梵讚", "head": "T20n1197_p0939b14"}, {"level": "1", "n": "15", "type": "其他", "text": "14 梵讚", "head": "T20n1197_p0939b19"}, {"level": "1", "n": "16", "type": "其他", "text": "15 梵讚", "head": "T20n1197_p0939b24"}, {"level": "1", "n": "17", "type": "其他", "text": "16 梵讚", "head": "T20n1197_p0939b29"}, {"level": "1", "n": "18", "type": "其他", "text": "17 梵讚", "head": "T20n1197_p0939c05"}, {"level": "1", "n": "19", "type": "其他", "text": "18 梵讚", "head": "T20n1197_p0939c10"}, {"level": "1", "n": "20", "type": "其他", "text": "19 梵讚", "head": "T20n1197_p0939c15"}]