[{"level": "1", "n": "1", "type": "其他", "text": "1 大隨求根本印", "head": "T20n1156B_p0650c23"}, {"level": "1", "n": "2", "type": "其他", "text": "2 一切如來心真言", "head": "T20n1156B_p0650c27"}, {"level": "1", "n": "3", "type": "其他", "text": "3 一切如來心印真言", "head": "T20n1156B_p0651a02"}, {"level": "1", "n": "4", "type": "其他", "text": "4 一切如來金剛被甲真言印", "head": "T20n1156B_p0651a05"}, {"level": "1", "n": "5", "type": "其他", "text": "5 一切如來灌頂真言印", "head": "T20n1156B_p0651a09"}, {"level": "1", "n": "6", "type": "其他", "text": "6 一切如來結界真言印", "head": "T20n1156B_p0651a13"}, {"level": "1", "n": "7", "type": "其他", "text": "7 一切如來心中心真言印", "head": "T20n1156B_p0651a17"}, {"level": "1", "n": "8", "type": "其他", "text": "8 一切如來隨心真言印", "head": "T20n1156B_p0651a21"}, {"level": "1", "n": "9", "type": "其他", "text": "慈覺大師大隨求印", "head": "T20n1156B_p0651a26"}, {"level": "1", "n": "10", "type": "其他", "text": "尊勝佛頂印", "head": "T20n1156B_p0651a28"}, {"level": "1", "n": "11", "type": "其他", "text": "文殊根本印", "head": "T20n1156B_p0651b02"}, {"level": "1", "n": "12", "type": "其他", "text": "滿足句印", "head": "T20n1156B_p0651b06"}]