[{"level": "1", "n": "1", "type": "品", "text": "1 母陀羅尼真言序品", "head": "T20n1092_p0227a06"}, {"level": "1", "n": "3", "type": "品", "text": "2 祕密心真言品", "head": "T20n1092_p0234a05"}, {"level": "1", "n": "4", "type": "品", "text": "3 祕密成就真言品", "head": "T20n1092_p0236b09"}, {"level": "1", "n": "5", "type": "品", "text": "4 祕密印三昧耶品", "head": "T20n1092_p0242c05"}, {"level": "1", "n": "6", "type": "品", "text": "5 法界密印莊嚴品", "head": "T20n1092_p0248b04"}, {"level": "1", "n": "7", "type": "品", "text": "6 罥索成就品", "head": "T20n1092_p0250a18"}, {"level": "2", "n": "", "type": "", "text": "1", "head": "T20n1092_p0250a18"}, {"level": "2", "n": "", "type": "", "text": "2", "head": "T20n1092_p0254c17"}, {"level": "1", "n": "8", "type": "品", "text": "7 護摩增益品", "head": "T20n1092_p0259c28"}, {"level": "1", "n": "9", "type": "品", "text": "8 祕密灌頂品", "head": "T20n1092_p0264a22"}, {"level": "1", "n": "10", "type": "品", "text": "9 三三昧耶像品", "head": "T20n1092_p0265b07"}, {"level": "1", "n": "11", "type": "品", "text": "10 護摩安隱品", "head": "T20n1092_p0267c08"}, {"level": "1", "n": "12", "type": "品", "text": "11 清淨無垢蓮華王品", "head": "T20n1092_p0268c01"}, {"level": "1", "n": "13", "type": "品", "text": "12 廣大解脫曼拏羅品", "head": "T20n1092_p0269c19"}, {"level": "1", "n": "14", "type": "品", "text": "13 最勝明王真言品", "head": "T20n1092_p0272b15"}, {"level": "1", "n": "15", "type": "品", "text": "14 奮怒王品", "head": "T20n1092_p0275b19"}, {"level": "1", "n": "16", "type": "品", "text": "15 悉地王真言品", "head": "T20n1092_p0279c05"}, {"level": "1", "n": "17", "type": "品", "text": "16 廣博摩尼香王品", "head": "T20n1092_p0285b05"}, {"level": "1", "n": "18", "type": "品", "text": "17 金剛摩尼藥品", "head": "T20n1092_p0287a10"}, {"level": "1", "n": "19", "type": "品", "text": "18 如意摩尼瓶品", "head": "T20n1092_p0288a18"}, {"level": "1", "n": "20", "type": "品", "text": "19 如來加持品", "head": "T20n1092_p0289b19"}, {"level": "1", "n": "21", "type": "品", "text": "20 溥遍心印真言出世間品", "head": "T20n1092_p0291b14"}, {"level": "1", "n": "22", "type": "品", "text": "21 溥遍心印真言世間品", "head": "T20n1092_p0293b13"}, {"level": "1", "n": "23", "type": "品", "text": "22 不思議觀陀羅尼真言品", "head": "T20n1092_p0296a07"}, {"level": "1", "n": "24", "type": "品", "text": "23 陀羅尼真言辯解脫品", "head": "T20n1092_p0299a23"}, {"level": "1", "n": "25", "type": "品", "text": "24 最上神變解脫壇品", "head": "T20n1092_p0301b26"}, {"level": "1", "n": "26", "type": "品", "text": "25 光焰真言品", "head": "T20n1092_p0304a02"}, {"level": "1", "n": "27", "type": "品", "text": "26 出世解脫壇像品", "head": "T20n1092_p0304c20"}, {"level": "1", "n": "28", "type": "品", "text": "27 一切菩薩敬禮解脫三昧耶真言品", "head": "T20n1092_p0306a07"}, {"level": "1", "n": "29", "type": "品", "text": "28 出世解脫壇印品", "head": "T20n1092_p0310c14"}, {"level": "1", "n": "30", "type": "品", "text": "29 出世相應解脫品", "head": "T20n1092_p0311c14"}, {"level": "1", "n": "31", "type": "品", "text": "30 根本蓮華頂陀羅尼真言品", "head": "T20n1092_p0312c05"}, {"level": "1", "n": "32", "type": "品", "text": "31 十地真言品", "head": "T20n1092_p0319a05"}, {"level": "1", "n": "33", "type": "品", "text": "32 世間成就品", "head": "T20n1092_p0323a26"}, {"level": "1", "n": "34", "type": "品", "text": "33 蓮華頂阿伽陀藥品", "head": "T20n1092_p0324a09"}, {"level": "1", "n": "35", "type": "品", "text": "34 護摩成就品", "head": "T20n1092_p0325a19"}, {"level": "1", "n": "36", "type": "品", "text": "35 根本蓮華壇品", "head": "T20n1092_p0325c21"}, {"level": "1", "n": "37", "type": "品", "text": "36 根本蓮華頂像品", "head": "T20n1092_p0327b18"}, {"level": "1", "n": "38", "type": "品", "text": "37 神變密印品", "head": "T20n1092_p0328a03"}, {"level": "1", "n": "39", "type": "品", "text": "38 神變真言品", "head": "T20n1092_p0328b23"}, {"level": "1", "n": "40", "type": "品", "text": "39 多羅菩薩護持品", "head": "T20n1092_p0331b14"}, {"level": "1", "n": "41", "type": "品", "text": "40 大眾護持品", "head": "T20n1092_p0332a08"}, {"level": "1", "n": "42", "type": "品", "text": "41 溥遍解脫陀羅尼真言品", "head": "T20n1092_p0332b05"}, {"level": "1", "n": "43", "type": "品", "text": "42 溥遍解脫心曼拏羅品", "head": "T20n1092_p0334c22"}, {"level": "1", "n": "44", "type": "品", "text": "43 溥遍輪轉輪王阿伽陀藥品", "head": "T20n1092_p0336b29"}, {"level": "1", "n": "45", "type": "品", "text": "44 溥遍輪轉輪王神通香品", "head": "T20n1092_p0337b16"}, {"level": "1", "n": "46", "type": "品", "text": "45 如意阿伽陀藥品", "head": "T20n1092_p0339b06"}, {"level": "1", "n": "47", "type": "品", "text": "46 無垢光神通解脫壇三昧耶像品", "head": "T20n1092_p0341a25"}, {"level": "1", "n": "48", "type": "品", "text": "47 大奮怒王品", "head": "T20n1092_p0348a08"}, {"level": "1", "n": "49", "type": "品", "text": "48 一切種族壇印品", "head": "T20n1092_p0350a29"}, {"level": "1", "n": "50", "type": "品", "text": "49 大奮怒王字輪壇真言三昧耶品", "head": "T20n1092_p0354a01"}, {"level": "1", "n": "51", "type": "品", "text": "50 大奮怒王真言護持品", "head": "T20n1092_p0356b20"}, {"level": "1", "n": "53", "type": "品", "text": "51 執金剛祕密主問疑品", "head": "T20n1092_p0358b24"}, {"level": "1", "n": "54", "type": "品", "text": "52 廣大明王央俱捨真言品", "head": "T20n1092_p0362a11"}, {"level": "1", "n": "55", "type": "品", "text": "53 廣大明王摩尼曼拏羅品", "head": "T20n1092_p0364c24"}, {"level": "1", "n": "56", "type": "品", "text": "54 廣大明王三三昧耶品", "head": "T20n1092_p0365c23"}, {"level": "1", "n": "57", "type": "品", "text": "55 廣大明王阿加陀藥品", "head": "T20n1092_p0367c23"}, {"level": "1", "n": "58", "type": "品", "text": "56 廣大明王央俱捨索曼拏羅品", "head": "T20n1092_p0368b09"}, {"level": "1", "n": "59", "type": "品", "text": "57 廣大明王圖像品", "head": "T20n1092_p0369c06"}, {"level": "1", "n": "60", "type": "品", "text": "58 大可畏明王品", "head": "T20n1092_p0370b17"}, {"level": "1", "n": "61", "type": "品", "text": "59 然頂香王成就品", "head": "T20n1092_p0374b01"}, {"level": "1", "n": "62", "type": "品", "text": "60 點藥成就品", "head": "T20n1092_p0374c23"}, {"level": "1", "n": "63", "type": "品", "text": "61 護摩祕密成就品", "head": "T20n1092_p0375c15"}, {"level": "1", "n": "64", "type": "品", "text": "62 斫芻眼藥成就品", "head": "T20n1092_p0376c03"}, {"level": "1", "n": "65", "type": "品", "text": "63 神變阿伽陀藥品", "head": "T20n1092_p0377a11"}, {"level": "1", "n": "66", "type": "品", "text": "64 召請諸天密護品", "head": "T20n1092_p0377c05"}, {"level": "1", "n": "67", "type": "品", "text": "65 大可畏明王像品", "head": "T20n1092_p0378a06"}, {"level": "1", "n": "68", "type": "品", "text": "66 大可畏明王壇品", "head": "T20n1092_p0378c22"}, {"level": "1", "n": "69", "type": "品", "text": "67 清淨蓮華明王品", "head": "T20n1092_p0379b28"}, {"level": "1", "n": "70", "type": "品", "text": "68 灌頂真言成就品", "head": "T20n1092_p0384b29"}, {"level": "1", "n": "71", "type": "品", "text": "69 灌頂曼拏羅品", "head": "T20n1092_p0386b06"}, {"level": "1", "n": "72", "type": "品", "text": "70 不空摩尼供養真言品", "head": "T20n1092_p0387a12"}, {"level": "1", "n": "73", "type": "品", "text": "71 祈雨法品", "head": "T20n1092_p0388a28"}, {"level": "1", "n": "74", "type": "品", "text": "72 清淨蓮華明王成就品", "head": "T20n1092_p0389b17"}, {"level": "1", "n": "75", "type": "品", "text": "73 功德成就品", "head": "T20n1092_p0390c03"}, {"level": "1", "n": "76", "type": "品", "text": "74 供養承事品", "head": "T20n1092_p0393a21"}, {"level": "1", "n": "77", "type": "品", "text": "75 明王曼拏羅像品", "head": "T20n1092_p0393c28"}, {"level": "1", "n": "78", "type": "品", "text": "76 畝捺羅印品", "head": "T20n1092_p0395b06"}, {"level": "1", "n": "79", "type": "品", "text": "77 密儀真言品", "head": "T20n1092_p0396c22"}, {"level": "1", "n": "80", "type": "品", "text": "78 囑累品", "head": "T20n1092_p0397c02"}]