[{"level": "1", "n": "1", "type": "其他", "text": "印法", "head": "T20n1103b_p0464a09"}, {"level": "1", "n": "2", "type": "其他", "text": "1 總攝身印", "head": "T20n1103b_p0464a10"}, {"level": "1", "n": "3", "type": "其他", "text": "2 召請印", "head": "T20n1103b_p0464a14"}, {"level": "1", "n": "4", "type": "其他", "text": "3 蓮華臺印", "head": "T20n1103b_p0464a19"}, {"level": "1", "n": "5", "type": "其他", "text": "4 香印", "head": "T20n1103b_p0464a24"}, {"level": "1", "n": "6", "type": "其他", "text": "5 香水印", "head": "T20n1103b_p0464a28"}, {"level": "1", "n": "7", "type": "其他", "text": "6 護身印真言", "head": "T20n1103b_p0464b03"}, {"level": "1", "n": "8", "type": "其他", "text": "7 口印真言", "head": "T20n1103b_p0464b13"}, {"level": "1", "n": "9", "type": "其他", "text": "8 大懺悔印真言", "head": "T20n1103b_p0464b17"}, {"level": "1", "n": "10", "type": "其他", "text": "9 追喚一切大力鬼神天龍八部印", "head": "T20n1103b_p0464b24"}, {"level": "1", "n": "11", "type": "其他", "text": "10 大結界辟除頻那夜迦印真言", "head": "T20n1103b_p0464b28"}, {"level": "1", "n": "12", "type": "其他", "text": "11 隨心印真言", "head": "T20n1103b_p0464c07"}, {"level": "1", "n": "13", "type": "其他", "text": "12 度魔王波旬入道印", "head": "T20n1103b_p0464c10"}, {"level": "1", "n": "14", "type": "其他", "text": "13 降伏外道六師印", "head": "T20n1103b_p0464c15"}, {"level": "1", "n": "15", "type": "其他", "text": "14 菩薩五眼清淨真言印", "head": "T20n1103b_p0464c18"}, {"level": "1", "n": "16", "type": "其他", "text": "15 施甘露印", "head": "T20n1103b_p0464c23"}, {"level": "1", "n": "17", "type": "其他", "text": "16 防難印", "head": "T20n1103b_p0464c27"}, {"level": "1", "n": "18", "type": "其他", "text": "17 自在印真言", "head": "T20n1103b_p0465a03"}, {"level": "1", "n": "19", "type": "其他", "text": "18 三昧印", "head": "T20n1103b_p0465a08"}, {"level": "1", "n": "20", "type": "其他", "text": "19 召焰摩天王印", "head": "T20n1103b_p0465a11"}, {"level": "1", "n": "21", "type": "其他", "text": "20 召四天王印真言", "head": "T20n1103b_p0465a17"}, {"level": "1", "n": "22", "type": "其他", "text": "21 清淨持戒印", "head": "T20n1103b_p0465a23"}, {"level": "1", "n": "23", "type": "其他", "text": "22 隨身隱形入道印真言", "head": "T20n1103b_p0465b01"}, {"level": "1", "n": "24", "type": "其他", "text": "23 喚五道等仙人印", "head": "T20n1103b_p0465b06"}, {"level": "1", "n": "25", "type": "其他", "text": "24 灌頂清淨印真言", "head": "T20n1103b_p0465b13"}, {"level": "1", "n": "26", "type": "其他", "text": "25 水難印", "head": "T20n1103b_p0465b19"}, {"level": "1", "n": "27", "type": "其他", "text": "26 火難印", "head": "T20n1103b_p0465b24"}, {"level": "1", "n": "28", "type": "其他", "text": "27 風難印", "head": "T20n1103b_p0465b27"}, {"level": "1", "n": "29", "type": "其他", "text": "28 天印", "head": "T20n1103b_p0465c04"}, {"level": "1", "n": "30", "type": "其他", "text": "29 地印", "head": "T20n1103b_p0465c09"}, {"level": "1", "n": "31", "type": "其他", "text": "30 賊難印真言", "head": "T20n1103b_p0465c13"}, {"level": "1", "n": "32", "type": "其他", "text": "31 王難印", "head": "T20n1103b_p0465c19"}, {"level": "1", "n": "33", "type": "其他", "text": "32 施無畏印", "head": "T20n1103b_p0465c23"}, {"level": "1", "n": "34", "type": "其他", "text": "33 防毒難印真言", "head": "T20n1103b_p0466a01"}, {"level": "1", "n": "35", "type": "其他", "text": "34 求聰明印真言", "head": "T20n1103b_p0466a06"}, {"level": "1", "n": "36", "type": "其他", "text": "35 破地獄印", "head": "T20n1103b_p0466a14"}, {"level": "1", "n": "37", "type": "其他", "text": "36 求生淨土印", "head": "T20n1103b_p0466a19"}, {"level": "1", "n": "38", "type": "其他", "text": "37 救一切病苦眾生印", "head": "T20n1103b_p0466a23"}, {"level": "1", "n": "39", "type": "其他", "text": "38 取地中伏藏印", "head": "T20n1103b_p0466a28"}, {"level": "1", "n": "40", "type": "其他", "text": "39 求見觀世音印", "head": "T20n1103b_p0466b03"}, {"level": "1", "n": "41", "type": "其他", "text": "40 見佛印", "head": "T20n1103b_p0466b09"}, {"level": "1", "n": "42", "type": "其他", "text": "41 隨心成就滿足六波羅蜜印", "head": "T20n1103b_p0466b21"}, {"level": "1", "n": "43", "type": "其他", "text": "42 隨心具一切功德印", "head": "T20n1103b_p0466c01"}, {"level": "1", "n": "44", "type": "其他", "text": "43 隨心神足印", "head": "T20n1103b_p0466c05"}, {"level": "1", "n": "45", "type": "其他", "text": "44 隨心祈願印", "head": "T20n1103b_p0466c11"}, {"level": "1", "n": "46", "type": "其他", "text": "45 隨心祈一切願印", "head": "T20n1103b_p0466c18"}, {"level": "1", "n": "47", "type": "其他", "text": "46 隨心解一切鬼金剛等印", "head": "T20n1103b_p0467a04"}, {"level": "1", "n": "48", "type": "其他", "text": "47 觀世音菩薩印", "head": "T20n1103b_p0467a11"}, {"level": "1", "n": "49", "type": "其他", "text": "48 總攝印", "head": "T20n1103b_p0467a14"}, {"level": "1", "n": "50", "type": "其他", "text": "五眼清淨真言", "head": "T20n1103b_p0467a19"}, {"level": "1", "n": "51", "type": "其他", "text": "觀世音說療一切病壇法", "head": "T20n1103b_p0467a29"}]