[{"level": "1", "n": "2", "type": "其他", "text": "1 總攝身印", "head": "T20n1058_p0098b23"}, {"level": "1", "n": "3", "type": "其他", "text": "2 總持陀羅尼印", "head": "T20n1058_p0098c06"}, {"level": "1", "n": "4", "type": "其他", "text": "3 解脫禪定印", "head": "T20n1058_p0098c14"}, {"level": "1", "n": "5", "type": "其他", "text": "4 千眼印咒", "head": "T20n1058_p0098c23"}, {"level": "1", "n": "6", "type": "其他", "text": "5 千臂總攝印", "head": "T20n1058_p0099a04"}, {"level": "1", "n": "7", "type": "其他", "text": "6 通達三昧印", "head": "T20n1058_p0099a10"}, {"level": "1", "n": "8", "type": "其他", "text": "7 呼召天龍八部神鬼集會印", "head": "T20n1058_p0099a16"}, {"level": "1", "n": "9", "type": "其他", "text": "8 呼召大梵天王及召憍尸迦來問法印", "head": "T20n1058_p0099a23"}, {"level": "1", "n": "10", "type": "其他", "text": "9 歡喜摩尼隨意明珠印", "head": "T20n1058_p0099b04"}, {"level": "1", "n": "11", "type": "其他", "text": "10 乞願隨心印", "head": "T20n1058_p0099b14"}, {"level": "1", "n": "12", "type": "其他", "text": "11 入滅盡定三昧印", "head": "T20n1058_p0099b18"}, {"level": "1", "n": "13", "type": "其他", "text": "12 請佛三昧印", "head": "T20n1058_p0099b24"}, {"level": "2", "n": "1", "type": "其他", "text": "畫壇法", "head": "T20n1058_p0099b28"}, {"level": "1", "n": "14", "type": "其他", "text": "13 辯才印", "head": "T20n1058_p0101c17"}, {"level": "1", "n": "15", "type": "其他", "text": "14 碎三千大千界滅罪印", "head": "T20n1058_p0102a08"}, {"level": "1", "n": "16", "type": "其他", "text": "15 降伏三千大千魔怨印", "head": "T20n1058_p0102a23"}, {"level": "1", "n": "17", "type": "其他", "text": "16 廣大無畏印", "head": "T20n1058_p0102b06"}, {"level": "1", "n": "18", "type": "其他", "text": "17 水精菩薩印咒", "head": "T20n1058_p0102b25"}, {"level": "1", "n": "19", "type": "其他", "text": "18 成就印", "head": "T20n1058_p0102c13"}, {"level": "1", "n": "20", "type": "其他", "text": "19 成等正覺印", "head": "T20n1058_p0102c20"}, {"level": "1", "n": "21", "type": "其他", "text": "20 呼召三十三天印", "head": "T20n1058_p0102c29"}, {"level": "1", "n": "22", "type": "其他", "text": "21 呼召天龍八部鬼神印", "head": "T20n1058_p0103a14"}, {"level": "1", "n": "23", "type": "其他", "text": "22 解脫印", "head": "T20n1058_p0103b02"}, {"level": "1", "n": "24", "type": "其他", "text": "23 自在神足印", "head": "T20n1058_p0103b15"}, {"level": "1", "n": "25", "type": "其他", "text": "24 神變自在印", "head": "T20n1058_p0103b21"}]