[{"level": "1", "n": "", "type": "序", "text": "千眼千臂觀世音菩薩陀羅尼神咒經序", "head": "T20n1057a_p0083b03"}, {"level": "1", "n": "1", "type": "其他", "text": "1 大身咒", "head": "T20n1057a_p0084a28"}, {"level": "1", "n": "2", "type": "其他", "text": "1 總攝身印", "head": "T20n1057a_p0085b06"}, {"level": "1", "n": "3", "type": "其他", "text": "2 總持陀羅尼印", "head": "T20n1057a_p0085b18"}, {"level": "1", "n": "4", "type": "其他", "text": "3 解脫禪定印", "head": "T20n1057a_p0085b28"}, {"level": "1", "n": "5", "type": "其他", "text": "4 千眼印咒", "head": "T20n1057a_p0085c05"}, {"level": "1", "n": "6", "type": "其他", "text": "5 千臂總攝印", "head": "T20n1057a_p0085c16"}, {"level": "1", "n": "7", "type": "其他", "text": "6 通達三昧成印", "head": "T20n1057a_p0085c22"}, {"level": "1", "n": "8", "type": "其他", "text": "7 呼召天龍八部神鬼集會印", "head": "T20n1057a_p0085c28"}, {"level": "1", "n": "9", "type": "其他", "text": "8 呼召大梵天王及憍尸迦來問法印", "head": "T20n1057a_p0086a05"}, {"level": "1", "n": "10", "type": "其他", "text": "9 歡喜摩尼隨意明珠印", "head": "T20n1057a_p0086a14"}, {"level": "1", "n": "11", "type": "其他", "text": "10 乞願隨心印", "head": "T20n1057a_p0086a24"}, {"level": "1", "n": "12", "type": "其他", "text": "11 入滅盡定三昧印", "head": "T20n1057a_p0086a28"}, {"level": "1", "n": "13", "type": "其他", "text": "12 請佛三昧印", "head": "T20n1057a_p0086b04"}, {"level": "2", "n": "1", "type": "其他", "text": "置十肘曼拏羅壇法", "head": "T20n1057a_p0086b08"}, {"level": "1", "n": "14", "type": "其他", "text": "13 辯才無礙印", "head": "T20n1057a_p0087c23"}, {"level": "1", "n": "15", "type": "其他", "text": "14 菩薩破大千世界滅罪印", "head": "T20n1057a_p0088a12"}, {"level": "1", "n": "16", "type": "其他", "text": "15 菩薩降伏三千大千世界魔怨印", "head": "T20n1057a_p0088a27"}, {"level": "1", "n": "17", "type": "其他", "text": "16 菩薩廣大無畏印", "head": "T20n1057a_p0088b07"}, {"level": "1", "n": "18", "type": "其他", "text": "17 水精菩薩護持千眼印咒", "head": "T20n1057a_p0088b25"}, {"level": "1", "n": "19", "type": "其他", "text": "18 菩薩成就印", "head": "T20n1057a_p0088c12"}, {"level": "1", "n": "20", "type": "其他", "text": "19 菩薩成等正覺印", "head": "T20n1057a_p0088c20"}, {"level": "1", "n": "21", "type": "其他", "text": "20 菩薩呼召三十三天印", "head": "T20n1057a_p0088c28"}, {"level": "1", "n": "22", "type": "其他", "text": "21 菩薩呼召天龍八部鬼神印", "head": "T20n1057a_p0089a11"}, {"level": "1", "n": "23", "type": "其他", "text": "22 菩薩解脫印", "head": "T20n1057a_p0089a26"}, {"level": "1", "n": "24", "type": "其他", "text": "23 菩薩自在神足印", "head": "T20n1057a_p0089b09"}, {"level": "1", "n": "25", "type": "其他", "text": "24 菩薩神變自在印", "head": "T20n1057a_p0089b13"}, {"level": "1", "n": "26", "type": "其他", "text": "25 請千臂觀音菩薩心王印咒", "head": "T20n1057a_p0089b19"}]