[{"level": "1", "n": "2", "type": "其他", "text": "1 日宮占災攘之法", "head": "T21n1308_p0426c06"}, {"level": "1", "n": "3", "type": "其他", "text": "2 月宮占災攘之法", "head": "T21n1308_p0426c14"}, {"level": "1", "n": "4", "type": "其他", "text": "3 木宮占災攘之法", "head": "T21n1308_p0426c23"}, {"level": "1", "n": "5", "type": "其他", "text": "4 火宮占災攘之法", "head": "T21n1308_p0427a03"}, {"level": "1", "n": "6", "type": "其他", "text": "5 土宮占災攘之法", "head": "T21n1308_p0427a14"}, {"level": "1", "n": "7", "type": "其他", "text": "6 金宮占災攘之法", "head": "T21n1308_p0427a25"}, {"level": "1", "n": "8", "type": "其他", "text": "7 水宮占災攘之法", "head": "T21n1308_p0427b06"}, {"level": "1", "n": "9", "type": "其他", "text": "宿度法", "head": "T21n1308_p0427b18"}, {"level": "1", "n": "10", "type": "其他", "text": "五星臨十二宮吉凶法", "head": "T21n1308_p0451b17"}]