[{"level": "1", "n": "2", "type": "其他", "text": "1 爾時世尊說作一切印法法身印", "head": "T21n1230_p0164b26"}, {"level": "1", "n": "3", "type": "其他", "text": "2 降伏一切諸鬼神天魔印", "head": "T21n1230_p0164c01"}, {"level": "1", "n": "4", "type": "其他", "text": "3 能消滅一切罪障印", "head": "T21n1230_p0164c04"}, {"level": "1", "n": "5", "type": "其他", "text": "4 摧碎一切諸天魔及一切惡鬼神蠱道精魅惡趣等印", "head": "T21n1230_p0164c18"}, {"level": "1", "n": "6", "type": "其他", "text": "5 降伏一切天魔鬼神斬頭印", "head": "T21n1230_p0164c29"}, {"level": "1", "n": "7", "type": "其他", "text": "6 金剛刀印", "head": "T21n1230_p0165a04"}, {"level": "1", "n": "8", "type": "其他", "text": "7 金剛火輪印", "head": "T21n1230_p0165a09"}, {"level": "1", "n": "9", "type": "其他", "text": "8 金剛藏王降伏魔印", "head": "T21n1230_p0165a18"}, {"level": "1", "n": "10", "type": "其他", "text": "大輪金剛稽首請偈", "head": "T21n1230_p0166a18"}]