[{"level": "1", "n": "1", "type": "分", "text": "1 焰鬘得迦忿怒明王成就儀軌分", "head": "T21n1217_p0081a24"}, {"level": "1", "n": "2", "type": "分", "text": "2 焰鬘得迦必隸睹得羯吒曼拏羅成就儀軌分", "head": "T21n1217_p0081c11"}, {"level": "1", "n": "3", "type": "分", "text": "3 忿怒明王必隸睹得羯吒曼拏羅大明成就儀軌分", "head": "T21n1217_p0082c02"}, {"level": "1", "n": "4", "type": "分", "text": "4 忿怒明王必隸睹得羯吒寶杖印曼拏羅祕密供養儀軌分", "head": "T21n1217_p0083b19"}, {"level": "1", "n": "5", "type": "分", "text": "5 忿怒明王必隸多曩毘寶杖印曼拏羅祕密供養儀軌分", "head": "T21n1217_p0084a24"}, {"level": "1", "n": "6", "type": "分", "text": "6 吠多梨印成就句召儀軌分", "head": "T21n1217_p0085a07"}, {"level": "1", "n": "7", "type": "分", "text": "7 焰鬘得迦吠多梨印修行儀軌分", "head": "T21n1217_p0088a11"}, {"level": "1", "n": "8", "type": "分", "text": "8 焰鬘得迦明王本法儀軌分", "head": "T21n1217_p0089a27"}, {"level": "1", "n": "9", "type": "分", "text": "9 焰鬘得迦明王最上儀軌分", "head": "T21n1217_p0091c20"}, {"level": "1", "n": "10", "type": "分", "text": "10 妙吉祥化身焰鬘得迦明王儀軌略出分", "head": "T21n1217_p0093a20"}]