[{"level": "1", "n": "", "type": "其他", "text": "第一篇下　根本五十經篇下", "head": "N10n0005_p0001a01"}, {"level": "2", "n": "", "type": "其他", "text": "第五品　雙小品", "head": "N10n0005_p0001a01"}, {"level": "3", "n": "", "type": "其他", "text": "第四一　薩羅村婆羅門經", "head": "N10n0005_p0001a05"}, {"level": "3", "n": "", "type": "其他", "text": "第四二　鞞蘭若村婆羅門經", "head": "N10n0005_p0008a02"}, {"level": "3", "n": "", "type": "其他", "text": "第四三　有明大經", "head": "N10n0005_p0010a02"}, {"level": "3", "n": "", "type": "其他", "text": "第四四　有明小經", "head": "N10n0005_p0019a02"}, {"level": "3", "n": "", "type": "其他", "text": "第四五　得法小經", "head": "N10n0005_p0027a02"}, {"level": "3", "n": "", "type": "其他", "text": "第四六　得法大經", "head": "N10n0005_p0033a02"}, {"level": "3", "n": "", "type": "其他", "text": "第四七　思察經", "head": "N10n0005_p0042a02"}, {"level": "3", "n": "", "type": "其他", "text": "第四八　憍賞彌經", "head": "N10n0005_p0047a02"}, {"level": "3", "n": "", "type": "其他", "text": "第四九　梵天請經", "head": "N10n0005_p0054a03"}, {"level": "3", "n": "", "type": "其他", "text": "第五〇　魔訶責經", "head": "N10n0005_p0063a02"}, {"level": "1", "n": "", "type": "其他", "text": "第二篇上　中分五十經篇上", "head": "N10n0005_p0074a01"}, {"level": "2", "n": "", "type": "其他", "text": "初品　居士品", "head": "N10n0005_p0074a04"}, {"level": "3", "n": "", "type": "其他", "text": "第五一　乾達羅迦經", "head": "N10n0005_p0074a08"}, {"level": "3", "n": "", "type": "其他", "text": "第五二　八城經", "head": "N10n0005_p0088a02"}, {"level": "3", "n": "", "type": "其他", "text": "第五三　有學經", "head": "N10n0005_p0094a02"}, {"level": "3", "n": "", "type": "其他", "text": "第五四　哺多利經", "head": "N10n0005_p0101a02"}, {"level": "3", "n": "", "type": "其他", "text": "第五五　耆婆迦經", "head": "N10n0005_p0113a02"}, {"level": "3", "n": "", "type": "其他", "text": "第五六　優波離經", "head": "N10n0005_p0117a02"}, {"level": "3", "n": "", "type": "其他", "text": "第五七　狗行者經", "head": "N10n0005_p0137a02"}, {"level": "3", "n": "", "type": "其他", "text": "第五八　無畏王子經", "head": "N10n0005_p0143a02"}, {"level": "3", "n": "", "type": "其他", "text": "第五九　多受經", "head": "N10n0005_p0149a02"}, {"level": "3", "n": "", "type": "其他", "text": "第六〇　無戲論經", "head": "N10n0005_p0155a02"}, {"level": "2", "n": "", "type": "其他", "text": "第二品　比丘品", "head": "N10n0005_p0172a01"}, {"level": "3", "n": "", "type": "其他", "text": "第六一　菴婆蘖林教誡羅睺羅經", "head": "N10n0005_p0172a05"}, {"level": "3", "n": "", "type": "其他", "text": "第六二　教誡羅睺羅大經", "head": "N10n0005_p0180a02"}, {"level": "3", "n": "", "type": "其他", "text": "第六三　摩羅迦小經", "head": "N10n0005_p0188a02"}, {"level": "3", "n": "", "type": "其他", "text": "第六四　摩羅迦大經", "head": "N10n0005_p0196a02"}, {"level": "3", "n": "", "type": "其他", "text": "第六五　跋陀利經", "head": "N10n0005_p0202a02"}, {"level": "3", "n": "", "type": "其他", "text": "第六六　鶉喻經", "head": "N10n0005_p0215a02"}, {"level": "3", "n": "", "type": "其他", "text": "第六七　車頭聚落經", "head": "N10n0005_p0227a02"}, {"level": "3", "n": "", "type": "其他", "text": "第六八　那羅伽波寧村經", "head": "N10n0005_p0234a02"}, {"level": "3", "n": "", "type": "其他", "text": "第六九　瞿尼師經", "head": "N10n0005_p0243a02"}, {"level": "3", "n": "", "type": "其他", "text": "第七〇　枳吒山邑經", "head": "N10n0005_p0249a02"}, {"level": "2", "n": "", "type": "其他", "text": "第三品上　普行者品上", "head": "N10n0005_p0260a01"}, {"level": "3", "n": "", "type": "其他", "text": "第七一　婆蹉衢多三明經", "head": "N10n0005_p0260a05"}, {"level": "3", "n": "", "type": "其他", "text": "第七二　婆蹉衢多火〔喻〕經", "head": "N10n0005_p0264a02"}, {"level": "3", "n": "", "type": "其他", "text": "第七三　婆蹉衢多大經", "head": "N10n0005_p0272a02"}, {"level": "3", "n": "", "type": "其他", "text": "第七四　長爪經", "head": "N10n0005_p0283a02"}, {"level": "3", "n": "", "type": "其他", "text": "第七五　摩犍提經", "head": "N10n0005_p0289a01"}, {"level": "3", "n": "", "type": "其他", "text": "第七六　刪陀迦經", "head": "N10n0005_p0304a02"}]