[{"n": "001a", "fun": "open", "head": "T42n1825_p0174b20", "title": "十二門論疏卷上"}, {"n": "001a", "fun": "close", "head": "T42n1825_p0187a11", "title": "十二門論疏卷上之本"}, {"n": "001b", "fun": "open", "head": "T42n1825_p0187a15", "title": "十二門論疏卷上之末"}, {"n": "001b", "fun": "close", "head": "T42n1825_p0193c25", "title": "十二門論疏卷上之末"}, {"n": "002a", "fun": "open", "head": "T42n1825_p0194a02", "title": "十二門論疏卷中之本"}, {"n": "002a", "fun": "close", "head": "T42n1825_p0196b10", "title": "十二門論疏卷中之本"}, {"n": "002b", "fun": "open", "head": "T42n1825_p0196b13", "title": "十二門論疏卷中之末"}, {"n": "002b", "fun": "close", "head": "T42n1825_p0201a09", "title": "十二門論疏卷中之末"}, {"n": "003a", "fun": "open", "head": "T42n1825_p0201a12", "title": "十二門論疏卷下之本"}, {"n": "003a", "fun": "close", "head": "T42n1825_p0207a14", "title": "十二門論疏卷下之本"}, {"n": "003b", "fun": "open", "head": "T42n1825_p0207a17", "title": "十二門論疏卷下之末"}, {"n": "003b", "fun": "close", "head": "T42n1825_p0212b10", "title": "十二門論疏卷下之末終"}]