[{"n": "001a", "fun": "open", "head": "T42n1828_p0311a03"}, {"n": "001a", "fun": "close", "head": "T42n1828_p0323c18"}, {"n": "001b", "fun": "open", "head": "T42n1828_p0323c21"}, {"n": "001b", "fun": "close", "head": "T42n1828_p0336a01"}, {"n": "002a", "fun": "open", "head": "T42n1828_p0336a04"}, {"n": "002a", "fun": "close", "head": "T42n1828_p0349c25"}, {"n": "002b", "fun": "open", "head": "T42n1828_p0350a02"}, {"n": "002b", "fun": "close", "head": "T42n1828_p0359b06"}, {"n": "003a", "fun": "open", "head": "T42n1828_p0359b09"}, {"n": "003a", "fun": "close", "head": "T42n1828_p0368a21"}, {"n": "003b", "fun": "open", "head": "T42n1828_p0368a24"}, {"n": "003b", "fun": "close", "head": "T42n1828_p0377c19"}, {"n": "004a", "fun": "open", "head": "T42n1828_p0377c22"}, {"n": "004a", "fun": "close", "head": "T42n1828_p0387b04"}, {"n": "004b", "fun": "open", "head": "T42n1828_p0387b07"}, {"n": "004b", "fun": "close", "head": "T42n1828_p0399c22"}, {"n": "005a", "fun": "open", "head": "T42n1828_p0399c25"}, {"n": "005a", "fun": "close", "head": "T42n1828_p0414b28"}, {"n": "005b", "fun": "open", "head": "T42n1828_p0414c02"}, {"n": "005b", "fun": "close", "head": "T42n1828_p0425c24"}, {"n": "006a", "fun": "open", "head": "T42n1828_p0426a02"}, {"n": "006a", "fun": "close", "head": "T42n1828_p0437c14"}, {"n": "006b", "fun": "open", "head": "T42n1828_p0437c17"}, {"n": "006b", "fun": "close", "head": "T42n1828_p0446c22"}, {"n": "007a", "fun": "open", "head": "T42n1828_p0447a02"}, {"n": "007a", "fun": "close", "head": "T42n1828_p0457a06"}, {"n": "007b", "fun": "open", "head": "T42n1828_p0457a09"}, {"n": "007b", "fun": "close", "head": "T42n1828_p0469c22"}, {"n": "008a", "fun": "open", "head": "T42n1828_p0469c25"}, {"n": "008a", "fun": "close", "head": "T42n1828_p0484a11"}, {"n": "008b", "fun": "open", "head": "T42n1828_p0484a14"}, {"n": "008b", "fun": "close", "head": "T42n1828_p0497b06"}, {"n": "009a", "fun": "open", "head": "T42n1828_p0497b08"}, {"n": "009a", "fun": "close", "head": "T42n1828_p0515c05"}, {"n": "009b", "fun": "open", "head": "T42n1828_p0515c08"}, {"n": "009b", "fun": "close", "head": "T42n1828_p0522c14"}, {"n": "010a", "fun": "open", "head": "T42n1828_p0522c17"}, {"n": "010a", "fun": "close", "head": "T42n1828_p0538a23"}, {"n": "010b", "fun": "open", "head": "T42n1828_p0538b02"}, {"n": "010b", "fun": "close", "head": "T42n1828_p0548c17"}, {"n": "011a", "fun": "open", "head": "T42n1828_p0548c20"}, {"n": "011a", "fun": "close", "head": "T42n1828_p0558a03"}, {"n": "011b", "fun": "open", "head": "T42n1828_p0558a06"}, {"n": "011b", "fun": "close", "head": "T42n1828_p0567a24"}, {"n": "012a", "fun": "open", "head": "T42n1828_p0567b02"}, {"n": "012a", "fun": "close", "head": "T42n1828_p0581a14"}, {"n": "012b", "fun": "open", "head": "T42n1828_p0581a17"}, {"n": "012b", "fun": "close", "head": "T42n1828_p0590b08"}, {"n": "013a", "fun": "open", "head": "T42n1828_p0591a02"}, {"n": "013a", "fun": "close", "head": "T42n1828_p0609a06"}, {"n": "013b", "fun": "open", "head": "T42n1828_p0609a09"}, {"n": "013b", "fun": "close", "head": "T42n1828_p0615b10"}, {"n": "014a", "fun": "open", "head": "T42n1828_p0615b13"}, {"n": "014a", "fun": "close", "head": "T42n1828_p0624a07"}, {"n": "014b", "fun": "open", "head": "T42n1828_p0624a10"}, {"n": "014b", "fun": "close", "head": "T42n1828_p0639a07"}, {"n": "015a", "fun": "open", "head": "T42n1828_p0639a10"}, {"n": "015a", "fun": "close", "head": "T42n1828_p0649c15"}, {"n": "015b", "fun": "open", "head": "T42n1828_p0649c18"}, {"n": "015b", "fun": "close", "head": "T42n1828_p0660c24"}, {"n": "016a", "fun": "open", "head": "T42n1828_p0661a02"}, {"n": "016a", "fun": "close", "head": "T42n1828_p0674a23"}, {"n": "016b", "fun": "open", "head": "T42n1828_p0674b02"}, {"n": "016b", "fun": "close", "head": "T42n1828_p0682b29"}, {"n": "017a", "fun": "open", "head": "T42n1828_p0682c02"}, {"n": "017a", "fun": "close", "head": "T42n1828_p0692b29"}, {"n": "017b", "fun": "open", "head": "T42n1828_p0692c02"}, {"n": "017b", "fun": "close", "head": "T42n1828_p0705c24"}, {"n": "018a", "fun": "open", "head": "T42n1828_p0706a03"}, {"n": "018a", "fun": "close", "head": "T42n1828_p0721b21"}, {"n": "018b", "fun": "open", "head": "T42n1828_p0721b24"}, {"n": "018b", "fun": "close", "head": "T42n1828_p0731b10"}, {"n": "019a", "fun": "open", "head": "T42n1828_p0732a02"}, {"n": "019a", "fun": "close", "head": "T42n1828_p0749b20"}, {"n": "019b", "fun": "open", "head": "T42n1828_p0749b23"}, {"n": "019b", "fun": "close", "head": "T42n1828_p0760c20"}, {"n": "020a", "fun": "open", "head": "T42n1828_p0760c23"}, {"n": "020a", "fun": "close", "head": "T42n1828_p0773a05"}, {"n": "020b", "fun": "open", "head": "T42n1828_p0773a08"}, {"n": "020b", "fun": "close", "head": "T42n1828_p0783b20"}, {"n": "021a", "fun": "open", "head": "T42n1828_p0783b23"}, {"n": "021a", "fun": "close", "head": "T42n1828_p0795b06"}, {"n": "021b", "fun": "open", "head": "T42n1828_p0795b09"}, {"n": "021b", "fun": "close", "head": "T42n1828_p0806c06"}, {"n": "022a", "fun": "open", "head": "T42n1828_p0806c09"}, {"n": "022a", "fun": "close", "head": "T42n1828_p0820b04"}, {"n": "022b", "fun": "open", "head": "T42n1828_p0820b07"}, {"n": "022b", "fun": "close", "head": "T42n1828_p0829a25"}, {"n": "023a", "fun": "open", "head": "T42n1828_p0829b02"}, {"n": "023a", "fun": "close", "head": "T42n1828_p0840c22"}, {"n": "023b", "fun": "open", "head": "T42n1828_p0841a02"}, {"n": "023b", "fun": "close", "head": "T42n1828_p0850b20"}, {"n": "024a", "fun": "open", "head": "T42n1828_p0850b23"}, {"n": "024a", "fun": "close", "head": "T42n1828_p0858a14"}, {"n": "024b", "fun": "open", "head": "T42n1828_p0858a17"}, {"n": "024b", "fun": "close", "head": "T42n1828_p0868a15"}]