[{"n": "001a", "fun": "open", "head": "T42n1824_p0005b16"}, {"n": "001a", "fun": "close", "head": "T42n1824_p0013a12"}, {"n": "001b", "fun": "open", "head": "T42n1824_p0013a15"}, {"n": "001b", "fun": "close", "head": "T42n1824_p0020a15"}, {"n": "002a", "fun": "open", "head": "T42n1824_p0020a18"}, {"n": "002a", "fun": "close", "head": "T42n1824_p0027c20"}, {"n": "002b", "fun": "open", "head": "T42n1824_p0027c23"}, {"n": "002b", "fun": "close", "head": "T42n1824_p0034a17"}, {"n": "003a", "fun": "open", "head": "T42n1824_p0034a20"}, {"n": "003a", "fun": "close", "head": "T42n1824_p0044a13"}, {"n": "003b", "fun": "open", "head": "T42n1824_p0044a16"}, {"n": "003b", "fun": "close", "head": "T42n1824_p0052c23"}, {"n": "004a", "fun": "open", "head": "T42n1824_p0053a02"}, {"n": "004a", "fun": "close", "head": "T42n1824_p0061c16"}, {"n": "004b", "fun": "open", "head": "T42n1824_p0061c19"}, {"n": "004b", "fun": "close", "head": "T42n1824_p0069b28"}, {"n": "005a", "fun": "open", "head": "T42n1824_p0069c02"}, {"n": "005a", "fun": "close", "head": "T42n1824_p0078c13"}, {"n": "005b", "fun": "open", "head": "T42n1824_p0078c16"}, {"n": "005b", "fun": "close", "head": "T42n1824_p0088a19"}, {"n": "006a", "fun": "open", "head": "T42n1824_p0089a02"}, {"n": "006a", "fun": "close", "head": "T42n1824_p0095c01"}, {"n": "006b", "fun": "open", "head": "T42n1824_p0095c04"}, {"n": "006b", "fun": "close", "head": "T42n1824_p0102b04"}, {"n": "007a", "fun": "open", "head": "T42n1824_p0102b07"}, {"n": "007a", "fun": "close", "head": "T42n1824_p0108c16"}, {"n": "007b", "fun": "open", "head": "T42n1824_p0108c19"}, {"n": "007b", "fun": "close", "head": "T42n1824_p0115c26"}, {"n": "008a", "fun": "open", "head": "T42n1824_p0116a02"}, {"n": "008a", "fun": "close", "head": "T42n1824_p0123b18"}, {"n": "008b", "fun": "open", "head": "T42n1824_p0123b21"}, {"n": "008b", "fun": "close", "head": "T42n1824_p0132a05"}, {"n": "009a", "fun": "open", "head": "T42n1824_p0132a08"}, {"n": "009a", "fun": "close", "head": "T42n1824_p0139b08"}, {"n": "009b", "fun": "open", "head": "T42n1824_p0139b11"}, {"n": "009b", "fun": "close", "head": "T42n1824_p0148b16"}, {"n": "010a", "fun": "open", "head": "T42n1824_p0148b20"}, {"n": "010a", "fun": "close", "head": "T42n1824_p0159a01"}, {"n": "010b", "fun": "open", "head": "T42n1824_p0159a04"}, {"n": "010b", "fun": "close", "head": "T42n1824_p0169b13"}]