[{"n": "001a", "fun": "open", "head": "T42n1827_p0238a24", "title": "百論疏卷上"}, {"n": "001a", "fun": "close", "head": "T42n1827_p0239c23", "title": "百論疏卷之上上畢"}, {"n": "001b", "fun": "open", "head": "T42n1827_p0240a02", "title": "百論疏卷上之餘"}, {"n": "001b", "fun": "close", "head": "T42n1827_p0249b26", "title": "百論疏卷上之中畢"}, {"n": "001c", "fun": "open", "head": "T42n1827_p0249c02", "title": "百論疏卷上之餘"}, {"n": "001c", "fun": "close", "head": "T42n1827_p0260a15", "title": "百論疏卷上"}, {"n": "002a", "fun": "open", "head": "T42n1827_p0260a19", "title": "百論疏卷中"}, {"n": "002a", "fun": "close", "head": "T42n1827_p0270c18", "title": "百論疏卷中終"}, {"n": "002b", "fun": "open", "head": "T42n1827_p0270c20", "title": "百論疏卷中之餘"}, {"n": "002b", "fun": "close", "head": "T42n1827_p0280b20", "title": "百論疏卷中之中終"}, {"n": "002c", "fun": "open", "head": "T42n1827_p0280b23", "title": "百論疏卷中之餘"}, {"n": "002c", "fun": "close", "head": "T42n1827_p0287a26", "title": "百論疏卷中之餘"}, {"n": "003a", "fun": "open", "head": "T42n1827_p0287b02", "title": "百論疏卷下"}, {"n": "003a", "fun": "close", "head": "T42n1827_p0294a20", "title": "百論疏卷下之上"}, {"n": "003b", "fun": "open", "head": "T42n1827_p0294a23", "title": "百論疏卷下之餘"}, {"n": "003b", "fun": "close", "head": "T42n1827_p0301b24", "title": "百論疏卷下之中"}, {"n": "003c", "fun": "open", "head": "T42n1827_p0301c02", "title": "百論疏卷下之餘"}, {"n": "003c", "fun": "close", "head": "T42n1827_p0309c12", "title": "百論疏卷下餘終"}]