[{"n": "001a", "fun": "open", "head": "T42n1827_p0238a24"}, {"n": "001a", "fun": "close", "head": "T42n1827_p0239c23"}, {"n": "001b", "fun": "open", "head": "T42n1827_p0240a02"}, {"n": "001b", "fun": "close", "head": "T42n1827_p0249b26"}, {"n": "001c", "fun": "open", "head": "T42n1827_p0249c02"}, {"n": "001c", "fun": "close", "head": "T42n1827_p0260a15"}, {"n": "002a", "fun": "open", "head": "T42n1827_p0260a19"}, {"n": "002a", "fun": "close", "head": "T42n1827_p0270c18"}, {"n": "002b", "fun": "open", "head": "T42n1827_p0270c20"}, {"n": "002b", "fun": "close", "head": "T42n1827_p0280b20"}, {"n": "002c", "fun": "open", "head": "T42n1827_p0280b23"}, {"n": "002c", "fun": "close", "head": "T42n1827_p0287a26"}, {"n": "003a", "fun": "open", "head": "T42n1827_p0287b02"}, {"n": "003a", "fun": "close", "head": "T42n1827_p0294a20"}, {"n": "003b", "fun": "open", "head": "T42n1827_p0294a23"}, {"n": "003b", "fun": "close", "head": "T42n1827_p0301b24"}, {"n": "003c", "fun": "open", "head": "T42n1827_p0301c02"}, {"n": "003c", "fun": "close", "head": "T42n1827_p0309c12"}]