[{"n": "001a", "fun": "open", "head": "T42n1825_p0174b20"}, {"n": "001a", "fun": "close", "head": "T42n1825_p0187a11"}, {"n": "001b", "fun": "open", "head": "T42n1825_p0187a15"}, {"n": "001b", "fun": "close", "head": "T42n1825_p0193c25"}, {"n": "002a", "fun": "open", "head": "T42n1825_p0194a02"}, {"n": "002a", "fun": "close", "head": "T42n1825_p0196b10"}, {"n": "002b", "fun": "open", "head": "T42n1825_p0196b13"}, {"n": "002b", "fun": "close", "head": "T42n1825_p0201a09"}, {"n": "003a", "fun": "open", "head": "T42n1825_p0201a12"}, {"n": "003a", "fun": "close", "head": "T42n1825_p0207a14"}, {"n": "003b", "fun": "open", "head": "T42n1825_p0207a17"}, {"n": "003b", "fun": "close", "head": "T42n1825_p0212b10"}]