[{"n": "001a", "fun": "open", "head": "T42n1824_p0005b16", "title": "中觀論疏卷第一本"}, {"n": "001a", "fun": "close", "head": "T42n1824_p0013a12", "title": "中觀論疏卷第一本畢"}, {"n": "001b", "fun": "open", "head": "T42n1824_p0013a15", "title": "中觀論疏卷第一末"}, {"n": "001b", "fun": "close", "head": "T42n1824_p0020a15", "title": "中觀論疏卷第一末畢"}, {"n": "002a", "fun": "open", "head": "T42n1824_p0020a18", "title": "中觀論疏卷第二本"}, {"n": "002a", "fun": "close", "head": "T42n1824_p0027c20", "title": "中觀論疏卷第二本畢"}, {"n": "002b", "fun": "open", "head": "T42n1824_p0027c23", "title": "中觀論疏卷第二末"}, {"n": "002b", "fun": "close", "head": "T42n1824_p0034a17", "title": "中觀論疏卷第二末畢"}, {"n": "003a", "fun": "open", "head": "T42n1824_p0034a20", "title": "中觀論疏卷第三本"}, {"n": "003a", "fun": "close", "head": "T42n1824_p0044a13", "title": "中觀論疏卷第三本"}, {"n": "003b", "fun": "open", "head": "T42n1824_p0044a16", "title": "中觀論疏卷第三末"}, {"n": "003b", "fun": "close", "head": "T42n1824_p0052c23", "title": "中觀論疏卷第三末"}, {"n": "004a", "fun": "open", "head": "T42n1824_p0053a02", "title": "中觀論疏卷第四本"}, {"n": "004a", "fun": "close", "head": "T42n1824_p0061c16", "title": "中觀論疏卷第四本"}, {"n": "004b", "fun": "open", "head": "T42n1824_p0061c19", "title": "中觀論疏卷第四末"}, {"n": "004b", "fun": "close", "head": "T42n1824_p0069b28", "title": "中觀論疏卷第四末"}, {"n": "005a", "fun": "open", "head": "T42n1824_p0069c02", "title": "中觀論疏卷第五本"}, {"n": "005a", "fun": "close", "head": "T42n1824_p0078c13", "title": "中觀論疏卷第五本"}, {"n": "005b", "fun": "open", "head": "T42n1824_p0078c16", "title": "中觀論疏卷第五末"}, {"n": "005b", "fun": "close", "head": "T42n1824_p0088a19", "title": "中觀論疏卷第五末"}, {"n": "006a", "fun": "open", "head": "T42n1824_p0089a02", "title": "中觀論疏卷第六本"}, {"n": "006a", "fun": "close", "head": "T42n1824_p0095c01", "title": "中觀論疏卷第六本畢"}, {"n": "006b", "fun": "open", "head": "T42n1824_p0095c04", "title": "中觀論疏卷第六末"}, {"n": "006b", "fun": "close", "head": "T42n1824_p0102b04", "title": "中觀論疏卷第六末畢"}, {"n": "007a", "fun": "open", "head": "T42n1824_p0102b07", "title": "中觀論疏卷第七本"}, {"n": "007a", "fun": "close", "head": "T42n1824_p0108c16", "title": "中觀論疏卷第七本"}, {"n": "007b", "fun": "open", "head": "T42n1824_p0108c19", "title": "中觀論疏卷第七末"}, {"n": "007b", "fun": "close", "head": "T42n1824_p0115c26", "title": "中觀論疏卷第七末"}, {"n": "008a", "fun": "open", "head": "T42n1824_p0116a02", "title": "中觀論疏卷第八本"}, {"n": "008a", "fun": "close", "head": "T42n1824_p0123b18", "title": "中觀論疏卷第八本"}, {"n": "008b", "fun": "open", "head": "T42n1824_p0123b21", "title": "中觀論疏卷第八末"}, {"n": "008b", "fun": "close", "head": "T42n1824_p0132a05", "title": "中觀論疏卷第八末終"}, {"n": "009a", "fun": "open", "head": "T42n1824_p0132a08", "title": "中觀論疏卷第九本"}, {"n": "009a", "fun": "close", "head": "T42n1824_p0139b08", "title": "中觀論疏卷第九本終"}, {"n": "009b", "fun": "open", "head": "T42n1824_p0139b11", "title": "中觀論疏卷第九末"}, {"n": "009b", "fun": "close", "head": "T42n1824_p0148b16", "title": "中觀論疏卷第九末終"}, {"n": "010a", "fun": "open", "head": "T42n1824_p0148b20", "title": "中觀論疏卷第十本"}, {"n": "010a", "fun": "close", "head": "T42n1824_p0159a01", "title": "中觀論疏卷第十本畢"}, {"n": "010b", "fun": "open", "head": "T42n1824_p0159a04", "title": "中觀論疏卷第十末"}, {"n": "010b", "fun": "close", "head": "T42n1824_p0169b13", "title": "中觀論疏卷第十末畢"}]