[{"n": "001a", "fun": "open", "head": "T42n1828_p0311a03", "title": "瑜伽論記卷第一之上論本第一卷"}, {"n": "001a", "fun": "close", "head": "T42n1828_p0323c18", "title": "瑜伽論記卷第一之上"}, {"n": "001b", "fun": "open", "head": "T42n1828_p0323c21", "title": "瑜伽論記卷第一之下論本第二至第三卷"}, {"n": "001b", "fun": "close", "head": "T42n1828_p0336a01", "title": "瑜伽論記卷第一之下終"}, {"n": "002a", "fun": "open", "head": "T42n1828_p0336a04", "title": "瑜伽論記卷第二之上論本第四至第六卷"}, {"n": "002a", "fun": "close", "head": "T42n1828_p0349c25", "title": "瑜伽論記卷第二之上終"}, {"n": "002b", "fun": "open", "head": "T42n1828_p0350a02", "title": "瑜伽論記卷第二之下至第八卷論本第七"}, {"n": "002b", "fun": "close", "head": "T42n1828_p0359b06", "title": "瑜伽論記卷第二之下終"}, {"n": "003a", "fun": "open", "head": "T42n1828_p0359b09", "title": "瑜伽論記卷第三之上論本第九至第十"}, {"n": "003a", "fun": "close", "head": "T42n1828_p0368a21", "title": "瑜伽論記卷第三之上終"}, {"n": "003b", "fun": "open", "head": "T42n1828_p0368a24", "title": "瑜伽論記卷第三之下"}, {"n": "003b", "fun": "close", "head": "T42n1828_p0377c19", "title": "瑜伽論記卷第三之下終"}, {"n": "004a", "fun": "open", "head": "T42n1828_p0377c22", "title": "瑜伽論記卷第四之上論本第十一至第十二卷"}, {"n": "004a", "fun": "close", "head": "T42n1828_p0387b04", "title": "瑜伽論記卷第四之上終"}, {"n": "004b", "fun": "open", "head": "T42n1828_p0387b07", "title": "瑜伽論記卷第四之下論本第十二卷"}, {"n": "004b", "fun": "close", "head": "T42n1828_p0399c22", "title": "瑜伽論記卷第四之下終"}, {"n": "005a", "fun": "open", "head": "T42n1828_p0399c25", "title": "瑜伽論記卷第五之上論本第十三至第十五"}, {"n": "005a", "fun": "close", "head": "T42n1828_p0414b28", "title": "瑜伽論記卷第五之上終"}, {"n": "005b", "fun": "open", "head": "T42n1828_p0414c02", "title": "瑜伽論記卷第五之下論本第十六至第十九"}, {"n": "005b", "fun": "close", "head": "T42n1828_p0425c24", "title": "瑜伽論記卷第五之下終"}, {"n": "006a", "fun": "open", "head": "T42n1828_p0426a02", "title": "瑜伽論記卷第六之上論本第二十至二十四"}, {"n": "006a", "fun": "close", "head": "T42n1828_p0437c14", "title": "瑜伽論記卷第六之上"}, {"n": "006b", "fun": "open", "head": "T42n1828_p0437c17", "title": "瑜伽論記卷第六之下論本第二十五至二十六"}, {"n": "006b", "fun": "close", "head": "T42n1828_p0446c22", "title": "瑜伽論記卷第六之下終"}, {"n": "007a", "fun": "open", "head": "T42n1828_p0447a02", "title": "瑜伽論記卷第七之上論本第二十七至第二十八"}, {"n": "007a", "fun": "close", "head": "T42n1828_p0457a06", "title": "瑜伽論記卷第七之上終"}, {"n": "007b", "fun": "open", "head": "T42n1828_p0457a09", "title": "瑜伽論記卷第七之下論本第二十九至三十二"}, {"n": "007b", "fun": "close", "head": "T42n1828_p0469c22", "title": "瑜伽論記卷第七之下終"}, {"n": "008a", "fun": "open", "head": "T42n1828_p0469c25", "title": "瑜伽論記卷第八之上論本第三十三至三十四"}, {"n": "008a", "fun": "close", "head": "T42n1828_p0484a11", "title": "瑜伽論記卷第八之上終"}, {"n": "008b", "fun": "open", "head": "T42n1828_p0484a14", "title": "瑜伽論記卷第八之下論本第三十五卷"}, {"n": "008b", "fun": "close", "head": "T42n1828_p0497b06", "title": "瑜伽論記卷第八下"}, {"n": "009a", "fun": "open", "head": "T42n1828_p0497b08", "title": "瑜伽論記卷第九之上"}, {"n": "009a", "fun": "close", "head": "T42n1828_p0515c05", "title": "瑜伽論記卷第九之上終"}, {"n": "009b", "fun": "open", "head": "T42n1828_p0515c08", "title": "瑜伽師地論卷第九之下"}, {"n": "009b", "fun": "close", "head": "T42n1828_p0522c14", "title": "瑜伽論記卷第九之下終"}, {"n": "010a", "fun": "open", "head": "T42n1828_p0522c17", "title": "瑜伽論記卷第十之上論本第三十八至四十"}, {"n": "010a", "fun": "close", "head": "T42n1828_p0538a23", "title": "瑜伽論記卷第十之上終"}, {"n": "010b", "fun": "open", "head": "T42n1828_p0538b02", "title": "瑜伽論記卷第十之下論本第四十一至四十三"}, {"n": "010b", "fun": "close", "head": "T42n1828_p0548c17", "title": "瑜伽論記卷第十之下終"}, {"n": "011a", "fun": "open", "head": "T42n1828_p0548c20", "title": "瑜伽論記卷第十一之上論本第四十四至四十五"}, {"n": "011a", "fun": "close", "head": "T42n1828_p0558a03", "title": "瑜伽論記卷第十一之上終"}, {"n": "011b", "fun": "open", "head": "T42n1828_p0558a06", "title": "瑜伽論記卷第十一之下論本四十六至四十七"}, {"n": "011b", "fun": "close", "head": "T42n1828_p0567a24", "title": "瑜伽論記卷第十一之下終"}, {"n": "012a", "fun": "open", "head": "T42n1828_p0567b02", "title": "瑜伽論記卷第十二之上論本第四十八"}, {"n": "012a", "fun": "close", "head": "T42n1828_p0581a14", "title": "瑜伽論記卷第十二之上終"}, {"n": "012b", "fun": "open", "head": "T42n1828_p0581a17", "title": "瑜伽論記卷第十二之下論本第四十九至五十卷"}, {"n": "012b", "fun": "close", "head": "T42n1828_p0590b08", "title": "瑜伽論記卷第十二之下終"}, {"n": "013a", "fun": "open", "head": "T42n1828_p0591a02", "title": "瑜伽論記卷第十三之上論本第五十一"}, {"n": "013a", "fun": "close", "head": "T42n1828_p0609a06", "title": "瑜伽論記卷第十三之上終"}, {"n": "013b", "fun": "open", "head": "T42n1828_p0609a09", "title": "瑜伽論記卷第十三之下論本第五十二"}, {"n": "013b", "fun": "close", "head": "T42n1828_p0615b10", "title": "瑜伽論記卷第十三之下終"}, {"n": "014a", "fun": "open", "head": "T42n1828_p0615b13", "title": "瑜伽論記卷第十四之上"}, {"n": "014a", "fun": "close", "head": "T42n1828_p0624a07", "title": "瑜伽論記卷第十四之上終"}, {"n": "014b", "fun": "open", "head": "T42n1828_p0624a10", "title": "瑜伽論記卷第十四之下論本第五十四"}, {"n": "014b", "fun": "close", "head": "T42n1828_p0639a07", "title": "瑜伽論記卷第十四之下終"}, {"n": "015a", "fun": "open", "head": "T42n1828_p0639a10", "title": "瑜伽論記卷第十五之上論本第五十五"}, {"n": "015a", "fun": "close", "head": "T42n1828_p0649c15", "title": "瑜伽論記卷第十五之上終"}, {"n": "015b", "fun": "open", "head": "T42n1828_p0649c18", "title": "瑜伽論記卷第十五之下論本第五十六"}, {"n": "015b", "fun": "close", "head": "T42n1828_p0660c24", "title": "瑜伽論記卷第十五之下終"}, {"n": "016a", "fun": "open", "head": "T42n1828_p0661a02", "title": "瑜伽論記卷第十六之上論本第五十七"}, {"n": "016a", "fun": "close", "head": "T42n1828_p0674a23", "title": "瑜伽論記卷第十六之上終"}, {"n": "016b", "fun": "open", "head": "T42n1828_p0674b02", "title": "瑜伽論記卷第十六之下論本五十八"}, {"n": "016b", "fun": "close", "head": "T42n1828_p0682b29", "title": "瑜伽論記卷第十六之下終"}, {"n": "017a", "fun": "open", "head": "T42n1828_p0682c02", "title": "瑜伽論記卷第十七之上論本第五十九至第六十二"}, {"n": "017a", "fun": "close", "head": "T42n1828_p0692b29", "title": "瑜伽論記卷第十七之上終"}, {"n": "017b", "fun": "open", "head": "T42n1828_p0692c02", "title": "瑜伽論記卷第十七之下論本第六十二六十三"}, {"n": "017b", "fun": "close", "head": "T42n1828_p0705c24", "title": "瑜伽論記卷第十七之下終"}, {"n": "018a", "fun": "open", "head": "T42n1828_p0706a03", "title": "瑜伽論記卷第十八之上論本第六十四至六十六"}, {"n": "018a", "fun": "close", "head": "T42n1828_p0721b21", "title": "瑜伽論記卷第十八之上終"}, {"n": "018b", "fun": "open", "head": "T42n1828_p0721b24", "title": "瑜伽論記卷第十八之下論本六十七至六十九"}, {"n": "018b", "fun": "close", "head": "T42n1828_p0731b10", "title": "瑜伽論記卷第十八之下終"}, {"n": "019a", "fun": "open", "head": "T42n1828_p0732a02", "title": "瑜伽論記卷第十九之上論本第七十至七十二"}, {"n": "019a", "fun": "close", "head": "T42n1828_p0749b20", "title": "瑜伽論記卷第十九之上終"}, {"n": "019b", "fun": "open", "head": "T42n1828_p0749b23", "title": "瑜伽論記卷第十九之下論本第七十三"}, {"n": "019b", "fun": "close", "head": "T42n1828_p0760c20", "title": "瑜伽論記卷第十九之下終"}, {"n": "020a", "fun": "open", "head": "T42n1828_p0760c23", "title": "瑜伽論記卷第二十之上論本第七十四至七十五"}, {"n": "020a", "fun": "close", "head": "T42n1828_p0773a05", "title": "瑜伽論記卷第二十之上終"}, {"n": "020b", "fun": "open", "head": "T42n1828_p0773a08", "title": "瑜伽論記卷第二十之下論本第七十六至七十七"}, {"n": "020b", "fun": "close", "head": "T42n1828_p0783b20", "title": "瑜伽論記卷第二十之下終"}, {"n": "021a", "fun": "open", "head": "T42n1828_p0783b23", "title": "瑜伽論記卷第二十一之上論本第七十八至七十九"}, {"n": "021a", "fun": "close", "head": "T42n1828_p0795b06", "title": "瑜伽論記卷第二十一之上終"}, {"n": "021b", "fun": "open", "head": "T42n1828_p0795b09", "title": "瑜伽論記卷第二十一之下論本八十至八十一"}, {"n": "021b", "fun": "close", "head": "T42n1828_p0806c06", "title": "瑜伽論記卷第二十一之下終"}, {"n": "022a", "fun": "open", "head": "T42n1828_p0806c09", "title": "瑜伽論記卷第二十二之上論本第八十二至八十五"}, {"n": "022a", "fun": "close", "head": "T42n1828_p0820b04", "title": "瑜伽論記卷第二十二之上終"}, {"n": "022b", "fun": "open", "head": "T42n1828_p0820b07", "title": "瑜伽論記卷第二十二之下"}, {"n": "022b", "fun": "close", "head": "T42n1828_p0829a25", "title": "瑜伽論記卷第二十二之下終"}, {"n": "023a", "fun": "open", "head": "T42n1828_p0829b02", "title": "瑜伽論記卷第二十三之上論本八十八至第九十"}, {"n": "023a", "fun": "close", "head": "T42n1828_p0840c22", "title": "瑜伽論記卷第二十三之上終"}, {"n": "023b", "fun": "open", "head": "T42n1828_p0841a02", "title": "瑜伽論記卷第二十三之下論本第九十一至九十三"}, {"n": "023b", "fun": "close", "head": "T42n1828_p0850b20", "title": "瑜伽論記卷第二十三之下終"}, {"n": "024a", "fun": "open", "head": "T42n1828_p0850b23", "title": "瑜伽論記卷第二十四之上論本第九十四至九十六"}, {"n": "024a", "fun": "close", "head": "T42n1828_p0858a14", "title": "瑜伽論記卷第二十四之上終"}, {"n": "024b", "fun": "open", "head": "T42n1828_p0858a17", "title": "瑜伽論記卷第二十四之下論本第九十七至一百"}, {"n": "024b", "fun": "close", "head": "T42n1828_p0868a15", "title": "瑜伽論記卷第二十四之下終"}]