[{"level": "1", "n": "", "type": "其他", "text": "1 辯本事品", "head": "T29n1562_p0329a07"}, {"level": "2", "n": "", "type": "其他", "text": "1 一", "head": "T29n1562_p0329a07"}, {"level": "2", "n": "", "type": "其他", "text": "2 二", "head": "T29n1562_p0335a23"}, {"level": "2", "n": "", "type": "其他", "text": "3 三", "head": "T29n1562_p0342a12"}, {"level": "2", "n": "", "type": "其他", "text": "4 四", "head": "T29n1562_p0348a11"}, {"level": "2", "n": "", "type": "其他", "text": "5 五", "head": "T29n1562_p0354b20"}, {"level": "2", "n": "", "type": "其他", "text": "6 六", "head": "T29n1562_p0360b15"}, {"level": "2", "n": "", "type": "其他", "text": "7 七", "head": "T29n1562_p0366a10"}, {"level": "2", "n": "", "type": "其他", "text": "8 八", "head": "T29n1562_p0371b27"}, {"level": "1", "n": "", "type": "其他", "text": "2 辯差別品", "head": "T29n1562_p0377a28"}, {"level": "2", "n": "", "type": "其他", "text": "1 一", "head": "T29n1562_p0377a28"}, {"level": "2", "n": "", "type": "其他", "text": "2 二", "head": "T29n1562_p0383b24"}, {"level": "2", "n": "", "type": "其他", "text": "3 三", "head": "T29n1562_p0389c16"}, {"level": "2", "n": "", "type": "其他", "text": "4 四", "head": "T29n1562_p0396c06"}, {"level": "2", "n": "", "type": "其他", "text": "5 五", "head": "T29n1562_p0403a06"}, {"level": "2", "n": "", "type": "其他", "text": "6 六", "head": "T29n1562_p0409c16"}, {"level": "2", "n": "", "type": "其他", "text": "7 七", "head": "T29n1562_p0416b06"}, {"level": "2", "n": "", "type": "其他", "text": "8 八", "head": "T29n1562_p0422a06"}, {"level": "2", "n": "", "type": "其他", "text": "9 九", "head": "T29n1562_p0428c06"}, {"level": "2", "n": "", "type": "其他", "text": "10 十", "head": "T29n1562_p0435c06"}, {"level": "2", "n": "", "type": "其他", "text": "11 十一", "head": "T29n1562_p0442b22"}, {"level": "2", "n": "", "type": "其他", "text": "12 十二", "head": "T29n1562_p0449b20"}, {"level": "1", "n": "", "type": "其他", "text": "3 辯緣起品", "head": "T29n1562_p0456a16"}, {"level": "2", "n": "", "type": "其他", "text": "1 一", "head": "T29n1562_p0456a16"}, {"level": "2", "n": "", "type": "其他", "text": "2 二", "head": "T29n1562_p0461c13"}, {"level": "2", "n": "", "type": "其他", "text": "3 三", "head": "T29n1562_p0468a23"}, {"level": "2", "n": "", "type": "其他", "text": "4 四", "head": "T29n1562_p0474a13"}, {"level": "2", "n": "", "type": "其他", "text": "5 五", "head": "T29n1562_p0480c06"}, {"level": "2", "n": "", "type": "其他", "text": "6 六", "head": "T29n1562_p0485c22"}, {"level": "2", "n": "", "type": "其他", "text": "7 七", "head": "T29n1562_p0491b09"}, {"level": "2", "n": "", "type": "其他", "text": "8 八", "head": "T29n1562_p0496c10"}, {"level": "2", "n": "", "type": "其他", "text": "9 九", "head": "T29n1562_p0502c11"}, {"level": "2", "n": "", "type": "其他", "text": "10 十", "head": "T29n1562_p0509b06"}, {"level": "2", "n": "", "type": "其他", "text": "11 十一", "head": "T29n1562_p0514c22"}, {"level": "2", "n": "", "type": "其他", "text": "12 十二", "head": "T29n1562_p0521b14"}, {"level": "1", "n": "", "type": "其他", "text": "4 辯業品", "head": "T29n1562_p0529a06"}, {"level": "2", "n": "", "type": "其他", "text": "1 一", "head": "T29n1562_p0529a06"}, {"level": "2", "n": "", "type": "其他", "text": "2 二", "head": "T29n1562_p0534b23"}, {"level": "2", "n": "", "type": "其他", "text": "3 三", "head": "T29n1562_p0539c07"}, {"level": "2", "n": "", "type": "其他", "text": "4 四", "head": "T29n1562_p0545b14"}, {"level": "2", "n": "", "type": "其他", "text": "5 五", "head": "T29n1562_p0551a06"}, {"level": "2", "n": "", "type": "其他", "text": "6 六", "head": "T29n1562_p0555c24"}, {"level": "2", "n": "", "type": "其他", "text": "7 七", "head": "T29n1562_p0561c06"}, {"level": "2", "n": "", "type": "其他", "text": "8 八", "head": "T29n1562_p0567c27"}, {"level": "2", "n": "", "type": "其他", "text": "9 九", "head": "T29n1562_p0573a15"}, {"level": "2", "n": "", "type": "其他", "text": "10 十", "head": "T29n1562_p0578b07"}, {"level": "2", "n": "", "type": "其他", "text": "11 十一", "head": "T29n1562_p0584a27"}, {"level": "2", "n": "", "type": "其他", "text": "12 十二", "head": "T29n1562_p0590b20"}, {"level": "1", "n": "", "type": "其他", "text": "5 辯隨眠品", "head": "T29n1562_p0596a11"}, {"level": "2", "n": "", "type": "其他", "text": "1 一", "head": "T29n1562_p0596a11"}, {"level": "2", "n": "", "type": "其他", "text": "2 二", "head": "T29n1562_p0601a08"}, {"level": "2", "n": "", "type": "其他", "text": "3 三", "head": "T29n1562_p0605c14"}, {"level": "2", "n": "", "type": "其他", "text": "4 四", "head": "T29n1562_p0610c25"}, {"level": "2", "n": "", "type": "其他", "text": "5 五", "head": "T29n1562_p0616a26"}, {"level": "2", "n": "", "type": "其他", "text": "6 六", "head": "T29n1562_p0620c27"}, {"level": "2", "n": "", "type": "其他", "text": "7 七", "head": "T29n1562_p0625b21"}, {"level": "2", "n": "", "type": "其他", "text": "8 八", "head": "T29n1562_p0631a11"}, {"level": "2", "n": "", "type": "其他", "text": "9 九", "head": "T29n1562_p0636b24"}, {"level": "2", "n": "", "type": "其他", "text": "10 十", "head": "T29n1562_p0642b16"}, {"level": "2", "n": "", "type": "其他", "text": "11 十一", "head": "T29n1562_p0647b06"}, {"level": "2", "n": "", "type": "其他", "text": "12 十二", "head": "T29n1562_p0652a12"}, {"level": "1", "n": "", "type": "其他", "text": "6 辯賢聖品", "head": "T29n1562_p0657c06"}, {"level": "2", "n": "", "type": "其他", "text": "1 一", "head": "T29n1562_p0657c06"}, {"level": "2", "n": "", "type": "其他", "text": "2 二", "head": "T29n1562_p0663a06"}, {"level": "2", "n": "", "type": "其他", "text": "3 三", "head": "T29n1562_p0668a27"}, {"level": "2", "n": "", "type": "其他", "text": "4 四", "head": "T29n1562_p0672c22"}, {"level": "2", "n": "", "type": "其他", "text": "5 五", "head": "T29n1562_p0677c06"}, {"level": "2", "n": "", "type": "其他", "text": "6 六", "head": "T29n1562_p0683a06"}, {"level": "2", "n": "", "type": "其他", "text": "7 七", "head": "T29n1562_p0687b09"}, {"level": "2", "n": "", "type": "其他", "text": "8 八", "head": "T29n1562_p0692a06"}, {"level": "2", "n": "", "type": "其他", "text": "9 九", "head": "T29n1562_p0696b15"}, {"level": "2", "n": "", "type": "其他", "text": "10 十", "head": "T29n1562_p0701b08"}, {"level": "2", "n": "", "type": "其他", "text": "11 十一", "head": "T29n1562_p0706a24"}, {"level": "2", "n": "", "type": "其他", "text": "12 十二", "head": "T29n1562_p0711a06"}, {"level": "2", "n": "", "type": "其他", "text": "13 十三", "head": "T29n1562_p0716a21"}, {"level": "2", "n": "", "type": "其他", "text": "14 十四", "head": "T29n1562_p0720c26"}, {"level": "2", "n": "", "type": "其他", "text": "15 十五", "head": "T29n1562_p0725c06"}, {"level": "2", "n": "", "type": "其他", "text": "16 十六", "head": "T29n1562_p0730b10"}, {"level": "1", "n": "", "type": "其他", "text": "7 辯智品", "head": "T29n1562_p0735a24"}, {"level": "2", "n": "", "type": "其他", "text": "1 一", "head": "T29n1562_p0735a24"}, {"level": "2", "n": "", "type": "其他", "text": "2 二", "head": "T29n1562_p0740c11"}, {"level": "2", "n": "", "type": "其他", "text": "3 三", "head": "T29n1562_p0746a09"}, {"level": "2", "n": "", "type": "其他", "text": "4 四", "head": "T29n1562_p0750c24"}, {"level": "1", "n": "", "type": "其他", "text": "8 辯定品", "head": "T29n1562_p0756b06"}, {"level": "2", "n": "", "type": "其他", "text": "1 一", "head": "T29n1562_p0756b06"}, {"level": "2", "n": "", "type": "其他", "text": "2 二", "head": "T29n1562_p0761a19"}, {"level": "2", "n": "", "type": "其他", "text": "3 三", "head": "T29n1562_p0766a10"}, {"level": "2", "n": "", "type": "其他", "text": "4 四", "head": "T29n1562_p0771b06"}]