[{"level": "1", "n": "1", "type": "品", "text": "1 序品", "head": "T29n1563_p0777a07"}, {"level": "1", "n": "2", "type": "品", "text": "2 辯本事品", "head": "T29n1563_p0778c24"}, {"level": "2", "n": "", "type": "", "text": "1", "head": "T29n1563_p0778c24"}, {"level": "2", "n": "", "type": "", "text": "2", "head": "T29n1563_p0781a20"}, {"level": "2", "n": "", "type": "", "text": "3", "head": "T29n1563_p0785c18"}, {"level": "2", "n": "", "type": "", "text": "4", "head": "T29n1563_p0790b24"}, {"level": "1", "n": "3", "type": "品", "text": "3 辯差別品", "head": "T29n1563_p0795a10"}, {"level": "2", "n": "", "type": "", "text": "1", "head": "T29n1563_p0795a10"}, {"level": "2", "n": "", "type": "", "text": "2", "head": "T29n1563_p0800b02"}, {"level": "2", "n": "", "type": "", "text": "3", "head": "T29n1563_p0804c16"}, {"level": "2", "n": "", "type": "", "text": "4", "head": "T29n1563_p0809c16"}, {"level": "2", "n": "", "type": "", "text": "5", "head": "T29n1563_p0814c13"}, {"level": "2", "n": "", "type": "", "text": "6", "head": "T29n1563_p0819b04"}, {"level": "2", "n": "", "type": "", "text": "7", "head": "T29n1563_p0824b02"}, {"level": "1", "n": "4", "type": "品", "text": "4 辯緣起品", "head": "T29n1563_p0829a22"}, {"level": "2", "n": "", "type": "", "text": "1", "head": "T29n1563_p0829a22"}, {"level": "2", "n": "", "type": "", "text": "2", "head": "T29n1563_p0834a19"}, {"level": "2", "n": "", "type": "", "text": "3", "head": "T29n1563_p0840a04"}, {"level": "2", "n": "", "type": "", "text": "4", "head": "T29n1563_p0844c10"}, {"level": "2", "n": "", "type": "", "text": "5", "head": "T29n1563_p0849c06"}, {"level": "2", "n": "", "type": "", "text": "6", "head": "T29n1563_p0854b08"}, {"level": "1", "n": "5", "type": "品", "text": "5 辯業品", "head": "T29n1563_p0859c06"}, {"level": "2", "n": "", "type": "", "text": "1", "head": "T29n1563_p0859c06"}, {"level": "2", "n": "", "type": "", "text": "2", "head": "T29n1563_p0864c04"}, {"level": "2", "n": "", "type": "", "text": "3", "head": "T29n1563_p0869a11"}, {"level": "2", "n": "", "type": "", "text": "4", "head": "T29n1563_p0873b24"}, {"level": "2", "n": "", "type": "", "text": "5", "head": "T29n1563_p0878b22"}, {"level": "2", "n": "", "type": "", "text": "6", "head": "T29n1563_p0883b04"}, {"level": "2", "n": "", "type": "", "text": "7", "head": "T29n1563_p0888a17"}, {"level": "1", "n": "6", "type": "品", "text": "6 辯隨眠品", "head": "T29n1563_p0892c12"}, {"level": "2", "n": "", "type": "", "text": "1", "head": "T29n1563_p0892c12"}, {"level": "2", "n": "", "type": "", "text": "2", "head": "T29n1563_p0898c02"}, {"level": "2", "n": "", "type": "", "text": "3", "head": "T29n1563_p0903c18"}, {"level": "2", "n": "", "type": "", "text": "4", "head": "T29n1563_p0908c11"}, {"level": "1", "n": "7", "type": "品", "text": "7 辯賢聖品", "head": "T29n1563_p0913c25"}, {"level": "2", "n": "", "type": "", "text": "1", "head": "T29n1563_p0913c25"}, {"level": "2", "n": "", "type": "", "text": "2", "head": "T29n1563_p0919c15"}, {"level": "2", "n": "", "type": "", "text": "3", "head": "T29n1563_p0925b02"}, {"level": "2", "n": "", "type": "", "text": "4", "head": "T29n1563_p0930b02"}, {"level": "2", "n": "", "type": "", "text": "5", "head": "T29n1563_p0935b02"}, {"level": "2", "n": "", "type": "", "text": "6", "head": "T29n1563_p0940c15"}, {"level": "1", "n": "8", "type": "品", "text": "8 辯智品", "head": "T29n1563_p0946c06"}, {"level": "2", "n": "", "type": "", "text": "1", "head": "T29n1563_p0946c06"}, {"level": "2", "n": "", "type": "", "text": "2", "head": "T29n1563_p0952b12"}, {"level": "2", "n": "", "type": "", "text": "3", "head": "T29n1563_p0958b02"}, {"level": "1", "n": "9", "type": "品", "text": "9 辯定品", "head": "T29n1563_p0963c12"}]