[{"level": "1", "n": "", "type": "序", "text": "序", "head": "T29n1559_p0161a03"}, {"level": "1", "n": "1", "type": "品", "text": "1 分別界品", "head": "T29n1559_p0161c06"}, {"level": "1", "n": "2", "type": "品", "text": "2 分別根品", "head": "T29n1559_p0173a04"}, {"level": "2", "n": "", "type": "", "text": "1", "head": "T29n1559_p0173a04"}, {"level": "2", "n": "", "type": "", "text": "2", "head": "T29n1559_p0177c07"}, {"level": "2", "n": "", "type": "", "text": "3", "head": "T29n1559_p0184c02"}, {"level": "2", "n": "", "type": "", "text": "4", "head": "T29n1559_p0191c02"}, {"level": "1", "n": "3", "type": "品", "text": "3 分別世間品", "head": "T29n1559_p0198a24"}, {"level": "2", "n": "", "type": "", "text": "1", "head": "T29n1559_p0198a24"}, {"level": "2", "n": "", "type": "", "text": "2", "head": "T29n1559_p0204c02"}, {"level": "2", "n": "", "type": "", "text": "3", "head": "T29n1559_p0211c02"}, {"level": "2", "n": "", "type": "", "text": "4", "head": "T29n1559_p0218b09"}, {"level": "1", "n": "4", "type": "品", "text": "4 分別業品", "head": "T29n1559_p0225a18"}, {"level": "2", "n": "", "type": "", "text": "1", "head": "T29n1559_p0225a18"}, {"level": "2", "n": "", "type": "", "text": "2", "head": "T29n1559_p0231b04"}, {"level": "2", "n": "", "type": "", "text": "3", "head": "T29n1559_p0238a02"}, {"level": "2", "n": "", "type": "", "text": "4", "head": "T29n1559_p0244b24"}, {"level": "1", "n": "5", "type": "品", "text": "5 分別惑品", "head": "T29n1559_p0252c06"}, {"level": "2", "n": "", "type": "", "text": "1", "head": "T29n1559_p0252c06"}, {"level": "2", "n": "", "type": "", "text": "2", "head": "T29n1559_p0259c19"}, {"level": "1", "n": "6", "type": "品", "text": "6 分別聖道果人品", "head": "T29n1559_p0266a14"}, {"level": "2", "n": "", "type": "", "text": "1", "head": "T29n1559_p0266a14"}, {"level": "2", "n": "", "type": "", "text": "2", "head": "T29n1559_p0272c02"}, {"level": "2", "n": "", "type": "", "text": "3", "head": "T29n1559_p0278c24"}, {"level": "1", "n": "7", "type": "品", "text": "7 分別慧品", "head": "T29n1559_p0285c11"}, {"level": "2", "n": "", "type": "", "text": "1", "head": "T29n1559_p0285c11"}, {"level": "2", "n": "", "type": "", "text": "2", "head": "T29n1559_p0291a16"}, {"level": "1", "n": "8", "type": "品", "text": "8 分別三摩跋提品", "head": "T29n1559_p0296b06"}, {"level": "1", "n": "9", "type": "品", "text": "9 破說我品", "head": "T29n1559_p0304a17"}]