[{"level": "1", "n": "", "type": "其他", "text": "卷首", "head": "GA026n0024_p0003a01"}, {"level": "2", "n": "", "type": "其他", "text": "提要", "head": "GA026n0024_p0003a01"}, {"level": "2", "n": "", "type": "其他", "text": "丁丙序", "head": "GA026n0024_p0005a01"}, {"level": "2", "n": "", "type": "其他", "text": "孫時偉序", "head": "GA026n0024_p0009a01"}, {"level": "2", "n": "", "type": "其他", "text": "凡例", "head": "GA026n0024_p0013a01"}, {"level": "2", "n": "", "type": "其他", "text": "山圖", "head": "GA026n0024_p0017a01"}, {"level": "1", "n": "", "type": "其他", "text": "普門示現品一", "head": "GA026n0024_p0025a03"}, {"level": "2", "n": "", "type": "其他", "text": "序", "head": "GA026n0024_p0025a04"}, {"level": "2", "n": "", "type": "其他", "text": "自在功德章", "head": "GA026n0024_p0026a09"}, {"level": "2", "n": "", "type": "其他", "text": "靈奇識", "head": "GA026n0024_p0029a05"}, {"level": "2", "n": "", "type": "其他", "text": "靈感錄", "head": "GA026n0024_p0030a02"}, {"level": "3", "n": "", "type": "其他", "text": "唐", "head": "GA026n0024_p0030a03"}, {"level": "3", "n": "", "type": "其他", "text": "五代十國", "head": "GA026n0024_p0032a04"}, {"level": "3", "n": "", "type": "其他", "text": "宋", "head": "GA026n0024_p0032a09"}, {"level": "3", "n": "", "type": "其他", "text": "元", "head": "GA026n0024_p0038a01"}, {"level": "3", "n": "", "type": "其他", "text": "皇明", "head": "GA026n0024_p0039a03"}, {"level": "2", "n": "", "type": "其他", "text": "悲仰贊", "head": "GA026n0024_p0043a07"}, {"level": "3", "n": "", "type": "其他", "text": "天竺廣大靈感大士贊", "head": "GA026n0024_p0043a08"}, {"level": "3", "n": "", "type": "其他", "text": "靈感觀音大士贊", "head": "GA026n0024_p0044a02"}, {"level": "3", "n": "", "type": "其他", "text": "上竺寺記贊", "head": "GA026n0024_p0044a04"}, {"level": "3", "n": "", "type": "其他", "text": "笑隱禪師大士贊", "head": "GA026n0024_p0045a01"}, {"level": "3", "n": "", "type": "其他", "text": "空谷禪師大士贊", "head": "GA026n0024_p0045a10"}, {"level": "2", "n": "", "type": "其他", "text": "感應頌", "head": "GA026n0024_p0046a07"}, {"level": "3", "n": "", "type": "其他", "text": "國朝浙江提學副使吳江趙寛〈觀音感應頌〉有序", "head": "GA026n0024_p0046a08"}, {"level": "3", "n": "", "type": "其他", "text": "金庭子〈感應頌〉并序", "head": "GA026n0024_p0047a06"}, {"level": "3", "n": "", "type": "其他", "text": "尚寶卿六橋徐江山〈禱雨靈應頌〉有敘", "head": "GA026n0024_p0048a06"}, {"level": "2", "n": "", "type": "其他", "text": "喜雨詠", "head": "GA026n0024_p0050a03"}, {"level": "2", "n": "", "type": "其他", "text": "禱雨篇", "head": "GA026n0024_p0050a10"}, {"level": "1", "n": "", "type": "其他", "text": "普門示現品二", "head": "GA026n0024_p0053a03"}, {"level": "2", "n": "", "type": "其他", "text": "請牒奏", "head": "GA026n0024_p0053a03"}, {"level": "2", "n": "", "type": "其他", "text": "祈謝文", "head": "GA026n0024_p0054a06"}, {"level": "3", "n": "", "type": "其他", "text": "禱天竺大士祈晴文", "head": "GA026n0024_p0054a07"}, {"level": "3", "n": "", "type": "其他", "text": "謝晴文", "head": "GA026n0024_p0055a01"}, {"level": "2", "n": "", "type": "其他", "text": "感應記", "head": "GA026n0024_p0055a03"}, {"level": "3", "n": "", "type": "其他", "text": "皮光業：上天竺觀音看經院感應碑", "head": "GA026n0024_p0055a04"}, {"level": "3", "n": "", "type": "其他", "text": "陳軒（鮑欽正代撰）：靈感觀音碑", "head": "GA026n0024_p0056a09"}, {"level": "3", "n": "", "type": "其他", "text": "魏驥：禱雨感應記", "head": "GA026n0024_p0058a02"}, {"level": "2", "n": "", "type": "其他", "text": "真身考", "head": "GA026n0024_p0060a06"}, {"level": "2", "n": "", "type": "其他", "text": "上竺論", "head": "GA026n0024_p0061a09"}, {"level": "2", "n": "", "type": "其他", "text": "女身說", "head": "GA026n0024_p0067a02"}, {"level": "1", "n": "", "type": "其他", "text": "尊宿住持品一", "head": "GA026n0024_p0071a03"}, {"level": "2", "n": "", "type": "其他", "text": "序", "head": "GA026n0024_p0071a04"}, {"level": "2", "n": "", "type": "其他", "text": "住持題名", "head": "GA026n0024_p0072a10"}, {"level": "3", "n": "", "type": "其他", "text": "上天竺講寺住持題名碑記", "head": "GA026n0024_p0072a10"}, {"level": "3", "n": "", "type": "其他", "text": "上天竺寺歷代住持題名碑序", "head": "GA026n0024_p0073a08"}, {"level": "3", "n": "", "type": "其他", "text": "題名", "head": "GA026n0024_p0074a01"}, {"level": "2", "n": "", "type": "其他", "text": "列傳", "head": "GA026n0024_p0085a10"}, {"level": "3", "n": "", "type": "其他", "text": "五季", "head": "GA026n0024_p0086a01"}, {"level": "4", "n": "", "type": "其他", "text": "道翊法師", "head": "GA026n0024_p0086a01"}, {"level": "3", "n": "", "type": "其他", "text": "宋", "head": "GA026n0024_p0086a08"}, {"level": "4", "n": "", "type": "其他", "text": "南屏梵臻法師", "head": "GA026n0024_p0086a08"}, {"level": "4", "n": "", "type": "其他", "text": "宋辨才法師", "head": "GA026n0024_p0087a05"}, {"level": "4", "n": "", "type": "其他", "text": "法照用文法師", "head": "GA026n0024_p0089a09"}, {"level": "4", "n": "", "type": "其他", "text": "慈辯從諫法師", "head": "GA026n0024_p0089a10"}, {"level": "4", "n": "", "type": "其他", "text": "圓悟思尚法師", "head": "GA026n0024_p0090a08"}, {"level": "4", "n": "", "type": "其他", "text": "宣梵嗣珍法師", "head": "GA026n0024_p0091a01"}, {"level": "4", "n": "", "type": "其他", "text": "慧覺齊玉法師", "head": "GA026n0024_p0091a06"}, {"level": "4", "n": "", "type": "其他", "text": "普明如靖法師", "head": "GA026n0024_p0092a09"}, {"level": "4", "n": "", "type": "其他", "text": "佛照智堅法師", "head": "GA026n0024_p0093a10"}, {"level": "4", "n": "", "type": "其他", "text": "圓通應如法師", "head": "GA026n0024_p0094a01"}, {"level": "1", "n": "", "type": "其他", "text": "尊宿住持品二", "head": "GA026n0024_p0097a03"}, {"level": "2", "n": "", "type": "其他", "text": "列傳", "head": "GA026n0024_p0097a03"}, {"level": "3", "n": "", "type": "其他", "text": "宋", "head": "GA026n0024_p0097a04"}, {"level": "4", "n": "", "type": "其他", "text": "證悟圓智法師", "head": "GA026n0024_p0097a04"}, {"level": "4", "n": "", "type": "其他", "text": "慧光若訥法師", "head": "GA026n0024_p0097a06"}, {"level": "4", "n": "", "type": "其他", "text": "復庵妙珪法師", "head": "GA026n0024_p0099a04"}, {"level": "4", "n": "", "type": "其他", "text": "柏庭善月法師", "head": "GA026n0024_p0099a05"}, {"level": "4", "n": "", "type": "其他", "text": "虛菴有宏法師", "head": "GA026n0024_p0101a10"}, {"level": "4", "n": "", "type": "其他", "text": "鑑堂思義法師", "head": "GA026n0024_p0102a01"}, {"level": "4", "n": "", "type": "其他", "text": "梅峰梵奎法師", "head": "GA026n0024_p0102a04"}, {"level": "4", "n": "", "type": "其他", "text": "古鏡文杲法師", "head": "GA026n0024_p0102a05"}, {"level": "4", "n": "", "type": "其他", "text": "同菴允憲法師", "head": "GA026n0024_p0102a06"}, {"level": "4", "n": "", "type": "其他", "text": "佛光法照法師", "head": "GA026n0024_p0102a07"}, {"level": "4", "n": "", "type": "其他", "text": "鼎山時舉法師", "head": "GA026n0024_p0104a09"}, {"level": "4", "n": "", "type": "其他", "text": "佛海澄法師", "head": "GA026n0024_p0104a10"}, {"level": "4", "n": "", "type": "其他", "text": "如菴真法師", "head": "GA026n0024_p0105a09"}, {"level": "4", "n": "", "type": "其他", "text": "我菴無法師", "head": "GA026n0024_p0106a08"}, {"level": "3", "n": "", "type": "其他", "text": "皇明", "head": "GA026n0024_p0107a04"}, {"level": "4", "n": "", "type": "其他", "text": "東溟日法師", "head": "GA026n0024_p0107a04"}, {"level": "4", "n": "", "type": "其他", "text": "日彰偁法師", "head": "GA026n0024_p0108a10"}, {"level": "4", "n": "", "type": "其他", "text": "性源修法師", "head": "GA026n0024_p0109a03"}, {"level": "4", "n": "", "type": "其他", "text": "存翁法師", "head": "GA026n0024_p0109a04"}, {"level": "4", "n": "", "type": "其他", "text": "止堂大山法師", "head": "GA026n0024_p0111a07"}, {"level": "4", "n": "", "type": "其他", "text": "古春法師", "head": "GA026n0024_p0113a01"}, {"level": "4", "n": "", "type": "其他", "text": "一庵如法師", "head": "GA026n0024_p0113a03"}, {"level": "4", "n": "", "type": "其他", "text": "宗源梵法師", "head": "GA026n0024_p0113a08"}, {"level": "4", "n": "", "type": "其他", "text": "敬修德完法師", "head": "GA026n0024_p0113a09"}, {"level": "4", "n": "", "type": "其他", "text": "鏡中潭法師", "head": "GA026n0024_p0113a10"}, {"level": "4", "n": "", "type": "其他", "text": "無相住法師", "head": "GA026n0024_p0114a01"}, {"level": "4", "n": "", "type": "其他", "text": "大猷闡法師", "head": "GA026n0024_p0114a04"}, {"level": "4", "n": "", "type": "其他", "text": "雨庵霑法師", "head": "GA026n0024_p0114a05"}, {"level": "4", "n": "", "type": "其他", "text": "竹山蕙法師", "head": "GA026n0024_p0114a06"}, {"level": "4", "n": "", "type": "其他", "text": "性菴法師", "head": "GA026n0024_p0114a09"}, {"level": "4", "n": "", "type": "其他", "text": "南溪柯住持", "head": "GA026n0024_p0115a07"}, {"level": "4", "n": "", "type": "其他", "text": "伴雲香住持", "head": "GA026n0024_p0115a10"}, {"level": "4", "n": "", "type": "其他", "text": "靜庵讓法師", "head": "GA026n0024_p0116a03"}, {"level": "4", "n": "", "type": "其他", "text": "觀如法師", "head": "GA026n0024_p0116a08"}, {"level": "4", "n": "", "type": "其他", "text": "心臺靈住持", "head": "GA026n0024_p0118a05"}, {"level": "4", "n": "", "type": "其他", "text": "春山富住持", "head": "GA026n0024_p0119a01"}, {"level": "1", "n": "", "type": "其他", "text": "尊宿住持品三", "head": "GA026n0024_p0121a03"}, {"level": "2", "n": "", "type": "其他", "text": "別傳", "head": "GA026n0024_p0121a04"}, {"level": "3", "n": "", "type": "其他", "text": "五代", "head": "GA026n0024_p0121a05"}, {"level": "4", "n": "", "type": "其他", "text": "心印水月禪師", "head": "GA026n0024_p0121a05"}, {"level": "3", "n": "", "type": "其他", "text": "宋", "head": "GA026n0024_p0122a06"}, {"level": "4", "n": "", "type": "其他", "text": "普慈禪師", "head": "GA026n0024_p0122a06"}, {"level": "4", "n": "", "type": "其他", "text": "宋智月禪師", "head": "GA026n0024_p0122a09"}, {"level": "4", "n": "", "type": "其他", "text": "宋文捷法師", "head": "GA026n0024_p0122a10"}, {"level": "4", "n": "", "type": "其他", "text": "宋興咸法師", "head": "GA026n0024_p0123a04"}, {"level": "4", "n": "", "type": "其他", "text": "宋明義法師", "head": "GA026n0024_p0124a02"}, {"level": "4", "n": "", "type": "其他", "text": "宋師覺法師", "head": "GA026n0024_p0124a03"}, {"level": "4", "n": "", "type": "其他", "text": "宋海月法師", "head": "GA026n0024_p0124a04"}, {"level": "4", "n": "", "type": "其他", "text": "宋神煥法師", "head": "GA026n0024_p0125a01"}, {"level": "4", "n": "", "type": "其他", "text": "宋北峯法師", "head": "GA026n0024_p0125a09"}, {"level": "4", "n": "", "type": "其他", "text": "宋擇卿法師", "head": "GA026n0024_p0126a02"}, {"level": "4", "n": "", "type": "其他", "text": "宋慧照法師", "head": "GA026n0024_p0126a05"}, {"level": "4", "n": "", "type": "其他", "text": "宋若芬法師", "head": "GA026n0024_p0126a06"}, {"level": "4", "n": "", "type": "其他", "text": "宋仁濟法師", "head": "GA026n0024_p0126a10"}, {"level": "4", "n": "", "type": "其他", "text": "宋曇瑩法師", "head": "GA026n0024_p0127a02"}, {"level": "4", "n": "", "type": "其他", "text": "宋晦菴慧明法師", "head": "GA026n0024_p0127a03"}, {"level": "3", "n": "", "type": "其他", "text": "元", "head": "GA026n0024_p0127a07"}, {"level": "4", "n": "", "type": "其他", "text": "偉首座", "head": "GA026n0024_p0127a07"}, {"level": "4", "n": "", "type": "其他", "text": "原璞法師", "head": "GA026n0024_p0127a10"}, {"level": "4", "n": "", "type": "其他", "text": "瞽菴法師", "head": "GA026n0024_p0128a04"}, {"level": "4", "n": "", "type": "其他", "text": "天岸法師", "head": "GA026n0024_p0128a08"}, {"level": "3", "n": "", "type": "其他", "text": "國朝", "head": "GA026n0024_p0129a03"}, {"level": "4", "n": "", "type": "其他", "text": "西源湧法師", "head": "GA026n0024_p0129a03"}, {"level": "4", "n": "", "type": "其他", "text": "一如法師", "head": "GA026n0024_p0129a06"}, {"level": "4", "n": "", "type": "其他", "text": "明懺首", "head": "GA026n0024_p0129a08"}, {"level": "4", "n": "", "type": "其他", "text": "靜中講主", "head": "GA026n0024_p0129a10"}, {"level": "4", "n": "", "type": "其他", "text": "士瓛法師", "head": "GA026n0024_p0130a02"}, {"level": "4", "n": "", "type": "其他", "text": "住無相", "head": "GA026n0024_p0130a04"}, {"level": "4", "n": "", "type": "其他", "text": "鐵峯法師", "head": "GA026n0024_p0130a05"}, {"level": "4", "n": "", "type": "其他", "text": "青厓道人", "head": "GA026n0024_p0130a07"}, {"level": "4", "n": "", "type": "其他", "text": "寧佩韋", "head": "GA026n0024_p0130a09"}, {"level": "4", "n": "", "type": "其他", "text": "杲兩峯", "head": "GA026n0024_p0131a01"}, {"level": "4", "n": "", "type": "其他", "text": "了空禪師", "head": "GA026n0024_p0131a06"}, {"level": "4", "n": "", "type": "其他", "text": "怡中法師", "head": "GA026n0024_p0131a10"}, {"level": "4", "n": "", "type": "其他", "text": "紹谿師", "head": "GA026n0024_p0133a08"}, {"level": "4", "n": "", "type": "其他", "text": "潔空禪師", "head": "GA026n0024_p0134a02"}, {"level": "2", "n": "", "type": "其他", "text": "教觀", "head": "GA026n0024_p0134a09"}, {"level": "3", "n": "", "type": "其他", "text": "教門", "head": "GA026n0024_p0134a10"}, {"level": "4", "n": "", "type": "其他", "text": "釋迦如來說法四十九年，適時而進，天台判釋凡為五時", "head": "GA026n0024_p0135a01"}, {"level": "4", "n": "", "type": "其他", "text": "五時所說不出八教", "head": "GA026n0024_p0135a06"}, {"level": "4", "n": "", "type": "其他", "text": "判五時麄妙", "head": "GA026n0024_p0135a08"}, {"level": "4", "n": "", "type": "其他", "text": "化儀四教", "head": "GA026n0024_p0135a10"}, {"level": "4", "n": "", "type": "其他", "text": "化法四教", "head": "GA026n0024_p0136a04"}, {"level": "4", "n": "", "type": "其他", "text": "四教化人旁正", "head": "GA026n0024_p0136a07"}, {"level": "4", "n": "", "type": "其他", "text": "四教詮理化物廣狹", "head": "GA026n0024_p0136a09"}, {"level": "4", "n": "", "type": "其他", "text": "藏教四諦", "head": "GA026n0024_p0137a01"}, {"level": "4", "n": "", "type": "其他", "text": "通教四諦", "head": "GA026n0024_p0137a03"}, {"level": "4", "n": "", "type": "其他", "text": "別教四諦", "head": "GA026n0024_p0137a04"}, {"level": "4", "n": "", "type": "其他", "text": "圓教四諦", "head": "GA026n0024_p0137a06"}, {"level": "4", "n": "", "type": "其他", "text": "八種四教", "head": "GA026n0024_p0137a08"}, {"level": "4", "n": "", "type": "其他", "text": "五時四教筌罤魚兎", "head": "GA026n0024_p0139a02"}, {"level": "4", "n": "", "type": "其他", "text": "釋經首題五重玄義", "head": "GA026n0024_p0139a04"}, {"level": "4", "n": "", "type": "其他", "text": "法華五章", "head": "GA026n0024_p0140a02"}, {"level": "4", "n": "", "type": "其他", "text": "法華二妙", "head": "GA026n0024_p0140a08"}, {"level": "4", "n": "", "type": "其他", "text": "法華本迹因果開合", "head": "GA026n0024_p0141a02"}, {"level": "4", "n": "", "type": "其他", "text": "圓教六即判位", "head": "GA026n0024_p0142a02"}, {"level": "3", "n": "", "type": "其他", "text": "觀門", "head": "GA026n0024_p0143a02"}, {"level": "4", "n": "", "type": "其他", "text": "三諦", "head": "GA026n0024_p0143a03"}, {"level": "4", "n": "", "type": "其他", "text": "三觀", "head": "GA026n0024_p0143a07"}, {"level": "4", "n": "", "type": "其他", "text": "纓絡三觀", "head": "GA026n0024_p0143a11"}, {"level": "4", "n": "", "type": "其他", "text": "天台三止", "head": "GA026n0024_p0143a15"}, {"level": "4", "n": "", "type": "其他", "text": "一心中三止觀", "head": "GA026n0024_p0144a01"}, {"level": "4", "n": "", "type": "其他", "text": "南嶽三種止觀", "head": "GA026n0024_p0144a05"}, {"level": "4", "n": "", "type": "其他", "text": "天台三種止觀", "head": "GA026n0024_p0144a09"}, {"level": "4", "n": "", "type": "其他", "text": "修止觀前二十五方便", "head": "GA026n0024_p0145a01"}, {"level": "4", "n": "", "type": "其他", "text": "十乘觀法", "head": "GA026n0024_p0147a07"}, {"level": "4", "n": "", "type": "其他", "text": "十境、三障、四魔", "head": "GA026n0024_p0148a07"}, {"level": "1", "n": "", "type": "其他", "text": "尊宿住持品四", "head": "GA026n0024_p0151a03"}, {"level": "2", "n": "", "type": "其他", "text": "清規", "head": "GA026n0024_p0151a03"}, {"level": "3", "n": "", "type": "其他", "text": "概述", "head": "GA026n0024_p0151a04"}, {"level": "3", "n": "", "type": "其他", "text": "祝聖", "head": "GA026n0024_p0154a04"}, {"level": "3", "n": "", "type": "其他", "text": "修懺", "head": "GA026n0024_p0154a08"}, {"level": "3", "n": "", "type": "其他", "text": "浴佛", "head": "GA026n0024_p0154a10"}, {"level": "3", "n": "", "type": "其他", "text": "授戒", "head": "GA026n0024_p0155a09"}, {"level": "3", "n": "", "type": "其他", "text": "羯磨", "head": "GA026n0024_p0156a02"}, {"level": "3", "n": "", "type": "其他", "text": "念佛", "head": "GA026n0024_p0156a04"}, {"level": "3", "n": "", "type": "其他", "text": "展鉢", "head": "GA026n0024_p0156a10"}, {"level": "3", "n": "", "type": "其他", "text": "供齋", "head": "GA026n0024_p0157a01"}, {"level": "3", "n": "", "type": "其他", "text": "受食", "head": "GA026n0024_p0157a03"}, {"level": "3", "n": "", "type": "其他", "text": "釋迦如來涅槃疏", "head": "GA026n0024_p0157a04"}, {"level": "3", "n": "", "type": "其他", "text": "智者大師示寂疏", "head": "GA026n0024_p0157a09"}, {"level": "2", "n": "", "type": "其他", "text": "示眾", "head": "GA026n0024_p0158a06"}, {"level": "3", "n": "", "type": "其他", "text": "佛光照法師示小師正吾", "head": "GA026n0024_p0158a07"}, {"level": "3", "n": "", "type": "其他", "text": "圓法師示學徒", "head": "GA026n0024_p0159a06"}, {"level": "3", "n": "", "type": "其他", "text": "一初法師上堂示眾", "head": "GA026n0024_p0161a07"}, {"level": "3", "n": "", "type": "其他", "text": "蔬筍社儀節", "head": "GA026n0024_p0162a06"}, {"level": "4", "n": "", "type": "其他", "text": "第一、繫心安養", "head": "GA026n0024_p0162a07"}, {"level": "4", "n": "", "type": "其他", "text": "第二、講習大乘", "head": "GA026n0024_p0164a03"}, {"level": "4", "n": "", "type": "其他", "text": "第三、游藝翰墨", "head": "GA026n0024_p0164a08"}, {"level": "4", "n": "", "type": "其他", "text": "會約七條", "head": "GA026n0024_p0165a07"}, {"level": "4", "n": "", "type": "其他", "text": "社員", "head": "GA026n0024_p0168a07"}, {"level": "1", "n": "", "type": "其他", "text": "道場規製品一", "head": "GA026n0024_p0171a03"}, {"level": "2", "n": "", "type": "其他", "text": "序", "head": "GA026n0024_p0171a04"}, {"level": "2", "n": "", "type": "其他", "text": "名考", "head": "GA026n0024_p0172a09"}, {"level": "2", "n": "", "type": "其他", "text": "因革", "head": "GA026n0024_p0173a09"}, {"level": "2", "n": "", "type": "其他", "text": "建置", "head": "GA026n0024_p0176a04"}, {"level": "3", "n": "", "type": "其他", "text": "廣大靈感觀世音菩薩殿", "head": "GA026n0024_p0176a05"}, {"level": "4", "n": "", "type": "其他", "text": "趙寬：重修上天竺靈感觀音寺記", "head": "GA026n0024_p0177a06"}, {"level": "4", "n": "", "type": "其他", "text": "夏時正：上天竺修造記", "head": "GA026n0024_p0179a07"}, {"level": "3", "n": "", "type": "其他", "text": "大悲靈感觀世音後殿", "head": "GA026n0024_p0182a06"}, {"level": "4", "n": "", "type": "其他", "text": "概述", "head": "GA026n0024_p0182a06"}, {"level": "4", "n": "", "type": "其他", "text": "江瀾：重建觀音後殿記", "head": "GA026n0024_p0182a09"}, {"level": "3", "n": "", "type": "其他", "text": "四大天王殿", "head": "GA026n0024_p0184a05"}, {"level": "3", "n": "", "type": "其他", "text": "護法韋陁天殿", "head": "GA026n0024_p0184a08"}, {"level": "4", "n": "", "type": "其他", "text": "概述", "head": "GA026n0024_p0184a08"}, {"level": "4", "n": "", "type": "其他", "text": "虞淳熙：護法韋陁天殿碑", "head": "GA026n0024_p0184a10"}, {"level": "3", "n": "", "type": "其他", "text": "護法伽藍神殿", "head": "GA026n0024_p0186a04"}, {"level": "3", "n": "", "type": "其他", "text": "歷代祖師殿", "head": "GA026n0024_p0186a06"}, {"level": "3", "n": "", "type": "其他", "text": "大毘盧遮那佛殿", "head": "GA026n0024_p0186a07"}, {"level": "3", "n": "", "type": "其他", "text": "阿彌陀佛殿", "head": "GA026n0024_p0186a09"}, {"level": "3", "n": "", "type": "其他", "text": "香山大士殿", "head": "GA026n0024_p0186a10"}, {"level": "4", "n": "", "type": "其他", "text": "概述", "head": "GA026n0024_p0186a10"}, {"level": "4", "n": "", "type": "其他", "text": "劉汝康：香山大士殿記", "head": "GA026n0024_p0187a02"}, {"level": "3", "n": "", "type": "其他", "text": "敕賜藏經殿", "head": "GA026n0024_p0188a05"}, {"level": "3", "n": "", "type": "其他", "text": "白雲堂", "head": "GA026n0024_p0188a10"}, {"level": "3", "n": "", "type": "其他", "text": "兩峯堂", "head": "GA026n0024_p0189a07"}, {"level": "4", "n": "", "type": "其他", "text": "概述", "head": "GA026n0024_p0189a07"}, {"level": "4", "n": "", "type": "其他", "text": "諸大綬：柏山雷侯遺愛碑", "head": "GA026n0024_p0190a02"}, {"level": "4", "n": "", "type": "其他", "text": "李陳玉：上天竺寺藏經閣記", "head": "GA026n0024_p0192a01"}, {"level": "3", "n": "", "type": "其他", "text": "護國金光明懺堂", "head": "GA026n0024_p0193a10"}, {"level": "3", "n": "", "type": "其他", "text": "十六觀堂", "head": "GA026n0024_p0194a02"}, {"level": "4", "n": "", "type": "其他", "text": "概述", "head": "GA026n0024_p0194a02"}, {"level": "4", "n": "", "type": "其他", "text": "樓鑰：上天竺講寺十六觀堂記", "head": "GA026n0024_p0194a06"}, {"level": "3", "n": "", "type": "其他", "text": "法堂", "head": "GA026n0024_p0196a07"}, {"level": "3", "n": "", "type": "其他", "text": "講堂", "head": "GA026n0024_p0196a09"}, {"level": "3", "n": "", "type": "其他", "text": "水陸堂", "head": "GA026n0024_p0196a10"}, {"level": "3", "n": "", "type": "其他", "text": "靜處堂", "head": "GA026n0024_p0197a03"}, {"level": "3", "n": "", "type": "其他", "text": "中印堂", "head": "GA026n0024_p0197a04"}, {"level": "3", "n": "", "type": "其他", "text": "香積堂", "head": "GA026n0024_p0197a05"}, {"level": "3", "n": "", "type": "其他", "text": "延賓堂", "head": "GA026n0024_p0197a06"}, {"level": "3", "n": "", "type": "其他", "text": "頤耄堂", "head": "GA026n0024_p0197a07"}, {"level": "3", "n": "", "type": "其他", "text": "延行堂", "head": "GA026n0024_p0197a08"}, {"level": "3", "n": "", "type": "其他", "text": "東堂　西堂　廚堂　庫堂", "head": "GA026n0024_p0197a09"}, {"level": "3", "n": "", "type": "其他", "text": "禪堂", "head": "GA026n0024_p0197a10"}, {"level": "3", "n": "", "type": "其他", "text": "雲漢閣", "head": "GA026n0024_p0198a03"}, {"level": "3", "n": "", "type": "其他", "text": "千佛閣", "head": "GA026n0024_p0198a05"}, {"level": "3", "n": "", "type": "其他", "text": "應真閣", "head": "GA026n0024_p0198a06"}, {"level": "3", "n": "", "type": "其他", "text": "準提閣", "head": "GA026n0024_p0198a09"}, {"level": "3", "n": "", "type": "其他", "text": "秋香閣", "head": "GA026n0024_p0198a10"}, {"level": "3", "n": "", "type": "其他", "text": "秋芳閣", "head": "GA026n0024_p0199a02"}, {"level": "3", "n": "", "type": "其他", "text": "延桂閣", "head": "GA026n0024_p0199a03"}, {"level": "3", "n": "", "type": "其他", "text": "伴雲閣", "head": "GA026n0024_p0199a05"}, {"level": "1", "n": "", "type": "其他", "text": "道場規製品二", "head": "GA026n0024_p0201a03"}, {"level": "2", "n": "", "type": "其他", "text": "建置", "head": "GA026n0024_p0201a04"}, {"level": "3", "n": "", "type": "其他", "text": "鳴陽樓", "head": "GA026n0024_p0201a05"}, {"level": "4", "n": "", "type": "其他", "text": "概述", "head": "GA026n0024_p0201a05"}, {"level": "4", "n": "", "type": "其他", "text": "商輅：上天竺重建鐘樓記", "head": "GA026n0024_p0202a01"}, {"level": "3", "n": "", "type": "其他", "text": "振遠樓", "head": "GA026n0024_p0203a06"}, {"level": "3", "n": "", "type": "其他", "text": "藏經樓", "head": "GA026n0024_p0203a08"}, {"level": "3", "n": "", "type": "其他", "text": "水月樓", "head": "GA026n0024_p0203a09"}, {"level": "3", "n": "", "type": "其他", "text": "大仙樓", "head": "GA026n0024_p0204a01"}, {"level": "3", "n": "", "type": "其他", "text": "清暉樓", "head": "GA026n0024_p0204a02"}, {"level": "3", "n": "", "type": "其他", "text": "方丈", "head": "GA026n0024_p0204a03"}, {"level": "3", "n": "", "type": "其他", "text": "皇華館", "head": "GA026n0024_p0204a05"}, {"level": "3", "n": "", "type": "其他", "text": "夜講臺", "head": "GA026n0024_p0204a06"}, {"level": "3", "n": "", "type": "其他", "text": "勤舊寮　侍者寮　書記寮　且過寮　茶湯寮　藥石寮", "head": "GA026n0024_p0204a08"}, {"level": "3", "n": "", "type": "其他", "text": "三官佑聖祠", "head": "GA026n0024_p0204a10"}, {"level": "3", "n": "", "type": "其他", "text": "福祐靈濟公祠", "head": "GA026n0024_p0205a01"}, {"level": "3", "n": "", "type": "其他", "text": "文昌祠", "head": "GA026n0024_p0205a03"}, {"level": "3", "n": "", "type": "其他", "text": "張仙祠", "head": "GA026n0024_p0205a04"}, {"level": "3", "n": "", "type": "其他", "text": "土地神祠", "head": "GA026n0024_p0205a05"}, {"level": "3", "n": "", "type": "其他", "text": "靈衛祠", "head": "GA026n0024_p0205a10"}, {"level": "3", "n": "", "type": "其他", "text": "雷公遺愛祠", "head": "GA026n0024_p0206a03"}, {"level": "3", "n": "", "type": "其他", "text": "梁公祠", "head": "GA026n0024_p0206a05"}, {"level": "3", "n": "", "type": "其他", "text": "雙檜軒", "head": "GA026n0024_p0206a06"}, {"level": "3", "n": "", "type": "其他", "text": "清華軒", "head": "GA026n0024_p0206a07"}, {"level": "3", "n": "", "type": "其他", "text": "竹嶼軒", "head": "GA026n0024_p0206a09"}, {"level": "3", "n": "", "type": "其他", "text": "圓通門", "head": "GA026n0024_p0206a10"}, {"level": "3", "n": "", "type": "其他", "text": "普門", "head": "GA026n0024_p0207a03"}, {"level": "3", "n": "", "type": "其他", "text": "山門", "head": "GA026n0024_p0207a06"}, {"level": "3", "n": "", "type": "其他", "text": "大界相", "head": "GA026n0024_p0208a01"}, {"level": "3", "n": "", "type": "其他", "text": "肅儀亭", "head": "GA026n0024_p0208a04"}, {"level": "3", "n": "", "type": "其他", "text": "雪坡亭", "head": "GA026n0024_p0208a07"}, {"level": "3", "n": "", "type": "其他", "text": "植杖亭", "head": "GA026n0024_p0208a08"}, {"level": "3", "n": "", "type": "其他", "text": "謝屐亭", "head": "GA026n0024_p0208a10"}, {"level": "3", "n": "", "type": "其他", "text": "夢泉亭", "head": "GA026n0024_p0209a03"}, {"level": "3", "n": "", "type": "其他", "text": "曲水亭", "head": "GA026n0024_p0209a04"}, {"level": "3", "n": "", "type": "其他", "text": "見心亭", "head": "GA026n0024_p0209a06"}, {"level": "3", "n": "", "type": "其他", "text": "石幢", "head": "GA026n0024_p0209a07"}, {"level": "2", "n": "", "type": "其他", "text": "子院", "head": "GA026n0024_p0209a09"}, {"level": "3", "n": "", "type": "其他", "text": "大明房", "head": "GA026n0024_p0209a10"}, {"level": "3", "n": "", "type": "其他", "text": "觀堂房", "head": "GA026n0024_p0210a03"}, {"level": "3", "n": "", "type": "其他", "text": "白雲東院", "head": "GA026n0024_p0210a06"}, {"level": "3", "n": "", "type": "其他", "text": "白雲上房", "head": "GA026n0024_p0211a01"}, {"level": "3", "n": "", "type": "其他", "text": "長生房", "head": "GA026n0024_p0211a02"}, {"level": "3", "n": "", "type": "其他", "text": "心安房", "head": "GA026n0024_p0211a04"}, {"level": "3", "n": "", "type": "其他", "text": "雲隱房", "head": "GA026n0024_p0211a06"}, {"level": "3", "n": "", "type": "其他", "text": "幻應房", "head": "GA026n0024_p0211a10"}, {"level": "3", "n": "", "type": "其他", "text": "天巖房", "head": "GA026n0024_p0212a02"}, {"level": "3", "n": "", "type": "其他", "text": "見心房", "head": "GA026n0024_p0212a04"}, {"level": "3", "n": "", "type": "其他", "text": "彌陀興福教院", "head": "GA026n0024_p0212a05"}, {"level": "4", "n": "", "type": "其他", "text": "概述", "head": "GA026n0024_p0212a05"}, {"level": "4", "n": "", "type": "其他", "text": "劉康祉：重建彌陀興福教院記", "head": "GA026n0024_p0212a09"}, {"level": "3", "n": "", "type": "其他", "text": "上天竺寺廨院", "head": "GA026n0024_p0214a02"}, {"level": "3", "n": "", "type": "其他", "text": "方圓庵", "head": "GA026n0024_p0214a06"}, {"level": "4", "n": "", "type": "其他", "text": "概述", "head": "GA026n0024_p0214a06"}, {"level": "4", "n": "", "type": "其他", "text": "釋守一：方圓庵記", "head": "GA026n0024_p0214a07"}, {"level": "3", "n": "", "type": "其他", "text": "彌陀菴", "head": "GA026n0024_p0216a09"}, {"level": "3", "n": "", "type": "其他", "text": "復庵", "head": "GA026n0024_p0217a01"}, {"level": "4", "n": "", "type": "其他", "text": "概述", "head": "GA026n0024_p0217a01"}, {"level": "4", "n": "", "type": "其他", "text": "陸務觀：復庵記", "head": "GA026n0024_p0217a02"}, {"level": "3", "n": "", "type": "其他", "text": "梅峯庵", "head": "GA026n0024_p0218a04"}, {"level": "3", "n": "", "type": "其他", "text": "同庵", "head": "GA026n0024_p0218a05"}, {"level": "3", "n": "", "type": "其他", "text": "古鏡庵", "head": "GA026n0024_p0218a06"}, {"level": "3", "n": "", "type": "其他", "text": "北峯庵", "head": "GA026n0024_p0218a07"}, {"level": "3", "n": "", "type": "其他", "text": "坐禪庵", "head": "GA026n0024_p0218a08"}, {"level": "3", "n": "", "type": "其他", "text": "妙香庵", "head": "GA026n0024_p0218a09"}, {"level": "4", "n": "", "type": "其他", "text": "概述", "head": "GA026n0024_p0218a09"}, {"level": "4", "n": "", "type": "其他", "text": "蘇子瞻：訥齋記", "head": "GA026n0024_p0218a10"}, {"level": "3", "n": "", "type": "其他", "text": "靜處齋", "head": "GA026n0024_p0220a03"}, {"level": "3", "n": "", "type": "其他", "text": "大明山居", "head": "GA026n0024_p0220a04"}, {"level": "3", "n": "", "type": "其他", "text": "華嚴山居", "head": "GA026n0024_p0220a07"}, {"level": "3", "n": "", "type": "其他", "text": "古顯親多福院", "head": "GA026n0024_p0220a09"}, {"level": "2", "n": "", "type": "其他", "text": "塔墓", "head": "GA026n0024_p0220a10"}, {"level": "3", "n": "", "type": "其他", "text": "宋", "head": "GA026n0024_p0221a01"}, {"level": "4", "n": "", "type": "其他", "text": "道翊祖師塔", "head": "GA026n0024_p0221a01"}, {"level": "4", "n": "", "type": "其他", "text": "辯才淨法師塔", "head": "GA026n0024_p0221a05"}, {"level": "5", "n": "", "type": "其他", "text": "概述", "head": "GA026n0024_p0221a05"}, {"level": "5", "n": "", "type": "其他", "text": "蘇轍：辯才淨法師塔銘", "head": "GA026n0024_p0221a06"}, {"level": "4", "n": "", "type": "其他", "text": "慧光訥法師", "head": "GA026n0024_p0222a04"}, {"level": "4", "n": "", "type": "其他", "text": "師覺法師", "head": "GA026n0024_p0222a06"}, {"level": "4", "n": "", "type": "其他", "text": "妙珪法師", "head": "GA026n0024_p0222a07"}, {"level": "4", "n": "", "type": "其他", "text": "思義法師", "head": "GA026n0024_p0222a08"}, {"level": "4", "n": "", "type": "其他", "text": "善月法師", "head": "GA026n0024_p0222a09"}, {"level": "4", "n": "", "type": "其他", "text": "佛慧法師文杲", "head": "GA026n0024_p0222a10"}, {"level": "4", "n": "", "type": "其他", "text": "允憲法師", "head": "GA026n0024_p0223a01"}, {"level": "4", "n": "", "type": "其他", "text": "默堂法師正觀", "head": "GA026n0024_p0223a03"}, {"level": "4", "n": "", "type": "其他", "text": "慧寂玉禪師塔", "head": "GA026n0024_p0223a04"}, {"level": "4", "n": "", "type": "其他", "text": "佛光照法師塔", "head": "GA026n0024_p0223a05"}, {"level": "5", "n": "", "type": "其他", "text": "概述", "head": "GA026n0024_p0223a05"}, {"level": "5", "n": "", "type": "其他", "text": "文及翁：佛光照法師塔銘", "head": "GA026n0024_p0223a08"}, {"level": "3", "n": "", "type": "其他", "text": "元", "head": "GA026n0024_p0224a02"}, {"level": "4", "n": "", "type": "其他", "text": "如菴真法師塔", "head": "GA026n0024_p0224a02"}, {"level": "3", "n": "", "type": "其他", "text": "國朝", "head": "GA026n0024_p0224a05"}, {"level": "4", "n": "", "type": "其他", "text": "東溟日法師塔", "head": "GA026n0024_p0224a05"}, {"level": "5", "n": "", "type": "其他", "text": "概述", "head": "GA026n0024_p0224a05"}, {"level": "5", "n": "", "type": "其他", "text": "宋濂：東溟日法師塔銘", "head": "GA026n0024_p0224a06"}, {"level": "4", "n": "", "type": "其他", "text": "存翁道法師雲隱塔", "head": "GA026n0024_p0225a01"}, {"level": "5", "n": "", "type": "其他", "text": "概述", "head": "GA026n0024_p0225a01"}, {"level": "5", "n": "", "type": "其他", "text": "姚廣孝：存翁道法師塔銘", "head": "GA026n0024_p0225a02"}, {"level": "4", "n": "", "type": "其他", "text": "止堂山法師塔", "head": "GA026n0024_p0225a07"}, {"level": "5", "n": "", "type": "其他", "text": "楊復：止堂山法師塔銘", "head": "GA026n0024_p0225a07"}, {"level": "4", "n": "", "type": "其他", "text": "性菴顧法師生塔", "head": "GA026n0024_p0226a02"}, {"level": "5", "n": "", "type": "其他", "text": "概述", "head": "GA026n0024_p0226a02"}, {"level": "5", "n": "", "type": "其他", "text": "魏驥：性菴顧法師塔銘", "head": "GA026n0024_p0226a03"}, {"level": "4", "n": "", "type": "其他", "text": "一菴如法師塔", "head": "GA026n0024_p0226a07"}, {"level": "4", "n": "", "type": "其他", "text": "蘭古春禪師塔", "head": "GA026n0024_p0226a08"}, {"level": "1", "n": "", "type": "其他", "text": "道場規製品三", "head": "GA026n0024_p0227a03"}, {"level": "2", "n": "", "type": "其他", "text": "像設", "head": "GA026n0024_p0227a04"}, {"level": "2", "n": "", "type": "其他", "text": "供具", "head": "GA026n0024_p0231a08"}, {"level": "2", "n": "", "type": "其他", "text": "碑記", "head": "GA026n0024_p0234a07"}, {"level": "3", "n": "", "type": "其他", "text": "洪邁：上天竺講寺碑", "head": "GA026n0024_p0234a08"}, {"level": "3", "n": "", "type": "其他", "text": "黃溍：重建大殿記", "head": "GA026n0024_p0237a08"}, {"level": "3", "n": "", "type": "其他", "text": "李綱：建上天竺天台教寺十六觀堂碑", "head": "GA026n0024_p0239a03"}, {"level": "3", "n": "", "type": "其他", "text": "楊傑：辯才法師退居龍井記", "head": "GA026n0024_p0241a10"}, {"level": "3", "n": "", "type": "其他", "text": "魏驥：湖山佳處記", "head": "GA026n0024_p0243a02"}, {"level": "1", "n": "", "type": "其他", "text": "器界莊嚴品", "head": "GA026n0024_p0245a03"}, {"level": "2", "n": "", "type": "其他", "text": "序", "head": "GA026n0024_p0245a04"}, {"level": "2", "n": "", "type": "其他", "text": "形勝", "head": "GA026n0024_p0250a07"}, {"level": "3", "n": "", "type": "其他", "text": "雙檜峯", "head": "GA026n0024_p0250a08"}, {"level": "3", "n": "", "type": "其他", "text": "白雲峯", "head": "GA026n0024_p0250a10"}, {"level": "3", "n": "", "type": "其他", "text": "中印峯", "head": "GA026n0024_p0251a02"}, {"level": "3", "n": "", "type": "其他", "text": "乳竇峯", "head": "GA026n0024_p0251a04"}, {"level": "3", "n": "", "type": "其他", "text": "獅子峯", "head": "GA026n0024_p0251a05"}, {"level": "3", "n": "", "type": "其他", "text": "香爐峯", "head": "GA026n0024_p0251a07"}, {"level": "3", "n": "", "type": "其他", "text": "天香巖", "head": "GA026n0024_p0251a08"}, {"level": "3", "n": "", "type": "其他", "text": "雙檜巖", "head": "GA026n0024_p0251a10"}, {"level": "3", "n": "", "type": "其他", "text": "烏石嶺", "head": "GA026n0024_p0252a01"}, {"level": "3", "n": "", "type": "其他", "text": "郎當嶺", "head": "GA026n0024_p0252a02"}, {"level": "3", "n": "", "type": "其他", "text": "水出嶺", "head": "GA026n0024_p0252a04"}, {"level": "3", "n": "", "type": "其他", "text": "猢猻嶺", "head": "GA026n0024_p0252a05"}, {"level": "3", "n": "", "type": "其他", "text": "梯子嶺", "head": "GA026n0024_p0252a06"}, {"level": "3", "n": "", "type": "其他", "text": "楓樹嶺", "head": "GA026n0024_p0252a07"}, {"level": "3", "n": "", "type": "其他", "text": "石人嶺", "head": "GA026n0024_p0252a08"}, {"level": "3", "n": "", "type": "其他", "text": "愚岡", "head": "GA026n0024_p0252a10"}, {"level": "3", "n": "", "type": "其他", "text": "琴岡", "head": "GA026n0024_p0253a01"}, {"level": "3", "n": "", "type": "其他", "text": "楊梅塢", "head": "GA026n0024_p0253a03"}, {"level": "3", "n": "", "type": "其他", "text": "華嚴塢", "head": "GA026n0024_p0253a05"}, {"level": "3", "n": "", "type": "其他", "text": "雲隱塢", "head": "GA026n0024_p0253a07"}, {"level": "3", "n": "", "type": "其他", "text": "歡喜臺", "head": "GA026n0024_p0253a08"}, {"level": "3", "n": "", "type": "其他", "text": "四顧坪", "head": "GA026n0024_p0253a09"}, {"level": "3", "n": "", "type": "其他", "text": "羅阜", "head": "GA026n0024_p0253a10"}, {"level": "3", "n": "", "type": "其他", "text": "如意石", "head": "GA026n0024_p0254a01"}, {"level": "3", "n": "", "type": "其他", "text": "韋馱石", "head": "GA026n0024_p0254a02"}, {"level": "3", "n": "", "type": "其他", "text": "獅子石", "head": "GA026n0024_p0254a03"}, {"level": "3", "n": "", "type": "其他", "text": "紗帽石", "head": "GA026n0024_p0254a04"}, {"level": "3", "n": "", "type": "其他", "text": "烏石", "head": "GA026n0024_p0254a05"}, {"level": "3", "n": "", "type": "其他", "text": "仙人石", "head": "GA026n0024_p0254a06"}, {"level": "3", "n": "", "type": "其他", "text": "石筍", "head": "GA026n0024_p0254a07"}, {"level": "3", "n": "", "type": "其他", "text": "石人", "head": "GA026n0024_p0254a10"}, {"level": "3", "n": "", "type": "其他", "text": "老人洞", "head": "GA026n0024_p0255a01"}, {"level": "3", "n": "", "type": "其他", "text": "羅漢洞", "head": "GA026n0024_p0255a02"}, {"level": "3", "n": "", "type": "其他", "text": "流虹澗", "head": "GA026n0024_p0255a03"}, {"level": "3", "n": "", "type": "其他", "text": "南澗", "head": "GA026n0024_p0255a05"}, {"level": "3", "n": "", "type": "其他", "text": "雲液池", "head": "GA026n0024_p0255a06"}, {"level": "3", "n": "", "type": "其他", "text": "如意池", "head": "GA026n0024_p0256a03"}, {"level": "3", "n": "", "type": "其他", "text": "水月池", "head": "GA026n0024_p0256a04"}, {"level": "3", "n": "", "type": "其他", "text": "福聚池　清蔭池", "head": "GA026n0024_p0256a05"}, {"level": "3", "n": "", "type": "其他", "text": "華光池", "head": "GA026n0024_p0256a06"}, {"level": "3", "n": "", "type": "其他", "text": "清興池", "head": "GA026n0024_p0256a07"}, {"level": "3", "n": "", "type": "其他", "text": "徹骨池", "head": "GA026n0024_p0256a08"}, {"level": "3", "n": "", "type": "其他", "text": "大悲泉", "head": "GA026n0024_p0256a09"}, {"level": "3", "n": "", "type": "其他", "text": "夢泉", "head": "GA026n0024_p0256a10"}, {"level": "3", "n": "", "type": "其他", "text": "華光泉", "head": "GA026n0024_p0257a01"}, {"level": "3", "n": "", "type": "其他", "text": "白雲泉", "head": "GA026n0024_p0257a02"}, {"level": "3", "n": "", "type": "其他", "text": "乳竇泉", "head": "GA026n0024_p0257a03"}, {"level": "3", "n": "", "type": "其他", "text": "水月泉", "head": "GA026n0024_p0257a04"}, {"level": "3", "n": "", "type": "其他", "text": "凝翠泉", "head": "GA026n0024_p0257a05"}, {"level": "3", "n": "", "type": "其他", "text": "冽泉", "head": "GA026n0024_p0257a06"}, {"level": "3", "n": "", "type": "其他", "text": "孫公泉", "head": "GA026n0024_p0257a07"}, {"level": "3", "n": "", "type": "其他", "text": "觀音出現井", "head": "GA026n0024_p0257a08"}, {"level": "3", "n": "", "type": "其他", "text": "幻應井", "head": "GA026n0024_p0257a09"}, {"level": "3", "n": "", "type": "其他", "text": "坐禪井", "head": "GA026n0024_p0257a10"}, {"level": "3", "n": "", "type": "其他", "text": "楓樹巷", "head": "GA026n0024_p0258a01"}, {"level": "3", "n": "", "type": "其他", "text": "雲心深處巷", "head": "GA026n0024_p0258a02"}, {"level": "3", "n": "", "type": "其他", "text": "多福巷", "head": "GA026n0024_p0258a03"}, {"level": "3", "n": "", "type": "其他", "text": "楊梅巷", "head": "GA026n0024_p0258a04"}, {"level": "3", "n": "", "type": "其他", "text": "天竺路", "head": "GA026n0024_p0258a05"}, {"level": "3", "n": "", "type": "其他", "text": "大士橋", "head": "GA026n0024_p0258a07"}, {"level": "3", "n": "", "type": "其他", "text": "瑞雲橋", "head": "GA026n0024_p0258a08"}, {"level": "3", "n": "", "type": "其他", "text": "金佛橋", "head": "GA026n0024_p0258a09"}, {"level": "3", "n": "", "type": "其他", "text": "琮老橋", "head": "GA026n0024_p0258a10"}, {"level": "3", "n": "", "type": "其他", "text": "天巖橋", "head": "GA026n0024_p0259a01"}, {"level": "3", "n": "", "type": "其他", "text": "雲隱橋", "head": "GA026n0024_p0259a02"}, {"level": "3", "n": "", "type": "其他", "text": "德馨橋", "head": "GA026n0024_p0259a03"}, {"level": "3", "n": "", "type": "其他", "text": "幽淙橋", "head": "GA026n0024_p0259a04"}, {"level": "3", "n": "", "type": "其他", "text": "捫薜橋", "head": "GA026n0024_p0259a05"}, {"level": "3", "n": "", "type": "其他", "text": "山門橋", "head": "GA026n0024_p0259a06"}, {"level": "3", "n": "", "type": "其他", "text": "兩山尖市", "head": "GA026n0024_p0259a07"}, {"level": "3", "n": "", "type": "其他", "text": "紫雲坑", "head": "GA026n0024_p0259a08"}, {"level": "2", "n": "", "type": "其他", "text": "游記", "head": "GA026n0024_p0259a09"}, {"level": "3", "n": "", "type": "其他", "text": "蘇子瞻：三竺紀勝", "head": "GA026n0024_p0259a10"}, {"level": "3", "n": "", "type": "其他", "text": "秦少游：月夕同參寥子訪上竺辨才法師記", "head": "GA026n0024_p0260a06"}, {"level": "3", "n": "", "type": "其他", "text": "楊守陳：游天竺記", "head": "GA026n0024_p0261a02"}, {"level": "3", "n": "", "type": "其他", "text": "王洪：游西山記", "head": "GA026n0024_p0262a04"}, {"level": "3", "n": "", "type": "其他", "text": "夏時：錢塘湖山勝概", "head": "GA026n0024_p0263a06"}, {"level": "2", "n": "", "type": "其他", "text": "志辯", "head": "GA026n0024_p0264a01"}, {"level": "3", "n": "", "type": "其他", "text": "釋契嵩：武林山志", "head": "GA026n0024_p0264a02"}, {"level": "3", "n": "", "type": "其他", "text": "邵重生：武林山辯", "head": "GA026n0024_p0267a04"}, {"level": "2", "n": "", "type": "其他", "text": "物產", "head": "GA026n0024_p0270a06"}, {"level": "3", "n": "", "type": "其他", "text": "白雲茶", "head": "GA026n0024_p0270a07"}, {"level": "3", "n": "", "type": "其他", "text": "桂花", "head": "GA026n0024_p0270a10"}, {"level": "3", "n": "", "type": "其他", "text": "楊梅", "head": "GA026n0024_p0271a02"}, {"level": "3", "n": "", "type": "其他", "text": "靈芝", "head": "GA026n0024_p0271a03"}, {"level": "3", "n": "", "type": "其他", "text": "竹簟", "head": "GA026n0024_p0271a04"}, {"level": "3", "n": "", "type": "其他", "text": "香灰", "head": "GA026n0024_p0271a05"}, {"level": "3", "n": "", "type": "其他", "text": "土檀香", "head": "GA026n0024_p0271a06"}, {"level": "2", "n": "", "type": "其他", "text": "蔭木", "head": "GA026n0024_p0271a09"}, {"level": "2", "n": "", "type": "其他", "text": "版籍", "head": "GA026n0024_p0273a01"}, {"level": "2", "n": "", "type": "其他", "text": "施田", "head": "GA026n0024_p0276a04"}, {"level": "3", "n": "", "type": "其他", "text": "概述", "head": "GA026n0024_p0276a05"}, {"level": "3", "n": "", "type": "其他", "text": "賈似道：施田記", "head": "GA026n0024_p0276a09"}, {"level": "2", "n": "", "type": "其他", "text": "清理", "head": "GA026n0024_p0278a08"}, {"level": "3", "n": "", "type": "其他", "text": "概述", "head": "GA026n0024_p0278a09"}, {"level": "3", "n": "", "type": "其他", "text": "辯復莊田議", "head": "GA026n0024_p0279a04"}, {"level": "2", "n": "", "type": "其他", "text": "免帖", "head": "GA026n0024_p0281a07"}, {"level": "3", "n": "", "type": "其他", "text": "概述", "head": "GA026n0024_p0281a08"}, {"level": "3", "n": "", "type": "其他", "text": "又帖", "head": "GA026n0024_p0282a08"}, {"level": "3", "n": "", "type": "其他", "text": "又帖", "head": "GA026n0024_p0282a10"}, {"level": "3", "n": "", "type": "其他", "text": "又帖", "head": "GA026n0024_p0283a02"}, {"level": "1", "n": "", "type": "其他", "text": "帝王檀越品", "head": "GA026n0024_p0285a03"}, {"level": "2", "n": "", "type": "其他", "text": "序", "head": "GA026n0024_p0285a03"}, {"level": "2", "n": "", "type": "其他", "text": "敕命", "head": "GA026n0024_p0286a06"}, {"level": "3", "n": "", "type": "其他", "text": "太祖高皇帝", "head": "GA026n0024_p0286a07"}, {"level": "4", "n": "", "type": "其他", "text": "敕浙江杭州府僧綱司都綱弘道奉", "head": "GA026n0024_p0286a07"}, {"level": "4", "n": "", "type": "其他", "text": "又敕左善世弘道", "head": "GA026n0024_p0287a02"}, {"level": "3", "n": "", "type": "其他", "text": "英宗睿皇帝", "head": "GA026n0024_p0287a09"}, {"level": "4", "n": "", "type": "其他", "text": "欽賜杭州上天竺寺大藏經敕命", "head": "GA026n0024_p0287a09"}, {"level": "2", "n": "", "type": "其他", "text": "聖旨", "head": "GA026n0024_p0288a04"}, {"level": "3", "n": "", "type": "其他", "text": "太祖高皇帝聖旨", "head": "GA026n0024_p0288a05"}, {"level": "4", "n": "", "type": "其他", "text": "洪武二十一年戊辰", "head": "GA026n0024_p0288a05"}, {"level": "4", "n": "", "type": "其他", "text": "洪武二十二年", "head": "GA026n0024_p0289a10"}, {"level": "4", "n": "", "type": "其他", "text": "洪武二十四年", "head": "GA026n0024_p0290a10"}, {"level": "4", "n": "", "type": "其他", "text": "洪武二十七年", "head": "GA026n0024_p0292a09"}, {"level": "3", "n": "", "type": "其他", "text": "成祖文皇帝聖旨", "head": "GA026n0024_p0294a10"}, {"level": "4", "n": "", "type": "其他", "text": "永樂十七年", "head": "GA026n0024_p0294a10"}, {"level": "4", "n": "", "type": "其他", "text": "永樂十八年", "head": "GA026n0024_p0297a01"}, {"level": "2", "n": "", "type": "其他", "text": "御製", "head": "GA026n0024_p0298a03"}, {"level": "3", "n": "", "type": "其他", "text": "宋孝宗", "head": "GA026n0024_p0298a04"}, {"level": "3", "n": "", "type": "其他", "text": "宋真宗", "head": "GA026n0024_p0298a07"}, {"level": "3", "n": "", "type": "其他", "text": "宋理宗", "head": "GA026n0024_p0298a09"}, {"level": "3", "n": "", "type": "其他", "text": "明太祖", "head": "GA026n0024_p0299a01"}, {"level": "3", "n": "", "type": "其他", "text": "明神宗", "head": "GA026n0024_p0299a09"}, {"level": "2", "n": "", "type": "其他", "text": "召問", "head": "GA026n0024_p0300a02"}, {"level": "3", "n": "", "type": "其他", "text": "宋孝宗", "head": "GA026n0024_p0300a03"}, {"level": "3", "n": "", "type": "其他", "text": "宋理宗", "head": "GA026n0024_p0302a06"}, {"level": "3", "n": "", "type": "其他", "text": "明太祖", "head": "GA026n0024_p0303a01"}, {"level": "2", "n": "", "type": "其他", "text": "賜賚", "head": "GA026n0024_p0303a06"}, {"level": "3", "n": "", "type": "其他", "text": "宋", "head": "GA026n0024_p0303a07"}, {"level": "4", "n": "", "type": "其他", "text": "真宗", "head": "GA026n0024_p0303a07"}, {"level": "4", "n": "", "type": "其他", "text": "仁宗", "head": "GA026n0024_p0303a09"}, {"level": "4", "n": "", "type": "其他", "text": "高宗", "head": "GA026n0024_p0304a01"}, {"level": "4", "n": "", "type": "其他", "text": "孝宗", "head": "GA026n0024_p0304a05"}, {"level": "4", "n": "", "type": "其他", "text": "寧宗", "head": "GA026n0024_p0305a07"}, {"level": "4", "n": "", "type": "其他", "text": "理宗", "head": "GA026n0024_p0306a03"}, {"level": "4", "n": "", "type": "其他", "text": "度宗", "head": "GA026n0024_p0307a05"}, {"level": "4", "n": "", "type": "其他", "text": "皇明", "head": "GA026n0024_p0307a08"}, {"level": "2", "n": "", "type": "其他", "text": "宸翰", "head": "GA026n0024_p0310a01"}, {"level": "3", "n": "", "type": "其他", "text": "吳越國錢忠懿王", "head": "GA026n0024_p0310a02"}, {"level": "3", "n": "", "type": "其他", "text": "宋高宗", "head": "GA026n0024_p0310a03"}, {"level": "3", "n": "", "type": "其他", "text": "孝宗", "head": "GA026n0024_p0310a04"}, {"level": "3", "n": "", "type": "其他", "text": "理宗", "head": "GA026n0024_p0310a09"}, {"level": "2", "n": "", "type": "其他", "text": "臨幸", "head": "GA026n0024_p0311a06"}, {"level": "2", "n": "", "type": "其他", "text": "諭祭", "head": "GA026n0024_p0315a05"}, {"level": "1", "n": "", "type": "其他", "text": "宰官外護品", "head": "GA026n0024_p0317a03"}, {"level": "2", "n": "", "type": "其他", "text": "序", "head": "GA026n0024_p0317a04"}, {"level": "2", "n": "", "type": "其他", "text": "師友", "head": "GA026n0024_p0318a08"}, {"level": "3", "n": "", "type": "其他", "text": "宋．趙抃", "head": "GA026n0024_p0318a09"}, {"level": "3", "n": "", "type": "其他", "text": "宋．蘇軾", "head": "GA026n0024_p0319a02"}, {"level": "3", "n": "", "type": "其他", "text": "宋．秦觀", "head": "GA026n0024_p0319a07"}, {"level": "3", "n": "", "type": "其他", "text": "宋．李偃", "head": "GA026n0024_p0319a09"}, {"level": "3", "n": "", "type": "其他", "text": "宋．尹焞", "head": "GA026n0024_p0320a01"}, {"level": "2", "n": "", "type": "其他", "text": "咨請", "head": "GA026n0024_p0320a03"}, {"level": "3", "n": "", "type": "其他", "text": "蘇子瞻問辯才法師", "head": "GA026n0024_p0320a04"}, {"level": "3", "n": "", "type": "其他", "text": "義天問慈辨諫法師", "head": "GA026n0024_p0320a06"}, {"level": "3", "n": "", "type": "其他", "text": "貴客謁柏庭月法師", "head": "GA026n0024_p0320a09"}, {"level": "3", "n": "", "type": "其他", "text": "王孟公請益咸法師", "head": "GA026n0024_p0321a01"}, {"level": "3", "n": "", "type": "其他", "text": "鄭公問咸法師", "head": "GA026n0024_p0321a03"}, {"level": "3", "n": "", "type": "其他", "text": "郡太守問咸法師", "head": "GA026n0024_p0321a05"}, {"level": "3", "n": "", "type": "其他", "text": "趙彥肅問印法師", "head": "GA026n0024_p0321a08"}, {"level": "3", "n": "", "type": "其他", "text": "秦檜問圓智法師", "head": "GA026n0024_p0322a02"}, {"level": "3", "n": "", "type": "其他", "text": "陳行婆見慈辯諫法師", "head": "GA026n0024_p0322a04"}, {"level": "2", "n": "", "type": "其他", "text": "信施", "head": "GA026n0024_p0322a07"}, {"level": "3", "n": "", "type": "其他", "text": "五季．錢忠懿王", "head": "GA026n0024_p0322a08"}, {"level": "3", "n": "", "type": "其他", "text": "宋．張去華", "head": "GA026n0024_p0323a01"}, {"level": "3", "n": "", "type": "其他", "text": "宋．蔡襄", "head": "GA026n0024_p0323a03"}, {"level": "3", "n": "", "type": "其他", "text": "宋．陳軒", "head": "GA026n0024_p0323a05"}, {"level": "3", "n": "", "type": "其他", "text": "宋．丁謂", "head": "GA026n0024_p0323a08"}, {"level": "3", "n": "", "type": "其他", "text": "宋．相國吳履齋", "head": "GA026n0024_p0323a10"}, {"level": "3", "n": "", "type": "其他", "text": "宋．待制韓大倫", "head": "GA026n0024_p0324a01"}, {"level": "3", "n": "", "type": "其他", "text": "宋．秦檜", "head": "GA026n0024_p0324a03"}, {"level": "3", "n": "", "type": "其他", "text": "元．別兒怯不花", "head": "GA026n0024_p0324a07"}, {"level": "2", "n": "", "type": "其他", "text": "著作", "head": "GA026n0024_p0324a10"}, {"level": "3", "n": "", "type": "其他", "text": "五季．皮光業", "head": "GA026n0024_p0325a01"}, {"level": "3", "n": "", "type": "其他", "text": "宋．李照", "head": "GA026n0024_p0325a03"}, {"level": "3", "n": "", "type": "其他", "text": "宋．蘇轍", "head": "GA026n0024_p0325a05"}, {"level": "3", "n": "", "type": "其他", "text": "宋．楊傑", "head": "GA026n0024_p0325a08"}, {"level": "3", "n": "", "type": "其他", "text": "宋．宋之瑞", "head": "GA026n0024_p0325a10"}, {"level": "3", "n": "", "type": "其他", "text": "宋．趙時逢", "head": "GA026n0024_p0326a01"}, {"level": "3", "n": "", "type": "其他", "text": "宋．李綱", "head": "GA026n0024_p0326a02"}, {"level": "3", "n": "", "type": "其他", "text": "宋．洪邁", "head": "GA026n0024_p0326a05"}, {"level": "3", "n": "", "type": "其他", "text": "宋．陸游", "head": "GA026n0024_p0326a06"}, {"level": "3", "n": "", "type": "其他", "text": "宋．樓鑰", "head": "GA026n0024_p0326a08"}, {"level": "3", "n": "", "type": "其他", "text": "宋．文禮", "head": "GA026n0024_p0326a09"}, {"level": "3", "n": "", "type": "其他", "text": "宋．程公許", "head": "GA026n0024_p0326a10"}, {"level": "3", "n": "", "type": "其他", "text": "宋．林希逸", "head": "GA026n0024_p0327a02"}, {"level": "3", "n": "", "type": "其他", "text": "宋．尤焴", "head": "GA026n0024_p0327a03"}, {"level": "3", "n": "", "type": "其他", "text": "宋．文及翁", "head": "GA026n0024_p0327a04"}, {"level": "3", "n": "", "type": "其他", "text": "元．黃溍", "head": "GA026n0024_p0327a06"}, {"level": "3", "n": "", "type": "其他", "text": "元．盛熙明", "head": "GA026n0024_p0327a08"}, {"level": "3", "n": "", "type": "其他", "text": "國朝．宋濂", "head": "GA026n0024_p0327a10"}, {"level": "3", "n": "", "type": "其他", "text": "姚廣孝", "head": "GA026n0024_p0328a02"}, {"level": "3", "n": "", "type": "其他", "text": "楊復", "head": "GA026n0024_p0328a04"}, {"level": "3", "n": "", "type": "其他", "text": "商輅", "head": "GA026n0024_p0328a06"}, {"level": "3", "n": "", "type": "其他", "text": "趙寬", "head": "GA026n0024_p0328a08"}, {"level": "3", "n": "", "type": "其他", "text": "夏時正", "head": "GA026n0024_p0328a10"}, {"level": "3", "n": "", "type": "其他", "text": "江瀾", "head": "GA026n0024_p0329a01"}, {"level": "3", "n": "", "type": "其他", "text": "魏驥", "head": "GA026n0024_p0329a03"}, {"level": "3", "n": "", "type": "其他", "text": "徐江山", "head": "GA026n0024_p0329a05"}, {"level": "3", "n": "", "type": "其他", "text": "諸大綬", "head": "GA026n0024_p0329a07"}, {"level": "2", "n": "", "type": "其他", "text": "旌舉", "head": "GA026n0024_p0329a08"}, {"level": "3", "n": "", "type": "其他", "text": "宋．呂溱", "head": "GA026n0024_p0329a09"}, {"level": "3", "n": "", "type": "其他", "text": "宋．孫沔", "head": "GA026n0024_p0330a01"}, {"level": "3", "n": "", "type": "其他", "text": "宋．沈遘", "head": "GA026n0024_p0330a03"}, {"level": "3", "n": "", "type": "其他", "text": "宋．張詵", "head": "GA026n0024_p0330a05"}, {"level": "3", "n": "", "type": "其他", "text": "宋．翁彥國", "head": "GA026n0024_p0330a07"}, {"level": "3", "n": "", "type": "其他", "text": "宋．康允之", "head": "GA026n0024_p0330a09"}, {"level": "3", "n": "", "type": "其他", "text": "宋．孫覿", "head": "GA026n0024_p0330a10"}, {"level": "3", "n": "", "type": "其他", "text": "宋．梁汝嘉", "head": "GA026n0024_p0331a02"}, {"level": "3", "n": "", "type": "其他", "text": "宋．鄭清之", "head": "GA026n0024_p0331a03"}, {"level": "3", "n": "", "type": "其他", "text": "宋．吳潛", "head": "GA026n0024_p0331a04"}, {"level": "3", "n": "", "type": "其他", "text": "宋．趙與", "head": "GA026n0024_p0331a06"}, {"level": "3", "n": "", "type": "其他", "text": "宋．史彌遠", "head": "GA026n0024_p0331a07"}, {"level": "3", "n": "", "type": "其他", "text": "元．高納麟", "head": "GA026n0024_p0331a10"}, {"level": "2", "n": "", "type": "其他", "text": "斷禁", "head": "GA026n0024_p0332a03"}, {"level": "3", "n": "", "type": "其他", "text": "趙清獻公", "head": "GA026n0024_p0332a04"}, {"level": "3", "n": "", "type": "其他", "text": "咸淳四年詔", "head": "GA026n0024_p0332a08"}, {"level": "3", "n": "", "type": "其他", "text": "高納麟", "head": "GA026n0024_p0332a10"}, {"level": "3", "n": "", "type": "其他", "text": "雷鳴陽", "head": "GA026n0024_p0333a02"}, {"level": "3", "n": "", "type": "其他", "text": "孫孟", "head": "GA026n0024_p0333a06"}, {"level": "3", "n": "", "type": "其他", "text": "胡公嚴", "head": "GA026n0024_p0333a08"}, {"level": "3", "n": "", "type": "其他", "text": "孫沖", "head": "GA026n0024_p0333a10"}, {"level": "3", "n": "", "type": "其他", "text": "陳善", "head": "GA026n0024_p0334a01"}, {"level": "3", "n": "", "type": "其他", "text": "蓮池法師答杭嚴何公", "head": "GA026n0024_p0334a08"}, {"level": "3", "n": "", "type": "其他", "text": "龔邑侯斷案", "head": "GA026n0024_p0335a09"}, {"level": "3", "n": "", "type": "其他", "text": "劉公禁約", "head": "GA026n0024_p0337a01"}, {"level": "2", "n": "", "type": "其他", "text": "妝點", "head": "GA026n0024_p0337a07"}, {"level": "2", "n": "", "type": "其他", "text": "祭悼", "head": "GA026n0024_p0341a09"}, {"level": "3", "n": "", "type": "其他", "text": "宋", "head": "GA026n0024_p0341a10"}, {"level": "4", "n": "", "type": "其他", "text": "蘇軾：祭辨才法師文", "head": "GA026n0024_p0341a10"}, {"level": "4", "n": "", "type": "其他", "text": "佛光照：祭禮禪師文", "head": "GA026n0024_p0342a06"}, {"level": "4", "n": "", "type": "其他", "text": "竺庵冏：祭上天竺覺幻師長和尚文", "head": "GA026n0024_p0342a10"}, {"level": "3", "n": "", "type": "其他", "text": "明", "head": "GA026n0024_p0343a04"}, {"level": "4", "n": "", "type": "其他", "text": "于謙：弔祭古春蘭法師詩有序", "head": "GA026n0024_p0343a04"}, {"level": "4", "n": "", "type": "其他", "text": "鍾我靈：祭春山師文", "head": "GA026n0024_p0343a10"}, {"level": "1", "n": "", "type": "其他", "text": "風範隆汙品", "head": "GA026n0024_p0345a03"}, {"level": "2", "n": "", "type": "其他", "text": "序", "head": "GA026n0024_p0345a04"}, {"level": "2", "n": "", "type": "其他", "text": "神異", "head": "GA026n0024_p0346a09"}, {"level": "3", "n": "", "type": "其他", "text": "一", "head": "GA026n0024_p0346a10"}, {"level": "3", "n": "", "type": "其他", "text": "二", "head": "GA026n0024_p0348a03"}, {"level": "3", "n": "", "type": "其他", "text": "三", "head": "GA026n0024_p0348a05"}, {"level": "3", "n": "", "type": "其他", "text": "四", "head": "GA026n0024_p0349a07"}, {"level": "3", "n": "", "type": "其他", "text": "五", "head": "GA026n0024_p0349a09"}, {"level": "3", "n": "", "type": "其他", "text": "六", "head": "GA026n0024_p0349a10"}, {"level": "3", "n": "", "type": "其他", "text": "七", "head": "GA026n0024_p0350a03"}, {"level": "3", "n": "", "type": "其他", "text": "八", "head": "GA026n0024_p0350a05"}, {"level": "2", "n": "", "type": "其他", "text": "盛事", "head": "GA026n0024_p0350a08"}, {"level": "3", "n": "", "type": "其他", "text": "一", "head": "GA026n0024_p0350a09"}, {"level": "3", "n": "", "type": "其他", "text": "二", "head": "GA026n0024_p0351a08"}, {"level": "3", "n": "", "type": "其他", "text": "三", "head": "GA026n0024_p0352a01"}, {"level": "3", "n": "", "type": "其他", "text": "四", "head": "GA026n0024_p0352a04"}, {"level": "3", "n": "", "type": "其他", "text": "五", "head": "GA026n0024_p0352a06"}, {"level": "2", "n": "", "type": "其他", "text": "自勉", "head": "GA026n0024_p0352a07"}, {"level": "3", "n": "", "type": "其他", "text": "一", "head": "GA026n0024_p0352a08"}, {"level": "3", "n": "", "type": "其他", "text": "二", "head": "GA026n0024_p0353a01"}, {"level": "3", "n": "", "type": "其他", "text": "三", "head": "GA026n0024_p0353a03"}, {"level": "3", "n": "", "type": "其他", "text": "四", "head": "GA026n0024_p0353a05"}, {"level": "3", "n": "", "type": "其他", "text": "五", "head": "GA026n0024_p0353a07"}, {"level": "2", "n": "", "type": "其他", "text": "衰鄙", "head": "GA026n0024_p0354a01"}, {"level": "3", "n": "", "type": "其他", "text": "一", "head": "GA026n0024_p0354a02"}, {"level": "3", "n": "", "type": "其他", "text": "二", "head": "GA026n0024_p0354a07"}, {"level": "3", "n": "", "type": "其他", "text": "三", "head": "GA026n0024_p0355a03"}, {"level": "3", "n": "", "type": "其他", "text": "四", "head": "GA026n0024_p0355a07"}, {"level": "3", "n": "", "type": "其他", "text": "五", "head": "GA026n0024_p0355a10"}, {"level": "3", "n": "", "type": "其他", "text": "六", "head": "GA026n0024_p0356a02"}, {"level": "3", "n": "", "type": "其他", "text": "七", "head": "GA026n0024_p0356a04"}, {"level": "3", "n": "", "type": "其他", "text": "八", "head": "GA026n0024_p0356a07"}, {"level": "2", "n": "", "type": "其他", "text": "廢弛", "head": "GA026n0024_p0356a09"}, {"level": "3", "n": "", "type": "其他", "text": "一", "head": "GA026n0024_p0356a10"}, {"level": "3", "n": "", "type": "其他", "text": "二", "head": "GA026n0024_p0357a03"}, {"level": "3", "n": "", "type": "其他", "text": "三", "head": "GA026n0024_p0357a06"}, {"level": "3", "n": "", "type": "其他", "text": "四", "head": "GA026n0024_p0357a09"}, {"level": "3", "n": "", "type": "其他", "text": "五", "head": "GA026n0024_p0358a03"}, {"level": "3", "n": "", "type": "其他", "text": "六", "head": "GA026n0024_p0358a08"}, {"level": "3", "n": "", "type": "其他", "text": "七", "head": "GA026n0024_p0359a02"}, {"level": "2", "n": "", "type": "其他", "text": "遺臭", "head": "GA026n0024_p0359a05"}, {"level": "3", "n": "", "type": "其他", "text": "一", "head": "GA026n0024_p0359a06"}, {"level": "3", "n": "", "type": "其他", "text": "二", "head": "GA026n0024_p0359a08"}, {"level": "3", "n": "", "type": "其他", "text": "三", "head": "GA026n0024_p0359a10"}, {"level": "3", "n": "", "type": "其他", "text": "四", "head": "GA026n0024_p0360a01"}, {"level": "3", "n": "", "type": "其他", "text": "五", "head": "GA026n0024_p0360a07"}, {"level": "1", "n": "", "type": "其他", "text": "詩文紀述品", "head": "GA026n0024_p0361a03"}, {"level": "2", "n": "", "type": "其他", "text": "序", "head": "GA026n0024_p0361a04"}, {"level": "2", "n": "", "type": "其他", "text": "題詠", "head": "GA026n0024_p0362a10"}, {"level": "3", "n": "", "type": "其他", "text": "唐", "head": "GA026n0024_p0363a01"}, {"level": "4", "n": "", "type": "其他", "text": "李太白：送崔十二遊天竺山", "head": "GA026n0024_p0363a01"}, {"level": "4", "n": "", "type": "其他", "text": "又：與從姪杭州刺史良遊天竺山", "head": "GA026n0024_p0363a03"}, {"level": "4", "n": "", "type": "其他", "text": "白居易：遊天竺山", "head": "GA026n0024_p0363a06"}, {"level": "3", "n": "", "type": "其他", "text": "宋", "head": "GA026n0024_p0363a08"}, {"level": "4", "n": "", "type": "其他", "text": "蘇東坡：贈辯才法師", "head": "GA026n0024_p0363a08"}, {"level": "4", "n": "", "type": "其他", "text": "又：聞辯才復歸上天竺，以詩問信", "head": "GA026n0024_p0364a02"}, {"level": "4", "n": "", "type": "其他", "text": "又：訪辯才不值，留題", "head": "GA026n0024_p0364a06"}, {"level": "4", "n": "", "type": "其他", "text": "又：雨中遊天竺靈感觀音院", "head": "GA026n0024_p0364a08"}, {"level": "4", "n": "", "type": "其他", "text": "又：立秋日禱雨上天竺，宿靈隱，同周徐二令", "head": "GA026n0024_p0364a10"}, {"level": "4", "n": "", "type": "其他", "text": "釋道潛：謁上竺觀音大士", "head": "GA026n0024_p0365a03"}, {"level": "4", "n": "", "type": "其他", "text": "又：陪司馬才仲節推諸君游天竺（得青字）", "head": "GA026n0024_p0365a05"}, {"level": "4", "n": "", "type": "其他", "text": "又：懷辯才法師", "head": "GA026n0024_p0365a09"}, {"level": "4", "n": "", "type": "其他", "text": "又：辯才生日", "head": "GA026n0024_p0366a04"}, {"level": "4", "n": "", "type": "其他", "text": "又：聽天竺慧照師琴", "head": "GA026n0024_p0366a06"}, {"level": "4", "n": "", "type": "其他", "text": "朱熹：春日過上竺", "head": "GA026n0024_p0366a08"}, {"level": "4", "n": "", "type": "其他", "text": "呂祖謙：遊上天竺", "head": "GA026n0024_p0366a10"}, {"level": "4", "n": "", "type": "其他", "text": "真德秀：遊上天竺", "head": "GA026n0024_p0367a02"}, {"level": "4", "n": "", "type": "其他", "text": "魏了翁：遊上天竺", "head": "GA026n0024_p0367a04"}, {"level": "4", "n": "", "type": "其他", "text": "郭祥正：遊天竺", "head": "GA026n0024_p0367a06"}, {"level": "4", "n": "", "type": "其他", "text": "楊誠齋：雨中遊上天竺", "head": "GA026n0024_p0367a07"}, {"level": "4", "n": "", "type": "其他", "text": "又", "head": "GA026n0024_p0367a09"}, {"level": "4", "n": "", "type": "其他", "text": "李綱：由上竺赴洞霄宮", "head": "GA026n0024_p0367a10"}, {"level": "4", "n": "", "type": "其他", "text": "岳飛：歸赴行在，過上竺寺偶題", "head": "GA026n0024_p0368a02"}, {"level": "4", "n": "", "type": "其他", "text": "張栻：過上竺", "head": "GA026n0024_p0368a04"}, {"level": "4", "n": "", "type": "其他", "text": "戴復古：遊上天竺", "head": "GA026n0024_p0368a06"}, {"level": "4", "n": "", "type": "其他", "text": "仇山村：游天竺", "head": "GA026n0024_p0368a08"}, {"level": "4", "n": "", "type": "其他", "text": "又", "head": "GA026n0024_p0368a10"}, {"level": "4", "n": "", "type": "其他", "text": "白廷玉：宿上天竺", "head": "GA026n0024_p0369a02"}, {"level": "4", "n": "", "type": "其他", "text": "吳大有：遊上天竺", "head": "GA026n0024_p0369a04"}, {"level": "4", "n": "", "type": "其他", "text": "張仲舉：宿上竺寺", "head": "GA026n0024_p0369a06"}, {"level": "4", "n": "", "type": "其他", "text": "又", "head": "GA026n0024_p0369a08"}, {"level": "3", "n": "", "type": "其他", "text": "元", "head": "GA026n0024_p0369a10"}, {"level": "4", "n": "", "type": "其他", "text": "趙子昂：遊上竺寺", "head": "GA026n0024_p0369a10"}, {"level": "4", "n": "", "type": "其他", "text": "楊廉夫：遊上天竺", "head": "GA026n0024_p0370a02"}, {"level": "4", "n": "", "type": "其他", "text": "又：獅子峯觀潮二首", "head": "GA026n0024_p0370a04"}, {"level": "4", "n": "", "type": "其他", "text": "又", "head": "GA026n0024_p0370a06"}, {"level": "4", "n": "", "type": "其他", "text": "張光弼：訪舊，次泐法師雜興二首", "head": "GA026n0024_p0370a08"}, {"level": "4", "n": "", "type": "其他", "text": "又", "head": "GA026n0024_p0370a10"}, {"level": "4", "n": "", "type": "其他", "text": "倪瓚：宿上竺寺", "head": "GA026n0024_p0371a01"}, {"level": "3", "n": "", "type": "其他", "text": "明", "head": "GA026n0024_p0371a03"}, {"level": "4", "n": "", "type": "其他", "text": "劉基：遊上竺寺", "head": "GA026n0024_p0371a03"}, {"level": "4", "n": "", "type": "其他", "text": "宋濂：訪天竺竺隱法師", "head": "GA026n0024_p0371a05"}, {"level": "4", "n": "", "type": "其他", "text": "王偉：遊上竺寺", "head": "GA026n0024_p0371a07"}, {"level": "4", "n": "", "type": "其他", "text": "釋弘道：天竺雜詠四首", "head": "GA026n0024_p0371a09"}, {"level": "4", "n": "", "type": "其他", "text": "釋宗泐：訪道竺隱", "head": "GA026n0024_p0372a03"}, {"level": "4", "n": "", "type": "其他", "text": "釋守仁：上竺與古春話舊", "head": "GA026n0024_p0372a05"}, {"level": "4", "n": "", "type": "其他", "text": "釋來復：同黃晉卿、楊同僉遊上天竺", "head": "GA026n0024_p0372a07"}, {"level": "4", "n": "", "type": "其他", "text": "方豪：題觀堂", "head": "GA026n0024_p0372a10"}, {"level": "4", "n": "", "type": "其他", "text": "又：贈智明上人", "head": "GA026n0024_p0373a02"}, {"level": "4", "n": "", "type": "其他", "text": "又：贈暉、明二上人", "head": "GA026n0024_p0373a04"}, {"level": "4", "n": "", "type": "其他", "text": "又：題天巖房", "head": "GA026n0024_p0373a06"}, {"level": "4", "n": "", "type": "其他", "text": "王守仁：題白雲堂", "head": "GA026n0024_p0373a07"}, {"level": "4", "n": "", "type": "其他", "text": "又：泛湖上天竺", "head": "GA026n0024_p0373a09"}, {"level": "4", "n": "", "type": "其他", "text": "又：夜宿白雲堂", "head": "GA026n0024_p0374a01"}, {"level": "4", "n": "", "type": "其他", "text": "夏言：九里松道中次邃翁元老韻", "head": "GA026n0024_p0374a03"}, {"level": "4", "n": "", "type": "其他", "text": "又：遊上天竺次韻", "head": "GA026n0024_p0374a06"}, {"level": "4", "n": "", "type": "其他", "text": "胡濙：贈本源顧都綱", "head": "GA026n0024_p0374a08"}, {"level": "4", "n": "", "type": "其他", "text": "王蒙：遊上天竺", "head": "GA026n0024_p0374a10"}, {"level": "4", "n": "", "type": "其他", "text": "楊一清：九里松道中", "head": "GA026n0024_p0375a02"}, {"level": "4", "n": "", "type": "其他", "text": "又：宿上天竺寺", "head": "GA026n0024_p0375a04"}, {"level": "4", "n": "", "type": "其他", "text": "蕭一中：題上天竺", "head": "GA026n0024_p0375a06"}, {"level": "4", "n": "", "type": "其他", "text": "釋如蘭：次徐退翁夜宿觀堂韻", "head": "GA026n0024_p0375a08"}, {"level": "4", "n": "", "type": "其他", "text": "李茂之：詣洞霄宮，道出天竺山", "head": "GA026n0024_p0375a10"}, {"level": "4", "n": "", "type": "其他", "text": "釋德祥：同張方伯遊上竺", "head": "GA026n0024_p0376a02"}, {"level": "4", "n": "", "type": "其他", "text": "又", "head": "GA026n0024_p0376a05"}, {"level": "4", "n": "", "type": "其他", "text": "釋景隆：題白雲堂", "head": "GA026n0024_p0376a07"}, {"level": "4", "n": "", "type": "其他", "text": "又：清華軒", "head": "GA026n0024_p0376a09"}, {"level": "4", "n": "", "type": "其他", "text": "又：兩峯堂", "head": "GA026n0024_p0377a01"}, {"level": "4", "n": "", "type": "其他", "text": "又：雲液池", "head": "GA026n0024_p0377a03"}, {"level": "4", "n": "", "type": "其他", "text": "又：秋香閣", "head": "GA026n0024_p0377a05"}, {"level": "4", "n": "", "type": "其他", "text": "又：雲漢閣", "head": "GA026n0024_p0377a07"}, {"level": "4", "n": "", "type": "其他", "text": "又：夢泉亭", "head": "GA026n0024_p0377a09"}, {"level": "4", "n": "", "type": "其他", "text": "又：靜處齋", "head": "GA026n0024_p0378a01"}, {"level": "4", "n": "", "type": "其他", "text": "又：水月池", "head": "GA026n0024_p0378a03"}, {"level": "4", "n": "", "type": "其他", "text": "又：雙檜軒", "head": "GA026n0024_p0378a05"}, {"level": "4", "n": "", "type": "其他", "text": "又：三竺鐘聲", "head": "GA026n0024_p0378a07"}, {"level": "4", "n": "", "type": "其他", "text": "江玭：寄性菴法師", "head": "GA026n0024_p0378a09"}, {"level": "4", "n": "", "type": "其他", "text": "黃隆：稿寄性菴法師", "head": "GA026n0024_p0379a01"}, {"level": "4", "n": "", "type": "其他", "text": "又", "head": "GA026n0024_p0379a03"}, {"level": "4", "n": "", "type": "其他", "text": "魏驥：贈性菴上人", "head": "GA026n0024_p0379a05"}, {"level": "4", "n": "", "type": "其他", "text": "鄭雍言：贈性菴上人", "head": "GA026n0024_p0379a07"}, {"level": "4", "n": "", "type": "其他", "text": "凌煜：送性菴歸上竺方丈", "head": "GA026n0024_p0379a09"}, {"level": "4", "n": "", "type": "其他", "text": "劉泰：送性菴上人歸上竺方丈", "head": "GA026n0024_p0380a02"}, {"level": "4", "n": "", "type": "其他", "text": "張震：贈性菴上人", "head": "GA026n0024_p0380a05"}, {"level": "4", "n": "", "type": "其他", "text": "鄧林：游上天竺，囘道與陳士寧、夏誠、畢昌、鄭厚、朱勤、祝彥廣、馬叔良聯句", "head": "GA026n0024_p0380a07"}, {"level": "4", "n": "", "type": "其他", "text": "王世貞：過九里松", "head": "GA026n0024_p0381a02"}, {"level": "4", "n": "", "type": "其他", "text": "張文明：遊上天竺", "head": "GA026n0024_p0381a04"}, {"level": "4", "n": "", "type": "其他", "text": "沈周：登上天竺", "head": "GA026n0024_p0381a06"}, {"level": "4", "n": "", "type": "其他", "text": "張寰：遊上竺寺", "head": "GA026n0024_p0381a08"}, {"level": "4", "n": "", "type": "其他", "text": "施峻：暮秋到上竺寺", "head": "GA026n0024_p0381a10"}, {"level": "4", "n": "", "type": "其他", "text": "董澐：遊上竺，和白樂天韻", "head": "GA026n0024_p0382a02"}, {"level": "4", "n": "", "type": "其他", "text": "釋法聚：宿上竺，次樂天韻", "head": "GA026n0024_p0382a05"}, {"level": "4", "n": "", "type": "其他", "text": "金璐：入天竺山", "head": "GA026n0024_p0382a08"}, {"level": "4", "n": "", "type": "其他", "text": "又", "head": "GA026n0024_p0382a10"}, {"level": "4", "n": "", "type": "其他", "text": "又", "head": "GA026n0024_p0383a02"}, {"level": "4", "n": "", "type": "其他", "text": "楊撫：遊天竺", "head": "GA026n0024_p0383a04"}, {"level": "4", "n": "", "type": "其他", "text": "沈如松：禮上竺寺大士", "head": "GA026n0024_p0383a06"}, {"level": "4", "n": "", "type": "其他", "text": "釋良縉：佛誕日", "head": "GA026n0024_p0383a08"}, {"level": "4", "n": "", "type": "其他", "text": "釋懷璁：登天竺，次樂天韻", "head": "GA026n0024_p0383a10"}, {"level": "4", "n": "", "type": "其他", "text": "又：中秋白雲房聽雨", "head": "GA026n0024_p0384a03"}, {"level": "4", "n": "", "type": "其他", "text": "徐公遴：過上天竺天巖房", "head": "GA026n0024_p0384a05"}, {"level": "4", "n": "", "type": "其他", "text": "徐和：題上竺竹山", "head": "GA026n0024_p0384a07"}, {"level": "4", "n": "", "type": "其他", "text": "陳公綸：題白雲堂", "head": "GA026n0024_p0384a09"}, {"level": "4", "n": "", "type": "其他", "text": "馬三才：題上竺寺", "head": "GA026n0024_p0385a01"}, {"level": "4", "n": "", "type": "其他", "text": "許承周：雨中遊西湖入天竺", "head": "GA026n0024_p0385a03"}, {"level": "4", "n": "", "type": "其他", "text": "又", "head": "GA026n0024_p0385a05"}, {"level": "4", "n": "", "type": "其他", "text": "范禹臣：入天竺", "head": "GA026n0024_p0385a07"}, {"level": "4", "n": "", "type": "其他", "text": "蔡守毅：遊上竺寺", "head": "GA026n0024_p0385a09"}, {"level": "4", "n": "", "type": "其他", "text": "施經：憩天竺方丈", "head": "GA026n0024_p0386a01"}, {"level": "4", "n": "", "type": "其他", "text": "孫一元：遊上天竺", "head": "GA026n0024_p0386a03"}, {"level": "4", "n": "", "type": "其他", "text": "張可儒：過九里松", "head": "GA026n0024_p0386a05"}, {"level": "4", "n": "", "type": "其他", "text": "陳洪濛：夏日過白雲堂舊話", "head": "GA026n0024_p0386a07"}, {"level": "4", "n": "", "type": "其他", "text": "李一經：宿白雲堂", "head": "GA026n0024_p0386a10"}, {"level": "4", "n": "", "type": "其他", "text": "董傅策：白雲堂夜酌", "head": "GA026n0024_p0387a02"}, {"level": "4", "n": "", "type": "其他", "text": "呂音：題嘯雲樓", "head": "GA026n0024_p0387a04"}, {"level": "4", "n": "", "type": "其他", "text": "葉向高：秋宿天竺，贈雲堂上人", "head": "GA026n0024_p0387a06"}, {"level": "4", "n": "", "type": "其他", "text": "徐江山：題上竺長生堂", "head": "GA026n0024_p0387a09"}, {"level": "4", "n": "", "type": "其他", "text": "朱國祚：秋宿上竺寺", "head": "GA026n0024_p0388a01"}, {"level": "4", "n": "", "type": "其他", "text": "申時行：謁大士", "head": "GA026n0024_p0388a03"}, {"level": "4", "n": "", "type": "其他", "text": "王穉登：禱大士", "head": "GA026n0024_p0388a05"}, {"level": "4", "n": "", "type": "其他", "text": "釋洪恩：贈文巖師", "head": "GA026n0024_p0388a07"}, {"level": "4", "n": "", "type": "其他", "text": "董其昌：送企菴上人歸天竺", "head": "GA026n0024_p0388a09"}, {"level": "4", "n": "", "type": "其他", "text": "章台鼎：送企菴上人歸天竺", "head": "GA026n0024_p0389a01"}, {"level": "4", "n": "", "type": "其他", "text": "周延儒：宿上竺寺", "head": "GA026n0024_p0389a03"}, {"level": "4", "n": "", "type": "其他", "text": "吳伯與：上竺禮佛", "head": "GA026n0024_p0389a05"}, {"level": "4", "n": "", "type": "其他", "text": "秦舜友：贈潮音師", "head": "GA026n0024_p0389a08"}, {"level": "4", "n": "", "type": "其他", "text": "方文烈：贈潮音上人", "head": "GA026n0024_p0389a10"}, {"level": "4", "n": "", "type": "其他", "text": "蔣德璟：宿平遠樓贈印中上人", "head": "GA026n0024_p0390a02"}, {"level": "4", "n": "", "type": "其他", "text": "宋奎光：贈印中上人住持上竺", "head": "GA026n0024_p0390a04"}, {"level": "4", "n": "", "type": "其他", "text": "王卿：訪竺如上人不遇", "head": "GA026n0024_p0390a07"}, {"level": "4", "n": "", "type": "其他", "text": "吳載鼇：自鶴巢之上竺，贈道微師", "head": "GA026n0024_p0390a09"}, {"level": "2", "n": "", "type": "其他", "text": "唱酬", "head": "GA026n0024_p0391a03"}, {"level": "3", "n": "", "type": "其他", "text": "宋", "head": "GA026n0024_p0391a04"}, {"level": "4", "n": "", "type": "其他", "text": "辯才：新亭初成，詩呈蘇翰林", "head": "GA026n0024_p0391a04"}, {"level": "4", "n": "", "type": "其他", "text": "蘇軾：次韻參寥子，寄秦少游三絕", "head": "GA026n0024_p0392a09"}, {"level": "4", "n": "", "type": "其他", "text": "辯才：四照閣夜坐，懷少游", "head": "GA026n0024_p0393a06"}, {"level": "3", "n": "", "type": "其他", "text": "元", "head": "GA026n0024_p0394a03"}, {"level": "4", "n": "", "type": "其他", "text": "趙子昂：訪恭行己上人不遇，留詩", "head": "GA026n0024_p0394a03"}, {"level": "3", "n": "", "type": "其他", "text": "明", "head": "GA026n0024_p0394a07"}, {"level": "4", "n": "", "type": "其他", "text": "國朝釋宗泐：雜興詩", "head": "GA026n0024_p0394a07"}, {"level": "4", "n": "", "type": "其他", "text": "與杭先輩登天竺白雲堂賦詩", "head": "GA026n0024_p0395a01"}, {"level": "4", "n": "", "type": "其他", "text": "夏一叟：謝性菴惠茗詩", "head": "GA026n0024_p0396a02"}, {"level": "4", "n": "", "type": "其他", "text": "釋良縉：秋日同釋道顓、良玉、本旃集大明山房", "head": "GA026n0024_p0396a07"}, {"level": "4", "n": "", "type": "其他", "text": "王淮：過上竺湖山佳處韻", "head": "GA026n0024_p0397a06"}, {"level": "4", "n": "", "type": "其他", "text": "徹其源：次上竺韻", "head": "GA026n0024_p0398a01"}, {"level": "4", "n": "", "type": "其他", "text": "邵重生：同上竺覺海、邃清、潮音師坐月達旦", "head": "GA026n0024_p0398a04"}, {"level": "4", "n": "", "type": "其他", "text": "又：蔬筍社集竹雲樓，暑甚，分韻", "head": "GA026n0024_p0398a07"}, {"level": "4", "n": "", "type": "其他", "text": "又：社集竹雲樓，分得山字", "head": "GA026n0024_p0398a10"}, {"level": "4", "n": "", "type": "其他", "text": "徐如翰：由西湖至上竺靈隱午齋，次和蘇長公韻", "head": "GA026n0024_p0399a03"}, {"level": "1", "n": "", "type": "其他", "text": "詩文紀述品", "head": "GA026n0024_p0401a03"}, {"level": "2", "n": "", "type": "其他", "text": "書", "head": "GA026n0024_p0401a04"}, {"level": "3", "n": "", "type": "其他", "text": "蘇軾：與辯才法師書", "head": "GA026n0024_p0401a05"}, {"level": "3", "n": "", "type": "其他", "text": "釋永頤：慰問佛光法師書", "head": "GA026n0024_p0402a05"}, {"level": "3", "n": "", "type": "其他", "text": "蜀王椿：奉僧錄司存翁致仕還天竺書", "head": "GA026n0024_p0402a08"}, {"level": "3", "n": "", "type": "其他", "text": "潭王梓：致存翁禪師書", "head": "GA026n0024_p0403a02"}, {"level": "3", "n": "", "type": "其他", "text": "釋弘道：與雲峯禪師書", "head": "GA026n0024_p0404a03"}, {"level": "3", "n": "", "type": "其他", "text": "虞淳熙：與堅、遜、泉等續成殿事書", "head": "GA026n0024_p0404a10"}, {"level": "3", "n": "", "type": "其他", "text": "喻思恂：與住持初道微書", "head": "GA026n0024_p0405a07"}, {"level": "2", "n": "", "type": "其他", "text": "劄", "head": "GA026n0024_p0406a10"}, {"level": "3", "n": "", "type": "其他", "text": "釋若訥：請試經度僧劄子", "head": "GA026n0024_p0407a01"}, {"level": "2", "n": "", "type": "其他", "text": "疏", "head": "GA026n0024_p0408a02"}, {"level": "3", "n": "", "type": "其他", "text": "丁晉公：上竺飯僧疏", "head": "GA026n0024_p0408a03"}, {"level": "3", "n": "", "type": "其他", "text": "釋道濟：化天竺大路疏", "head": "GA026n0024_p0409a01"}, {"level": "3", "n": "", "type": "其他", "text": "釋妙聲：日彰儞法師住持上竺江湖疏", "head": "GA026n0024_p0409a04"}, {"level": "3", "n": "", "type": "其他", "text": "釋妙聲：雲谷臻法師住持上竺江湖疏", "head": "GA026n0024_p0409a10"}, {"level": "3", "n": "", "type": "其他", "text": "釋宗泐：日彰儞法師住持上竺諸山山門疏", "head": "GA026n0024_p0410a06"}, {"level": "3", "n": "", "type": "其他", "text": "釋行鎡：刻存翁文集募疏", "head": "GA026n0024_p0411a07"}, {"level": "3", "n": "", "type": "其他", "text": "上天竺募修補藏經疏", "head": "GA026n0024_p0412a04"}, {"level": "2", "n": "", "type": "其他", "text": "贊", "head": "GA026n0024_p0413a02"}, {"level": "3", "n": "", "type": "其他", "text": "宋．蘇子瞻：辯才大師贊有序", "head": "GA026n0024_p0413a03"}, {"level": "3", "n": "", "type": "其他", "text": "明．曹國公景隆：贊存翁大師像", "head": "GA026n0024_p0413a05"}, {"level": "3", "n": "", "type": "其他", "text": "明．少師道衍：小像自贊", "head": "GA026n0024_p0413a08"}, {"level": "2", "n": "", "type": "其他", "text": "銘", "head": "GA026n0024_p0413a10"}, {"level": "3", "n": "", "type": "其他", "text": "釋元淨：心師銘", "head": "GA026n0024_p0414a01"}, {"level": "3", "n": "", "type": "其他", "text": "釋大訢：那伽室銘", "head": "GA026n0024_p0414a05"}, {"level": "3", "n": "", "type": "其他", "text": "釋大訢：天巖銘", "head": "GA026n0024_p0414a08"}, {"level": "3", "n": "", "type": "其他", "text": "釋妙聲：敬修字銘", "head": "GA026n0024_p0415a01"}, {"level": "2", "n": "", "type": "其他", "text": "序", "head": "GA026n0024_p0415a04"}, {"level": "3", "n": "", "type": "其他", "text": "釋齊玉：四十八願後序", "head": "GA026n0024_p0415a05"}, {"level": "3", "n": "", "type": "其他", "text": "釋若訥：教誡新學比丘行護律儀後序", "head": "GA026n0024_p0416a10"}, {"level": "3", "n": "", "type": "其他", "text": "釋本無：佛祖通載後序", "head": "GA026n0024_p0417a08"}, {"level": "3", "n": "", "type": "其他", "text": "釋弘道：送如一菴序", "head": "GA026n0024_p0418a03"}, {"level": "3", "n": "", "type": "其他", "text": "釋弘道：送吉祥海序", "head": "GA026n0024_p0419a05"}, {"level": "3", "n": "", "type": "其他", "text": "釋弘道：送徹自明序", "head": "GA026n0024_p0420a07"}, {"level": "3", "n": "", "type": "其他", "text": "釋妙聲：送斯道成遊學上天竺序", "head": "GA026n0024_p0421a06"}, {"level": "3", "n": "", "type": "其他", "text": "楊守陳：西湖歸隱序", "head": "GA026n0024_p0422a08"}, {"level": "3", "n": "", "type": "其他", "text": "陶望齡：普門品序略", "head": "GA026n0024_p0424a03"}, {"level": "3", "n": "", "type": "其他", "text": "黃汝亨：普門品序略", "head": "GA026n0024_p0424a09"}, {"level": "3", "n": "", "type": "其他", "text": "邵重生：蔬筍社題辭", "head": "GA026n0024_p0425a07"}, {"level": "3", "n": "", "type": "其他", "text": "蔬筍社刪勸敘", "head": "GA026n0024_p0426a07"}, {"level": "2", "n": "", "type": "其他", "text": "引", "head": "GA026n0024_p0427a07"}, {"level": "3", "n": "", "type": "其他", "text": "曹勳：題上天竺重修前後殿引", "head": "GA026n0024_p0427a08"}, {"level": "2", "n": "", "type": "其他", "text": "題跋", "head": "GA026n0024_p0429a02"}, {"level": "3", "n": "", "type": "其他", "text": "蘇東坡：題壁", "head": "GA026n0024_p0429a03"}, {"level": "3", "n": "", "type": "其他", "text": "蘇東坡：跋辯才和詩", "head": "GA026n0024_p0429a06"}, {"level": "3", "n": "", "type": "其他", "text": "蘇東坡：書若逵所書經後", "head": "GA026n0024_p0429a08"}, {"level": "3", "n": "", "type": "其他", "text": "趙清獻公詩序", "head": "GA026n0024_p0430a03"}, {"level": "3", "n": "", "type": "其他", "text": "蘇潁濱倡和詩序", "head": "GA026n0024_p0430a05"}, {"level": "3", "n": "", "type": "其他", "text": "秦少游跋", "head": "GA026n0024_p0430a08"}, {"level": "2", "n": "", "type": "其他", "text": "紀談", "head": "GA026n0024_p0431a01"}, {"level": "3", "n": "", "type": "其他", "text": "月桂子", "head": "GA026n0024_p0431a02"}, {"level": "3", "n": "", "type": "其他", "text": "牛僧孺", "head": "GA026n0024_p0431a06"}, {"level": "3", "n": "", "type": "其他", "text": "倩桃", "head": "GA026n0024_p0431a08"}, {"level": "3", "n": "", "type": "其他", "text": "兩家都沒事", "head": "GA026n0024_p0431a10"}, {"level": "3", "n": "", "type": "其他", "text": "風折松聯句", "head": "GA026n0024_p0432a04"}, {"level": "3", "n": "", "type": "其他", "text": "蘇軾二三事", "head": "GA026n0024_p0432a07"}, {"level": "3", "n": "", "type": "其他", "text": "天竺觀音", "head": "GA026n0024_p0433a02"}, {"level": "3", "n": "", "type": "其他", "text": "輕慢", "head": "GA026n0024_p0433a09"}, {"level": "3", "n": "", "type": "其他", "text": "宋儀王仲湜", "head": "GA026n0024_p0434a03"}, {"level": "3", "n": "", "type": "其他", "text": "葉夢得避暑錄話", "head": "GA026n0024_p0434a06"}, {"level": "3", "n": "", "type": "其他", "text": "殺杜少陵", "head": "GA026n0024_p0434a10"}, {"level": "3", "n": "", "type": "其他", "text": "李金庭", "head": "GA026n0024_p0435a03"}, {"level": "3", "n": "", "type": "其他", "text": "西山水發", "head": "GA026n0024_p0435a05"}, {"level": "3", "n": "", "type": "其他", "text": "黑觀音堂", "head": "GA026n0024_p0435a09"}]