[{"n": "001", "fun": "open", "head": "T18n0882_p0341a03"}, {"n": "001", "fun": "close", "head": "T18n0882_p0343b21"}, {"n": "002", "fun": "open", "head": "T18n0882_p0343c02"}, {"n": "002", "fun": "close", "head": "T18n0882_p0346a21"}, {"n": "003", "fun": "open", "head": "T18n0882_p0346b02"}, {"n": "003", "fun": "close", "head": "T18n0882_p0349b09"}, {"n": "004", "fun": "open", "head": "T18n0882_p0349b13"}, {"n": "004", "fun": "close", "head": "T18n0882_p0352a29"}, {"n": "005", "fun": "open", "head": "T18n0882_p0352b04"}, {"n": "005", "fun": "close", "head": "T18n0882_p0356b18"}, {"n": "006", "fun": "open", "head": "T18n0882_p0356b22"}, {"n": "006", "fun": "close", "head": "T18n0882_p0360c09"}, {"n": "007", "fun": "open", "head": "T18n0882_p0360c14"}, {"n": "007", "fun": "close", "head": "T18n0882_p0365b01"}, {"n": "008", "fun": "open", "head": "T18n0882_p0365b06"}, {"n": "008", "fun": "close", "head": "T18n0882_p0369b21"}, {"n": "009", "fun": "open", "head": "T18n0882_p0369c02"}, {"n": "009", "fun": "close", "head": "T18n0882_p0372c28"}, {"n": "010", "fun": "open", "head": "T18n0882_p0373a02"}, {"n": "010", "fun": "close", "head": "T18n0882_p0376c03"}, {"n": "011", "fun": "open", "head": "T18n0882_p0376c07"}, {"n": "011", "fun": "close", "head": "T18n0882_p0380a18"}, {"n": "012", "fun": "open", "head": "T18n0882_p0380a22"}, {"n": "012", "fun": "close", "head": "T18n0882_p0383c07"}, {"n": "013", "fun": "open", "head": "T18n0882_p0383c13"}, {"n": "013", "fun": "close", "head": "T18n0882_p0386c19"}, {"n": "014", "fun": "open", "head": "T18n0882_p0387a04"}, {"n": "014", "fun": "close", "head": "T18n0882_p0389c02"}, {"n": "015", "fun": "open", "head": "T18n0882_p0389c06"}, {"n": "015", "fun": "close", "head": "T18n0882_p0392c02"}, {"n": "016", "fun": "open", "head": "T18n0882_p0392c08"}, {"n": "016", "fun": "close", "head": "T18n0882_p0395a26"}, {"n": "017", "fun": "open", "head": "T18n0882_p0395b02"}, {"n": "017", "fun": "close", "head": "T18n0882_p0399a01"}, {"n": "018", "fun": "open", "head": "T18n0882_p0399a05"}, {"n": "018", "fun": "close", "head": "T18n0882_p0402a09"}, {"n": "019", "fun": "open", "head": "T18n0882_p0402a14"}, {"n": "019", "fun": "close", "head": "T18n0882_p0405b13"}, {"n": "020", "fun": "open", "head": "T18n0882_p0405b17"}, {"n": "020", "fun": "close", "head": "T18n0882_p0409a06"}, {"n": "021", "fun": "open", "head": "T18n0882_p0409a11"}, {"n": "021", "fun": "close", "head": "T18n0882_p0412c08"}, {"n": "022", "fun": "open", "head": "T18n0882_p0412c12"}, {"n": "022", "fun": "close", "head": "T18n0882_p0416a20"}, {"n": "023", "fun": "open", "head": "T18n0882_p0416b03"}, {"n": "023", "fun": "close", "head": "T18n0882_p0420c21"}, {"n": "024", "fun": "open", "head": "T18n0882_p0421a03"}, {"n": "024", "fun": "close", "head": "T18n0882_p0424a29"}, {"n": "025", "fun": "open", "head": "T18n0882_p0424b04"}, {"n": "025", "fun": "close", "head": "T18n0882_p0426c14"}, {"n": "026", "fun": "open", "head": "T18n0882_p0426c18"}, {"n": "026", "fun": "close", "head": "T18n0882_p0429c05"}, {"n": "027", "fun": "open", "head": "T18n0882_p0429c10"}, {"n": "027", "fun": "close", "head": "T18n0882_p0433c04"}, {"n": "028", "fun": "open", "head": "T18n0882_p0433c08"}, {"n": "028", "fun": "close", "head": "T18n0882_p0437c11"}, {"n": "029", "fun": "open", "head": "T18n0882_p0437c16"}, {"n": "029", "fun": "close", "head": "T18n0882_p0441c24"}, {"n": "030", "fun": "open", "head": "T18n0882_p0442a02"}, {"n": "030", "fun": "close", "head": "T18n0882_p0445a29"}]