[{"n": "001", "fun": "open", "head": "T18n0889_p0541c15"}, {"n": "001", "fun": "close", "head": "T18n0889_p0546a05"}, {"n": "002", "fun": "open", "head": "T18n0889_p0546a09"}, {"n": "002", "fun": "close", "head": "T18n0889_p0549c26"}, {"n": "003", "fun": "open", "head": "T18n0889_p0550a02"}, {"n": "003", "fun": "close", "head": "T18n0889_p0552b19"}, {"n": "004", "fun": "open", "head": "T18n0889_p0552c02"}, {"n": "004", "fun": "close", "head": "T18n0889_p0555a04"}, {"n": "005", "fun": "open", "head": "T18n0889_p0555a08"}, {"n": "005", "fun": "close", "head": "T18n0889_p0559b16"}]