[{"n": "001", "fun": "open", "head": "T18n0885_p0469c16"}, {"n": "001", "fun": "close", "head": "T18n0885_p0475b10"}, {"n": "002", "fun": "open", "head": "T18n0885_p0475b15"}, {"n": "002", "fun": "close", "head": "T18n0885_p0480c22"}, {"n": "003", "fun": "open", "head": "T18n0885_p0481a03"}, {"n": "003", "fun": "close", "head": "T18n0885_p0488c07"}, {"n": "004", "fun": "open", "head": "T18n0885_p0488c13"}, {"n": "004", "fun": "close", "head": "T18n0885_p0494b25"}, {"n": "005", "fun": "open", "head": "T18n0885_p0494c03"}, {"n": "005", "fun": "close", "head": "T18n0885_p0499b25"}, {"n": "006", "fun": "open", "head": "T18n0885_p0499c03"}, {"n": "006", "fun": "close", "head": "T18n0885_p0505a12"}, {"n": "007", "fun": "open", "head": "T18n0885_p0505a16"}, {"n": "007", "fun": "close", "head": "T18n0885_p0511b17"}]