[{"level": "1", "n": "", "type": "其他", "text": "一　梵網經", "head": "N06n0004_p0001a02"}, {"level": "2", "n": "", "type": "其他", "text": "第一　誦品", "head": "N06n0004_p0001a04"}, {"level": "3", "n": "", "type": "其他", "text": "稱讚如來", "head": "N06n0004_p0001a05"}, {"level": "3", "n": "", "type": "其他", "text": "小　戒", "head": "N06n0004_p0003a13"}, {"level": "3", "n": "", "type": "其他", "text": "中　戒", "head": "N06n0004_p0005a08"}, {"level": "3", "n": "", "type": "其他", "text": "大　戒", "head": "N06n0004_p0008a08"}, {"level": "2", "n": "", "type": "其他", "text": "第二　誦品", "head": "N06n0004_p0015a06"}, {"level": "2", "n": "", "type": "其他", "text": "第三　誦品", "head": "N06n0004_p0032a09"}, {"level": "1", "n": "", "type": "其他", "text": "二　沙門果經", "head": "N06n0004_p0054a03"}, {"level": "1", "n": "", "type": "其他", "text": "三　阿摩晝經", "head": "N06n0004_p0099a03"}, {"level": "2", "n": "", "type": "其他", "text": "第一　誦品", "head": "N06n0004_p0099a04"}, {"level": "2", "n": "", "type": "其他", "text": "第二　誦品", "head": "N06n0004_p0113a11"}, {"level": "1", "n": "", "type": "其他", "text": "四　種德經", "head": "N06n0004_p0126a03"}, {"level": "1", "n": "", "type": "其他", "text": "五　究羅檀頭經", "head": "N06n0004_p0143a03"}, {"level": "1", "n": "", "type": "其他", "text": "六　摩訶梨經", "head": "N06n0004_p0164a03"}, {"level": "1", "n": "", "type": "其他", "text": "七　闍利經", "head": "N06n0004_p0175a03"}, {"level": "1", "n": "", "type": "其他", "text": "八　迦葉師子吼經", "head": "N06n0004_p0176a03"}, {"level": "1", "n": "", "type": "其他", "text": "九　布吒婆樓經", "head": "N06n0004_p0195a03"}, {"level": "1", "n": "", "type": "其他", "text": "一〇　須婆經", "head": "N06n0004_p0220a03"}, {"level": "2", "n": "", "type": "其他", "text": "第一　誦品", "head": "N06n0004_p0220a04"}, {"level": "2", "n": "", "type": "其他", "text": "第二　誦品", "head": "N06n0004_p0223a03"}, {"level": "1", "n": "", "type": "其他", "text": "一一　堅固經", "head": "N06n0004_p0227a03"}, {"level": "1", "n": "", "type": "其他", "text": "一二　露遮經", "head": "N06n0004_p0239a03"}, {"level": "1", "n": "", "type": "其他", "text": "一三　三明經", "head": "N06n0004_p0250a03"}, {"level": "1", "n": "", "type": "其他", "text": "一四　大本經", "head": "N06n0004_p0272a03"}, {"level": "2", "n": "", "type": "其他", "text": "第一　誦品", "head": "N06n0004_p0272a04"}, {"level": "2", "n": "", "type": "其他", "text": "第二　誦品", "head": "N06n0004_p0291a06"}, {"level": "2", "n": "", "type": "其他", "text": "第三　誦品", "head": "N06n0004_p0306a05"}]