[{"level": "1", "n": "", "type": "其他", "text": "第三篇下　後分五十經篇下", "head": "N12n0005_p0001a01"}, {"level": "2", "n": "", "type": "其他", "text": "第二品　不斷品", "head": "N12n0005_p0001a01"}, {"level": "3", "n": "", "type": "其他", "text": "第一一一　不斷經", "head": "N12n0005_p0001a05"}, {"level": "3", "n": "", "type": "其他", "text": "第一一二　六淨經", "head": "N12n0005_p0007a02"}, {"level": "3", "n": "", "type": "其他", "text": "第一一三　善士經", "head": "N12n0005_p0015a02"}, {"level": "3", "n": "", "type": "其他", "text": "第一一四　應習不應習經", "head": "N12n0005_p0024a02"}, {"level": "3", "n": "", "type": "其他", "text": "第一一五　多界經", "head": "N12n0005_p0041a02"}, {"level": "3", "n": "", "type": "其他", "text": "第一一六　仙吞經", "head": "N12n0005_p0049a02"}, {"level": "3", "n": "", "type": "其他", "text": "第一一七　大四十經", "head": "N12n0005_p0055a02"}, {"level": "3", "n": "", "type": "其他", "text": "第一一八　入出息念經", "head": "N12n0005_p0063a02"}, {"level": "3", "n": "", "type": "其他", "text": "第一一九　身行念經", "head": "N12n0005_p0073a02"}, {"level": "3", "n": "", "type": "其他", "text": "第一二〇　行生經", "head": "N12n0005_p0084a02"}, {"level": "2", "n": "", "type": "其他", "text": "第三品　空　品", "head": "N12n0005_p0089a01"}, {"level": "3", "n": "", "type": "其他", "text": "第一二一　空小經", "head": "N12n0005_p0089a05"}, {"level": "3", "n": "", "type": "其他", "text": "第一二二　空大經", "head": "N12n0005_p0095a02"}, {"level": "3", "n": "", "type": "其他", "text": "第一二三　希有未曾有法經", "head": "N12n0005_p0104a02"}, {"level": "3", "n": "", "type": "其他", "text": "第一二四　薄拘羅經", "head": "N12n0005_p0111a01"}, {"level": "3", "n": "", "type": "其他", "text": "第一二五　調御地經", "head": "N12n0005_p0116a02"}, {"level": "3", "n": "", "type": "其他", "text": "第一二六　浮彌經", "head": "N12n0005_p0126a02"}, {"level": "3", "n": "", "type": "其他", "text": "第一二七　阿那律經", "head": "N12n0005_p0134a02"}, {"level": "3", "n": "", "type": "其他", "text": "第一二八　隨煩惱經", "head": "N12n0005_p0143a02"}, {"level": "3", "n": "", "type": "其他", "text": "第一二九　賢愚經", "head": "N12n0005_p0155a02"}, {"level": "3", "n": "", "type": "其他", "text": "第一三〇　天使經", "head": "N12n0005_p0172a02"}, {"level": "2", "n": "", "type": "其他", "text": "第四品　分別品", "head": "N12n0005_p0182a01"}, {"level": "3", "n": "", "type": "其他", "text": "第一三一　一夜賢者經", "head": "N12n0005_p0182a05"}, {"level": "3", "n": "", "type": "其他", "text": "第一三二　阿難一夜賢者經", "head": "N12n0005_p0186a02"}, {"level": "3", "n": "", "type": "其他", "text": "第一三三　大迦旃延一夜賢者經", "head": "N12n0005_p0190a02"}, {"level": "3", "n": "", "type": "其他", "text": "第一三四　盧夷強耆一夜賢者經", "head": "N12n0005_p0200a02"}, {"level": "3", "n": "", "type": "其他", "text": "第一三五　小業分別經", "head": "N12n0005_p0204a02"}, {"level": "3", "n": "", "type": "其他", "text": "第一三六　大業分別經", "head": "N12n0005_p0210a02"}, {"level": "3", "n": "", "type": "其他", "text": "第一三七　六處分別經", "head": "N12n0005_p0220a02"}, {"level": "3", "n": "", "type": "其他", "text": "第一三八　總說分別經", "head": "N12n0005_p0229a02"}, {"level": "3", "n": "", "type": "其他", "text": "第一三九　無諍分別經", "head": "N12n0005_p0238a02"}, {"level": "3", "n": "", "type": "其他", "text": "第一四〇　界分別經", "head": "N12n0005_p0247a02"}, {"level": "3", "n": "", "type": "其他", "text": "第一四一　諦分別經", "head": "N12n0005_p0259a02"}, {"level": "3", "n": "", "type": "其他", "text": "第一四二　施分別經", "head": "N12n0005_p0265a02"}, {"level": "2", "n": "", "type": "其他", "text": "第五品　六處品", "head": "N12n0005_p0272a01"}, {"level": "3", "n": "", "type": "其他", "text": "第一四三　教給孤獨經", "head": "N12n0005_p0272a05"}, {"level": "3", "n": "", "type": "其他", "text": "第一四四　教闡陀經", "head": "N12n0005_p0279a02"}, {"level": "3", "n": "", "type": "其他", "text": "第一四五　教富樓那經", "head": "N12n0005_p0284a02"}, {"level": "3", "n": "", "type": "其他", "text": "第一四六　教難陀迦經", "head": "N12n0005_p0289a02"}, {"level": "3", "n": "", "type": "其他", "text": "第一四七　教羅睺羅小經", "head": "N12n0005_p0301a03"}, {"level": "3", "n": "", "type": "其他", "text": "第一四八　六六經", "head": "N12n0005_p0305a02"}, {"level": "3", "n": "", "type": "其他", "text": "第一四九　大六處經", "head": "N12n0005_p0313a02"}, {"level": "3", "n": "", "type": "其他", "text": "第一五〇　頻頭城經", "head": "N12n0005_p0317a02"}, {"level": "3", "n": "", "type": "其他", "text": "第一五一　乞食清淨經", "head": "N12n0005_p0321a02"}, {"level": "3", "n": "", "type": "其他", "text": "第一五二　根修習經", "head": "N12n0005_p0326a02"}]