[{"level": "1", "n": "", "type": "其他", "text": "第一章　佛陀調伏夜叉", "head": "N65n0032_p0001a01"}, {"level": "1", "n": "", "type": "其他", "text": "第二章　佛陀調伏龍及懸記", "head": "N65n0032_p0010a06"}, {"level": "1", "n": "", "type": "其他", "text": "第三章　摩訶三摩多之王系", "head": "N65n0032_p0017a01"}, {"level": "1", "n": "", "type": "其他", "text": "第四章　第一第二結集", "head": "N65n0032_p0023a06"}, {"level": "1", "n": "", "type": "其他", "text": "第五章　學派及師資相承", "head": "N65n0032_p0029a09"}, {"level": "1", "n": "", "type": "其他", "text": "第六章　阿育王之歸依", "head": "N65n0032_p0039a12"}, {"level": "1", "n": "", "type": "其他", "text": "第七章　第三結集", "head": "N65n0032_p0051a01"}, {"level": "1", "n": "", "type": "其他", "text": "第八章　諸方之教化", "head": "N65n0032_p0056a09"}, {"level": "1", "n": "", "type": "其他", "text": "第九章　毘闍耶之到來", "head": "N65n0032_p0058a04"}, {"level": "1", "n": "", "type": "其他", "text": "第十章　阿婆耶王之灌頂", "head": "N65n0032_p0063a04"}, {"level": "1", "n": "", "type": "其他", "text": "第十一章　天愛帝須王灌頂之品品", "head": "N65n0032_p0064a10"}, {"level": "1", "n": "", "type": "其他", "text": "第十二章　摩哂陀之來島", "head": "N65n0032_p0070a10"}, {"level": "1", "n": "", "type": "其他", "text": "第十三章　大雲林園之奉獻", "head": "N65n0032_p0080a07"}, {"level": "1", "n": "", "type": "其他", "text": "第十四章　大寺及支提山之受納", "head": "N65n0032_p0086a07"}, {"level": "1", "n": "", "type": "其他", "text": "第十五章　遺骨之渡來", "head": "N65n0032_p0095a01"}, {"level": "1", "n": "", "type": "其他", "text": "第十六章　大菩提樹之受納", "head": "N65n0032_p0106a05"}, {"level": "1", "n": "", "type": "其他", "text": "第十七章　摩哂陀之入寂", "head": "N65n0032_p0111a01"}, {"level": "1", "n": "", "type": "其他", "text": "第十八章　比丘尼教團", "head": "N65n0032_p0121a03"}, {"level": "1", "n": "", "type": "其他", "text": "第十九章　阿婆耶木杈伽摩尼", "head": "N65n0032_p0127a01"}, {"level": "1", "n": "", "type": "其他", "text": "第二十章　佛典之書寫", "head": "N65n0032_p0130a11"}, {"level": "1", "n": "", "type": "其他", "text": "第二十一章　諸王之事蹟", "head": "N65n0032_p0134a10"}, {"level": "1", "n": "", "type": "其他", "text": "第二十二章　續諸王之事蹟", "head": "N65n0032_p0139a08"}]