[{"n": "1", "fun": "open", "head": "GA029n0028_p0009a01"}, {"n": "1", "fun": "close", "head": "GA029n0028_p0050a10"}, {"n": "2", "fun": "open", "head": "GA029n0028_p0051a01"}, {"n": "2", "fun": "close", "head": "GA029n0028_p0075a10"}, {"n": "3", "fun": "open", "head": "GA029n0028_p0077a01"}, {"n": "3", "fun": "close", "head": "GA029n0028_p0092a10"}, {"n": "4", "fun": "open", "head": "GA029n0028_p0093a01"}, {"n": "4", "fun": "close", "head": "GA029n0028_p0158a10"}, {"n": "5", "fun": "open", "head": "GA029n0028_p0159a01"}, {"n": "5", "fun": "close", "head": "GA029n0028_p0214a10"}, {"n": "6", "fun": "open", "head": "GA029n0028_p0215a01"}, {"n": "6", "fun": "close", "head": "GA029n0028_p0272a10"}, {"n": "7", "fun": "open", "head": "GA029n0028_p0273a01"}, {"n": "7", "fun": "close", "head": "GA029n0028_p0290a10"}, {"n": "8", "fun": "open", "head": "GA029n0028_p0291a01"}, {"n": "8", "fun": "close", "head": "GA029n0028_p0340a10"}, {"n": "9", "fun": "open", "head": "GA029n0028_p0341a01"}, {"n": "9", "fun": "close", "head": "GA029n0028_p0382a10"}, {"n": "10", "fun": "open", "head": "GA029n0028_p0383a01"}, {"n": "10", "fun": "close", "head": "GA029n0028_p0416a10"}, {"n": "11", "fun": "open", "head": "GA029n0028_p0417a01"}, {"n": "11", "fun": "close", "head": "GA029n0028_p0452a10"}, {"n": "12", "fun": "open", "head": "GA029n0028_p0453a01"}, {"n": "12", "fun": "close", "head": "GA029n0028_p0510a10"}]