[{"level": "1", "n": "1", "type": "品", "text": "1 五法品", "head": "T26n1541_p0627a08"}, {"level": "1", "n": "2", "type": "品", "text": "2 分別智品", "head": "T26n1541_p0628c28"}, {"level": "1", "n": "3", "type": "品", "text": "3 分別諸入品", "head": "T26n1541_p0631c07"}, {"level": "1", "n": "4", "type": "品", "text": "4 分別七事品", "head": "T26n1541_p0634a10"}, {"level": "1", "n": "5", "type": "品", "text": "5 分別諸使品", "head": "T26n1541_p0637a07"}, {"level": "1", "n": "6", "type": "品", "text": "6 分別攝品", "head": "T26n1541_p0644b07"}, {"level": "2", "n": "", "type": "", "text": "1", "head": "T26n1541_p0644b07"}, {"level": "2", "n": "", "type": "", "text": "2", "head": "T26n1541_p0649b02"}, {"level": "2", "n": "", "type": "", "text": "3", "head": "T26n1541_p0654b02"}, {"level": "2", "n": "", "type": "", "text": "4", "head": "T26n1541_p0659a02"}, {"level": "1", "n": "7", "type": "品", "text": "7 千問論品", "head": "T26n1541_p0663a07"}, {"level": "2", "n": "", "type": "", "text": "1", "head": "T26n1541_p0663a07"}, {"level": "2", "n": "", "type": "", "text": "2", "head": "T26n1541_p0668c16"}, {"level": "2", "n": "", "type": "", "text": "3", "head": "T26n1541_p0674c02"}, {"level": "2", "n": "", "type": "", "text": "4", "head": "T26n1541_p0680b02"}, {"level": "1", "n": "8", "type": "品", "text": "8 擇品", "head": "T26n1541_p0688c11"}]