[{"level": "1", "n": "", "type": "序", "text": "序", "head": "T26n1522_p0123a02"}, {"level": "1", "n": "1", "type": "其他", "text": "1 初歡喜地", "head": "T26n1522_p0123b19"}, {"level": "2", "n": "", "type": "", "text": "1", "head": "T26n1522_p0123b19"}, {"level": "2", "n": "", "type": "", "text": "2", "head": "T26n1522_p0130c13"}, {"level": "2", "n": "", "type": "", "text": "3", "head": "T26n1522_p0138a25"}, {"level": "1", "n": "2", "type": "其他", "text": "2 離垢地", "head": "T26n1522_p0145b23"}, {"level": "1", "n": "3", "type": "其他", "text": "3 明地", "head": "T26n1522_p0153a26"}, {"level": "1", "n": "4", "type": "其他", "text": "4 焰地", "head": "T26n1522_p0159b14"}, {"level": "1", "n": "5", "type": "其他", "text": "5 難勝地", "head": "T26n1522_p0163a08"}, {"level": "1", "n": "6", "type": "其他", "text": "6 現前地", "head": "T26n1522_p0167c16"}, {"level": "1", "n": "7", "type": "其他", "text": "7 遠行地", "head": "T26n1522_p0173c20"}, {"level": "1", "n": "8", "type": "其他", "text": "8 不動地", "head": "T26n1522_p0179a06"}, {"level": "1", "n": "9", "type": "其他", "text": "9 善慧地", "head": "T26n1522_p0186a27"}, {"level": "1", "n": "10", "type": "其他", "text": "10 法雲地", "head": "T26n1522_p0193c06"}]