[{"level": "1", "n": "1", "type": "品", "text": "1 序品", "head": "T26n1521_p0020a09"}, {"level": "1", "n": "2", "type": "品", "text": "2 入初地品", "head": "T26n1521_p0022c22"}, {"level": "1", "n": "3", "type": "品", "text": "3 地相品", "head": "T26n1521_p0026a17"}, {"level": "1", "n": "4", "type": "品", "text": "4 淨地品", "head": "T26n1521_p0028c22"}, {"level": "1", "n": "5", "type": "品", "text": "5 釋願品", "head": "T26n1521_p0030b10"}, {"level": "1", "n": "6", "type": "品", "text": "6 發菩提心品", "head": "T26n1521_p0035a22"}, {"level": "1", "n": "7", "type": "", "text": "7 調伏心品", "head": "T26n1521_p0036b06"}, {"level": "1", "n": "8", "type": "品", "text": "8 阿惟越致相品", "head": "T26n1521_p0038a18"}, {"level": "1", "n": "9", "type": "", "text": "9 易行品", "head": "T26n1521_p0040c28"}, {"level": "1", "n": "10", "type": "品", "text": "10 除業品", "head": "T26n1521_p0045a18"}, {"level": "1", "n": "11", "type": "品", "text": "11 分別功德品", "head": "T26n1521_p0047b06"}, {"level": "1", "n": "12", "type": "品", "text": "12 分別布施品", "head": "T26n1521_p0049b10"}, {"level": "1", "n": "13", "type": "品", "text": "13 分別法施品", "head": "T26n1521_p0053a20"}, {"level": "1", "n": "14", "type": "品", "text": "14 歸命相品", "head": "T26n1521_p0054b05"}, {"level": "1", "n": "15", "type": "品", "text": "15 五戒品", "head": "T26n1521_p0055c28"}, {"level": "1", "n": "16", "type": "品", "text": "16 知家過患品", "head": "T26n1521_p0057b15"}, {"level": "1", "n": "17", "type": "品", "text": "17 入寺品", "head": "T26n1521_p0059b24"}, {"level": "1", "n": "18", "type": "品", "text": "18 共行品", "head": "T26n1521_p0063c29"}, {"level": "1", "n": "19", "type": "品", "text": "19 四法品", "head": "T26n1521_p0065c23"}, {"level": "1", "n": "20", "type": "品", "text": "20 念佛品", "head": "T26n1521_p0068c07"}, {"level": "1", "n": "21", "type": "品", "text": "21 四十不共法品", "head": "T26n1521_p0071c11"}, {"level": "1", "n": "22", "type": "品", "text": "22 四十不共法中難一切智人品", "head": "T26n1521_p0073c29"}, {"level": "1", "n": "23", "type": "品", "text": "23 四十不共法中善知不定品", "head": "T26n1521_p0079a08"}, {"level": "1", "n": "24", "type": "品", "text": "24 讚偈品", "head": "T26n1521_p0083c23"}, {"level": "1", "n": "25", "type": "品", "text": "25 助念佛三昧品", "head": "T26n1521_p0086a06"}, {"level": "1", "n": "26", "type": "品", "text": "26 譬喻品", "head": "T26n1521_p0088c19"}, {"level": "1", "n": "27", "type": "品", "text": "27 略行品", "head": "T26n1521_p0091c21"}, {"level": "1", "n": "28", "type": "品", "text": "28 分別二地業道品", "head": "T26n1521_p0094a21"}, {"level": "1", "n": "29", "type": "品", "text": "29 分別聲聞辟支佛品", "head": "T26n1521_p0099b10"}, {"level": "1", "n": "30", "type": "品", "text": "30 大乘品", "head": "T26n1521_p0101c25"}, {"level": "1", "n": "31", "type": "品", "text": "31 護戒品", "head": "T26n1521_p0107c25"}, {"level": "1", "n": "32", "type": "品", "text": "32 解頭陀品", "head": "T26n1521_p0111b26"}, {"level": "1", "n": "33", "type": "品", "text": "33 助尸羅果品", "head": "T26n1521_p0116a27"}, {"level": "1", "n": "34", "type": "品", "text": "34 讚戒品", "head": "T26n1521_p0120a07"}, {"level": "1", "n": "35", "type": "品", "text": "35 戒報品", "head": "T26n1521_p0121a19"}]