[{"level": "1", "n": "1", "type": "品", "text": "1 緣起品", "head": "T26n1536_p0367a07"}, {"level": "1", "n": "2", "type": "品", "text": "2 一法品", "head": "T26n1536_p0367b26"}, {"level": "1", "n": "3", "type": "品", "text": "3 二法品", "head": "T26n1536_p0369b10"}, {"level": "2", "n": "", "type": "", "text": "1", "head": "T26n1536_p0369b10"}, {"level": "2", "n": "", "type": "", "text": "2", "head": "T26n1536_p0370c02"}, {"level": "1", "n": "4", "type": "品", "text": "4 三法品", "head": "T26n1536_p0376a29"}, {"level": "2", "n": "", "type": "", "text": "1", "head": "T26n1536_p0376a29"}, {"level": "2", "n": "", "type": "", "text": "2", "head": "T26n1536_p0379c02"}, {"level": "2", "n": "", "type": "", "text": "3", "head": "T26n1536_p0384b02"}, {"level": "1", "n": "5", "type": "品", "text": "5 四法品", "head": "T26n1536_p0391b11"}, {"level": "2", "n": "", "type": "", "text": "1", "head": "T26n1536_p0391b11"}, {"level": "2", "n": "", "type": "", "text": "2", "head": "T26n1536_p0393c09"}, {"level": "2", "n": "", "type": "", "text": "3", "head": "T26n1536_p0398b02"}, {"level": "2", "n": "", "type": "", "text": "4", "head": "T26n1536_p0402c21"}, {"level": "2", "n": "", "type": "", "text": "5", "head": "T26n1536_p0407b21"}, {"level": "1", "n": "6", "type": "品", "text": "6 五法品", "head": "T26n1536_p0411c19"}, {"level": "2", "n": "", "type": "", "text": "1", "head": "T26n1536_p0411c19"}, {"level": "2", "n": "", "type": "", "text": "2", "head": "T26n1536_p0416a24"}, {"level": "2", "n": "", "type": "", "text": "3", "head": "T26n1536_p0420c05"}, {"level": "2", "n": "", "type": "", "text": "4", "head": "T26n1536_p0424c02"}, {"level": "1", "n": "7", "type": "品", "text": "7 六法品", "head": "T26n1536_p0428c22"}, {"level": "1", "n": "8", "type": "品", "text": "8 七法品", "head": "T26n1536_p0435a04"}, {"level": "2", "n": "", "type": "", "text": "1", "head": "T26n1536_p0435a04"}, {"level": "2", "n": "", "type": "", "text": "2", "head": "T26n1536_p0436c12"}, {"level": "1", "n": "9", "type": "品", "text": "9 八法品", "head": "T26n1536_p0440c27"}, {"level": "1", "n": "10", "type": "品", "text": "10 九法品", "head": "T26n1536_p0446a19"}, {"level": "1", "n": "11", "type": "品", "text": "11 十法品", "head": "T26n1536_p0447a18"}, {"level": "1", "n": "12", "type": "品", "text": "12 讚勸品", "head": "T26n1536_p0453b06"}]