[{"level": "1", "n": "1", "type": "其他", "text": "初歸禮讚頌", "head": "T26n1539_p0531a07"}, {"level": "1", "n": "2", "type": "其他", "text": "總嗢拖南頌", "head": "T26n1539_p0531a20"}, {"level": "2", "n": "1", "type": "其他", "text": "1 目乾連蘊", "head": "T26n1539_p0531a23"}, {"level": "3", "n": "1", "type": "其他", "text": "1 第一之一", "head": "T26n1539_p0531a23"}, {"level": "4", "n": "1", "type": "其他", "text": "1 嗢拕南頌", "head": "T26n1539_p0531a23"}, {"level": "4", "n": "1", "type": "其他", "text": "2 嗢拕南頌", "head": "T26n1539_p0531c29"}, {"level": "4", "n": "1", "type": "其他", "text": "3 嗢拕南頌", "head": "T26n1539_p0533a01"}, {"level": "4", "n": "1", "type": "其他", "text": "4 嗢拕南頌初", "head": "T26n1539_p0535a04"}, {"level": "3", "n": "1", "type": "其他", "text": "2 第一之二", "head": "T26n1539_p0536a27"}, {"level": "4", "n": "1", "type": "其他", "text": "4 嗢拕南頌後", "head": "T26n1539_p0536a27"}, {"level": "2", "n": "1", "type": "其他", "text": "2 補特伽羅蘊", "head": "T26n1539_p0537a27"}, {"level": "3", "n": "1", "type": "其他", "text": "1 嗢拕南頌", "head": "T26n1539_p0537a27"}, {"level": "3", "n": "1", "type": "其他", "text": "2 嗢拕南頌", "head": "T26n1539_p0543c02"}, {"level": "3", "n": "1", "type": "其他", "text": "3 嗢拕南頌", "head": "T26n1539_p0545b20"}, {"level": "2", "n": "1", "type": "其他", "text": "3 因緣蘊", "head": "T26n1539_p0547c12"}, {"level": "3", "n": "1", "type": "其他", "text": "1 嗢拕南頌", "head": "T26n1539_p0547c12"}, {"level": "3", "n": "1", "type": "其他", "text": "2 嗢拕南頌", "head": "T26n1539_p0553b13"}, {"level": "2", "n": "1", "type": "其他", "text": "4 所緣緣蘊", "head": "T26n1539_p0559a28"}, {"level": "3", "n": "1", "type": "其他", "text": "1 嗢拕南頌", "head": "T26n1539_p0559a28"}, {"level": "3", "n": "1", "type": "其他", "text": "2 嗢拕南頌", "head": "T26n1539_p0563c22"}, {"level": "3", "n": "1", "type": "其他", "text": "3 嗢拕南頌", "head": "T26n1539_p0568b06"}, {"level": "3", "n": "1", "type": "其他", "text": "4 嗢拕南頌", "head": "T26n1539_p0572b24"}, {"level": "3", "n": "1", "type": "其他", "text": "5 嗢拕南頌", "head": "T26n1539_p0576c29"}, {"level": "2", "n": "1", "type": "其他", "text": "5 雜蘊", "head": "T26n1539_p0582b21"}, {"level": "3", "n": "1", "type": "其他", "text": "1 嗢柁南頌", "head": "T26n1539_p0582b21"}, {"level": "3", "n": "1", "type": "其他", "text": "2 嗢柁南頌", "head": "T26n1539_p0587c06"}, {"level": "2", "n": "1", "type": "其他", "text": "6 成就蘊", "head": "T26n1539_p0593b06"}, {"level": "3", "n": "1", "type": "其他", "text": "1 嗢拕南頌", "head": "T26n1539_p0593b06"}, {"level": "3", "n": "1", "type": "其他", "text": "2 嗢拕南頌", "head": "T26n1539_p0598b09"}, {"level": "3", "n": "1", "type": "其他", "text": "3 嗢拕南頌", "head": "T26n1539_p0603a18"}, {"level": "3", "n": "1", "type": "其他", "text": "4 嗢拕南頌", "head": "T26n1539_p0608b07"}]