[{"level": "1", "n": "1", "type": "品", "text": "1 本事品", "head": "T26n1540_p0614b09"}, {"level": "2", "n": "1", "type": "其他", "text": "初門", "head": "T26n1540_p0616a29"}, {"level": "1", "n": "1", "type": "其他", "text": "2 分別品", "head": "T26n1540_p0616c07"}, {"level": "2", "n": "2", "type": "其他", "text": "第二門", "head": "T26n1540_p0616c07"}, {"level": "2", "n": "3", "type": "其他", "text": "第三門", "head": "T26n1540_p0617a05"}, {"level": "2", "n": "4", "type": "其他", "text": "第四門", "head": "T26n1540_p0617b15"}, {"level": "2", "n": "5", "type": "其他", "text": "第五門", "head": "T26n1540_p0619a16"}, {"level": "2", "n": "6", "type": "其他", "text": "第六門", "head": "T26n1540_p0620c21"}, {"level": "2", "n": "7", "type": "其他", "text": "第七門", "head": "T26n1540_p0621c25"}, {"level": "2", "n": "8", "type": "其他", "text": "第八門", "head": "T26n1540_p0622a20"}, {"level": "2", "n": "9", "type": "其他", "text": "第九門", "head": "T26n1540_p0622b19"}, {"level": "2", "n": "10", "type": "其他", "text": "第十門", "head": "T26n1540_p0622c18"}, {"level": "2", "n": "11", "type": "其他", "text": "第十一門", "head": "T26n1540_p0623a17"}, {"level": "2", "n": "12", "type": "其他", "text": "第十二門", "head": "T26n1540_p0623b15"}, {"level": "2", "n": "13", "type": "其他", "text": "第十三門", "head": "T26n1540_p0623c15"}, {"level": "2", "n": "14", "type": "其他", "text": "第十四門", "head": "T26n1540_p0624a04"}, {"level": "2", "n": "15", "type": "其他", "text": "第十五門", "head": "T26n1540_p0624b01"}, {"level": "2", "n": "16", "type": "其他", "text": "第十六門", "head": "T26n1540_p0624c26"}, {"level": "1", "n": "", "type": "序", "text": "後序", "head": "T26n1540_p0625c06"}]