[{"level": "1", "n": "1", "type": "其他", "text": "1 雜蘊", "head": "T26n1544_p0918a07"}, {"level": "2", "n": "1", "type": "其他", "text": "1 世第一法納息", "head": "T26n1544_p0918a07"}, {"level": "2", "n": "2", "type": "其他", "text": "2 智納息", "head": "T26n1544_p0919b04"}, {"level": "2", "n": "3", "type": "其他", "text": "3 補特伽羅納息", "head": "T26n1544_p0921b13"}, {"level": "2", "n": "4", "type": "其他", "text": "4 愛敬納息", "head": "T26n1544_p0923a13"}, {"level": "2", "n": "5", "type": "其他", "text": "5 無慚納息", "head": "T26n1544_p0924c23"}, {"level": "2", "n": "6", "type": "其他", "text": "6 相納息", "head": "T26n1544_p0926a01"}, {"level": "2", "n": "7", "type": "其他", "text": "7 義納息", "head": "T26n1544_p0926b23"}, {"level": "2", "n": "8", "type": "其他", "text": "8 思納息", "head": "T26n1544_p0927b11"}, {"level": "1", "n": "2", "type": "其他", "text": "2 結蘊", "head": "T26n1544_p0929b10"}, {"level": "2", "n": "1", "type": "其他", "text": "1 不善納息", "head": "T26n1544_p0929b10"}, {"level": "2", "n": "2", "type": "其他", "text": "2 一行納息", "head": "T26n1544_p0933c18"}, {"level": "3", "n": "", "type": "", "text": "1", "head": "T26n1544_p0933c18"}, {"level": "3", "n": "", "type": "", "text": "2", "head": "T26n1544_p0935a18"}, {"level": "2", "n": "3", "type": "其他", "text": "3 有情納息", "head": "T26n1544_p0940b06"}, {"level": "2", "n": "4", "type": "其他", "text": "4 十門納息", "head": "T26n1544_p0943b04"}, {"level": "3", "n": "", "type": "", "text": "1", "head": "T26n1544_p0943b04"}, {"level": "3", "n": "", "type": "", "text": "2", "head": "T26n1544_p0945c04"}, {"level": "1", "n": "3", "type": "其他", "text": "3 智蘊", "head": "T26n1544_p0951a14"}, {"level": "2", "n": "1", "type": "其他", "text": "1 覺支納息", "head": "T26n1544_p0951a14"}, {"level": "2", "n": "2", "type": "其他", "text": "2 五種納息", "head": "T26n1544_p0954c05"}, {"level": "2", "n": "3", "type": "其他", "text": "3 他心智納息", "head": "T26n1544_p0956b22"}, {"level": "2", "n": "4", "type": "其他", "text": "4 修智納息", "head": "T26n1544_p0957b16"}, {"level": "2", "n": "5", "type": "其他", "text": "5 七聖納息", "head": "T26n1544_p0964b23"}, {"level": "3", "n": "", "type": "", "text": "1", "head": "T26n1544_p0964b23"}, {"level": "3", "n": "", "type": "", "text": "2", "head": "T26n1544_p0967a02"}, {"level": "1", "n": "4", "type": "其他", "text": "4 業蘊", "head": "T26n1544_p0972a16"}, {"level": "2", "n": "1", "type": "其他", "text": "1 惡行納息", "head": "T26n1544_p0972a16"}, {"level": "2", "n": "2", "type": "其他", "text": "2 邪語納息", "head": "T26n1544_p0973b05"}, {"level": "2", "n": "3", "type": "其他", "text": "3 害生納息", "head": "T26n1544_p0975a03"}, {"level": "2", "n": "4", "type": "其他", "text": "4 表無表納息", "head": "T26n1544_p0977a29"}, {"level": "2", "n": "5", "type": "其他", "text": "5 自業納息", "head": "T26n1544_p0980b03"}, {"level": "1", "n": "5", "type": "其他", "text": "5 大種蘊", "head": "T26n1544_p0981c09"}, {"level": "2", "n": "1", "type": "其他", "text": "1 大造納息", "head": "T26n1544_p0981c09"}, {"level": "2", "n": "2", "type": "其他", "text": "2 緣納息", "head": "T26n1544_p0984a16"}, {"level": "2", "n": "3", "type": "其他", "text": "3 具見納息", "head": "T26n1544_p0987a06"}, {"level": "2", "n": "4", "type": "其他", "text": "4 執受納息", "head": "T26n1544_p0988a25"}, {"level": "1", "n": "6", "type": "其他", "text": "6 根蘊", "head": "T26n1544_p0991b18"}, {"level": "2", "n": "1", "type": "其他", "text": "1 根納息", "head": "T26n1544_p0991b18"}, {"level": "2", "n": "2", "type": "其他", "text": "2 有納息", "head": "T26n1544_p0994b06"}, {"level": "2", "n": "3", "type": "其他", "text": "3 觸納息", "head": "T26n1544_p0996b09"}, {"level": "2", "n": "4", "type": "其他", "text": "4 心納息", "head": "T26n1544_p0997b20"}, {"level": "2", "n": "5", "type": "其他", "text": "5 一心納息", "head": "T26n1544_p0998c08"}, {"level": "2", "n": "6", "type": "其他", "text": "6 魚納息", "head": "T26n1544_p1000b26"}, {"level": "2", "n": "7", "type": "其他", "text": "7 因緣納息", "head": "T26n1544_p1001b28"}, {"level": "1", "n": "7", "type": "其他", "text": "7 定蘊", "head": "T26n1544_p1008a06"}, {"level": "2", "n": "1", "type": "其他", "text": "1 得納息", "head": "T26n1544_p1008a06"}, {"level": "2", "n": "2", "type": "其他", "text": "2 緣納息", "head": "T26n1544_p1011a21"}, {"level": "2", "n": "3", "type": "其他", "text": "3 攝納息", "head": "T26n1544_p1013c18"}, {"level": "2", "n": "4", "type": "其他", "text": "4 不還納息", "head": "T26n1544_p1017b25"}, {"level": "2", "n": "5", "type": "其他", "text": "5 一行納息", "head": "T26n1544_p1019c12"}, {"level": "1", "n": "8", "type": "其他", "text": "8 見蘊", "head": "T26n1544_p1022c13"}, {"level": "2", "n": "1", "type": "其他", "text": "1 念住納息", "head": "T26n1544_p1022c13"}, {"level": "2", "n": "2", "type": "其他", "text": "2 三有納息", "head": "T26n1544_p1024b13"}, {"level": "2", "n": "3", "type": "其他", "text": "3 想納息", "head": "T26n1544_p1025b11"}, {"level": "2", "n": "4", "type": "其他", "text": "4 智納息", "head": "T26n1544_p1026a26"}, {"level": "2", "n": "5", "type": "其他", "text": "5 見納息", "head": "T26n1544_p1027b12"}, {"level": "2", "n": "6", "type": "其他", "text": "6 伽他納息", "head": "T26n1544_p1029b18"}]