[{"n": "001", "fun": "open", "head": "T20n1129_p0548c03", "title": "佛說金剛手菩薩降伏一切部\n多大教王經卷上"}, {"n": "001", "fun": "close", "head": "T20n1129_p0553a16", "title": "佛說金剛手菩薩降伏一切部多大教王經卷\n上"}, {"n": "002", "fun": "open", "head": "T20n1129_p0553a20", "title": "佛說金剛手菩薩降伏一切部多\n大教王經卷中"}, {"n": "002", "fun": "close", "head": "T20n1129_p0558c05", "title": "佛說金剛手菩薩降伏一切部多大教王經卷\n中"}, {"n": "003", "fun": "open", "head": "T20n1129_p0558c09", "title": "佛說金剛手菩薩降伏一切部多\n大教王經卷下"}, {"n": "003", "fun": "close", "head": "T20n1129_p0563c03", "title": "佛說金剛手菩薩降伏一切部多大教王經卷\n下"}]