[{"n": "001", "fun": "open", "head": "T20n1050_p0047a06", "title": "佛說大乘莊嚴寶王經卷第一"}, {"n": "001", "fun": "close", "head": "T20n1050_p0051b01", "title": "佛說大乘莊嚴寶王經卷第一"}, {"n": "002", "fun": "open", "head": "T20n1050_p0051b04", "title": "佛說大乘莊嚴寶王經卷第二"}, {"n": "002", "fun": "close", "head": "T20n1050_p0055c21", "title": "大乘莊嚴寶王經卷第二"}, {"n": "003", "fun": "open", "head": "T20n1050_p0055c25", "title": "佛說大乘莊嚴寶王經卷第三"}, {"n": "003", "fun": "close", "head": "T20n1050_p0059c20", "title": "佛說大乘莊嚴寶王經卷第三"}, {"n": "004", "fun": "open", "head": "T20n1050_p0059c23", "title": "佛說大乘莊嚴寶王經卷第四"}, {"n": "004", "fun": "close", "head": "T20n1050_p0064a12", "title": "佛說大乘莊嚴寶王經卷第四"}]