[{"n": "001", "fun": "open", "head": "T20n1187_p0808a16", "title": "佛說最勝妙吉祥根本智最上祕\n密一切名義三摩地分卷上"}, {"n": "001", "fun": "close", "head": "T20n1187_p0811b01", "title": "佛說最勝妙吉祥根本智最上祕密一切名義\n三摩地分卷上"}, {"n": "002", "fun": "open", "head": "T20n1187_p0811b05", "title": "佛說最勝妙吉祥根本智最上祕\n密一切名義三摩地分卷下"}, {"n": "002", "fun": "close", "head": "T20n1187_p0814b22", "title": "佛說最勝妙吉祥根本智最上祕密一切名義\n三摩地分卷下"}]