[{"n": "001", "fun": "open", "head": "T20n1072A_p0155a03", "title": "聖賀野紇哩縛大威怒王立成\n大神驗供養念誦儀軌法品上卷"}, {"n": "001", "fun": "close", "head": "T20n1072A_p0162c22", "title": "聖賀野紇哩縛念誦軌上卷"}, {"n": "002", "fun": "open", "head": "T20n1072A_p0163a03", "title": "聖賀野紇哩縛大威怒王立成大\n神驗供養念誦儀軌法品下卷"}, {"n": "002", "fun": "close", "head": "T20n1072A_p0170a08", "title": "聖賀野紇哩嚩大威怒王供養念誦儀軌下\n卷"}]