[{"n": "001", "fun": "open", "head": "T20n1153_p0616a03", "title": "普遍光明清淨熾盛如意寶印\n心無能勝大明王大隨求陀羅尼\n經卷上"}, {"n": "001", "fun": "close", "head": "T20n1153_p0622a29", "title": "普遍光明清淨熾盛如意寶印心無能勝\n\n大明王大隨求陀羅尼經卷上"}, {"n": "002", "fun": "open", "head": "T20n1153_p0622b13", "title": "普遍光明清淨熾盛如意寶印心\n無能勝大明王大隨求陀羅尼經\n卷下百千印陀羅尼經同卷別譯"}, {"n": "002", "fun": "close", "head": "T20n1153_p0628a28", "title": "普遍光明清淨熾盛如意寶印心無能勝大\n明王大隨求陀羅尼經卷下"}]