[{"n": "001", "fun": "open", "head": "T20n1191_p0835a03", "title": "大方廣菩薩藏文殊師利根本儀\n軌經卷第一"}, {"n": "001", "fun": "close", "head": "T20n1191_p0839b27", "title": "大方廣菩薩藏文殊師利根本儀軌經卷第一"}, {"n": "002", "fun": "open", "head": "T20n1191_p0840a02", "title": "大方廣菩薩藏文殊師利根本儀\n軌經卷第二"}, {"n": "002", "fun": "close", "head": "T20n1191_p0845a25", "title": "大方廣菩薩藏文殊師利根本儀軌經卷第二"}, {"n": "003", "fun": "open", "head": "T20n1191_p0845b02", "title": "大方廣菩薩藏文殊師利根本儀\n軌經卷第三"}, {"n": "003", "fun": "close", "head": "T20n1191_p0848c06", "title": "大方廣菩薩藏文殊師利根本儀軌經卷第三"}, {"n": "004", "fun": "open", "head": "T20n1191_p0848c09", "title": "大方廣菩薩藏文殊師利根本儀\n軌經卷第四"}, {"n": "004", "fun": "close", "head": "T20n1191_p0853a18", "title": "大方廣菩薩藏文殊師利根本儀軌經卷第四"}, {"n": "005", "fun": "open", "head": "T20n1191_p0853a21", "title": "大方廣菩薩藏文殊師利根本儀\n軌經卷第五"}, {"n": "005", "fun": "close", "head": "T20n1191_p0856c13", "title": "大方廣菩薩藏文殊師利根本儀軌經卷第五"}, {"n": "006", "fun": "open", "head": "T20n1191_p0856c16", "title": "大方廣菩薩藏文殊師利根本儀\n軌經卷第六"}, {"n": "006", "fun": "close", "head": "T20n1191_p0860a05", "title": "大方廣菩薩藏文殊師利根本儀軌經卷第六"}, {"n": "007", "fun": "open", "head": "T20n1191_p0860a08", "title": "大方廣菩薩藏文殊師利根本\n儀軌經卷第七"}, {"n": "007", "fun": "close", "head": "T20n1191_p0863a23", "title": "大方廣菩薩藏文殊師利根本儀軌經卷第七"}, {"n": "008", "fun": "open", "head": "T20n1191_p0863b02", "title": "大方廣菩薩藏文殊師利根本\n儀軌經卷第八"}, {"n": "008", "fun": "close", "head": "T20n1191_p0866b08", "title": "大方廣菩薩藏文殊師利根本儀軌經卷第八"}, {"n": "009", "fun": "open", "head": "T20n1191_p0866b11", "title": "大方廣菩薩藏文殊師利根本儀\n軌經卷第九"}, {"n": "009", "fun": "close", "head": "T20n1191_p0869b18", "title": "大方廣菩薩藏文殊師利根本儀軌經卷第九"}, {"n": "010", "fun": "open", "head": "T20n1191_p0869b21", "title": "大方廣菩薩藏文殊師利根本儀\n軌經卷第十"}, {"n": "010", "fun": "close", "head": "T20n1191_p0872b13", "title": "大方廣菩薩藏文殊師利根本儀軌經卷第十"}, {"n": "011", "fun": "open", "head": "T20n1191_p0873a02", "title": "大方廣菩薩藏文殊師利根本儀\n軌經卷第十一"}, {"n": "011", "fun": "close", "head": "T20n1191_p0876c12", "title": "大方廣菩薩藏文殊師利根本儀軌經卷第十\n一"}, {"n": "012", "fun": "open", "head": "T20n1191_p0876c16", "title": "大方廣菩薩藏文殊師利根本儀\n軌經卷第十二"}, {"n": "012", "fun": "close", "head": "T20n1191_p0880b26", "title": "大方廣菩薩藏文殊師利根本儀軌經卷第十\n二"}, {"n": "013", "fun": "open", "head": "T20n1191_p0880c02", "title": "大方廣菩薩藏文殊師利根本儀\n軌經卷第十三"}, {"n": "013", "fun": "close", "head": "T20n1191_p0883c15", "title": "大方廣菩薩藏文殊師利根本儀軌經卷第十\n三"}, {"n": "014", "fun": "open", "head": "T20n1191_p0883c19", "title": "大方廣菩薩藏文殊師利根本儀\n軌經卷第十四"}, {"n": "014", "fun": "close", "head": "T20n1191_p0887a28", "title": "大方廣菩薩藏文殊師利根本儀軌經卷第十\n四"}, {"n": "015", "fun": "open", "head": "T20n1191_p0887b02", "title": "大方廣菩薩藏文殊師利根本儀\n軌經卷第十五"}, {"n": "015", "fun": "close", "head": "T20n1191_p0890b07", "title": "大方廣菩薩藏文殊師利根本儀軌經卷第十\n五"}, {"n": "016", "fun": "open", "head": "T20n1191_p0890b11", "title": "大方廣菩薩藏文殊師利根本儀\n軌經卷第十六"}, {"n": "016", "fun": "close", "head": "T20n1191_p0894a10", "title": "大方廣菩薩藏文殊師利根本儀軌經卷第十\n六"}, {"n": "017", "fun": "open", "head": "T20n1191_p0894a14", "title": "大方廣菩薩藏文殊師利根本儀\n軌經卷第十七"}, {"n": "017", "fun": "close", "head": "T20n1191_p0897a18", "title": "大方廣菩薩藏文殊師利根本儀軌經卷第十\n七"}, {"n": "018", "fun": "open", "head": "T20n1191_p0897a22", "title": "大方廣菩薩藏文殊師利根本儀\n軌經卷第十八"}, {"n": "018", "fun": "close", "head": "T20n1191_p0900a01", "title": "大方廣菩薩藏文殊師利根本儀軌經卷第十\n八"}, {"n": "019", "fun": "open", "head": "T20n1191_p0900a05", "title": "大方廣菩薩藏文殊師利根本儀\n軌經卷第十九"}, {"n": "019", "fun": "close", "head": "T20n1191_p0902a16", "title": "大方廣菩薩藏文殊師利根本儀軌經卷第十\n九"}, {"n": "020", "fun": "open", "head": "T20n1191_p0902a20", "title": "大方廣菩薩藏文殊師利根本儀\n軌經卷第二十"}, {"n": "020", "fun": "close", "head": "T20n1191_p0904a06", "title": "大方廣菩薩藏文殊師利根本儀軌經卷第\n二十"}]