[{"n": "001", "fun": "open", "head": "T20n1177A_p0725a26"}, {"n": "001", "fun": "close", "head": "T20n1177A_p0730c24"}, {"n": "002", "fun": "open", "head": "T20n1177A_p0731a02"}, {"n": "002", "fun": "close", "head": "T20n1177A_p0734c01"}, {"n": "003", "fun": "open", "head": "T20n1177A_p0734c05"}, {"n": "003", "fun": "close", "head": "T20n1177A_p0738c05"}, {"n": "004", "fun": "open", "head": "T20n1177A_p0738c09"}, {"n": "004", "fun": "close", "head": "T20n1177A_p0745c03"}, {"n": "005", "fun": "open", "head": "T20n1177A_p0745c07"}, {"n": "005", "fun": "close", "head": "T20n1177A_p0752a17"}, {"n": "006", "fun": "open", "head": "T20n1177A_p0752a21"}, {"n": "006", "fun": "close", "head": "T20n1177A_p0756c28"}, {"n": "007", "fun": "open", "head": "T20n1177A_p0757a02"}, {"n": "007", "fun": "close", "head": "T20n1177A_p0762c15"}, {"n": "008", "fun": "open", "head": "T20n1177A_p0762c19"}, {"n": "008", "fun": "close", "head": "T20n1177A_p0767a10"}, {"n": "009", "fun": "open", "head": "T20n1177A_p0767a14"}, {"n": "009", "fun": "close", "head": "T20n1177A_p0772b25"}, {"n": "010", "fun": "open", "head": "T20n1177A_p0772c02"}, {"n": "010", "fun": "close", "head": "T20n1177A_p0775c25"}]