[{"n": "001", "fun": "open", "head": "T20n1177A_p0725a26", "title": "大乘瑜伽金剛性海曼殊室利千\n臂千鉢大教王經卷第一"}, {"n": "001", "fun": "close", "head": "T20n1177A_p0730c24", "title": "大乘瑜伽金剛性海曼殊室利千臂千鉢大教\n王經卷第一"}, {"n": "002", "fun": "open", "head": "T20n1177A_p0731a02", "title": "大乘瑜伽金剛性海曼殊室利千\n臂千鉢大教王經卷第二"}, {"n": "002", "fun": "close", "head": "T20n1177A_p0734c01", "title": "大乘瑜伽金剛性海曼殊室利千臂千鉢大教\n王經卷第二"}, {"n": "003", "fun": "open", "head": "T20n1177A_p0734c05", "title": "大乘瑜伽金剛性海曼殊室利千\n臂千鉢大教王經卷第三"}, {"n": "003", "fun": "close", "head": "T20n1177A_p0738c05", "title": "大乘瑜伽金剛性海曼殊室利千臂千鉢大教\n王經卷第三"}, {"n": "004", "fun": "open", "head": "T20n1177A_p0738c09", "title": "大乘瑜伽金剛性海曼殊室利千\n臂千鉢大教王經卷第四"}, {"n": "004", "fun": "close", "head": "T20n1177A_p0745c03", "title": "大乘瑜伽金剛性海曼殊室利千臂千鉢大教\n王經卷第四"}, {"n": "005", "fun": "open", "head": "T20n1177A_p0745c07", "title": "大乘瑜伽金剛性海曼殊室利千\n臂千鉢大教王經卷第五"}, {"n": "005", "fun": "close", "head": "T20n1177A_p0752a17", "title": "大乘瑜伽金剛性海曼殊室利千臂千鉢大教\n王經卷第五"}, {"n": "006", "fun": "open", "head": "T20n1177A_p0752a21", "title": "大乘瑜伽金剛性海曼殊室利千\n臂千鉢大教王經卷第六"}, {"n": "006", "fun": "close", "head": "T20n1177A_p0756c28", "title": "大乘瑜伽金剛性海曼殊室利千臂千鉢大教\n王經卷第六"}, {"n": "007", "fun": "open", "head": "T20n1177A_p0757a02", "title": "大乘瑜伽金剛性海曼殊室利千\n臂千鉢大教王經卷第七"}, {"n": "007", "fun": "close", "head": "T20n1177A_p0762c15", "title": "大乘瑜伽金剛性海曼殊室利千臂千鉢大教\n王經卷第七"}, {"n": "008", "fun": "open", "head": "T20n1177A_p0762c19", "title": "大乘瑜伽金剛性海曼殊室利\n千臂千鉢大教王經卷第八"}, {"n": "008", "fun": "close", "head": "T20n1177A_p0767a10", "title": "大乘瑜伽金剛性海曼殊室利千臂千鉢大教\n王經卷第八"}, {"n": "009", "fun": "open", "head": "T20n1177A_p0767a14", "title": "大乘瑜伽金剛性海曼殊室利千\n臂千鉢大教王經卷第九"}, {"n": "009", "fun": "close", "head": "T20n1177A_p0772b25", "title": "大乘瑜伽金剛性海曼殊室利千臂千鉢大教\n王經卷第九"}, {"n": "010", "fun": "open", "head": "T20n1177A_p0772c02", "title": "大乘瑜伽金剛性海曼殊室利千\n臂千鉢大教王經卷第十"}, {"n": "010", "fun": "close", "head": "T20n1177A_p0775c25", "title": "大乘瑜伽金剛性海曼殊室利千臂千鉢大教\n王經卷第十"}]