[{"n": "001", "fun": "open", "head": "T20n1092_p0227a03"}, {"n": "001", "fun": "close", "head": "T20n1092_p0232c08"}, {"n": "002", "fun": "open", "head": "T20n1092_p0234a02"}, {"n": "002", "fun": "close", "head": "T20n1092_p0239c13"}, {"n": "003", "fun": "open", "head": "T20n1092_p0239c17"}, {"n": "003", "fun": "close", "head": "T20n1092_p0245a12"}, {"n": "004", "fun": "open", "head": "T20n1092_p0245a14"}, {"n": "004", "fun": "close", "head": "T20n1092_p0250a12"}, {"n": "005", "fun": "open", "head": "T20n1092_p0250a15"}, {"n": "005", "fun": "close", "head": "T20n1092_p0254c13"}, {"n": "006", "fun": "open", "head": "T20n1092_p0254c17"}, {"n": "006", "fun": "close", "head": "T20n1092_p0259c22"}, {"n": "007", "fun": "open", "head": "T20n1092_p0259c25"}, {"n": "007", "fun": "close", "head": "T20n1092_p0265b01"}, {"n": "008", "fun": "open", "head": "T20n1092_p0265b04"}, {"n": "008", "fun": "close", "head": "T20n1092_p0269c13"}, {"n": "009", "fun": "open", "head": "T20n1092_p0269c16"}, {"n": "009", "fun": "close", "head": "T20n1092_p0275b12"}, {"n": "010", "fun": "open", "head": "T20n1092_p0275b16"}, {"n": "010", "fun": "close", "head": "T20n1092_p0279b27"}, {"n": "011", "fun": "open", "head": "T20n1092_p0279c02"}, {"n": "011", "fun": "close", "head": "T20n1092_p0285a23"}, {"n": "012", "fun": "open", "head": "T20n1092_p0285b02"}, {"n": "012", "fun": "close", "head": "T20n1092_p0291b08"}, {"n": "013", "fun": "open", "head": "T20n1092_p0291b11"}, {"n": "013", "fun": "close", "head": "T20n1092_p0296a01"}, {"n": "014", "fun": "open", "head": "T20n1092_p0296a04"}, {"n": "014", "fun": "close", "head": "T20n1092_p0301b20"}, {"n": "015", "fun": "open", "head": "T20n1092_p0301b23"}, {"n": "015", "fun": "close", "head": "T20n1092_p0308a06"}, {"n": "016", "fun": "open", "head": "T20n1092_p0308a09"}, {"n": "016", "fun": "close", "head": "T20n1092_p0312b23"}, {"n": "017", "fun": "open", "head": "T20n1092_p0312c02"}, {"n": "017", "fun": "close", "head": "T20n1092_p0318c24"}, {"n": "018", "fun": "open", "head": "T20n1092_p0319a02"}, {"n": "018", "fun": "close", "head": "T20n1092_p0325a13"}, {"n": "019", "fun": "open", "head": "T20n1092_p0325a16"}, {"n": "019", "fun": "close", "head": "T20n1092_p0332a23"}, {"n": "020", "fun": "open", "head": "T20n1092_p0332b02"}, {"n": "020", "fun": "close", "head": "T20n1092_p0339a24"}, {"n": "021", "fun": "open", "head": "T20n1092_p0339b02"}, {"n": "021", "fun": "close", "head": "T20n1092_p0345a01"}, {"n": "022", "fun": "open", "head": "T20n1092_p0345a05"}, {"n": "022", "fun": "close", "head": "T20n1092_p0351b05"}, {"n": "023", "fun": "open", "head": "T20n1092_p0351b08"}, {"n": "023", "fun": "close", "head": "T20n1092_p0358b17"}, {"n": "024", "fun": "open", "head": "T20n1092_p0358b20"}, {"n": "024", "fun": "close", "head": "T20n1092_p0364c17"}, {"n": "025", "fun": "open", "head": "T20n1092_p0364c20"}, {"n": "025", "fun": "close", "head": "T20n1092_p0370b10"}, {"n": "026", "fun": "open", "head": "T20n1092_p0370b13"}, {"n": "026", "fun": "close", "head": "T20n1092_p0374c16"}, {"n": "027", "fun": "open", "head": "T20n1092_p0374c19"}, {"n": "027", "fun": "close", "head": "T20n1092_p0379b21"}, {"n": "028", "fun": "open", "head": "T20n1092_p0379b24"}, {"n": "028", "fun": "close", "head": "T20n1092_p0386a24"}, {"n": "029", "fun": "open", "head": "T20n1092_p0386b02"}, {"n": "029", "fun": "close", "head": "T20n1092_p0393a15"}, {"n": "030", "fun": "open", "head": "T20n1092_p0393a18"}, {"n": "030", "fun": "close", "head": "T20n1092_p0398c29"}]