[{"n": "001", "fun": "open", "head": "T20n1192_p0905a03"}, {"n": "001", "fun": "close", "head": "T20n1192_p0910c14"}, {"n": "002", "fun": "open", "head": "T20n1192_p0910c16"}, {"n": "002", "fun": "close", "head": "T20n1192_p0915b22"}, {"n": "003", "fun": "open", "head": "T20n1192_p0915c02"}, {"n": "003", "fun": "close", "head": "T20n1192_p0924a14"}, {"n": "004", "fun": "open", "head": "T20n1192_p0924a17"}, {"n": "004", "fun": "close", "head": "T20n1192_p0927c04"}, {"n": "005", "fun": "open", "head": "T20n1192_p0927c07"}, {"n": "005", "fun": "close", "head": "T20n1192_p0930a14"}]