[{"n": "001", "fun": "open", "head": "T20n1191_p0835a03"}, {"n": "001", "fun": "close", "head": "T20n1191_p0839b27"}, {"n": "002", "fun": "open", "head": "T20n1191_p0840a02"}, {"n": "002", "fun": "close", "head": "T20n1191_p0845a25"}, {"n": "003", "fun": "open", "head": "T20n1191_p0845b02"}, {"n": "003", "fun": "close", "head": "T20n1191_p0848c06"}, {"n": "004", "fun": "open", "head": "T20n1191_p0848c09"}, {"n": "004", "fun": "close", "head": "T20n1191_p0853a18"}, {"n": "005", "fun": "open", "head": "T20n1191_p0853a21"}, {"n": "005", "fun": "close", "head": "T20n1191_p0856c13"}, {"n": "006", "fun": "open", "head": "T20n1191_p0856c16"}, {"n": "006", "fun": "close", "head": "T20n1191_p0860a05"}, {"n": "007", "fun": "open", "head": "T20n1191_p0860a08"}, {"n": "007", "fun": "close", "head": "T20n1191_p0863a23"}, {"n": "008", "fun": "open", "head": "T20n1191_p0863b02"}, {"n": "008", "fun": "close", "head": "T20n1191_p0866b08"}, {"n": "009", "fun": "open", "head": "T20n1191_p0866b11"}, {"n": "009", "fun": "close", "head": "T20n1191_p0869b18"}, {"n": "010", "fun": "open", "head": "T20n1191_p0869b21"}, {"n": "010", "fun": "close", "head": "T20n1191_p0872b13"}, {"n": "011", "fun": "open", "head": "T20n1191_p0873a02"}, {"n": "011", "fun": "close", "head": "T20n1191_p0876c12"}, {"n": "012", "fun": "open", "head": "T20n1191_p0876c16"}, {"n": "012", "fun": "close", "head": "T20n1191_p0880b26"}, {"n": "013", "fun": "open", "head": "T20n1191_p0880c02"}, {"n": "013", "fun": "close", "head": "T20n1191_p0883c15"}, {"n": "014", "fun": "open", "head": "T20n1191_p0883c19"}, {"n": "014", "fun": "close", "head": "T20n1191_p0887a28"}, {"n": "015", "fun": "open", "head": "T20n1191_p0887b02"}, {"n": "015", "fun": "close", "head": "T20n1191_p0890b07"}, {"n": "016", "fun": "open", "head": "T20n1191_p0890b11"}, {"n": "016", "fun": "close", "head": "T20n1191_p0894a10"}, {"n": "017", "fun": "open", "head": "T20n1191_p0894a14"}, {"n": "017", "fun": "close", "head": "T20n1191_p0897a18"}, {"n": "018", "fun": "open", "head": "T20n1191_p0897a22"}, {"n": "018", "fun": "close", "head": "T20n1191_p0900a01"}, {"n": "019", "fun": "open", "head": "T20n1191_p0900a05"}, {"n": "019", "fun": "close", "head": "T20n1191_p0902a16"}, {"n": "020", "fun": "open", "head": "T20n1191_p0902a20"}, {"n": "020", "fun": "close", "head": "T20n1191_p0904a06"}]