[{"n": "001", "fun": "open", "head": "T20n1169_p0677b24", "title": "佛說持明藏瑜伽大教尊那菩薩\n大明成就儀軌經卷第一"}, {"n": "001", "fun": "close", "head": "T20n1169_p0680b24", "title": "佛說持明藏瑜伽大教尊那菩薩大明成就儀\n軌經卷第一"}, {"n": "002", "fun": "open", "head": "T20n1169_p0680c02", "title": "佛說持明藏瑜伽大教尊那菩\n薩大明成就儀軌經卷第二"}, {"n": "002", "fun": "close", "head": "T20n1169_p0684b26", "title": "佛說持明藏瑜伽大教尊那菩薩大明成就儀\n軌經卷第二"}, {"n": "003", "fun": "open", "head": "T20n1169_p0684c02", "title": "佛說持明藏瑜伽大教尊那菩薩\n大明成就儀軌經卷第三"}, {"n": "003", "fun": "close", "head": "T20n1169_p0687c21", "title": "佛說持明藏瑜伽大教尊那菩薩大明成就儀\n軌經卷第三"}, {"n": "004", "fun": "open", "head": "T20n1169_p0688a02", "title": "佛說持明藏瑜伽大教尊那菩薩\n大明成就儀軌經卷第四"}, {"n": "004", "fun": "close", "head": "T20n1169_p0691c10", "title": "佛說持明藏瑜伽大教尊那菩薩大明成就儀\n軌經卷第四"}]