[{"n": "001", "fun": "open", "head": "T20n1056_p0072a03", "title": "金剛頂瑜伽千手千眼觀自在菩\n薩修行儀軌經卷上"}, {"n": "001", "fun": "close", "head": "T20n1056_p0077a21", "title": "金剛頂瑜伽千手千眼觀自在菩薩修行儀軌\n經卷上"}, {"n": "002", "fun": "open", "head": "T20n1056_p0077b02", "title": "金剛頂瑜伽千手千眼觀自在菩\n薩修行儀軌經卷下"}, {"n": "002", "fun": "close", "head": "T20n1056_p0082a24", "title": "金剛頂瑜伽千手千眼觀自在菩薩修行儀軌\n經卷下"}]