[{"n": "001", "fun": "open", "head": "T20n1092_p0227a03", "title": "不空羂索神變真言經卷第一"}, {"n": "001", "fun": "close", "head": "T20n1092_p0232c08", "title": "不空羂索神變真言經卷第一"}, {"n": "002", "fun": "open", "head": "T20n1092_p0234a02", "title": "不空羂索神變真言經卷第二"}, {"n": "002", "fun": "close", "head": "T20n1092_p0239c13", "title": "不空羂索神變真言經卷第二"}, {"n": "003", "fun": "open", "head": "T20n1092_p0239c17", "title": "不空羂索神變真言經卷第三"}, {"n": "003", "fun": "close", "head": "T20n1092_p0245a12", "title": "不空羂索神變真言經卷第三"}, {"n": "004", "fun": "open", "head": "T20n1092_p0245a14", "title": "不空羂索神變真言經卷第四"}, {"n": "004", "fun": "close", "head": "T20n1092_p0250a12", "title": "不空羂索神變真言經卷第四"}, {"n": "005", "fun": "open", "head": "T20n1092_p0250a15", "title": "不空羂索神變真言經卷第五"}, {"n": "005", "fun": "close", "head": "T20n1092_p0254c13", "title": "不空羂索神變真言經卷第五"}, {"n": "006", "fun": "open", "head": "T20n1092_p0254c17", "title": "不空羂索神變真言經卷第六"}, {"n": "006", "fun": "close", "head": "T20n1092_p0259c22", "title": "不空羂索神變真言經卷第六"}, {"n": "007", "fun": "open", "head": "T20n1092_p0259c25", "title": "不空羂索神變真言經卷第七"}, {"n": "007", "fun": "close", "head": "T20n1092_p0265b01", "title": "不空羂索神變真言經卷第七"}, {"n": "008", "fun": "open", "head": "T20n1092_p0265b04", "title": "不空羂索神變真言經卷第八"}, {"n": "008", "fun": "close", "head": "T20n1092_p0269c13", "title": "不空羂索神變真言經卷第八"}, {"n": "009", "fun": "open", "head": "T20n1092_p0269c16", "title": "不空羂索神變真言經卷第九"}, {"n": "009", "fun": "close", "head": "T20n1092_p0275b12", "title": "不空羂索神變真言經卷第九"}, {"n": "010", "fun": "open", "head": "T20n1092_p0275b16", "title": "不空羂索神變真言經卷第十"}, {"n": "010", "fun": "close", "head": "T20n1092_p0279b27", "title": "不空羂索神變真言經卷第十"}, {"n": "011", "fun": "open", "head": "T20n1092_p0279c02", "title": "不空羂索神變真言經卷第十一"}, {"n": "011", "fun": "close", "head": "T20n1092_p0285a23", "title": "不空羂索神變真言經卷第十一"}, {"n": "012", "fun": "open", "head": "T20n1092_p0285b02", "title": "不空羂索神變真言經卷第十二"}, {"n": "012", "fun": "close", "head": "T20n1092_p0291b08", "title": "不空羂索神變真言經卷第十二"}, {"n": "013", "fun": "open", "head": "T20n1092_p0291b11", "title": "不空羂索神變真言經卷第十三"}, {"n": "013", "fun": "close", "head": "T20n1092_p0296a01", "title": "不空羂索神變真言經卷第十三"}, {"n": "014", "fun": "open", "head": "T20n1092_p0296a04", "title": "不空羂索神變真言經卷第十四"}, {"n": "014", "fun": "close", "head": "T20n1092_p0301b20", "title": "不空羂索神變真言經卷第十四"}, {"n": "015", "fun": "open", "head": "T20n1092_p0301b23", "title": "不空羂索神變真言經卷第十五"}, {"n": "015", "fun": "close", "head": "T20n1092_p0308a06", "title": "不空羂索神變真言經卷第十五"}, {"n": "016", "fun": "open", "head": "T20n1092_p0308a09", "title": "不空羂索神變真言經卷第十六"}, {"n": "016", "fun": "close", "head": "T20n1092_p0312b23", "title": "不空羂索神變真言經卷第十六"}, {"n": "017", "fun": "open", "head": "T20n1092_p0312c02", "title": "不空羂索神變真言經卷第十七"}, {"n": "017", "fun": "close", "head": "T20n1092_p0318c24", "title": "不空羂索神變真言經卷第十七"}, {"n": "018", "fun": "open", "head": "T20n1092_p0319a02", "title": "不空羂索神變真言經卷第十八"}, {"n": "018", "fun": "close", "head": "T20n1092_p0325a13", "title": "不空羂索神變真言經卷第十八"}, {"n": "019", "fun": "open", "head": "T20n1092_p0325a16", "title": "不空羂索神變真言經卷第十九"}, {"n": "019", "fun": "close", "head": "T20n1092_p0332a23", "title": "不空羂索神變真言經卷第十九"}, {"n": "020", "fun": "open", "head": "T20n1092_p0332b02", "title": "不空羂索神變真言經卷第二十"}, {"n": "020", "fun": "close", "head": "T20n1092_p0339a24", "title": "不空羂索神變真言經卷第二十"}, {"n": "021", "fun": "open", "head": "T20n1092_p0339b02", "title": "不空羂索神變真言經卷第二十\n一"}, {"n": "021", "fun": "close", "head": "T20n1092_p0345a01", "title": "不空羂索神變真言經卷第二十一"}, {"n": "022", "fun": "open", "head": "T20n1092_p0345a05", "title": "不空羂索神變真言經卷第二十\n二"}, {"n": "022", "fun": "close", "head": "T20n1092_p0351b05", "title": "不空羂索神變真言經卷第二十二"}, {"n": "023", "fun": "open", "head": "T20n1092_p0351b08", "title": "不空羂索神變真言經卷第二十\n三"}, {"n": "023", "fun": "close", "head": "T20n1092_p0358b17", "title": "不空羂索神變真言經卷第二十三"}, {"n": "024", "fun": "open", "head": "T20n1092_p0358b20", "title": "不空羂索神變真言經卷第二十\n四"}, {"n": "024", "fun": "close", "head": "T20n1092_p0364c17", "title": "不空羂索神變真言經卷第二十四"}, {"n": "025", "fun": "open", "head": "T20n1092_p0364c20", "title": "不空羂索神變真言經卷第二十\n五"}, {"n": "025", "fun": "close", "head": "T20n1092_p0370b10", "title": "不空羂索神變真言經卷第二十五"}, {"n": "026", "fun": "open", "head": "T20n1092_p0370b13", "title": "不空羂索神變真言經卷第二十\n六"}, {"n": "026", "fun": "close", "head": "T20n1092_p0374c16", "title": "不空羂索神變真言經卷第二十六"}, {"n": "027", "fun": "open", "head": "T20n1092_p0374c19", "title": "不空羂索神變真言經卷第二十\n七"}, {"n": "027", "fun": "close", "head": "T20n1092_p0379b21", "title": "不空羂索神變真言經卷第二十七"}, {"n": "028", "fun": "open", "head": "T20n1092_p0379b24", "title": "不空羂索神變真言經卷第二十\n八"}, {"n": "028", "fun": "close", "head": "T20n1092_p0386a24", "title": "不空羂索神變真言經卷第二十八"}, {"n": "029", "fun": "open", "head": "T20n1092_p0386b02", "title": "不空羂索神變真言經卷第二十\n九"}, {"n": "029", "fun": "close", "head": "T20n1092_p0393a15", "title": "不空羂索神變真言經卷第二十九"}, {"n": "030", "fun": "open", "head": "T20n1092_p0393a18", "title": "不空羂索神變真言經卷第三十"}, {"n": "030", "fun": "close", "head": "T20n1092_p0398c29", "title": "不空羂索神變真言經卷第三十"}]