[{"level": "1", "n": "", "type": "其他", "text": "第十四品　蘊之解釋", "head": "N69n0035_p0001a01"}, {"level": "2", "n": "", "type": "其他", "text": "慧之總說", "head": "N69n0035_p0001a03"}, {"level": "3", "n": "", "type": "其他", "text": "一　何者是慧耶", "head": "N69n0035_p0002a03"}, {"level": "3", "n": "", "type": "其他", "text": "二　依何義為〔其〕慧耶", "head": "N69n0035_p0002a06"}, {"level": "3", "n": "", "type": "其他", "text": "三　何者是其相、味、現起、足處耶", "head": "N69n0035_p0004a01"}, {"level": "3", "n": "", "type": "其他", "text": "四　慧有幾種耶", "head": "N69n0035_p0004a05"}, {"level": "4", "n": "", "type": "其他", "text": "（一）一法（一種）", "head": "N69n0035_p0004a14"}, {"level": "4", "n": "", "type": "其他", "text": "（二）二法（五種）", "head": "N69n0035_p0005a01"}, {"level": "4", "n": "", "type": "其他", "text": "（三）三法（四種）", "head": "N69n0035_p0006a02"}, {"level": "4", "n": "", "type": "其他", "text": "（四）四法（二種）", "head": "N69n0035_p0007a14"}, {"level": "3", "n": "", "type": "其他", "text": "五　〔其〕應云何修習耶", "head": "N69n0035_p0011a06"}, {"level": "2", "n": "", "type": "其他", "text": "慧地之解釋", "head": "N69n0035_p0014a12"}, {"level": "3", "n": "", "type": "其他", "text": "慧地之一、五蘊之解釋", "head": "N69n0035_p0014a13"}, {"level": "4", "n": "", "type": "其他", "text": "一　色蘊", "head": "N69n0035_p0015a03"}, {"level": "5", "n": "", "type": "其他", "text": "　（一）二十四所造色之說明", "head": "N69n0035_p0015a13"}, {"level": "5", "n": "", "type": "其他", "text": "　（二）色之一法乃至五法", "head": "N69n0035_p0026a01"}, {"level": "4", "n": "", "type": "其他", "text": "二　識蘊", "head": "N69n0035_p0031a13"}, {"level": "5", "n": "", "type": "其他", "text": "　（一）八十九心", "head": "N69n0035_p0032a06"}, {"level": "5", "n": "", "type": "其他", "text": "　（二）八十九心之十四心作用", "head": "N69n0035_p0040a11"}, {"level": "4", "n": "", "type": "其他", "text": "三　受蘊", "head": "N69n0035_p0048a03"}, {"level": "4", "n": "", "type": "其他", "text": "四　想蘊", "head": "N69n0035_p0049a12"}, {"level": "4", "n": "", "type": "其他", "text": "五　行蘊", "head": "N69n0035_p0051a02"}, {"level": "5", "n": "", "type": "其他", "text": "　（一）與諸善心相應之行", "head": "N69n0035_p0051a09"}, {"level": "5", "n": "", "type": "其他", "text": "　（二）與諸不善心相應之行", "head": "N69n0035_p0059a09"}, {"level": "5", "n": "", "type": "其他", "text": "　（三）與諸異熟無記心相應之行", "head": "N69n0035_p0064a10"}, {"level": "5", "n": "", "type": "其他", "text": "　（四）與諸唯作無記心相應之行", "head": "N69n0035_p0065a09"}, {"level": "4", "n": "", "type": "其他", "text": "六　關於五蘊之雜論", "head": "N69n0035_p0069a04"}, {"level": "5", "n": "", "type": "其他", "text": "（一）五蘊經文句之解釋", "head": "N69n0035_p0069a05"}, {"level": "5", "n": "", "type": "其他", "text": "（二）關於五蘊諸決定說", "head": "N69n0035_p0075a14"}, {"level": "6", "n": "", "type": "其他", "text": "一　由順序", "head": "N69n0035_p0076a05"}, {"level": "6", "n": "", "type": "其他", "text": "二　由差別", "head": "N69n0035_p0077a09"}, {"level": "6", "n": "", "type": "其他", "text": "三　由不增減", "head": "N69n0035_p0078a06"}, {"level": "6", "n": "", "type": "其他", "text": "四　由譬喻", "head": "N69n0035_p0079a01"}, {"level": "6", "n": "", "type": "其他", "text": "五　由二種之所見", "head": "N69n0035_p0079a08"}, {"level": "6", "n": "", "type": "其他", "text": "六　由如斯見者之作就", "head": "N69n0035_p0080a02"}, {"level": "1", "n": "", "type": "其他", "text": "第十五品　處、界之解釋", "head": "N69n0035_p0085a04"}, {"level": "2", "n": "", "type": "其他", "text": "一　慧地之二　十二處之解釋", "head": "N69n0035_p0085a06"}, {"level": "3", "n": "", "type": "其他", "text": "（一）由義", "head": "N69n0035_p0085a11"}, {"level": "3", "n": "", "type": "其他", "text": "（二）由相", "head": "N69n0035_p0087a10"}, {"level": "3", "n": "", "type": "其他", "text": "（三）由限量", "head": "N69n0035_p0087a12"}, {"level": "3", "n": "", "type": "其他", "text": "（四）由順序", "head": "N69n0035_p0088a05"}, {"level": "3", "n": "", "type": "其他", "text": "（五）由簡略、詳細", "head": "N69n0035_p0088a11"}, {"level": "3", "n": "", "type": "其他", "text": "（六）由所見", "head": "N69n0035_p0089a07"}, {"level": "2", "n": "", "type": "其他", "text": "二　慧地之三　十八界之解釋", "head": "N69n0035_p0091a11"}, {"level": "3", "n": "", "type": "其他", "text": "（一）由義", "head": "N69n0035_p0092a03"}, {"level": "3", "n": "", "type": "其他", "text": "（二）由相等", "head": "N69n0035_p0093a07"}, {"level": "3", "n": "", "type": "其他", "text": "（三）由順序", "head": "N69n0035_p0093a09"}, {"level": "3", "n": "", "type": "其他", "text": "（四）由限量", "head": "N69n0035_p0093a12"}, {"level": "3", "n": "", "type": "其他", "text": "（五）由數", "head": "N69n0035_p0096a07"}, {"level": "3", "n": "", "type": "其他", "text": "（六）由緣", "head": "N69n0035_p0096a13"}, {"level": "3", "n": "", "type": "其他", "text": "（七）由所見", "head": "N69n0035_p0098a04"}, {"level": "1", "n": "", "type": "其他", "text": "第十六品　根、諦之解釋", "head": "N69n0035_p0101a01"}, {"level": "2", "n": "", "type": "其他", "text": "一　慧地之四　二十二根之解釋", "head": "N69n0035_p0101a03"}, {"level": "3", "n": "", "type": "其他", "text": "（一）由義", "head": "N69n0035_p0101a09"}, {"level": "3", "n": "", "type": "其他", "text": "（二）由相等", "head": "N69n0035_p0102a14"}, {"level": "3", "n": "", "type": "其他", "text": "（三）由順序", "head": "N69n0035_p0103a03"}, {"level": "3", "n": "", "type": "其他", "text": "（四）由別、無別", "head": "N69n0035_p0103a13"}, {"level": "3", "n": "", "type": "其他", "text": "（五）由作用", "head": "N69n0035_p0104a01"}, {"level": "3", "n": "", "type": "其他", "text": "（六）由地", "head": "N69n0035_p0105a02"}, {"level": "2", "n": "", "type": "其他", "text": "二　慧地之五　四諦之解釋", "head": "N69n0035_p0106a05"}, {"level": "3", "n": "", "type": "其他", "text": "（一）由分別", "head": "N69n0035_p0106a14"}, {"level": "3", "n": "", "type": "其他", "text": "（二）由語之分解", "head": "N69n0035_p0107a08"}, {"level": "3", "n": "", "type": "其他", "text": "（三）由相等", "head": "N69n0035_p0109a02"}, {"level": "3", "n": "", "type": "其他", "text": "（四）由義", "head": "N69n0035_p0109a08"}, {"level": "3", "n": "", "type": "其他", "text": "（五）由義之要略", "head": "N69n0035_p0110a10"}, {"level": "3", "n": "", "type": "其他", "text": "（六）由不增減", "head": "N69n0035_p0111a08"}, {"level": "3", "n": "", "type": "其他", "text": "（七）由順序", "head": "N69n0035_p0112a05"}, {"level": "3", "n": "", "type": "其他", "text": "（八）由生等之決定", "head": "N69n0035_p0114a12"}, {"level": "4", "n": "", "type": "其他", "text": "一　苦之解釋", "head": "N69n0035_p0115a07"}, {"level": "4", "n": "", "type": "其他", "text": "二　集之解釋", "head": "N69n0035_p0126a09"}, {"level": "4", "n": "", "type": "其他", "text": "三　苦滅之解釋", "head": "N69n0035_p0127a02"}, {"level": "4", "n": "", "type": "其他", "text": "四　至苦滅道之解釋", "head": "N69n0035_p0131a07"}, {"level": "3", "n": "", "type": "其他", "text": "（九）由智之作用", "head": "N69n0035_p0137a01"}, {"level": "3", "n": "", "type": "其他", "text": "（一〇）由內含者之區別", "head": "N69n0035_p0138a01"}, {"level": "3", "n": "", "type": "其他", "text": "（一一）由譬喻", "head": "N69n0035_p0138a12"}, {"level": "3", "n": "", "type": "其他", "text": "（一二）由四法", "head": "N69n0035_p0139a05"}, {"level": "3", "n": "", "type": "其他", "text": "（一三）由空", "head": "N69n0035_p0139a14"}, {"level": "3", "n": "", "type": "其他", "text": "（一四）由一種等", "head": "N69n0035_p0140a14"}, {"level": "3", "n": "", "type": "其他", "text": "（一五）由同分異分", "head": "N69n0035_p0143a13"}, {"level": "1", "n": "", "type": "其他", "text": "第十七品　慧地之解釋", "head": "N69n0035_p0146a11"}, {"level": "2", "n": "", "type": "其他", "text": "慧地之六、緣起之解釋", "head": "N69n0035_p0146a13"}, {"level": "3", "n": "", "type": "其他", "text": "一　緣起語義之一", "head": "N69n0035_p0147a10"}, {"level": "3", "n": "", "type": "其他", "text": "二　緣起語義之二", "head": "N69n0035_p0151a04"}, {"level": "3", "n": "", "type": "其他", "text": "三　各緣起支之解釋", "head": "N69n0035_p0155a03"}, {"level": "4", "n": "", "type": "其他", "text": "（一）依無明之緣而有行", "head": "N69n0035_p0156a07"}, {"level": "5", "n": "", "type": "其他", "text": "一　由說示之別", "head": "N69n0035_p0156a10"}, {"level": "5", "n": "", "type": "其他", "text": "二　由義", "head": "N69n0035_p0160a08"}, {"level": "5", "n": "", "type": "其他", "text": "三　由相等", "head": "N69n0035_p0163a04"}, {"level": "5", "n": "", "type": "其他", "text": "四　由一種等", "head": "N69n0035_p0164a02"}, {"level": "5", "n": "", "type": "其他", "text": "五　由支之差別", "head": "N69n0035_p0165a04"}, {"level": "6", "n": "", "type": "其他", "text": "（甲）二十四緣之說明", "head": "N69n0035_p0168a11"}, {"level": "6", "n": "", "type": "其他", "text": "（乙）無明緣行之關係", "head": "N69n0035_p0181a07"}, {"level": "4", "n": "", "type": "其他", "text": "（二）依行之緣而有識", "head": "N69n0035_p0196a13"}, {"level": "5", "n": "", "type": "其他", "text": "一　行與識之關係", "head": "N69n0035_p0197a08"}, {"level": "5", "n": "", "type": "其他", "text": "二　異熟識轉起、結生之活動", "head": "N69n0035_p0198a10"}, {"level": "5", "n": "", "type": "其他", "text": "三　三界諸趣之業與結生", "head": "N69n0035_p0200a13"}, {"level": "5", "n": "", "type": "其他", "text": "四　結生識與諸色法之關係", "head": "N69n0035_p0206a07"}, {"level": "5", "n": "", "type": "其他", "text": "五　行識與緣之關係", "head": "N69n0035_p0214a10"}, {"level": "4", "n": "", "type": "其他", "text": "（三）依識之緣而有名色", "head": "N69n0035_p0222a12"}, {"level": "5", "n": "", "type": "其他", "text": "一　名色之分別", "head": "N69n0035_p0223a01"}, {"level": "5", "n": "", "type": "其他", "text": "二　於有等轉起", "head": "N69n0035_p0223a04"}, {"level": "5", "n": "", "type": "其他", "text": "三　依此〔名色之〕攝", "head": "N69n0035_p0226a06"}, {"level": "5", "n": "", "type": "其他", "text": "四　此由〔名色之〕緣", "head": "N69n0035_p0227a04"}, {"level": "4", "n": "", "type": "其他", "text": "（四）依名色之緣而有六處", "head": "N69n0035_p0228a14"}, {"level": "5", "n": "", "type": "其他", "text": "一　名之緣", "head": "N69n0035_p0229a13"}, {"level": "5", "n": "", "type": "其他", "text": "二　色之緣", "head": "N69n0035_p0231a09"}, {"level": "5", "n": "", "type": "其他", "text": "三　名色之緣", "head": "N69n0035_p0233a02"}, {"level": "4", "n": "", "type": "其他", "text": "（五）由六處之緣而有觸", "head": "N69n0035_p0233a09"}, {"level": "4", "n": "", "type": "其他", "text": "（六）由觸之緣而有受", "head": "N69n0035_p0236a08"}, {"level": "4", "n": "", "type": "其他", "text": "（七）由受之緣而有渴愛", "head": "N69n0035_p0237a11"}, {"level": "4", "n": "", "type": "其他", "text": "（八）由渴愛之緣而有取", "head": "N69n0035_p0242a12"}, {"level": "5", "n": "", "type": "其他", "text": "一　由義之分別", "head": "N69n0035_p0243a02"}, {"level": "5", "n": "", "type": "其他", "text": "二　由法之廣說", "head": "N69n0035_p0243a09"}, {"level": "5", "n": "", "type": "其他", "text": "三　由順序", "head": "N69n0035_p0245a01"}, {"level": "4", "n": "", "type": "其他", "text": "（九）由取之緣而有有", "head": "N69n0035_p0246a08"}, {"level": "5", "n": "", "type": "其他", "text": "一　由義", "head": "N69n0035_p0246a11"}, {"level": "5", "n": "", "type": "其他", "text": "二　由法", "head": "N69n0035_p0247a01"}, {"level": "5", "n": "", "type": "其他", "text": "三　由有意義", "head": "N69n0035_p0248a01"}, {"level": "5", "n": "", "type": "其他", "text": "四　由區分", "head": "N69n0035_p0248a10"}, {"level": "5", "n": "", "type": "其他", "text": "五　由包攝", "head": "N69n0035_p0249a03"}, {"level": "5", "n": "", "type": "其他", "text": "六　又何者為何之緣耶", "head": "N69n0035_p0249a11"}, {"level": "5", "n": "", "type": "其他", "text": "七　何取對何有而何樣為緣耶", "head": "N69n0035_p0251a11"}, {"level": "4", "n": "", "type": "其他", "text": "（一〇）由有之緣而有生", "head": "N69n0035_p0252a05"}, {"level": "4", "n": "", "type": "其他", "text": "（一一）由生之緣而有老死等", "head": "N69n0035_p0252a05"}, {"level": "3", "n": "", "type": "其他", "text": "四　十二緣起之雜論", "head": "N69n0035_p0255a01"}, {"level": "4", "n": "", "type": "其他", "text": "（一）十二緣起之特質", "head": "N69n0035_p0255a02"}, {"level": "5", "n": "", "type": "其他", "text": "一　由愁等而成就無明", "head": "N69n0035_p0255a10"}, {"level": "5", "n": "", "type": "其他", "text": "二　此有輪不知其始", "head": "N69n0035_p0256a11"}, {"level": "5", "n": "", "type": "其他", "text": "三　無作者無受者", "head": "N69n0035_p0257a07"}, {"level": "5", "n": "", "type": "其他", "text": "四　十二種之空性故空", "head": "N69n0035_p0257a11"}, {"level": "4", "n": "", "type": "其他", "text": "（二）三世兩重之因果", "head": "N69n0035_p0258a01"}, {"level": "5", "n": "", "type": "其他", "text": "一　二種有輪、三時", "head": "N69n0035_p0258a01"}, {"level": "5", "n": "", "type": "其他", "text": "二　三連結、四攝", "head": "N69n0035_p0258a13"}, {"level": "5", "n": "", "type": "其他", "text": "三　三十行相之輻", "head": "N69n0035_p0259a10"}, {"level": "5", "n": "", "type": "其他", "text": "四　三輪轉", "head": "N69n0035_p0262a03"}, {"level": "4", "n": "", "type": "其他", "text": "（三）緣起之決定說", "head": "N69n0035_p0262a07"}, {"level": "5", "n": "", "type": "其他", "text": "一　由諦之發生", "head": "N69n0035_p0262a10"}, {"level": "5", "n": "", "type": "其他", "text": "二　由作用", "head": "N69n0035_p0263a03"}, {"level": "5", "n": "", "type": "其他", "text": "三　由遮止", "head": "N69n0035_p0263a12"}, {"level": "5", "n": "", "type": "其他", "text": "四　由譬喻", "head": "N69n0035_p0264a02"}, {"level": "5", "n": "", "type": "其他", "text": "五　由甚深之差別", "head": "N69n0035_p0265a06"}, {"level": "5", "n": "", "type": "其他", "text": "六　由理法之差別", "head": "N69n0035_p0267a05"}, {"level": "1", "n": "", "type": "其他", "text": "第十八品　見清淨之解釋", "head": "N69n0035_p0272a02"}, {"level": "2", "n": "", "type": "其他", "text": "慧體之一　見清淨", "head": "N69n0035_p0272a04"}, {"level": "3", "n": "", "type": "其他", "text": "一　名色之觀察", "head": "N69n0035_p0272a11"}, {"level": "4", "n": "", "type": "其他", "text": "（一）簡略法", "head": "N69n0035_p0272a11"}, {"level": "4", "n": "", "type": "其他", "text": "（二）四界差別法", "head": "N69n0035_p0273a04"}, {"level": "4", "n": "", "type": "其他", "text": "（三）十八界觀察法", "head": "N69n0035_p0274a12"}, {"level": "4", "n": "", "type": "其他", "text": "（四）十二處觀察法", "head": "N69n0035_p0275a13"}, {"level": "4", "n": "", "type": "其他", "text": "（五）五蘊觀察法", "head": "N69n0035_p0276a04"}, {"level": "4", "n": "", "type": "其他", "text": "（六）簡略觀察法", "head": "N69n0035_p0276a13"}, {"level": "3", "n": "", "type": "其他", "text": "二　令現起非色法之方法", "head": "N69n0035_p0277a02"}, {"level": "4", "n": "", "type": "其他", "text": "（一）依觸非色法之現起", "head": "N69n0035_p0278a04"}, {"level": "4", "n": "", "type": "其他", "text": "（二）依受非色法之現起", "head": "N69n0035_p0278a09"}, {"level": "4", "n": "", "type": "其他", "text": "（三）依識非色法之現起", "head": "N69n0035_p0278a14"}, {"level": "3", "n": "", "type": "其他", "text": "三　經典之名色差別與譬喻", "head": "N69n0035_p0280a02"}, {"level": "1", "n": "", "type": "其他", "text": "第十九品　度疑清淨之解釋", "head": "N69n0035_p0291a02"}, {"level": "2", "n": "", "type": "其他", "text": "慧體之二　度疑清淨", "head": "N69n0035_p0291a03"}, {"level": "3", "n": "", "type": "其他", "text": "一　把握名色之緣，其一", "head": "N69n0035_p0291a08"}, {"level": "4", "n": "", "type": "其他", "text": "（一）把握色身之緣", "head": "N69n0035_p0291a13"}, {"level": "4", "n": "", "type": "其他", "text": "（二）把握名身之緣", "head": "N69n0035_p0292a07"}, {"level": "4", "n": "", "type": "其他", "text": "（三）對關於三世捨斷十六種之疑惑", "head": "N69n0035_p0292a09"}, {"level": "3", "n": "", "type": "其他", "text": "二　把握名色之緣，其二", "head": "N69n0035_p0293a05"}, {"level": "3", "n": "", "type": "其他", "text": "三　把握名色之緣，其三", "head": "N69n0035_p0294a01"}, {"level": "3", "n": "", "type": "其他", "text": "四　把握名色之緣，其四", "head": "N69n0035_p0294a06"}, {"level": "3", "n": "", "type": "其他", "text": "五　把握名色之緣，其五", "head": "N69n0035_p0294a08"}, {"level": "4", "n": "", "type": "其他", "text": "業輪轉——十二種之業", "head": "N69n0035_p0294a14"}, {"level": "3", "n": "", "type": "其他", "text": "六　知徧知——法住智", "head": "N69n0035_p0299a03"}, {"level": "1", "n": "", "type": "其他", "text": "第二十品　道非道智見清淨之解釋", "head": "N69n0035_p0303a03"}, {"level": "2", "n": "", "type": "其他", "text": "慧體之三　道非道智見清淨", "head": "N69n0035_p0303a05"}, {"level": "3", "n": "", "type": "其他", "text": "三徧知", "head": "N69n0035_p0303a12"}, {"level": "3", "n": "", "type": "其他", "text": "一　關於聚思惟的聖典", "head": "N69n0035_p0304a12"}, {"level": "3", "n": "", "type": "其他", "text": "二　依五蘊無常等之思惟", "head": "N69n0035_p0307a02"}, {"level": "4", "n": "", "type": "其他", "text": "（一）各思惟之十一種", "head": "N69n0035_p0307a02"}, {"level": "4", "n": "", "type": "其他", "text": "（二）依四十行相思惟五蘊", "head": "N69n0035_p0308a12"}, {"level": "3", "n": "", "type": "其他", "text": "三　色、非色法之思惟法", "head": "N69n0035_p0312a01"}, {"level": "4", "n": "", "type": "其他", "text": "（一）依九行相諸根之銳利化", "head": "N69n0035_p0312a01"}, {"level": "4", "n": "", "type": "其他", "text": "（二）色之思惟法", "head": "N69n0035_p0312a09"}, {"level": "5", "n": "", "type": "其他", "text": "一　業等起色", "head": "N69n0035_p0312a11"}, {"level": "5", "n": "", "type": "其他", "text": "二　心等起色", "head": "N69n0035_p0314a06"}, {"level": "5", "n": "", "type": "其他", "text": "三　食等起色", "head": "N69n0035_p0315a11"}, {"level": "5", "n": "", "type": "其他", "text": "四　時節等起色", "head": "N69n0035_p0316a11"}, {"level": "4", "n": "", "type": "其他", "text": "（三）非色之思惟法", "head": "N69n0035_p0317a11"}, {"level": "5", "n": "", "type": "其他", "text": "一　結生之時", "head": "N69n0035_p0317a13"}, {"level": "5", "n": "", "type": "其他", "text": "二　轉起之時", "head": "N69n0035_p0318a03"}, {"level": "3", "n": "", "type": "其他", "text": "四　三相之提起", "head": "N69n0035_p0321a13"}, {"level": "4", "n": "", "type": "其他", "text": "（一）由色之七法", "head": "N69n0035_p0322a02"}, {"level": "5", "n": "", "type": "其他", "text": "一　由取捨", "head": "N69n0035_p0322a08"}, {"level": "5", "n": "", "type": "其他", "text": "二　由齡之增大而滅沒", "head": "N69n0035_p0323a01"}, {"level": "5", "n": "", "type": "其他", "text": "三　由食所成", "head": "N69n0035_p0329a05"}, {"level": "5", "n": "", "type": "其他", "text": "四　由時節所成", "head": "N69n0035_p0329a12"}, {"level": "5", "n": "", "type": "其他", "text": "五　由業生", "head": "N69n0035_p0330a02"}, {"level": "5", "n": "", "type": "其他", "text": "六　由心等起", "head": "N69n0035_p0330a10"}, {"level": "5", "n": "", "type": "其他", "text": "七　由法性色", "head": "N69n0035_p0332a03"}, {"level": "4", "n": "", "type": "其他", "text": "（二）由非色之七法", "head": "N69n0035_p0333a02"}, {"level": "5", "n": "", "type": "其他", "text": "一　由聚", "head": "N69n0035_p0333a05"}, {"level": "5", "n": "", "type": "其他", "text": "二　由雙", "head": "N69n0035_p0333a13"}, {"level": "5", "n": "", "type": "其他", "text": "三　由剎那", "head": "N69n0035_p0334a03"}, {"level": "5", "n": "", "type": "其他", "text": "四　由順次", "head": "N69n0035_p0334a09"}, {"level": "5", "n": "", "type": "其他", "text": "五　由見之除法", "head": "N69n0035_p0335a02"}, {"level": "5", "n": "", "type": "其他", "text": "六　由慢之除滅", "head": "N69n0035_p0335a02"}, {"level": "5", "n": "", "type": "其他", "text": "七　由取掉欲求", "head": "N69n0035_p0335a02"}, {"level": "3", "n": "", "type": "其他", "text": "五　十八大觀", "head": "N69n0035_p0336a10"}, {"level": "3", "n": "", "type": "其他", "text": "六　生滅隨觀智", "head": "N69n0035_p0338a01"}, {"level": "4", "n": "", "type": "其他", "text": "（一）五蘊生滅觀——五十相", "head": "N69n0035_p0339a01"}, {"level": "4", "n": "", "type": "其他", "text": "（二）由緣與剎那之生滅觀", "head": "N69n0035_p0340a01"}, {"level": "5", "n": "", "type": "其他", "text": "一　四諦之理", "head": "N69n0035_p0340a04"}, {"level": "5", "n": "", "type": "其他", "text": "二　緣起等種種之理", "head": "N69n0035_p0340a12"}, {"level": "3", "n": "", "type": "其他", "text": "七　十之觀隨染", "head": "N69n0035_p0345a06"}, {"level": "4", "n": "", "type": "其他", "text": "（一）光明", "head": "N69n0035_p0346a03"}, {"level": "4", "n": "", "type": "其他", "text": "（二）智", "head": "N69n0035_p0348a06"}, {"level": "4", "n": "", "type": "其他", "text": "（三）喜", "head": "N69n0035_p0348a08"}, {"level": "4", "n": "", "type": "其他", "text": "（四）輕安", "head": "N69n0035_p0348a10"}, {"level": "4", "n": "", "type": "其他", "text": "（五）樂", "head": "N69n0035_p0349a05"}, {"level": "4", "n": "", "type": "其他", "text": "（六）勝解", "head": "N69n0035_p0349a07"}, {"level": "4", "n": "", "type": "其他", "text": "（七）策勵", "head": "N69n0035_p0349a08"}, {"level": "4", "n": "", "type": "其他", "text": "（八）現起", "head": "N69n0035_p0349a10"}, {"level": "4", "n": "", "type": "其他", "text": "（九）捨", "head": "N69n0035_p0349a13"}, {"level": "4", "n": "", "type": "其他", "text": "（十）欲求", "head": "N69n0035_p0350a03"}, {"level": "3", "n": "", "type": "其他", "text": "三諦之差別", "head": "N69n0035_p0352a04"}, {"level": "1", "n": "", "type": "其他", "text": "第二十一品　行道智見清淨之解釋", "head": "N69n0035_p0354a02"}, {"level": "2", "n": "", "type": "其他", "text": "慧體之四　行道智見清淨", "head": "N69n0035_p0354a04"}, {"level": "3", "n": "", "type": "其他", "text": "八智及隨觀智", "head": "N69n0035_p0354a11"}, {"level": "4", "n": "", "type": "其他", "text": "一　生滅隨觀智", "head": "N69n0035_p0354a12"}, {"level": "4", "n": "", "type": "其他", "text": "二　壞隨觀智", "head": "N69n0035_p0356a01"}, {"level": "4", "n": "", "type": "其他", "text": "三　怖畏現起智", "head": "N69n0035_p0361a14"}, {"level": "4", "n": "", "type": "其他", "text": "四　過患隨觀智", "head": "N69n0035_p0364a09"}, {"level": "4", "n": "", "type": "其他", "text": "五　厭離隨觀智", "head": "N69n0035_p0368a14"}, {"level": "5", "n": "", "type": "其他", "text": "關於前三智", "head": "N69n0035_p0369a10"}, {"level": "4", "n": "", "type": "其他", "text": "六　脫欲智", "head": "N69n0035_p0370a01"}, {"level": "4", "n": "", "type": "其他", "text": "七　省察觀察智", "head": "N69n0035_p0370a10"}, {"level": "4", "n": "", "type": "其他", "text": "八　行捨智", "head": "N69n0035_p0375a08"}, {"level": "5", "n": "", "type": "其他", "text": "（一）空性之把握", "head": "N69n0035_p0375a08"}, {"level": "6", "n": "", "type": "其他", "text": "一　由一行相之空性", "head": "N69n0035_p0375a08"}, {"level": "6", "n": "", "type": "其他", "text": "二　由二行相之空性", "head": "N69n0035_p0375a10"}, {"level": "6", "n": "", "type": "其他", "text": "三　由四行相之空性", "head": "N69n0035_p0375a11"}, {"level": "6", "n": "", "type": "其他", "text": "四　由六行相之空性", "head": "N69n0035_p0376a11"}, {"level": "6", "n": "", "type": "其他", "text": "五　由八行相之空性", "head": "N69n0035_p0377a01"}, {"level": "6", "n": "", "type": "其他", "text": "六　由十行相之空性", "head": "N69n0035_p0377a14"}, {"level": "6", "n": "", "type": "其他", "text": "七　由十二行相之空性", "head": "N69n0035_p0378a04"}, {"level": "6", "n": "", "type": "其他", "text": "八　由四十二行相之空性", "head": "N69n0035_p0378a09"}, {"level": "5", "n": "", "type": "其他", "text": "（二）由行捨智之結果", "head": "N69n0035_p0381a05"}, {"level": "6", "n": "", "type": "其他", "text": "一　三解脫門", "head": "N69n0035_p0381a09"}, {"level": "6", "n": "", "type": "其他", "text": "二　七聖者區分之緣", "head": "N69n0035_p0383a12"}, {"level": "5", "n": "", "type": "其他", "text": "（三）行捨智之三名", "head": "N69n0035_p0385a01"}, {"level": "5", "n": "", "type": "其他", "text": "（四）至出起觀", "head": "N69n0035_p0385a13"}, {"level": "5", "n": "", "type": "其他", "text": "（五）至出起觀之譬喻", "head": "N69n0035_p0388a03"}, {"level": "5", "n": "", "type": "其他", "text": "（六）行捨智之決定", "head": "N69n0035_p0393a04"}, {"level": "6", "n": "", "type": "其他", "text": "一　覺支、道支、禪支差別之決定", "head": "N69n0035_p0393a06"}, {"level": "6", "n": "", "type": "其他", "text": "二　行道差別之決定", "head": "N69n0035_p0395a02"}, {"level": "6", "n": "", "type": "其他", "text": "三　解脫差別之決定", "head": "N69n0035_p0395a12"}, {"level": "4", "n": "", "type": "其他", "text": "九　隨順智", "head": "N69n0035_p0397a07"}, {"level": "5", "n": "", "type": "其他", "text": "經文之照合", "head": "N69n0035_p0399a02"}, {"level": "1", "n": "", "type": "其他", "text": "第二十二品　智見清淨之解釋", "head": "N69n0035_p0406a08"}, {"level": "2", "n": "", "type": "其他", "text": "慧體之五　智見清淨", "head": "N69n0035_p0406a09"}, {"level": "3", "n": "", "type": "其他", "text": "一　四道智", "head": "N69n0035_p0406a13"}, {"level": "4", "n": "", "type": "其他", "text": "（一）須陀洹道智", "head": "N69n0035_p0406a13"}, {"level": "5", "n": "", "type": "其他", "text": "一　須陀洹果", "head": "N69n0035_p0410a04"}, {"level": "5", "n": "", "type": "其他", "text": "二　十九之觀察", "head": "N69n0035_p0411a04"}, {"level": "4", "n": "", "type": "其他", "text": "（二）斯陀含道智", "head": "N69n0035_p0412a01"}, {"level": "5", "n": "", "type": "其他", "text": "斯陀含果", "head": "N69n0035_p0412a08"}, {"level": "4", "n": "", "type": "其他", "text": "（三）阿那含道智", "head": "N69n0035_p0412a11"}, {"level": "5", "n": "", "type": "其他", "text": "阿那含果", "head": "N69n0035_p0413a03"}, {"level": "4", "n": "", "type": "其他", "text": "（四）阿羅漢道智", "head": "N69n0035_p0413a06"}, {"level": "5", "n": "", "type": "其他", "text": "阿羅漢果", "head": "N69n0035_p0413a12"}, {"level": "3", "n": "", "type": "其他", "text": "二　智見清淨之威力", "head": "N69n0035_p0415a08"}, {"level": "4", "n": "", "type": "其他", "text": "（一）三十七菩提分之圓滿", "head": "N69n0035_p0415a13"}, {"level": "4", "n": "", "type": "其他", "text": "（二）出起", "head": "N69n0035_p0419a07"}, {"level": "4", "n": "", "type": "其他", "text": "（三）力之結合", "head": "N69n0035_p0420a12"}, {"level": "4", "n": "", "type": "其他", "text": "（四）煩惱之捨斷", "head": "N69n0035_p0421a04"}, {"level": "5", "n": "", "type": "其他", "text": "地與地得之差別", "head": "N69n0035_p0428a08"}, {"level": "4", "n": "", "type": "其他", "text": "（五）作用", "head": "N69n0035_p0431a10"}, {"level": "5", "n": "", "type": "其他", "text": "一　徧知", "head": "N69n0035_p0435a14"}, {"level": "5", "n": "", "type": "其他", "text": "二　捨斷", "head": "N69n0035_p0437a01"}, {"level": "6", "n": "", "type": "其他", "text": "十八大觀之說明", "head": "N69n0035_p0437a08"}, {"level": "5", "n": "", "type": "其他", "text": "三　作證", "head": "N69n0035_p0441a01"}, {"level": "5", "n": "", "type": "其他", "text": "四　修習", "head": "N69n0035_p0441a14"}, {"level": "1", "n": "", "type": "其他", "text": "第二十三品　解釋慧修習之功德", "head": "N69n0035_p0449a07"}, {"level": "2", "n": "", "type": "其他", "text": "六　何為修習之功德耶", "head": "N69n0035_p0449a09"}, {"level": "3", "n": "", "type": "其他", "text": "一　摧破煩惱", "head": "N69n0035_p0449a14"}, {"level": "3", "n": "", "type": "其他", "text": "二　嘗味聖果之味", "head": "N69n0035_p0450a08"}, {"level": "3", "n": "", "type": "其他", "text": "三　入定於滅定之可能性", "head": "N69n0035_p0455a05"}, {"level": "3", "n": "", "type": "其他", "text": "四　成就應供養者等", "head": "N69n0035_p0465a02"}, {"level": "1", "n": "", "type": "其他", "text": "結語", "head": "N69n0035_p0467a04"}]