[{"level": "1", "n": "", "type": "其他", "text": "1 十門分別(上)", "head": "T42n1826_p0212c05"}, {"level": "2", "n": "", "type": "其他", "text": "1 教起所因", "head": "T42n1826_p0212c09"}, {"level": "2", "n": "", "type": "其他", "text": "2 藏部所攝", "head": "T42n1826_p0212c25"}, {"level": "2", "n": "", "type": "其他", "text": "3 顯教分齊", "head": "T42n1826_p0213a04"}, {"level": "2", "n": "", "type": "其他", "text": "4 教所被機", "head": "T42n1826_p0213c24"}, {"level": "2", "n": "", "type": "其他", "text": "5 能詮教體", "head": "T42n1826_p0214a09"}, {"level": "2", "n": "", "type": "其他", "text": "6 所詮宗趣", "head": "T42n1826_p0214a16"}, {"level": "2", "n": "", "type": "其他", "text": "7 造論時代", "head": "T42n1826_p0218c12"}, {"level": "2", "n": "", "type": "其他", "text": "8 傳譯緣起", "head": "T42n1826_p0218c23"}, {"level": "2", "n": "", "type": "其他", "text": "9 釋論題目", "head": "T42n1826_p0219a03"}, {"level": "2", "n": "", "type": "其他", "text": "10 隨文解釋", "head": "T42n1826_p0219b19"}, {"level": "1", "n": "", "type": "其他", "text": "2 開宗解釋", "head": "T42n1826_p0220b05"}, {"level": "2", "n": "", "type": "其他", "text": "1 觀因緣門(上)", "head": "T42n1826_p0220b07"}, {"level": "2", "n": "", "type": "其他", "text": "2 觀有果無果門(下)", "head": "T42n1826_p0221b15"}, {"level": "2", "n": "", "type": "其他", "text": "3 觀緣門(下)", "head": "T42n1826_p0223c04"}, {"level": "2", "n": "", "type": "其他", "text": "4 觀相門(下)", "head": "T42n1826_p0224a21"}, {"level": "2", "n": "", "type": "其他", "text": "5 觀有相無相門(下)", "head": "T42n1826_p0225c25"}, {"level": "2", "n": "", "type": "其他", "text": "6 觀一異門(下)", "head": "T42n1826_p0226a18"}, {"level": "2", "n": "", "type": "其他", "text": "7 觀有無門(下)", "head": "T42n1826_p0226c24"}, {"level": "2", "n": "", "type": "其他", "text": "8 觀性門(下)", "head": "T42n1826_p0227b18"}, {"level": "2", "n": "", "type": "其他", "text": "9 觀因果門(下)", "head": "T42n1826_p0228a22"}, {"level": "2", "n": "", "type": "其他", "text": "10 觀作者門(下)", "head": "T42n1826_p0228b10"}, {"level": "2", "n": "", "type": "其他", "text": "11 觀三時門(下)", "head": "T42n1826_p0229c29"}, {"level": "2", "n": "", "type": "其他", "text": "12 觀生門(下)", "head": "T42n1826_p0230b28"}]