[{"level": "1", "n": "", "type": "序", "text": "百論序疏", "head": "T42n1827_p0232a03"}, {"level": "1", "n": "", "type": "品", "text": "1 捨罪福品(上之上-上之下)", "head": "T42n1827_p0238a27"}, {"level": "1", "n": "", "type": "品", "text": "2 破神品(中之上)", "head": "T42n1827_p0260a22"}, {"level": "1", "n": "", "type": "品", "text": "3 破一品(中之中)", "head": "T42n1827_p0270c23"}, {"level": "1", "n": "", "type": "品", "text": "4 破異品(中之中)", "head": "T42n1827_p0276b07"}, {"level": "1", "n": "", "type": "品", "text": "5 破情品(中之下)", "head": "T42n1827_p0280b26"}, {"level": "1", "n": "", "type": "品", "text": "6 破塵品(中之下)", "head": "T42n1827_p0282c25"}, {"level": "1", "n": "", "type": "品", "text": "7 破因中有果品(下之上)", "head": "T42n1827_p0287b05"}, {"level": "1", "n": "", "type": "品", "text": "8 破因中無果品(下之上)", "head": "T42n1827_p0290b21"}, {"level": "1", "n": "", "type": "品", "text": "9 破常品(下之中)", "head": "T42n1827_p0294a26"}, {"level": "1", "n": "", "type": "品", "text": "10 破空品(下之下)", "head": "T42n1827_p0301c05"}]