[{"level": "1", "n": "", "type": "分", "text": "1 本地分", "head": "T42n1828_p0311a06"}, {"level": "2", "n": "", "type": "其他", "text": "1 五識身相應地(一上)", "head": "T42n1828_p0313c07"}, {"level": "2", "n": "", "type": "其他", "text": "2 意地(一上-一下)", "head": "T42n1828_p0317c23"}, {"level": "2", "n": "", "type": "其他", "text": "3-5 有尋有伺等三地(二上-三下)", "head": "T42n1828_p0336a07"}, {"level": "3", "n": "", "type": "", "text": "1", "head": "T42n1828_p0336a07"}, {"level": "3", "n": "", "type": "", "text": "2", "head": "T42n1828_p0359b09"}, {"level": "2", "n": "", "type": "其他", "text": "6 三摩呬多地(四上-五上)", "head": "T42n1828_p0377c26"}, {"level": "3", "n": "", "type": "", "text": "1", "head": "T42n1828_p0377c26"}, {"level": "3", "n": "", "type": "", "text": "2", "head": "T42n1828_p0399c25"}, {"level": "2", "n": "", "type": "其他", "text": "7 非三摩呬多地(五上)", "head": "T42n1828_p0401c28"}, {"level": "2", "n": "", "type": "其他", "text": "8-9 有心無心二地(五上)", "head": "T42n1828_p0402a29"}, {"level": "2", "n": "", "type": "其他", "text": "10 聞所成地(五上)", "head": "T42n1828_p0403a08"}, {"level": "2", "n": "", "type": "其他", "text": "11 思所成地(五下)", "head": "T42n1828_p0414c06"}, {"level": "2", "n": "", "type": "其他", "text": "12 修所成地(六上)", "head": "T42n1828_p0426a06"}, {"level": "2", "n": "", "type": "其他", "text": "13 聲聞地", "head": "T42n1828_p0430a29"}, {"level": "3", "n": "", "type": "其他", "text": "1 瑜伽處", "head": "T42n1828_p0430b06"}, {"level": "4", "n": "", "type": "其他", "text": "種姓地(六上)", "head": "T42n1828_p0430b11"}, {"level": "4", "n": "", "type": "其他", "text": "趣入地(六上)", "head": "T42n1828_p0432b23"}, {"level": "4", "n": "", "type": "其他", "text": "出離地(六上-六下)", "head": "T42n1828_p0433a23"}, {"level": "3", "n": "", "type": "其他", "text": "2 瑜伽處(六下-七下)", "head": "T42n1828_p0442a24"}, {"level": "4", "n": "", "type": "", "text": "1", "head": "T42n1828_p0442a25"}, {"level": "4", "n": "", "type": "", "text": "2", "head": "T42n1828_p0447a02"}, {"level": "3", "n": "", "type": "其他", "text": "3 瑜伽處(七下)", "head": "T42n1828_p0462b03"}, {"level": "3", "n": "", "type": "其他", "text": "4 瑜伽處(八上)", "head": "T42n1828_p0469c28"}, {"level": "2", "n": "", "type": "其他", "text": "14 獨覺地(八上)", "head": "T42n1828_p0482c21"}, {"level": "2", "n": "", "type": "其他", "text": "15 菩薩地", "head": "T42n1828_p0484a17"}, {"level": "3", "n": "", "type": "其他", "text": "1 瑜伽處", "head": "T42n1828_p0484a26"}, {"level": "4", "n": "", "type": "品", "text": "種姓品(八下)", "head": "T42n1828_p0484b04"}, {"level": "4", "n": "", "type": "品", "text": "發心品(八下)", "head": "T42n1828_p0492a21"}, {"level": "4", "n": "", "type": "品", "text": "自他利品(八下-九上)", "head": "T42n1828_p0494b19"}, {"level": "5", "n": "", "type": "", "text": "1", "head": "T42n1828_p0494b19"}, {"level": "5", "n": "", "type": "", "text": "2", "head": "T42n1828_p0497b08"}, {"level": "4", "n": "", "type": "品", "text": "真實義品(九上)", "head": "T42n1828_p0499c22"}, {"level": "4", "n": "", "type": "品", "text": "威力品(九下)", "head": "T42n1828_p0515c12"}, {"level": "4", "n": "", "type": "品", "text": "成熟品(九下)", "head": "T42n1828_p0520b13"}, {"level": "4", "n": "", "type": "品", "text": "菩提品(一〇上)", "head": "T42n1828_p0522c20"}, {"level": "4", "n": "", "type": "品", "text": "力種姓品(一〇上)", "head": "T42n1828_p0525c02"}, {"level": "4", "n": "", "type": "品", "text": "施品(一〇上)", "head": "T42n1828_p0530a24"}, {"level": "4", "n": "", "type": "品", "text": "戒品(一〇上-一〇下)", "head": "T42n1828_p0532c23"}, {"level": "4", "n": "", "type": "品", "text": "忍品(一〇下)", "head": "T42n1828_p0541b21"}, {"level": "4", "n": "", "type": "品", "text": "精進品(一〇下)", "head": "T42n1828_p0543a17"}, {"level": "4", "n": "", "type": "品", "text": "靜慮品(一〇下)", "head": "T42n1828_p0543c16"}, {"level": "4", "n": "", "type": "品", "text": "慧品(一〇下)", "head": "T42n1828_p0544b12"}, {"level": "4", "n": "", "type": "品", "text": "攝事品(一〇下)", "head": "T42n1828_p0546a16"}, {"level": "4", "n": "", "type": "品", "text": "供養親品(一一上)", "head": "T42n1828_p0548c23"}, {"level": "4", "n": "", "type": "品", "text": "菩提分品(一一上-一一下)", "head": "T42n1828_p0552b14"}, {"level": "4", "n": "", "type": "品", "text": "功德品(一一下)", "head": "T42n1828_p0560a09"}, {"level": "3", "n": "", "type": "其他", "text": "2 隨法瑜伽處", "head": "T42n1828_p0562a04"}, {"level": "4", "n": "", "type": "品", "text": "菩薩相品(一一下)", "head": "T42n1828_p0562a05"}, {"level": "4", "n": "", "type": "品", "text": "分品(一一下)", "head": "T42n1828_p0562c23"}, {"level": "4", "n": "", "type": "品", "text": "增上意樂品(一一下)", "head": "T42n1828_p0563a18"}, {"level": "4", "n": "", "type": "品", "text": "住品(一一下)", "head": "T42n1828_p0563b20"}, {"level": "3", "n": "", "type": "其他", "text": "3 究竟瑜伽處", "head": "T42n1828_p0580a14"}, {"level": "4", "n": "", "type": "品", "text": "生品(一二上)", "head": "T42n1828_p0580a14"}, {"level": "4", "n": "", "type": "品", "text": "攝受品(一二上)", "head": "T42n1828_p0580b19"}, {"level": "4", "n": "", "type": "品", "text": "地品(一二下)", "head": "T42n1828_p0581a20"}, {"level": "4", "n": "", "type": "品", "text": "行品(一二下)", "head": "T42n1828_p0581b22"}, {"level": "4", "n": "", "type": "品", "text": "建立品(一二下)", "head": "T42n1828_p0582a07"}, {"level": "3", "n": "", "type": "其他", "text": "4 次第瑜伽處", "head": "T42n1828_p0587c06"}, {"level": "4", "n": "", "type": "品", "text": "發正等菩提心品", "head": "T42n1828_p0587c13"}, {"level": "2", "n": "", "type": "其他", "text": "16 有餘依地(一二下)", "head": "T42n1828_p0589a22"}, {"level": "2", "n": "", "type": "其他", "text": "17 無餘依地(一二下)", "head": "T42n1828_p0589c20"}, {"level": "1", "n": "", "type": "分", "text": "2 攝決擇分", "head": "T42n1828_p0591a05"}, {"level": "2", "n": "", "type": "其他", "text": "1 五識身相應地意地(一三上-一六上)", "head": "T42n1828_p0591a05"}, {"level": "3", "n": "", "type": "", "text": "1", "head": "T42n1828_p0591a05"}, {"level": "3", "n": "", "type": "", "text": "2", "head": "T42n1828_p0615b13"}, {"level": "3", "n": "", "type": "", "text": "3", "head": "T42n1828_p0639a10"}, {"level": "3", "n": "", "type": "", "text": "4", "head": "T42n1828_p0661a02"}, {"level": "2", "n": "", "type": "其他", "text": "2 有尋有伺等三地(一六下-一七上)", "head": "T42n1828_p0674b05"}, {"level": "3", "n": "", "type": "", "text": "1", "head": "T42n1828_p0674b05"}, {"level": "3", "n": "", "type": "", "text": "2", "head": "T42n1828_p0682c02"}, {"level": "2", "n": "", "type": "其他", "text": "3 三摩呬多地(一七下)", "head": "T42n1828_p0692c05"}, {"level": "2", "n": "", "type": "其他", "text": "4 三摩呬多地(一七下)", "head": "T42n1828_p0704a22"}, {"level": "2", "n": "", "type": "其他", "text": "5 有心地(一七下)", "head": "T42n1828_p0704b09"}, {"level": "2", "n": "", "type": "其他", "text": "6 無心地(一七下)", "head": "T42n1828_p0705c15"}, {"level": "2", "n": "", "type": "其他", "text": "7 聞所成慧地(一八上)", "head": "T42n1828_p0706a06"}, {"level": "2", "n": "", "type": "其他", "text": "8 思所成地(一八上)", "head": "T42n1828_p0710b23"}, {"level": "2", "n": "", "type": "其他", "text": "9 修所成慧地(一八下)", "head": "T42n1828_p0721b27"}, {"level": "2", "n": "", "type": "其他", "text": "10 聲聞地(一八下-一九上)", "head": "T42n1828_p0722a25"}, {"level": "3", "n": "", "type": "", "text": "1", "head": "T42n1828_p0722a25"}, {"level": "3", "n": "", "type": "", "text": "2", "head": "T42n1828_p0732a02"}, {"level": "2", "n": "", "type": "其他", "text": "11 菩薩地(一九上-二一下)", "head": "T42n1828_p0739c03"}, {"level": "3", "n": "", "type": "", "text": "1", "head": "T42n1828_p0739c03"}, {"level": "3", "n": "", "type": "", "text": "2", "head": "T42n1828_p0760c23"}, {"level": "3", "n": "", "type": "", "text": "3", "head": "T42n1828_p0783b23"}, {"level": "2", "n": "", "type": "其他", "text": "12 有餘依及無餘依二地(二一下)", "head": "T42n1828_p0800a06"}, {"level": "1", "n": "", "type": "分", "text": "3 攝釋分", "head": "T42n1828_p0801b06"}, {"level": "2", "n": "", "type": "其他", "text": "1 攝釋分(二一下-二二上)", "head": "T42n1828_p0801b06"}, {"level": "3", "n": "", "type": "", "text": "1", "head": "T42n1828_p0801b06"}, {"level": "3", "n": "", "type": "", "text": "2", "head": "T42n1828_p0806c09"}, {"level": "1", "n": "", "type": "分", "text": "4 攝異門分", "head": "T42n1828_p0811a09"}, {"level": "2", "n": "", "type": "其他", "text": "1 攝異門分(二二上)", "head": "T42n1828_p0811a09"}, {"level": "1", "n": "", "type": "分", "text": "5 攝事分", "head": "T42n1828_p0816b25"}, {"level": "2", "n": "", "type": "其他", "text": "1 契經事行擇攝(二二上-二三上)", "head": "T42n1828_p0816b25"}, {"level": "3", "n": "", "type": "", "text": "1", "head": "T42n1828_p0816b25"}, {"level": "3", "n": "", "type": "", "text": "2", "head": "T42n1828_p0829b02"}, {"level": "2", "n": "", "type": "其他", "text": "2 契經事處擇攝(二三上-二三下)", "head": "T42n1828_p0833c29"}, {"level": "2", "n": "", "type": "其他", "text": "3 契經事緣起食諦界擇攝(二三下-二四上)", "head": "T42n1828_p0845b14"}, {"level": "3", "n": "", "type": "", "text": "1", "head": "T42n1828_p0845b14"}, {"level": "3", "n": "", "type": "", "text": "2", "head": "T42n1828_p0850b23"}, {"level": "2", "n": "", "type": "其他", "text": "4 契經事菩提分法擇攝(二四下)", "head": "T42n1828_p0858a20"}, {"level": "2", "n": "", "type": "其他", "text": "5 調伏事擇攝(二四下)", "head": "T42n1828_p0864a02"}, {"level": "2", "n": "", "type": "其他", "text": "6 本母事序辯攝(二四下)", "head": "T42n1828_p0866c01"}]