[{"level": "1", "n": "", "type": "其他", "text": "賜額", "head": "GA015n0014_pb001a01"}, {"level": "1", "n": "", "type": "其他", "text": "卷首", "head": "GA015n0014_pb003a01"}, {"level": "2", "n": "", "type": "序", "text": "序", "head": "GA015n0014_pb003a01"}, {"level": "2", "n": "", "type": "序", "text": "岳林寺志序", "head": "GA015n0014_pb007a01"}, {"level": "2", "n": "", "type": "其他", "text": "目錄", "head": "GA015n0014_pb013a01"}, {"level": "2", "n": "", "type": "其他", "text": "寺圖", "head": "GA015n0014_pb015a01"}, {"level": "2", "n": "", "type": "其他", "text": "岳林圖說", "head": "GA015n0014_pb020a01"}, {"level": "1", "n": "", "type": "其他", "text": "梵宇", "head": "GA015n0014_pb021a04"}, {"level": "2", "n": "", "type": "其他", "text": "岳林禪寺", "head": "GA015n0014_pb021a05"}, {"level": "2", "n": "", "type": "其他", "text": "大雄寳殿", "head": "GA015n0014_pb023a03"}, {"level": "2", "n": "", "type": "其他", "text": "崇寧閣", "head": "GA015n0014_pb023a08"}, {"level": "2", "n": "", "type": "其他", "text": "兠率宮", "head": "GA015n0014_pb024a04"}, {"level": "2", "n": "", "type": "其他", "text": "天王殿", "head": "GA015n0014_pb024a06"}, {"level": "2", "n": "", "type": "其他", "text": "方丈", "head": "GA015n0014_pb025a01"}, {"level": "2", "n": "", "type": "其他", "text": "禪堂", "head": "GA015n0014_pb025a05"}, {"level": "2", "n": "", "type": "其他", "text": "祖堂", "head": "GA015n0014_pb025a07"}, {"level": "2", "n": "", "type": "其他", "text": "伽藍堂", "head": "GA015n0014_pb025a09"}, {"level": "2", "n": "", "type": "其他", "text": "祖師堂", "head": "GA015n0014_pb026a02"}, {"level": "2", "n": "", "type": "其他", "text": "應供堂", "head": "GA015n0014_pb026a04"}, {"level": "2", "n": "", "type": "其他", "text": "日新堂", "head": "GA015n0014_pb026a06"}, {"level": "2", "n": "", "type": "其他", "text": "香積廚", "head": "GA015n0014_pb026a08"}, {"level": "2", "n": "", "type": "其他", "text": "客堂", "head": "GA015n0014_pb027a01"}, {"level": "2", "n": "", "type": "其他", "text": "至善堂", "head": "GA015n0014_pb027a03"}, {"level": "2", "n": "", "type": "其他", "text": "湼槃堂", "head": "GA015n0014_pb027a05"}, {"level": "2", "n": "", "type": "其他", "text": "茶房", "head": "GA015n0014_pb027a07"}, {"level": "2", "n": "", "type": "其他", "text": "庫房", "head": "GA015n0014_pb027a09"}, {"level": "2", "n": "", "type": "其他", "text": "浴室、淨房、碾磨坊、田寮、園房", "head": "GA015n0014_pb028a02"}, {"level": "2", "n": "", "type": "其他", "text": "鐘樓", "head": "GA015n0014_pb028a04"}, {"level": "2", "n": "", "type": "其他", "text": "輪藏", "head": "GA015n0014_pb028a07"}, {"level": "2", "n": "", "type": "其他", "text": "山門", "head": "GA015n0014_pb029a02"}, {"level": "2", "n": "", "type": "其他", "text": "幻住經堂", "head": "GA015n0014_pb029a04"}, {"level": "2", "n": "", "type": "其他", "text": "鐘樓經堂", "head": "GA015n0014_pb029a06"}, {"level": "2", "n": "", "type": "其他", "text": "塔院", "head": "GA015n0014_pb029a08"}, {"level": "2", "n": "", "type": "其他", "text": "普同塔", "head": "GA015n0014_pb030a02"}, {"level": "2", "n": "", "type": "其他", "text": "寶塔", "head": "GA015n0014_pb030a05"}, {"level": "2", "n": "", "type": "其他", "text": "彌陀亭", "head": "GA015n0014_pb030a08"}, {"level": "2", "n": "", "type": "其他", "text": "佛塔亭", "head": "GA015n0014_pb031a03"}, {"level": "2", "n": "", "type": "其他", "text": "定應塔院", "head": "GA015n0014_pb032a07"}, {"level": "2", "n": "", "type": "其他", "text": "奉師塔", "head": "GA015n0014_pb033a02"}, {"level": "2", "n": "", "type": "其他", "text": "青雲菴", "head": "GA015n0014_pb033a06"}, {"level": "2", "n": "", "type": "其他", "text": "柴菴", "head": "GA015n0014_pb033a09"}, {"level": "2", "n": "", "type": "其他", "text": "岳林莊", "head": "GA015n0014_pb034a03"}, {"level": "2", "n": "", "type": "其他", "text": "普惠莊", "head": "GA015n0014_pb035a01"}, {"level": "1", "n": "", "type": "其他", "text": "名勝", "head": "GA015n0014_pb037a04"}, {"level": "2", "n": "", "type": "其他", "text": "三山", "head": "GA015n0014_pb037a05"}, {"level": "2", "n": "", "type": "其他", "text": "龍溪", "head": "GA015n0014_pb037a08"}, {"level": "2", "n": "", "type": "其他", "text": "廣平湖", "head": "GA015n0014_pb038a02"}, {"level": "2", "n": "", "type": "其他", "text": "龍眼池", "head": "GA015n0014_pb038a08"}, {"level": "2", "n": "", "type": "其他", "text": "封山", "head": "GA015n0014_pb039a03"}, {"level": "2", "n": "", "type": "其他", "text": "淨土池", "head": "GA015n0014_pb039a08"}, {"level": "2", "n": "", "type": "其他", "text": "長汀渡", "head": "GA015n0014_pb040a01"}, {"level": "2", "n": "", "type": "其他", "text": "金沙灘", "head": "GA015n0014_pb040a04"}, {"level": "2", "n": "", "type": "其他", "text": "惠政橋", "head": "GA015n0014_pb040a08"}, {"level": "2", "n": "", "type": "其他", "text": "金鐘墪", "head": "GA015n0014_pb041a04"}, {"level": "2", "n": "", "type": "其他", "text": "耀碑潭", "head": "GA015n0014_pb041a08"}, {"level": "1", "n": "", "type": "其他", "text": "古蹟", "head": "GA015n0014_pb042a02"}, {"level": "2", "n": "", "type": "其他", "text": "大鐘", "head": "GA015n0014_pb042a03"}, {"level": "2", "n": "", "type": "其他", "text": "洗面石", "head": "GA015n0014_pb043a02"}, {"level": "2", "n": "", "type": "其他", "text": "布袋和尚行卧處", "head": "GA015n0014_pb043a05"}, {"level": "2", "n": "", "type": "其他", "text": "娑羅樹", "head": "GA015n0014_pb043a07"}, {"level": "2", "n": "", "type": "其他", "text": "彌勒涅槃石", "head": "GA015n0014_pb044a03"}, {"level": "1", "n": "", "type": "其他", "text": "法產", "head": "GA015n0014_pb045a04"}, {"level": "2", "n": "", "type": "其他", "text": "概述", "head": "GA015n0014_pb045a05"}, {"level": "2", "n": "", "type": "其他", "text": "田", "head": "GA015n0014_pb045a06"}, {"level": "2", "n": "", "type": "其他", "text": "地", "head": "GA015n0014_pb045a08"}, {"level": "2", "n": "", "type": "其他", "text": "山", "head": "GA015n0014_pb046a01"}, {"level": "2", "n": "", "type": "其他", "text": "丁", "head": "GA015n0014_pb046a03"}, {"level": "2", "n": "", "type": "其他", "text": "口", "head": "GA015n0014_pb046a05"}, {"level": "1", "n": "", "type": "其他", "text": "法系", "head": "GA015n0014_pb047a01"}, {"level": "2", "n": "", "type": "其他", "text": "梁", "head": "GA015n0014_pb047a02"}, {"level": "2", "n": "", "type": "其他", "text": "唐", "head": "GA015n0014_pb047a04"}, {"level": "3", "n": "", "type": "其他", "text": "閒曠達禪師", "head": "GA015n0014_pb047a05"}, {"level": "3", "n": "", "type": "其他", "text": "布袋和尚", "head": "GA015n0014_pb047a09"}, {"level": "3", "n": "", "type": "其他", "text": "附錄　蔣摩訶", "head": "GA015n0014_pb053a06"}, {"level": "2", "n": "", "type": "其他", "text": "宋", "head": "GA015n0014_pb054a07"}, {"level": "3", "n": "", "type": "其他", "text": "圓明禪師", "head": "GA015n0014_pb054a08"}, {"level": "3", "n": "", "type": "其他", "text": "海印宣禪師", "head": "GA015n0014_pb055a07"}, {"level": "3", "n": "", "type": "其他", "text": "穎悟聰禪師", "head": "GA015n0014_pb056a03"}, {"level": "3", "n": "", "type": "其他", "text": "宗尚禪師", "head": "GA015n0014_pb057a04"}, {"level": "3", "n": "", "type": "其他", "text": "如恂禪師", "head": "GA015n0014_pb058a01"}, {"level": "3", "n": "", "type": "其他", "text": "曇振禪師", "head": "GA015n0014_pb058a07"}, {"level": "3", "n": "", "type": "其他", "text": "宏智覺禪師", "head": "GA015n0014_pb059a04"}, {"level": "3", "n": "", "type": "其他", "text": "文岳中禪師", "head": "GA015n0014_pb060a04"}, {"level": "3", "n": "", "type": "其他", "text": "大川濟禪師", "head": "GA015n0014_pb061a07"}, {"level": "3", "n": "", "type": "其他", "text": "益州懷禪師", "head": "GA015n0014_pb062a05"}, {"level": "3", "n": "", "type": "其他", "text": "正眼具禪師", "head": "GA015n0014_pb063a02"}, {"level": "2", "n": "", "type": "其他", "text": "元", "head": "GA015n0014_pb064a02"}, {"level": "3", "n": "", "type": "其他", "text": "栯堂益禪師", "head": "GA015n0014_pb064a03"}, {"level": "3", "n": "", "type": "其他", "text": "水南湘禪師", "head": "GA015n0014_pb065a04"}, {"level": "3", "n": "", "type": "其他", "text": "性初聞禪師", "head": "GA015n0014_pb066a07"}, {"level": "2", "n": "", "type": "其他", "text": "明", "head": "GA015n0014_pb067a03"}, {"level": "3", "n": "", "type": "其他", "text": "復菴初禪師", "head": "GA015n0014_pb067a04"}, {"level": "3", "n": "", "type": "其他", "text": "真宗忞禪師", "head": "GA015n0014_pb068a01"}, {"level": "2", "n": "", "type": "其他", "text": "皇清", "head": "GA015n0014_pb068a09"}, {"level": "3", "n": "", "type": "其他", "text": "自閒覺禪師", "head": "GA015n0014_pb069a01"}, {"level": "3", "n": "", "type": "其他", "text": "天伊澐禪師", "head": "GA015n0014_pb070a08"}, {"level": "3", "n": "", "type": "其他", "text": "解齊純禪師", "head": "GA015n0014_pb071a09"}, {"level": "3", "n": "", "type": "其他", "text": "楷菴承禪師", "head": "GA015n0014_pb073a09"}, {"level": "1", "n": "", "type": "其他", "text": "藝文", "head": "GA015n0014_pb079a04"}, {"level": "2", "n": "", "type": "序", "text": "布袋老僧小序", "head": "GA015n0014_pb079a05"}, {"level": "2", "n": "", "type": "序", "text": "刻布袋大師傳贊序", "head": "GA015n0014_pb080a05"}, {"level": "2", "n": "", "type": "序", "text": "明州布袋和尚序", "head": "GA015n0014_pb082a02"}, {"level": "2", "n": "", "type": "序", "text": "彌勒傳序", "head": "GA015n0014_pb083a02"}, {"level": "2", "n": "", "type": "序", "text": "題布袋和尚後序", "head": "GA015n0014_pb084a03"}, {"level": "2", "n": "", "type": "序", "text": "重刻彌勒傳序", "head": "GA015n0014_pb085a06"}, {"level": "2", "n": "", "type": "其他", "text": "敕賜岳林禪寺幻住經堂記", "head": "GA015n0014_pb090a01"}, {"level": "2", "n": "", "type": "其他", "text": "千佛閣記", "head": "GA015n0014_pb092a09"}, {"level": "2", "n": "", "type": "其他", "text": "中興大中岳林禪寺碑記", "head": "GA015n0014_pb098a05"}, {"level": "2", "n": "", "type": "其他", "text": "岳林寺娑羅樹記", "head": "GA015n0014_pb101a06"}, {"level": "2", "n": "", "type": "其他", "text": "日新堂記", "head": "GA015n0014_pb103a06"}, {"level": "2", "n": "", "type": "其他", "text": "岳林禪寺重修鐘樓記", "head": "GA015n0014_pb106a06"}, {"level": "2", "n": "", "type": "其他", "text": "指南軒記", "head": "GA015n0014_pb109a02"}, {"level": "2", "n": "", "type": "其他", "text": "岳林紀事", "head": "GA015n0014_pb111a05"}, {"level": "1", "n": "", "type": "其他", "text": "詩賦", "head": "GA015n0014_pb117a04"}, {"level": "2", "n": "", "type": "其他", "text": "唐", "head": "GA015n0014_pb117a05"}, {"level": "3", "n": "", "type": "其他", "text": "岳林寺", "head": "GA015n0014_pb117a06"}, {"level": "3", "n": "", "type": "其他", "text": "其二", "head": "GA015n0014_pb117a09"}, {"level": "3", "n": "", "type": "其他", "text": "其三", "head": "GA015n0014_pb118a03"}, {"level": "3", "n": "", "type": "其他", "text": "遊岳林寺", "head": "GA015n0014_pb118a06"}, {"level": "2", "n": "", "type": "其他", "text": "宋", "head": "GA015n0014_pb118a09"}, {"level": "3", "n": "", "type": "其他", "text": "寓岳林寺", "head": "GA015n0014_pb119a01"}, {"level": "3", "n": "", "type": "其他", "text": "登封山", "head": "GA015n0014_pb119a04"}, {"level": "3", "n": "", "type": "其他", "text": "送宏智禪師還太白山", "head": "GA015n0014_pb119a07"}, {"level": "3", "n": "", "type": "其他", "text": "秋半尋岳林寺", "head": "GA015n0014_pb120a02"}, {"level": "3", "n": "", "type": "其他", "text": "送別敬山黃邑侯", "head": "GA015n0014_pb120a05"}, {"level": "3", "n": "", "type": "其他", "text": "惠政橋", "head": "GA015n0014_pb120a08"}, {"level": "3", "n": "", "type": "其他", "text": "寄大川禪師", "head": "GA015n0014_pb121a02"}, {"level": "2", "n": "", "type": "其他", "text": "元", "head": "GA015n0014_pb121a05"}, {"level": "3", "n": "", "type": "其他", "text": "奉訪南公同登崇寧閣", "head": "GA015n0014_pb121a06"}, {"level": "3", "n": "", "type": "其他", "text": "惠政橋柱下詩", "head": "GA015n0014_pb121a09"}, {"level": "3", "n": "", "type": "其他", "text": "懷岳林水南禪師", "head": "GA015n0014_pb122a04"}, {"level": "3", "n": "", "type": "其他", "text": "廣平湖", "head": "GA015n0014_pb122a08"}, {"level": "3", "n": "", "type": "其他", "text": "題幻住經堂", "head": "GA015n0014_pb123a02"}, {"level": "3", "n": "", "type": "其他", "text": "娑羅樹", "head": "GA015n0014_pb123a06"}, {"level": "2", "n": "", "type": "其他", "text": "明", "head": "GA015n0014_pb123a09"}, {"level": "3", "n": "", "type": "其他", "text": "駐金沙灘偶咏", "head": "GA015n0014_pb124a01"}, {"level": "3", "n": "", "type": "其他", "text": "岳林寺前作", "head": "GA015n0014_pb124a04"}, {"level": "3", "n": "", "type": "其他", "text": "題岳林寺", "head": "GA015n0014_pb124a07"}, {"level": "3", "n": "", "type": "其他", "text": "封山禮定應塔", "head": "GA015n0014_pb125a01"}, {"level": "3", "n": "", "type": "其他", "text": "過岳林寺", "head": "GA015n0014_pb125a04"}, {"level": "3", "n": "", "type": "其他", "text": "遊岳林宿崇寧閣", "head": "GA015n0014_pb125a07"}, {"level": "3", "n": "", "type": "其他", "text": "登封山佛塔亭", "head": "GA015n0014_pb126a02"}, {"level": "3", "n": "", "type": "其他", "text": "岳林禮彌勒大士", "head": "GA015n0014_pb126a05"}, {"level": "2", "n": "", "type": "其他", "text": "國朝", "head": "GA015n0014_pb126a09"}, {"level": "3", "n": "", "type": "其他", "text": "同提督田公宿崇寧閣", "head": "GA015n0014_pb127a01"}, {"level": "3", "n": "", "type": "其他", "text": "宿岳林寺", "head": "GA015n0014_pb127a06"}, {"level": "3", "n": "", "type": "其他", "text": "送楷菴和尚還岳林", "head": "GA015n0014_pb128a01"}, {"level": "3", "n": "", "type": "其他", "text": "又", "head": "GA015n0014_pb128a04"}, {"level": "3", "n": "", "type": "其他", "text": "岳林寺贈楷大師", "head": "GA015n0014_pb128a07"}, {"level": "3", "n": "", "type": "其他", "text": "送楷菴和尚還岳林", "head": "GA015n0014_pb129a02"}, {"level": "3", "n": "", "type": "其他", "text": "贈岳林楷和尚", "head": "GA015n0014_pb129a06"}, {"level": "3", "n": "", "type": "其他", "text": "定應塔", "head": "GA015n0014_pb130a01"}, {"level": "3", "n": "", "type": "其他", "text": "送別楷菴大師", "head": "GA015n0014_pb130a04"}, {"level": "3", "n": "", "type": "其他", "text": "八聲甘州：步東坡送參寥子韻懷岳林楷公", "head": "GA015n0014_pb130a07"}, {"level": "3", "n": "", "type": "其他", "text": "遊岳林寺", "head": "GA015n0014_pb131a05"}, {"level": "3", "n": "", "type": "其他", "text": "題岳林贈楷大師", "head": "GA015n0014_pb131a08"}, {"level": "3", "n": "", "type": "其他", "text": "指南軒同施大尹楷和尚茶話", "head": "GA015n0014_pb132a03"}, {"level": "3", "n": "", "type": "其他", "text": "秋日過楷菴指南軒", "head": "GA015n0014_pb132a07"}, {"level": "3", "n": "", "type": "其他", "text": "澹雪省園護法指南軒茶話次韻", "head": "GA015n0014_pb133a01"}, {"level": "3", "n": "", "type": "其他", "text": "岳林次原韻酬澹雪先生", "head": "GA015n0014_pb133a05"}, {"level": "3", "n": "", "type": "其他", "text": "娑羅樹", "head": "GA015n0014_pb133a09"}, {"level": "3", "n": "", "type": "其他", "text": "長汀渡", "head": "GA015n0014_pb134a03"}, {"level": "3", "n": "", "type": "其他", "text": "同周玉光至岳林", "head": "GA015n0014_pb134a06"}, {"level": "3", "n": "", "type": "其他", "text": "題指南軒茶話", "head": "GA015n0014_pb134a09"}, {"level": "3", "n": "", "type": "其他", "text": "封山", "head": "GA015n0014_pb135a04"}, {"level": "3", "n": "", "type": "其他", "text": "臘月宿崇寧閣留別楷公", "head": "GA015n0014_pb135a07"}, {"level": "3", "n": "", "type": "其他", "text": "遊岳林寺千佛閣", "head": "GA015n0014_pb136a02"}, {"level": "3", "n": "", "type": "其他", "text": "龍眼池", "head": "GA015n0014_pb136a05"}, {"level": "3", "n": "", "type": "其他", "text": "廣平湖", "head": "GA015n0014_pb136a07"}, {"level": "3", "n": "", "type": "其他", "text": "崇寧閣", "head": "GA015n0014_pb137a02"}, {"level": "3", "n": "", "type": "其他", "text": "贈楷公重興岳林", "head": "GA015n0014_pb137a06"}, {"level": "3", "n": "", "type": "其他", "text": "讀書古崇寧閣", "head": "GA015n0014_pb137a09"}, {"level": "3", "n": "", "type": "其他", "text": "寄贈岳林楷大師", "head": "GA015n0014_pb138a04"}, {"level": "3", "n": "", "type": "其他", "text": "題岳林寺", "head": "GA015n0014_pb138a08"}, {"level": "3", "n": "", "type": "其他", "text": "同璧城登崇寧閣", "head": "GA015n0014_pb139a03"}, {"level": "3", "n": "", "type": "其他", "text": "岳林攬勝", "head": "GA015n0014_pb139a06"}, {"level": "3", "n": "", "type": "其他", "text": "懷岳林楷菴兄兼述景勝", "head": "GA015n0014_pb140a01"}, {"level": "3", "n": "", "type": "其他", "text": "送楷公歸岳林", "head": "GA015n0014_pb141a07"}, {"level": "3", "n": "", "type": "其他", "text": "龍眼池", "head": "GA015n0014_pb142a02"}, {"level": "3", "n": "", "type": "其他", "text": "定應塔", "head": "GA015n0014_pb142a05"}, {"level": "3", "n": "", "type": "其他", "text": "遊岳林酧楷公", "head": "GA015n0014_pb142a08"}, {"level": "3", "n": "", "type": "其他", "text": "淨土池", "head": "GA015n0014_pb143a02"}, {"level": "3", "n": "", "type": "其他", "text": "三過岳林喜晤楷公", "head": "GA015n0014_pb143a05"}, {"level": "3", "n": "", "type": "其他", "text": "訪楷兄時璧公輯志初成", "head": "GA015n0014_pb143a09"}, {"level": "3", "n": "", "type": "其他", "text": "崇寧閣", "head": "GA015n0014_pb144a03"}, {"level": "3", "n": "", "type": "其他", "text": "宿岳林呈楷菴法叔", "head": "GA015n0014_pb144a06"}, {"level": "3", "n": "", "type": "其他", "text": "賦送岳林楷公", "head": "GA015n0014_pb145a01"}, {"level": "3", "n": "", "type": "其他", "text": "崇寧閣", "head": "GA015n0014_pb145a05"}, {"level": "3", "n": "", "type": "其他", "text": "定應塔", "head": "GA015n0014_pb145a08"}, {"level": "3", "n": "", "type": "其他", "text": "娑羅樹", "head": "GA015n0014_pb146a02"}, {"level": "3", "n": "", "type": "其他", "text": "三山園", "head": "GA015n0014_pb146a05"}, {"level": "3", "n": "", "type": "其他", "text": "龍眼池", "head": "GA015n0014_pb146a08"}, {"level": "3", "n": "", "type": "其他", "text": "廣平湖", "head": "GA015n0014_pb147a02"}, {"level": "3", "n": "", "type": "其他", "text": "長汀渡", "head": "GA015n0014_pb147a05"}, {"level": "3", "n": "", "type": "其他", "text": "金鐘墪", "head": "GA015n0014_pb147a08"}, {"level": "3", "n": "", "type": "其他", "text": "惠政橋", "head": "GA015n0014_pb148a02"}, {"level": "3", "n": "", "type": "其他", "text": "淨土池", "head": "GA015n0014_pb148a05"}, {"level": "3", "n": "", "type": "其他", "text": "龍眼池", "head": "GA015n0014_pb148a08"}, {"level": "3", "n": "", "type": "其他", "text": "崇寧閣", "head": "GA015n0014_pb149a01"}, {"level": "3", "n": "", "type": "其他", "text": "指南軒贈楷公", "head": "GA015n0014_pb149a04"}, {"level": "3", "n": "", "type": "其他", "text": "禮定應塔", "head": "GA015n0014_pb149a07"}, {"level": "3", "n": "", "type": "其他", "text": "廣平湖", "head": "GA015n0014_pb150a01"}, {"level": "3", "n": "", "type": "其他", "text": "登崇寧閣", "head": "GA015n0014_pb150a05"}, {"level": "3", "n": "", "type": "其他", "text": "岳林秋夜作", "head": "GA015n0014_pb151a03"}, {"level": "3", "n": "", "type": "其他", "text": "題塔院和韻", "head": "GA015n0014_pb151a07"}, {"level": "3", "n": "", "type": "其他", "text": "崇寧閣", "head": "GA015n0014_pb152a02"}, {"level": "3", "n": "", "type": "其他", "text": "廣平湖", "head": "GA015n0014_pb152a05"}, {"level": "3", "n": "", "type": "其他", "text": "岳林贈楷翁和尚", "head": "GA015n0014_pb152a08"}, {"level": "3", "n": "", "type": "其他", "text": "長汀渡", "head": "GA015n0014_pb153a03"}, {"level": "3", "n": "", "type": "其他", "text": "娑羅樹", "head": "GA015n0014_pb153a06"}, {"level": "3", "n": "", "type": "其他", "text": "賦得春暮步三山", "head": "GA015n0014_pb153a09"}, {"level": "3", "n": "", "type": "其他", "text": "再宿岳林呈楷公和尚", "head": "GA015n0014_pb154a02"}, {"level": "3", "n": "", "type": "其他", "text": "遊楷公塔院賦贈二章并屬題壁", "head": "GA015n0014_pb154a09"}, {"level": "3", "n": "", "type": "其他", "text": "咏塔院次張目山韻", "head": "GA015n0014_pb155a07"}, {"level": "3", "n": "", "type": "其他", "text": "遊楷公塔院次張日山韻", "head": "GA015n0014_pb156a05"}, {"level": "1", "n": "", "type": "其他", "text": "請啟", "head": "GA015n0014_pb157a01"}, {"level": "2", "n": "", "type": "其他", "text": "請楷菴禪師住明州岳林禪寺開堂啟", "head": "GA015n0014_pb157a02"}, {"level": "2", "n": "", "type": "其他", "text": "請楷菴承禪師住岳林禪寺開堂啟", "head": "GA015n0014_pb158a05"}, {"level": "1", "n": "", "type": "其他", "text": "募疏", "head": "GA015n0014_pb160a04"}, {"level": "2", "n": "", "type": "其他", "text": "岳林禪寺齋僧募疏", "head": "GA015n0014_pb160a05"}, {"level": "1", "n": "", "type": "其他", "text": "名釋", "head": "GA015n0014_pb163a04"}, {"level": "2", "n": "", "type": "其他", "text": "宗源傳", "head": "GA015n0014_pb163a05"}, {"level": "2", "n": "", "type": "其他", "text": "饒道者傳", "head": "GA015n0014_pb164a01"}, {"level": "2", "n": "", "type": "其他", "text": "桂堂傳", "head": "GA015n0014_pb164a07"}, {"level": "2", "n": "", "type": "其他", "text": "天機傳", "head": "GA015n0014_pb165a07"}, {"level": "2", "n": "", "type": "其他", "text": "幻夫傳", "head": "GA015n0014_pb166a05"}, {"level": "1", "n": "", "type": "其他", "text": "塔銘", "head": "GA015n0014_pb167a04"}, {"level": "2", "n": "", "type": "其他", "text": "明州府奉化縣岳林定應大師塔銘", "head": "GA015n0014_pb167a05"}, {"level": "2", "n": "", "type": "其他", "text": "重刻定應大師塔銘文", "head": "GA015n0014_pb170a06"}, {"level": "2", "n": "", "type": "其他", "text": "鼎建普同塔銘", "head": "GA015n0014_pb173a03"}, {"level": "1", "n": "", "type": "序", "text": "後序", "head": "GA015n0014_pb177a01"}]