[{"n": "1", "fun": "open", "head": "GA015n0013_pa033a01", "title": "七塔寺志卷之一"}, {"n": "2", "fun": "open", "head": "GA015n0013_pa043a01", "title": "七塔寺志卷之二"}, {"n": "2", "fun": "close", "head": "GA015n0013_pa072a12", "title": "七塔寺志卷之二終"}, {"n": "3", "fun": "open", "head": "GA015n0013_pa073a01", "title": "七塔寺志卷之三"}, {"n": "3", "fun": "close", "head": "GA015n0013_pa076a12", "title": "七塔寺志卷之三終"}, {"n": "4", "fun": "open", "head": "GA015n0013_pa077a01", "title": "七塔寺志卷之四"}, {"n": "4", "fun": "close", "head": "GA015n0013_pa098a12", "title": "七塔寺志卷之四終"}, {"n": "5", "fun": "open", "head": "GA015n0013_pa099a01", "title": "七塔寺志卷之五"}, {"n": "5", "fun": "close", "head": "GA015n0013_pa176a12", "title": "七塔寺志卷之五終"}, {"n": "6", "fun": "open", "head": "GA015n0013_pa177a01", "title": "七塔寺志卷之六"}, {"n": "6", "fun": "close", "head": "GA015n0013_pa190a12", "title": "七塔寺志卷之六終"}, {"n": "7", "fun": "open", "head": "GA015n0013_pa191a01", "title": "七塔寺志卷之七"}, {"n": "7", "fun": "close", "head": "GA015n0013_pa202a12", "title": "七塔寺志卷之七終"}, {"n": "8", "fun": "open", "head": "GA015n0013_pa203a01", "title": "七塔寺志卷之八"}, {"n": "8", "fun": "close", "head": "GA015n0013_pa232a12", "title": "七塔寺志卷之八終"}]