[{"n": "1", "fun": "open", "head": "GA015n0013_pa033a01"}, {"n": "2", "fun": "open", "head": "GA015n0013_pa043a01"}, {"n": "2", "fun": "close", "head": "GA015n0013_pa072a12"}, {"n": "3", "fun": "open", "head": "GA015n0013_pa073a01"}, {"n": "3", "fun": "close", "head": "GA015n0013_pa076a12"}, {"n": "4", "fun": "open", "head": "GA015n0013_pa077a01"}, {"n": "4", "fun": "close", "head": "GA015n0013_pa098a12"}, {"n": "5", "fun": "open", "head": "GA015n0013_pa099a01"}, {"n": "5", "fun": "close", "head": "GA015n0013_pa176a12"}, {"n": "6", "fun": "open", "head": "GA015n0013_pa177a01"}, {"n": "6", "fun": "close", "head": "GA015n0013_pa190a12"}, {"n": "7", "fun": "open", "head": "GA015n0013_pa191a01"}, {"n": "7", "fun": "close", "head": "GA015n0013_pa202a12"}, {"n": "8", "fun": "open", "head": "GA015n0013_pa203a01"}, {"n": "8", "fun": "close", "head": "GA015n0013_pa232a12"}]