[{"n": "1", "fun": "open", "head": "GA015n0014_pb021a01"}, {"n": "1", "fun": "close", "head": "GA015n0014_pb035a09"}, {"n": "2", "fun": "open", "head": "GA015n0014_pb037a01"}, {"n": "2", "fun": "close", "head": "GA015n0014_pb044a09"}, {"n": "3", "fun": "open", "head": "GA015n0014_pb045a01"}, {"n": "", "fun": "close", "head": "GA015n0014_pb078a09"}, {"n": "4", "fun": "open", "head": "GA015n0014_pb079a01"}, {"n": "4", "fun": "close", "head": "GA015n0014_pb115a09"}, {"n": "5", "fun": "open", "head": "GA015n0014_pb117a01"}, {"n": "6", "fun": "open", "head": "GA015n0014_pb163a01"}, {"n": "6", "fun": "close", "head": "GA015n0014_pb176a09"}]