[{"n": "1", "fun": "open", "head": "GA015n0014_pb021a01", "title": "明州岳林寺志卷一"}, {"n": "1", "fun": "close", "head": "GA015n0014_pb035a09", "title": "明州岳林寺志卷一終"}, {"n": "2", "fun": "open", "head": "GA015n0014_pb037a01", "title": "明州岳林寺志卷二"}, {"n": "2", "fun": "close", "head": "GA015n0014_pb044a09", "title": "明州岳林寺志卷二終"}, {"n": "3", "fun": "open", "head": "GA015n0014_pb045a01", "title": "明州岳林寺志卷三"}, {"n": "", "fun": "close", "head": "GA015n0014_pb078a09", "title": "卷三終"}, {"n": "4", "fun": "open", "head": "GA015n0014_pb079a01", "title": "明州岳林寺志卷四"}, {"n": "4", "fun": "close", "head": "GA015n0014_pb115a09", "title": "明州岳林寺志卷四終"}, {"n": "5", "fun": "open", "head": "GA015n0014_pb117a01", "title": "明州岳林寺志卷五"}, {"n": "6", "fun": "open", "head": "GA015n0014_pb163a01", "title": "明州岳林寺志卷六"}, {"n": "6", "fun": "close", "head": "GA015n0014_pb176a09", "title": "明州岳林寺志卷六終"}]