[{"level": "1", "n": "", "type": "序", "text": "序", "head": "T45n1892_p0807a08"}, {"level": "1", "n": "", "type": "其他", "text": "1 戒壇元結教興", "head": "T45n1892_p0807c02"}, {"level": "1", "n": "", "type": "其他", "text": "2 戒壇立名顯號", "head": "T45n1892_p0807c16"}, {"level": "1", "n": "", "type": "其他", "text": "3 戒壇形重相狀", "head": "T45n1892_p0808b21"}, {"level": "1", "n": "", "type": "其他", "text": "4 戒壇高下廣狹", "head": "T45n1892_p0810b08"}, {"level": "1", "n": "", "type": "其他", "text": "5 戒壇大界內外", "head": "T45n1892_p0814a27"}, {"level": "1", "n": "", "type": "其他", "text": "6 戒壇結法先後", "head": "T45n1892_p0814b15"}, {"level": "1", "n": "", "type": "其他", "text": "7 戒壇集僧遠近", "head": "T45n1892_p0814c14"}, {"level": "1", "n": "", "type": "其他", "text": "8 戒壇作業成敗", "head": "T45n1892_p0815a05"}, {"level": "1", "n": "", "type": "其他", "text": "9 戒壇受時儀軌", "head": "T45n1892_p0815b15"}, {"level": "1", "n": "", "type": "其他", "text": "10 戒壇功能遠近", "head": "T45n1892_p0817a16"}, {"level": "1", "n": "", "type": "其他", "text": "11 戒壇贊述辨德", "head": "T45n1892_p0817b15"}, {"level": "1", "n": "", "type": "其他", "text": "大唐雍州長安縣清官鄉淨業寺戒壇之銘", "head": "T45n1892_p0818a19"}, {"level": "1", "n": "", "type": "其他", "text": "終南山北澧福之陰清官鄉淨業寺戒壇佛舍利之銘", "head": "T45n1892_p0818b15"}, {"level": "1", "n": "", "type": "其他", "text": "大唐乾封二年四月朔日荊南渚宮沙門釋無行戒壇舍利贊", "head": "T45n1892_p0818c04"}, {"level": "1", "n": "", "type": "其他", "text": "大唐中原關輔戒壇儀", "head": "T45n1892_p0818c21"}]