[{"level": "1", "n": "", "type": "序", "text": "華嚴經義海百門序", "head": "T45n1875_p0627a06"}, {"level": "1", "n": "", "type": "其他", "text": "1 緣生會寂門", "head": "T45n1875_p0627a26"}, {"level": "1", "n": "", "type": "其他", "text": "2 實際斂跡門", "head": "T45n1875_p0628b08"}, {"level": "1", "n": "", "type": "其他", "text": "3 種智普耀門", "head": "T45n1875_p0629a26"}, {"level": "1", "n": "", "type": "其他", "text": "4 鎔融任運門", "head": "T45n1875_p0630a22"}, {"level": "1", "n": "", "type": "其他", "text": "5 體用顯露門", "head": "T45n1875_p0631a21"}, {"level": "1", "n": "", "type": "其他", "text": "6 差別顯現門", "head": "T45n1875_p0632a07"}, {"level": "1", "n": "", "type": "其他", "text": "7 修學嚴成門", "head": "T45n1875_p0633a08"}, {"level": "1", "n": "", "type": "其他", "text": "8 對治獲益門", "head": "T45n1875_p0633c26"}, {"level": "1", "n": "", "type": "其他", "text": "9 體用開合門", "head": "T45n1875_p0634c12"}, {"level": "1", "n": "", "type": "其他", "text": "10 決擇成就門", "head": "T45n1875_p0635b25"}, {"level": "1", "n": "", "type": "其他", "text": "詳校題辭", "head": "T45n1875_p0636c03"}]