[{"level": "1", "n": "", "type": "其他", "text": "1 初會", "head": "T45n1870_p0536c20"}, {"level": "2", "n": "", "type": "其他", "text": "十門料簡一經意", "head": "T45n1870_p0536c21"}, {"level": "2", "n": "", "type": "其他", "text": "天王讚佛說偈初首顯教分齊義", "head": "T45n1870_p0537a18"}, {"level": "2", "n": "", "type": "其他", "text": "盧舍那佛品中雲集文末普賢文中立一乘三乘義章", "head": "T45n1870_p0537b05"}, {"level": "2", "n": "", "type": "其他", "text": "一切諸法勝音菩薩偈首立轉法輪章", "head": "T45n1870_p0538b28"}, {"level": "2", "n": "", "type": "其他", "text": "觀五海說十智文首立五海章", "head": "T45n1870_p0539a02"}, {"level": "2", "n": "", "type": "其他", "text": "說分文內淨土因緣文初立十世界章", "head": "T45n1870_p0539a23"}, {"level": "2", "n": "", "type": "其他", "text": "普莊嚴童子處立因果章", "head": "T45n1870_p0539b17"}, {"level": "1", "n": "", "type": "其他", "text": "2 第二會", "head": "T45n1870_p0540b04"}, {"level": "2", "n": "", "type": "其他", "text": "名號品初禮佛儀式章", "head": "T45n1870_p0540b05"}, {"level": "2", "n": "", "type": "其他", "text": "十號章", "head": "T45n1870_p0540c17"}, {"level": "2", "n": "", "type": "其他", "text": "權道明如來法四生章", "head": "T45n1870_p0540c23"}, {"level": "2", "n": "", "type": "其他", "text": "十種淨土章", "head": "T45n1870_p0541a06"}, {"level": "2", "n": "", "type": "其他", "text": "四諦品立四諦章", "head": "T45n1870_p0541b08"}, {"level": "2", "n": "", "type": "其他", "text": "光明覺品中立業成就章", "head": "T45n1870_p0541c10"}, {"level": "2", "n": "", "type": "其他", "text": "五陰章", "head": "T45n1870_p0541c24"}, {"level": "2", "n": "", "type": "其他", "text": "隨附十八界章", "head": "T45n1870_p0542a22"}, {"level": "2", "n": "", "type": "其他", "text": "隨附十二處章", "head": "T45n1870_p0542c27"}, {"level": "2", "n": "", "type": "其他", "text": "明難品初立唯識章", "head": "T45n1870_p0543a13"}, {"level": "2", "n": "", "type": "其他", "text": "眾人問文殊處明入佛境界章", "head": "T45n1870_p0547c08"}, {"level": "2", "n": "", "type": "其他", "text": "淨行品初明凡聖行法分齊不同義章", "head": "T45n1870_p0548b17"}, {"level": "2", "n": "", "type": "其他", "text": "十力章", "head": "T45n1870_p0548c04"}, {"level": "2", "n": "", "type": "其他", "text": "六波羅蜜章", "head": "T45n1870_p0548c13"}, {"level": "2", "n": "", "type": "其他", "text": "十八不共法章", "head": "T45n1870_p0549a01"}, {"level": "2", "n": "", "type": "其他", "text": "四無畏章", "head": "T45n1870_p0549a16"}, {"level": "2", "n": "", "type": "其他", "text": "賢首品初立發菩提心章", "head": "T45n1870_p0549a22"}, {"level": "2", "n": "", "type": "其他", "text": "三種佛性章", "head": "T45n1870_p0549b18"}, {"level": "2", "n": "", "type": "其他", "text": "八種梵音聲章", "head": "T45n1870_p0549c10"}, {"level": "1", "n": "", "type": "其他", "text": "3 第三會", "head": "T45n1870_p0549c25"}, {"level": "2", "n": "", "type": "其他", "text": "十住品內本分首種性章", "head": "T45n1870_p0549c26"}, {"level": "2", "n": "", "type": "其他", "text": "十住章", "head": "T45n1870_p0550a16"}, {"level": "2", "n": "", "type": "其他", "text": "梵行品初明通觀章", "head": "T45n1870_p0550a24"}, {"level": "2", "n": "", "type": "其他", "text": "常乞食等四依章", "head": "T45n1870_p0550b22"}, {"level": "2", "n": "", "type": "其他", "text": "十二頭陀章", "head": "T45n1870_p0550c06"}, {"level": "2", "n": "", "type": "其他", "text": "受善律儀戒業章", "head": "T45n1870_p0550c16"}, {"level": "2", "n": "", "type": "其他", "text": "五濁章", "head": "T45n1870_p0551a14"}, {"level": "2", "n": "", "type": "其他", "text": "發心功德品初五戒章", "head": "T45n1870_p0551a25"}, {"level": "2", "n": "", "type": "其他", "text": "八戒章", "head": "T45n1870_p0551b26"}, {"level": "2", "n": "", "type": "其他", "text": "四果章", "head": "T45n1870_p0551c06"}, {"level": "2", "n": "", "type": "其他", "text": "六十二見章", "head": "T45n1870_p0551c15"}, {"level": "2", "n": "", "type": "其他", "text": "五蓋章", "head": "T45n1870_p0551c29"}, {"level": "2", "n": "", "type": "其他", "text": "十纏義章", "head": "T45n1870_p0552a13"}, {"level": "2", "n": "", "type": "其他", "text": "十欲章", "head": "T45n1870_p0552a22"}, {"level": "2", "n": "", "type": "其他", "text": "明法品初立五停心觀章", "head": "T45n1870_p0552b09"}, {"level": "2", "n": "", "type": "其他", "text": "明法品內通依五乘定其解行損益分齊義", "head": "T45n1870_p0552b22"}, {"level": "2", "n": "", "type": "其他", "text": "二種莊嚴章", "head": "T45n1870_p0553a12"}, {"level": "2", "n": "", "type": "其他", "text": "三寶義章", "head": "T45n1870_p0553a22"}, {"level": "2", "n": "", "type": "其他", "text": "六和敬章", "head": "T45n1870_p0553b26"}, {"level": "1", "n": "", "type": "其他", "text": "4 第四會", "head": "T45n1870_p0553c05"}, {"level": "2", "n": "", "type": "其他", "text": "華聚品初立十波羅蜜章", "head": "T45n1870_p0553c06"}, {"level": "2", "n": "", "type": "其他", "text": "十藏品內立一乘三乘小乘教藏章", "head": "T45n1870_p0553c24"}, {"level": "2", "n": "", "type": "其他", "text": "六無為章", "head": "T45n1870_p0554a11"}, {"level": "2", "n": "", "type": "其他", "text": "三界章", "head": "T45n1870_p0554a22"}, {"level": "2", "n": "", "type": "其他", "text": "四辯章", "head": "T45n1870_p0554b26"}, {"level": "2", "n": "", "type": "其他", "text": "道品章", "head": "T45n1870_p0554c10"}, {"level": "2", "n": "", "type": "其他", "text": "十二部經章", "head": "T45n1870_p0555a18"}, {"level": "1", "n": "", "type": "其他", "text": "5 第五會", "head": "T45n1870_p0555b07"}, {"level": "2", "n": "", "type": "其他", "text": "明十迴向章", "head": "T45n1870_p0555b08"}, {"level": "2", "n": "", "type": "其他", "text": "依其五教明順善法數義", "head": "T45n1870_p0555b28"}, {"level": "2", "n": "", "type": "其他", "text": "七財章", "head": "T45n1870_p0556c13"}, {"level": "2", "n": "", "type": "其他", "text": "第五迴向悔過除罪章", "head": "T45n1870_p0556c19"}, {"level": "2", "n": "", "type": "其他", "text": "第六迴向四輪除八難章", "head": "T45n1870_p0557a20"}, {"level": "2", "n": "", "type": "其他", "text": "九十六種外道章", "head": "T45n1870_p0557b05"}, {"level": "2", "n": "", "type": "其他", "text": "七士夫趣章", "head": "T45n1870_p0557b25"}, {"level": "2", "n": "", "type": "其他", "text": "祕密翻依行檀起行作業同異章", "head": "T45n1870_p0557c13"}, {"level": "2", "n": "", "type": "其他", "text": "第八迴向真如章", "head": "T45n1870_p0558c16"}, {"level": "2", "n": "", "type": "其他", "text": "第九迴向初普別始終差別理事諸觀義章", "head": "T45n1870_p0559a25"}, {"level": "2", "n": "", "type": "其他", "text": "9 第九迴向未明住地始終寬狹相攝分齊微細差別義章", "head": "T45n1870_p0559b07"}, {"level": "2", "n": "", "type": "其他", "text": "一乘法海章", "head": "T45n1870_p0559b19"}, {"level": "2", "n": "", "type": "其他", "text": "10 第十迴向生成佛德差別義章", "head": "T45n1870_p0559c24"}, {"level": "2", "n": "", "type": "其他", "text": "初明十地品十地章", "head": "T45n1870_p0560b18"}, {"level": "2", "n": "", "type": "其他", "text": "本分中決定章", "head": "T45n1870_p0561b12"}, {"level": "2", "n": "", "type": "其他", "text": "加分中意加內明四法章", "head": "T45n1870_p0561c06"}, {"level": "2", "n": "", "type": "其他", "text": "六正見章", "head": "T45n1870_p0561c14"}, {"level": "2", "n": "", "type": "其他", "text": "請分中轉依章", "head": "T45n1870_p0562a08"}, {"level": "2", "n": "", "type": "其他", "text": "請分未證教二大章", "head": "T45n1870_p0562b05"}, {"level": "2", "n": "", "type": "其他", "text": "說分初料簡諸宗義章", "head": "T45n1870_p0562c02"}, {"level": "2", "n": "", "type": "其他", "text": "安住地分初五怖畏章", "head": "T45n1870_p0562c19"}, {"level": "2", "n": "", "type": "其他", "text": "校量勝分初十願章", "head": "T45n1870_p0563a05"}, {"level": "2", "n": "", "type": "其他", "text": "三種菩提章", "head": "T45n1870_p0563b22"}, {"level": "2", "n": "", "type": "其他", "text": "行校量中信等十行章", "head": "T45n1870_p0563c01"}, {"level": "2", "n": "", "type": "其他", "text": "行校量慈悲內緣起章", "head": "T45n1870_p0563c08"}, {"level": "2", "n": "", "type": "其他", "text": "彼果分中調柔等四果章", "head": "T45n1870_p0564a03"}, {"level": "2", "n": "", "type": "其他", "text": "第二地初三聚戒章", "head": "T45n1870_p0564a11"}, {"level": "2", "n": "", "type": "其他", "text": "十惡業道章", "head": "T45n1870_p0564b27"}, {"level": "2", "n": "", "type": "其他", "text": "七種邪見章", "head": "T45n1870_p0565a25"}, {"level": "2", "n": "", "type": "其他", "text": "十善業道章", "head": "T45n1870_p0565b08"}, {"level": "2", "n": "", "type": "其他", "text": "攝生戒中明四倒章", "head": "T45n1870_p0565b16"}, {"level": "2", "n": "", "type": "其他", "text": "第三地厭分中四靜慮八禪章", "head": "T45n1870_p0565c04"}, {"level": "2", "n": "", "type": "其他", "text": "三苦八苦章", "head": "T45n1870_p0566c29"}, {"level": "2", "n": "", "type": "其他", "text": "四無量章", "head": "T45n1870_p0567a21"}, {"level": "2", "n": "", "type": "其他", "text": "六神通章", "head": "T45n1870_p0567b02"}, {"level": "2", "n": "", "type": "其他", "text": "第四地三十二相章", "head": "T45n1870_p0567b17"}, {"level": "2", "n": "", "type": "其他", "text": "八十種好章", "head": "T45n1870_p0567c09"}, {"level": "2", "n": "", "type": "其他", "text": "第五地中七淨章", "head": "T45n1870_p0567c29"}, {"level": "2", "n": "", "type": "其他", "text": "十諦章", "head": "T45n1870_p0568a12"}, {"level": "2", "n": "", "type": "其他", "text": "第六地緣生章", "head": "T45n1870_p0568b02"}, {"level": "2", "n": "", "type": "其他", "text": "三空門章", "head": "T45n1870_p0568b09"}, {"level": "2", "n": "", "type": "其他", "text": "重空三昧章", "head": "T45n1870_p0568b13"}, {"level": "2", "n": "", "type": "其他", "text": "人法二空章", "head": "T45n1870_p0568b20"}, {"level": "2", "n": "", "type": "其他", "text": "74 第七地中四家義章", "head": "T45n1870_p0568b26"}, {"level": "2", "n": "", "type": "其他", "text": "等八地四種無生忍章", "head": "T45n1870_p0568c06"}, {"level": "2", "n": "", "type": "其他", "text": "三世間章", "head": "T45n1870_p0568c17"}, {"level": "2", "n": "", "type": "其他", "text": "十自在章", "head": "T45n1870_p0569a09"}, {"level": "2", "n": "", "type": "其他", "text": "十怖畏章", "head": "T45n1870_p0569a23"}, {"level": "2", "n": "", "type": "其他", "text": "91 第九地十一稠林義章", "head": "T45n1870_p0569b02"}, {"level": "2", "n": "", "type": "其他", "text": "八萬四千法門章", "head": "T45n1870_p0569b11"}, {"level": "2", "n": "", "type": "其他", "text": "煩惱行使行稠林章", "head": "T45n1870_p0569b22"}, {"level": "2", "n": "", "type": "其他", "text": "業稠林章", "head": "T45n1870_p0572a25"}, {"level": "2", "n": "", "type": "其他", "text": "根行稠林章", "head": "T45n1870_p0573b04"}, {"level": "2", "n": "", "type": "其他", "text": "生稠林章", "head": "T45n1870_p0573b13"}, {"level": "2", "n": "", "type": "其他", "text": "習氣稠林章", "head": "T45n1870_p0574b04"}, {"level": "2", "n": "", "type": "其他", "text": "三聚行稠林章", "head": "T45n1870_p0574b13"}, {"level": "2", "n": "", "type": "其他", "text": "成就章", "head": "T45n1870_p0574b22"}, {"level": "2", "n": "", "type": "其他", "text": "二十種法師章", "head": "T45n1870_p0575a12"}, {"level": "2", "n": "", "type": "其他", "text": "四十無礙辯才章", "head": "T45n1870_p0575a25"}, {"level": "2", "n": "", "type": "其他", "text": "10 第十地受識章", "head": "T45n1870_p0575a29"}, {"level": "2", "n": "", "type": "其他", "text": "阿耨達池義", "head": "T45n1870_p0575b07"}, {"level": "2", "n": "", "type": "其他", "text": "十明品十明章", "head": "T45n1870_p0575c22"}, {"level": "2", "n": "", "type": "其他", "text": "滅盡定章", "head": "T45n1870_p0575c26"}, {"level": "2", "n": "", "type": "其他", "text": "十忍品十忍章", "head": "T45n1870_p0576b01"}, {"level": "2", "n": "", "type": "其他", "text": "阿僧祇品時劫章", "head": "T45n1870_p0576b06"}, {"level": "2", "n": "", "type": "其他", "text": "壽命品壽命差別章", "head": "T45n1870_p0576b18"}, {"level": "2", "n": "", "type": "其他", "text": "壽命品內明往生義", "head": "T45n1870_p0576c08"}, {"level": "2", "n": "", "type": "其他", "text": "菩薩住處品住處章", "head": "T45n1870_p0578a07"}, {"level": "2", "n": "", "type": "其他", "text": "不思議法品顯果德自在章", "head": "T45n1870_p0578a17"}, {"level": "2", "n": "", "type": "其他", "text": "解脫章", "head": "T45n1870_p0579c04"}, {"level": "2", "n": "", "type": "其他", "text": "如來相海品相海章", "head": "T45n1870_p0579c21"}, {"level": "2", "n": "", "type": "其他", "text": "小相光明功德品小相用章", "head": "T45n1870_p0580b09"}, {"level": "2", "n": "", "type": "其他", "text": "普賢行品普賢章", "head": "T45n1870_p0580b21"}, {"level": "2", "n": "", "type": "其他", "text": "性起品明性起章", "head": "T45n1870_p0580c04"}, {"level": "2", "n": "", "type": "其他", "text": "亡是非論", "head": "T45n1870_p0580c14"}, {"level": "2", "n": "", "type": "其他", "text": "明涅槃章", "head": "T45n1870_p0581b20"}, {"level": "2", "n": "", "type": "其他", "text": "見聞供養福分章", "head": "T45n1870_p0581c02"}, {"level": "1", "n": "", "type": "其他", "text": "7 第七會", "head": "T45n1870_p0581c15"}, {"level": "2", "n": "", "type": "其他", "text": "離世間品明智章", "head": "T45n1870_p0581c16"}, {"level": "2", "n": "", "type": "其他", "text": "不共法章", "head": "T45n1870_p0582b22"}, {"level": "2", "n": "", "type": "其他", "text": "六念章", "head": "T45n1870_p0582c11"}, {"level": "2", "n": "", "type": "其他", "text": "九次第定章", "head": "T45n1870_p0583a04"}, {"level": "2", "n": "", "type": "其他", "text": "八人章", "head": "T45n1870_p0583a11"}, {"level": "2", "n": "", "type": "其他", "text": "見法二行章", "head": "T45n1870_p0583a19"}, {"level": "2", "n": "", "type": "其他", "text": "辟支佛章", "head": "T45n1870_p0583a23"}, {"level": "2", "n": "", "type": "其他", "text": "菩薩章", "head": "T45n1870_p0583a29"}, {"level": "2", "n": "", "type": "其他", "text": "五生章", "head": "T45n1870_p0583b11"}, {"level": "1", "n": "", "type": "其他", "text": "8 第八會", "head": "T45n1870_p0583b17"}, {"level": "2", "n": "", "type": "其他", "text": "入法界品初辨迴心章", "head": "T45n1870_p0583b18"}, {"level": "2", "n": "", "type": "其他", "text": "賢聖善知識章", "head": "T45n1870_p0584a21"}, {"level": "2", "n": "", "type": "其他", "text": "四親近章", "head": "T45n1870_p0584b24"}, {"level": "2", "n": "", "type": "其他", "text": "釋四十五知識文中意章", "head": "T45n1870_p0584c05"}, {"level": "2", "n": "", "type": "其他", "text": "融會三乘決顯明一乘之妙趣", "head": "T45n1870_p0585c26"}, {"level": "2", "n": "", "type": "其他", "text": "顯華嚴經部品增減義", "head": "T45n1870_p0586c22"}, {"level": "2", "n": "", "type": "其他", "text": "釋瓔珞本業網二經顯華嚴經一乘分齊義", "head": "T45n1870_p0586c29"}, {"level": "2", "n": "", "type": "其他", "text": "證華嚴經用教分齊義", "head": "T45n1870_p0588a07"}, {"level": "2", "n": "", "type": "其他", "text": "梵本同異義", "head": "T45n1870_p0588a13"}]