[{"level": "1", "n": "", "type": "其他", "text": "第一明菩薩種姓相門", "head": "T45n1862_p0375a11"}, {"level": "1", "n": "", "type": "其他", "text": "明發心因緣門", "head": "T45n1862_p0375c12"}, {"level": "1", "n": "", "type": "其他", "text": "顯勝門", "head": "T45n1862_p0376c07"}, {"level": "1", "n": "", "type": "其他", "text": "譬喻讚歎門", "head": "T45n1862_p0377c02"}, {"level": "1", "n": "", "type": "其他", "text": "勸發勝劣重廣門", "head": "T45n1862_p0378b29"}, {"level": "1", "n": "", "type": "其他", "text": "立誓發願門", "head": "T45n1862_p0380a04"}, {"level": "1", "n": "", "type": "其他", "text": "復說發心及哀愍門", "head": "T45n1862_p0380c26"}, {"level": "1", "n": "", "type": "其他", "text": "雜明修行及退不退門", "head": "T45n1862_p0381c05"}, {"level": "1", "n": "", "type": "其他", "text": "依觀普賢菩薩經懺悔受戒門", "head": "T45n1862_p0382c20"}, {"level": "1", "n": "", "type": "其他", "text": "一讚受戒門", "head": "T45n1862_p0384a04"}, {"level": "1", "n": "", "type": "其他", "text": "顯過門", "head": "T45n1862_p0384b02"}, {"level": "1", "n": "", "type": "其他", "text": "勸持門", "head": "T45n1862_p0384b18"}, {"level": "1", "n": "", "type": "其他", "text": "護戒門", "head": "T45n1862_p0386c10"}, {"level": "1", "n": "", "type": "其他", "text": "受意門", "head": "T45n1862_p0387a02"}, {"level": "1", "n": "", "type": "其他", "text": "受益門", "head": "T45n1862_p0387a12"}, {"level": "1", "n": "", "type": "其他", "text": "受正門", "head": "T45n1862_p0387b17"}, {"level": "1", "n": "", "type": "其他", "text": "受戒得益門", "head": "T45n1862_p0389a03"}, {"level": "1", "n": "", "type": "其他", "text": "受十善戒門", "head": "T45n1862_p0389c09"}, {"level": "1", "n": "", "type": "其他", "text": "讚忍護戒門", "head": "T45n1862_p0390b29"}, {"level": "1", "n": "", "type": "其他", "text": "白衣互受門", "head": "T45n1862_p0391b20"}, {"level": "1", "n": "", "type": "其他", "text": "供養門", "head": "T45n1862_p0391c12"}, {"level": "1", "n": "", "type": "其他", "text": "供養見利門", "head": "T45n1862_p0392b01"}, {"level": "1", "n": "", "type": "其他", "text": "障治門", "head": "T45n1862_p0393a06"}, {"level": "1", "n": "", "type": "其他", "text": "勝劣門", "head": "T45n1862_p0393a16"}, {"level": "1", "n": "", "type": "其他", "text": "善友門", "head": "T45n1862_p0393b29"}, {"level": "1", "n": "", "type": "其他", "text": "雜行門", "head": "T45n1862_p0394c01"}, {"level": "1", "n": "", "type": "其他", "text": "婦行門", "head": "T45n1862_p0395a06"}, {"level": "1", "n": "", "type": "其他", "text": "大唐三藏法師傳西域正法藏受菩薩戒法", "head": "T45n1862_p0396a03"}, {"level": "1", "n": "", "type": "其他", "text": "得捨門", "head": "T45n1862_p0397c02"}, {"level": "1", "n": "", "type": "其他", "text": "自受菩薩戒法", "head": "T45n1862_p0398a12"}, {"level": "1", "n": "", "type": "其他", "text": "八勝五想門", "head": "T45n1862_p0398a26"}, {"level": "1", "n": "", "type": "其他", "text": "聽法儀", "head": "T45n1862_p0398b07"}, {"level": "1", "n": "", "type": "其他", "text": "說法門", "head": "T45n1862_p0399a06"}, {"level": "1", "n": "", "type": "其他", "text": "攝生方便門", "head": "T45n1862_p0399a14"}, {"level": "1", "n": "", "type": "其他", "text": "求法門", "head": "T45n1862_p0399b01"}, {"level": "1", "n": "", "type": "其他", "text": "入法門", "head": "T45n1862_p0399b16"}, {"level": "1", "n": "", "type": "其他", "text": "應護正法門", "head": "T45n1862_p0399c05"}, {"level": "1", "n": "", "type": "其他", "text": "六度十種分別門", "head": "T45n1862_p0399c17"}, {"level": "1", "n": "", "type": "其他", "text": "七似饒益門", "head": "T45n1862_p0400c19"}, {"level": "1", "n": "", "type": "其他", "text": "菩薩五悕望門", "head": "T45n1862_p0401a24"}, {"level": "1", "n": "", "type": "其他", "text": "六決定應作門", "head": "T45n1862_p0401a28"}, {"level": "1", "n": "", "type": "其他", "text": "六度九種分別門", "head": "T45n1862_p0401b15"}, {"level": "1", "n": "", "type": "其他", "text": "五相名波羅蜜門", "head": "T45n1862_p0404c18"}, {"level": "1", "n": "", "type": "其他", "text": "七相施等清淨門", "head": "T45n1862_p0404c28"}, {"level": "1", "n": "", "type": "其他", "text": "七非田不應施與門", "head": "T45n1862_p0405c05"}, {"level": "1", "n": "", "type": "其他", "text": "四攝如度九種門", "head": "T45n1862_p0405c12"}, {"level": "1", "n": "", "type": "其他", "text": "各九得果門", "head": "T45n1862_p0407a16"}, {"level": "1", "n": "", "type": "其他", "text": "十業得短命報門", "head": "T45n1862_p0407a28"}, {"level": "1", "n": "", "type": "其他", "text": "十業長壽報門", "head": "T45n1862_p0407b06"}, {"level": "1", "n": "", "type": "其他", "text": "十業多病不病門", "head": "T45n1862_p0407b13"}, {"level": "1", "n": "", "type": "其他", "text": "十業醜好報門", "head": "T45n1862_p0407b24"}, {"level": "1", "n": "", "type": "其他", "text": "十業生下上族門", "head": "T45n1862_p0407c05"}, {"level": "1", "n": "", "type": "其他", "text": "禮塔十功德門", "head": "T45n1862_p0407c17"}, {"level": "1", "n": "", "type": "其他", "text": "施蓋十功德門", "head": "T45n1862_p0407c23"}, {"level": "1", "n": "", "type": "其他", "text": "施旛十功德門", "head": "T45n1862_p0408a01"}, {"level": "1", "n": "", "type": "其他", "text": "施鈴十功德門", "head": "T45n1862_p0408a08"}, {"level": "1", "n": "", "type": "其他", "text": "施衣十功德門", "head": "T45n1862_p0408a13"}, {"level": "1", "n": "", "type": "其他", "text": "施器及飲食得十功德門", "head": "T45n1862_p0408a18"}, {"level": "1", "n": "", "type": "其他", "text": "施香十功德門", "head": "T45n1862_p0408a21"}, {"level": "1", "n": "", "type": "其他", "text": "施灯十功德門", "head": "T45n1862_p0408a27"}, {"level": "1", "n": "", "type": "其他", "text": "恭敬合掌十功德門", "head": "T45n1862_p0408b03"}]