[{"level": "1", "n": "", "type": "其他", "text": "三寶章", "head": "T45n1874_p0613a07"}, {"level": "1", "n": "", "type": "其他", "text": "流轉章", "head": "T45n1874_p0617c09"}, {"level": "1", "n": "", "type": "其他", "text": "法界緣起章", "head": "T45n1874_p0619c29"}, {"level": "1", "n": "", "type": "其他", "text": "圓音章", "head": "T45n1874_p0620c17"}, {"level": "1", "n": "", "type": "其他", "text": "法身章", "head": "T45n1874_p0621b24"}, {"level": "1", "n": "", "type": "其他", "text": "十世章", "head": "T45n1874_p0621c27"}, {"level": "1", "n": "", "type": "其他", "text": "玄義章", "head": "T45n1874_p0622c28"}, {"level": "2", "n": "", "type": "其他", "text": "1 緣起無礙門", "head": "T45n1874_p0623a03"}, {"level": "2", "n": "", "type": "其他", "text": "2 染淨緣起門", "head": "T45n1874_p0623c07"}, {"level": "2", "n": "", "type": "其他", "text": "3 揀理異情門", "head": "T45n1874_p0623c19"}, {"level": "2", "n": "", "type": "其他", "text": "4 藥病對治門", "head": "T45n1874_p0624a22"}, {"level": "2", "n": "", "type": "其他", "text": "5 理事分無門", "head": "T45n1874_p0624b08"}, {"level": "2", "n": "", "type": "其他", "text": "6 因因果果門", "head": "T45n1874_p0624b28"}, {"level": "2", "n": "", "type": "其他", "text": "7 二諦無礙門", "head": "T45n1874_p0624c21"}, {"level": "2", "n": "", "type": "其他", "text": "8 真妄心境門", "head": "T45n1874_p0625b17"}, {"level": "2", "n": "", "type": "其他", "text": "9 能化所化融作十門", "head": "T45n1874_p0625c04"}, {"level": "2", "n": "", "type": "其他", "text": "10 入道方便門", "head": "T45n1874_p0625c20"}]