[{"level": "1", "n": "", "type": "其他", "text": "一徵普眼", "head": "T45n1872_p0597a18"}, {"level": "1", "n": "", "type": "其他", "text": "二明理事", "head": "T45n1872_p0597b01"}, {"level": "1", "n": "", "type": "其他", "text": "三辨正因", "head": "T45n1872_p0597b11"}, {"level": "1", "n": "", "type": "其他", "text": "四融大小", "head": "T45n1872_p0597b25"}, {"level": "1", "n": "", "type": "其他", "text": "五結成壞", "head": "T45n1872_p0597c08"}, {"level": "1", "n": "", "type": "其他", "text": "六通二界", "head": "T45n1872_p0597c17"}, {"level": "1", "n": "", "type": "其他", "text": "七明隱顯", "head": "T45n1872_p0597c29"}, {"level": "1", "n": "", "type": "其他", "text": "八明因果", "head": "T45n1872_p0598a11"}, {"level": "1", "n": "", "type": "其他", "text": "九達色空", "head": "T45n1872_p0598a23"}]