[{"level": "1", "n": "", "type": "序", "text": "肇論序", "head": "T45n1858_p0150a22"}, {"level": "1", "n": "", "type": "其他", "text": "宗本義", "head": "T45n1858_p0150c14"}, {"level": "2", "n": "", "type": "其他", "text": "1 物不遷論", "head": "T45n1858_p0151a08"}, {"level": "2", "n": "", "type": "其他", "text": "2 不真空論", "head": "T45n1858_p0152a01"}, {"level": "2", "n": "", "type": "其他", "text": "3 般若無知論", "head": "T45n1858_p0153a07"}, {"level": "3", "n": "", "type": "其他", "text": "劉遺民書問附", "head": "T45n1858_p0154c24"}, {"level": "3", "n": "", "type": "其他", "text": "答劉遺民書", "head": "T45n1858_p0155b22"}, {"level": "2", "n": "", "type": "其他", "text": "4 涅槃無名論", "head": "T45n1858_p0157a12"}, {"level": "3", "n": "", "type": "其他", "text": "1 開宗", "head": "T45n1858_p0157b28"}, {"level": "3", "n": "", "type": "其他", "text": "2 覈體", "head": "T45n1858_p0158a03"}, {"level": "3", "n": "", "type": "其他", "text": "3 位體", "head": "T45n1858_p0158b10"}, {"level": "3", "n": "", "type": "其他", "text": "4 徵出", "head": "T45n1858_p0159a09"}, {"level": "3", "n": "", "type": "其他", "text": "5 超境", "head": "T45n1858_p0159a24"}, {"level": "3", "n": "", "type": "其他", "text": "6 搜玄", "head": "T45n1858_p0159b12"}, {"level": "3", "n": "", "type": "其他", "text": "7 妙存", "head": "T45n1858_p0159b19"}, {"level": "3", "n": "", "type": "其他", "text": "8 難差", "head": "T45n1858_p0159c14"}, {"level": "3", "n": "", "type": "其他", "text": "9 辯差", "head": "T45n1858_p0159c24"}, {"level": "3", "n": "", "type": "其他", "text": "10 責異", "head": "T45n1858_p0160a09"}, {"level": "3", "n": "", "type": "其他", "text": "11 會異", "head": "T45n1858_p0160a18"}, {"level": "3", "n": "", "type": "其他", "text": "12 詰漸", "head": "T45n1858_p0160b04"}, {"level": "3", "n": "", "type": "其他", "text": "13 明漸", "head": "T45n1858_p0160b12"}, {"level": "3", "n": "", "type": "其他", "text": "14 譏動", "head": "T45n1858_p0160b25"}, {"level": "3", "n": "", "type": "其他", "text": "15 動寂", "head": "T45n1858_p0160c04"}, {"level": "3", "n": "", "type": "其他", "text": "16 窮源", "head": "T45n1858_p0161a01"}, {"level": "3", "n": "", "type": "其他", "text": "17 通古", "head": "T45n1858_p0161a06"}, {"level": "3", "n": "", "type": "其他", "text": "18 考得", "head": "T45n1858_p0161a21"}, {"level": "3", "n": "", "type": "其他", "text": "19 玄得", "head": "T45n1858_p0161a29"}]