[{"level": "1", "n": "", "type": "序", "text": "釋門章服儀序", "head": "T45n1894_p0834a12"}, {"level": "1", "n": "", "type": "其他", "text": "1 制意釋名篇", "head": "T45n1894_p0835a01"}, {"level": "1", "n": "", "type": "其他", "text": "2 立體拔俗篇", "head": "T45n1894_p0835b19"}, {"level": "1", "n": "", "type": "其他", "text": "3 勝德經遠篇", "head": "T45n1894_p0837a23"}, {"level": "1", "n": "", "type": "其他", "text": "4 法色光俗篇", "head": "T45n1894_p0837b09"}, {"level": "1", "n": "", "type": "其他", "text": "5 裁製應法篇", "head": "T45n1894_p0837c02"}, {"level": "1", "n": "", "type": "其他", "text": "6 方量幢相篇", "head": "T45n1894_p0838a03"}, {"level": "1", "n": "", "type": "其他", "text": "7 單複有據篇", "head": "T45n1894_p0838a28"}, {"level": "1", "n": "", "type": "其他", "text": "8 縫製裁成篇", "head": "T45n1894_p0838b11"}, {"level": "1", "n": "", "type": "其他", "text": "9 補浣誠教篇", "head": "T45n1894_p0838c22"}, {"level": "1", "n": "", "type": "其他", "text": "10 加法行護篇", "head": "T45n1894_p0839a01"}]