[{"level": "1", "n": "", "type": "其他", "text": "1 出成佛種", "head": "T45n1890_p0775c17"}, {"level": "1", "n": "", "type": "其他", "text": "2 辨定得人門", "head": "T45n1890_p0779b15"}, {"level": "1", "n": "", "type": "其他", "text": "3 顯教差別門", "head": "T45n1890_p0782c03"}, {"level": "1", "n": "", "type": "其他", "text": "4 疾得成佛種類門", "head": "T45n1890_p0790b28"}, {"level": "1", "n": "", "type": "其他", "text": "5 問答分別門", "head": "T45n1890_p0791a17"}]