[{"level": "1", "n": "", "type": "其他", "text": "1 爰真破執章", "head": "T45n1863_p0409a17"}, {"level": "2", "n": "", "type": "其他", "text": "1 破定時因一", "head": "T45n1863_p0409a21"}, {"level": "2", "n": "", "type": "其他", "text": "2 破定教時二", "head": "T45n1863_p0410b17"}, {"level": "2", "n": "", "type": "其他", "text": "3 破定權實三", "head": "T45n1863_p0412b20"}, {"level": "2", "n": "", "type": "其他", "text": "4 破妄通經四", "head": "T45n1863_p0414b16"}, {"level": "3", "n": "", "type": "其他", "text": "破行性遍", "head": "T45n1863_p0417a27"}, {"level": "2", "n": "", "type": "其他", "text": "5 破定顯密五", "head": "T45n1863_p0418c18"}, {"level": "2", "n": "", "type": "其他", "text": "6 破緣正佛性執六", "head": "T45n1863_p0420b06"}, {"level": "1", "n": "", "type": "其他", "text": "2 引鑒除謬章", "head": "T45n1863_p0421c25"}, {"level": "2", "n": "", "type": "其他", "text": "1 標彰五性謬一", "head": "T45n1863_p0422a02"}, {"level": "2", "n": "", "type": "其他", "text": "2 種性不同謬二", "head": "T45n1863_p0422c12"}, {"level": "2", "n": "", "type": "其他", "text": "3 本性住性謬三", "head": "T45n1863_p0425b11"}, {"level": "2", "n": "", "type": "其他", "text": "4 五性唯新謬四", "head": "T45n1863_p0428a01"}, {"level": "2", "n": "", "type": "其他", "text": "5 真如為種謬五", "head": "T45n1863_p0428c09"}, {"level": "2", "n": "", "type": "其他", "text": "6 通經法爾謬六", "head": "T45n1863_p0429b14"}, {"level": "2", "n": "", "type": "其他", "text": "7 漏生無漏謬七", "head": "T45n1863_p0430a07"}, {"level": "2", "n": "", "type": "其他", "text": "8 說教前後謬八", "head": "T45n1863_p0431a05"}, {"level": "2", "n": "", "type": "其他", "text": "9 增壽非了謬九", "head": "T45n1863_p0433c03"}, {"level": "2", "n": "", "type": "其他", "text": "10 說妄通經謬十", "head": "T45n1863_p0435c15"}, {"level": "2", "n": "", "type": "其他", "text": "11 通釋外難謬十一", "head": "T45n1863_p0437a09"}, {"level": "1", "n": "", "type": "其他", "text": "3 依文顯正三", "head": "T45n1863_p0439a11"}, {"level": "2", "n": "", "type": "其他", "text": "1 明佛性不同一", "head": "T45n1863_p0439a15"}, {"level": "2", "n": "", "type": "其他", "text": "2 有無差別二", "head": "T45n1863_p0440c10"}, {"level": "2", "n": "", "type": "其他", "text": "3 明闡提類異三", "head": "T45n1863_p0441b07"}, {"level": "2", "n": "", "type": "其他", "text": "4 聲聞有殊四", "head": "T45n1863_p0442b02"}, {"level": "2", "n": "", "type": "其他", "text": "5 二死不等五", "head": "T45n1863_p0444a22"}, {"level": "2", "n": "", "type": "其他", "text": "6 明佛三身常無常異六", "head": "T45n1863_p0445b24"}, {"level": "2", "n": "", "type": "其他", "text": "7 雜決擇七", "head": "T45n1863_p0446c02"}]