[{"level": "1", "n": "", "type": "其他", "text": "六集", "head": "N22n0007_p0001a01"}, {"level": "2", "n": "", "type": "其他", "text": "第一之五十經", "head": "N22n0007_p0001a08"}, {"level": "3", "n": "", "type": "其他", "text": "第一　應請品", "head": "N22n0007_p0001a10"}, {"level": "4", "n": "", "type": "其他", "text": "一", "head": "N22n0007_p0001a11"}, {"level": "4", "n": "", "type": "其他", "text": "二", "head": "N22n0007_p0002a12"}, {"level": "4", "n": "", "type": "其他", "text": "三", "head": "N22n0007_p0004a11"}, {"level": "4", "n": "", "type": "其他", "text": "四", "head": "N22n0007_p0005a07"}, {"level": "4", "n": "", "type": "其他", "text": "五", "head": "N22n0007_p0006a02"}, {"level": "4", "n": "", "type": "其他", "text": "六", "head": "N22n0007_p0006a12"}, {"level": "4", "n": "", "type": "其他", "text": "七", "head": "N22n0007_p0007a08"}, {"level": "4", "n": "", "type": "其他", "text": "八", "head": "N22n0007_p0008a07"}, {"level": "4", "n": "", "type": "其他", "text": "九", "head": "N22n0007_p0008a14"}, {"level": "4", "n": "", "type": "其他", "text": "十", "head": "N22n0007_p0009a07"}, {"level": "3", "n": "", "type": "其他", "text": "第二　可念品", "head": "N22n0007_p0014a03"}, {"level": "4", "n": "", "type": "其他", "text": "十一", "head": "N22n0007_p0014a04"}, {"level": "4", "n": "", "type": "其他", "text": "十二", "head": "N22n0007_p0015a10"}, {"level": "4", "n": "", "type": "其他", "text": "十三", "head": "N22n0007_p0017a04"}, {"level": "4", "n": "", "type": "其他", "text": "十四", "head": "N22n0007_p0019a14"}, {"level": "4", "n": "", "type": "其他", "text": "十五", "head": "N22n0007_p0021a07"}, {"level": "4", "n": "", "type": "其他", "text": "十六", "head": "N22n0007_p0022a11"}, {"level": "4", "n": "", "type": "其他", "text": "十七", "head": "N22n0007_p0025a12"}, {"level": "4", "n": "", "type": "其他", "text": "十八", "head": "N22n0007_p0028a07"}, {"level": "4", "n": "", "type": "其他", "text": "十九", "head": "N22n0007_p0030a05"}, {"level": "4", "n": "", "type": "其他", "text": "二十", "head": "N22n0007_p0032a14"}, {"level": "3", "n": "", "type": "其他", "text": "第三　無上品", "head": "N22n0007_p0035a09"}, {"level": "4", "n": "", "type": "其他", "text": "二十一", "head": "N22n0007_p0035a10"}, {"level": "4", "n": "", "type": "其他", "text": "二十二", "head": "N22n0007_p0037a02"}, {"level": "4", "n": "", "type": "其他", "text": "二十三", "head": "N22n0007_p0037a10"}, {"level": "4", "n": "", "type": "其他", "text": "二十四", "head": "N22n0007_p0038a11"}, {"level": "4", "n": "", "type": "其他", "text": "二十五", "head": "N22n0007_p0039a02"}, {"level": "4", "n": "", "type": "其他", "text": "二十六", "head": "N22n0007_p0041a04"}, {"level": "4", "n": "", "type": "其他", "text": "二十七", "head": "N22n0007_p0044a06"}, {"level": "4", "n": "", "type": "其他", "text": "二十八", "head": "N22n0007_p0046a09"}, {"level": "4", "n": "", "type": "其他", "text": "二十九", "head": "N22n0007_p0049a02"}, {"level": "4", "n": "", "type": "其他", "text": "三十", "head": "N22n0007_p0051a10"}, {"level": "3", "n": "", "type": "其他", "text": "第四　天品", "head": "N22n0007_p0056a03"}, {"level": "4", "n": "", "type": "其他", "text": "三十一", "head": "N22n0007_p0056a04"}, {"level": "4", "n": "", "type": "其他", "text": "三十二", "head": "N22n0007_p0057a01"}, {"level": "4", "n": "", "type": "其他", "text": "三十三", "head": "N22n0007_p0058a05"}, {"level": "4", "n": "", "type": "其他", "text": "三十四", "head": "N22n0007_p0059a03"}, {"level": "4", "n": "", "type": "其他", "text": "三十五", "head": "N22n0007_p0061a06"}, {"level": "4", "n": "", "type": "其他", "text": "三十六", "head": "N22n0007_p0061a13"}, {"level": "4", "n": "", "type": "其他", "text": "三十七", "head": "N22n0007_p0063a08"}, {"level": "4", "n": "", "type": "其他", "text": "三十八", "head": "N22n0007_p0065a07"}, {"level": "4", "n": "", "type": "其他", "text": "三十九", "head": "N22n0007_p0066a10"}, {"level": "4", "n": "", "type": "其他", "text": "四十", "head": "N22n0007_p0067a13"}, {"level": "4", "n": "", "type": "其他", "text": "四十一", "head": "N22n0007_p0068a14"}, {"level": "4", "n": "", "type": "其他", "text": "四十二", "head": "N22n0007_p0069a14"}, {"level": "3", "n": "", "type": "其他", "text": "第五　曇彌品", "head": "N22n0007_p0073a13"}, {"level": "4", "n": "", "type": "其他", "text": "四十三", "head": "N22n0007_p0073a14"}, {"level": "4", "n": "", "type": "其他", "text": "四十四", "head": "N22n0007_p0078a13"}, {"level": "4", "n": "", "type": "其他", "text": "四十五", "head": "N22n0007_p0083a05"}, {"level": "4", "n": "", "type": "其他", "text": "四十六", "head": "N22n0007_p0087a13"}, {"level": "4", "n": "", "type": "其他", "text": "四十七", "head": "N22n0007_p0089a10"}, {"level": "4", "n": "", "type": "其他", "text": "四十八", "head": "N22n0007_p0090a13"}, {"level": "4", "n": "", "type": "其他", "text": "四十九", "head": "N22n0007_p0091a13"}, {"level": "4", "n": "", "type": "其他", "text": "五十", "head": "N22n0007_p0093a05"}, {"level": "4", "n": "", "type": "其他", "text": "五十一", "head": "N22n0007_p0094a04"}, {"level": "4", "n": "", "type": "其他", "text": "五十二", "head": "N22n0007_p0096a03"}, {"level": "4", "n": "", "type": "其他", "text": "五十三", "head": "N22n0007_p0098a08"}, {"level": "4", "n": "", "type": "其他", "text": "五十四", "head": "N22n0007_p0100a02"}, {"level": "2", "n": "", "type": "其他", "text": "第二之五十經", "head": "N22n0007_p0108a07"}, {"level": "3", "n": "", "type": "其他", "text": "第六　大品", "head": "N22n0007_p0108a09"}, {"level": "4", "n": "", "type": "其他", "text": "五十五", "head": "N22n0007_p0108a11"}, {"level": "4", "n": "", "type": "其他", "text": "五十六", "head": "N22n0007_p0113a14"}, {"level": "4", "n": "", "type": "其他", "text": "五十七", "head": "N22n0007_p0117a10"}, {"level": "4", "n": "", "type": "其他", "text": "五十八", "head": "N22n0007_p0122a01"}, {"level": "4", "n": "", "type": "其他", "text": "五十九", "head": "N22n0007_p0125a13"}, {"level": "4", "n": "", "type": "其他", "text": "六十", "head": "N22n0007_p0127a13"}, {"level": "4", "n": "", "type": "其他", "text": "六十一", "head": "N22n0007_p0133a12"}, {"level": "4", "n": "", "type": "其他", "text": "六十二", "head": "N22n0007_p0136a09"}, {"level": "4", "n": "", "type": "其他", "text": "六十三", "head": "N22n0007_p0143a12"}, {"level": "4", "n": "", "type": "其他", "text": "六十四", "head": "N22n0007_p0152a11"}, {"level": "3", "n": "", "type": "其他", "text": "第七　天神品", "head": "N22n0007_p0157a02"}, {"level": "4", "n": "", "type": "其他", "text": "六十五", "head": "N22n0007_p0157a03"}, {"level": "4", "n": "", "type": "其他", "text": "六十六", "head": "N22n0007_p0157a10"}, {"level": "4", "n": "", "type": "其他", "text": "六十七", "head": "N22n0007_p0158a03"}, {"level": "4", "n": "", "type": "其他", "text": "六十八", "head": "N22n0007_p0158a12"}, {"level": "4", "n": "", "type": "其他", "text": "六十九", "head": "N22n0007_p0159a09"}, {"level": "4", "n": "", "type": "其他", "text": "七十", "head": "N22n0007_p0161a08"}, {"level": "4", "n": "", "type": "其他", "text": "七十一", "head": "N22n0007_p0162a14"}, {"level": "4", "n": "", "type": "其他", "text": "七十二", "head": "N22n0007_p0164a01"}, {"level": "4", "n": "", "type": "其他", "text": "七十三", "head": "N22n0007_p0164a10"}, {"level": "4", "n": "", "type": "其他", "text": "七十四", "head": "N22n0007_p0165a03"}, {"level": "3", "n": "", "type": "其他", "text": "第八　阿羅漢果品", "head": "N22n0007_p0166a05"}, {"level": "4", "n": "", "type": "其他", "text": "七十五", "head": "N22n0007_p0166a06"}, {"level": "4", "n": "", "type": "其他", "text": "七十六", "head": "N22n0007_p0167a03"}, {"level": "4", "n": "", "type": "其他", "text": "七十七", "head": "N22n0007_p0167a13"}, {"level": "4", "n": "", "type": "其他", "text": "七十八", "head": "N22n0007_p0168a06"}, {"level": "4", "n": "", "type": "其他", "text": "七十九", "head": "N22n0007_p0168a12"}, {"level": "4", "n": "", "type": "其他", "text": "八十", "head": "N22n0007_p0169a09"}, {"level": "4", "n": "", "type": "其他", "text": "八十一", "head": "N22n0007_p0170a03"}, {"level": "4", "n": "", "type": "其他", "text": "八十二", "head": "N22n0007_p0170a10"}, {"level": "4", "n": "", "type": "其他", "text": "八十三", "head": "N22n0007_p0171a03"}, {"level": "4", "n": "", "type": "其他", "text": "八十四", "head": "N22n0007_p0171a10"}, {"level": "3", "n": "", "type": "其他", "text": "第九　清涼品", "head": "N22n0007_p0172a12"}, {"level": "4", "n": "", "type": "其他", "text": "八十五", "head": "N22n0007_p0172a13"}, {"level": "4", "n": "", "type": "其他", "text": "八十六", "head": "N22n0007_p0173a08"}, {"level": "4", "n": "", "type": "其他", "text": "八十七", "head": "N22n0007_p0174a06"}, {"level": "4", "n": "", "type": "其他", "text": "八十八", "head": "N22n0007_p0175a07"}, {"level": "4", "n": "", "type": "其他", "text": "八十九", "head": "N22n0007_p0176a08"}, {"level": "4", "n": "", "type": "其他", "text": "九十", "head": "N22n0007_p0177a03"}, {"level": "4", "n": "", "type": "其他", "text": "九十一", "head": "N22n0007_p0177a07"}, {"level": "4", "n": "", "type": "其他", "text": "九十二", "head": "N22n0007_p0177a11"}, {"level": "4", "n": "", "type": "其他", "text": "九十三", "head": "N22n0007_p0178a04"}, {"level": "4", "n": "", "type": "其他", "text": "九十四", "head": "N22n0007_p0178a11"}, {"level": "4", "n": "", "type": "其他", "text": "九十五", "head": "N22n0007_p0179a03"}, {"level": "3", "n": "", "type": "其他", "text": "第十　勝利品", "head": "N22n0007_p0180a04"}, {"level": "4", "n": "", "type": "其他", "text": "九十六", "head": "N22n0007_p0180a05"}, {"level": "4", "n": "", "type": "其他", "text": "九十七", "head": "N22n0007_p0180a11"}, {"level": "4", "n": "", "type": "其他", "text": "九十八", "head": "N22n0007_p0181a02"}, {"level": "4", "n": "", "type": "其他", "text": "九十九", "head": "N22n0007_p0181a09"}, {"level": "4", "n": "", "type": "其他", "text": "一百", "head": "N22n0007_p0181a12"}, {"level": "4", "n": "", "type": "其他", "text": "一百一", "head": "N22n0007_p0181a14"}, {"level": "4", "n": "", "type": "其他", "text": "一百二", "head": "N22n0007_p0182a07"}, {"level": "4", "n": "", "type": "其他", "text": "一百三", "head": "N22n0007_p0182a13"}, {"level": "4", "n": "", "type": "其他", "text": "一百四", "head": "N22n0007_p0183a05"}, {"level": "4", "n": "", "type": "其他", "text": "一百五", "head": "N22n0007_p0183a14"}, {"level": "4", "n": "", "type": "其他", "text": "一百六", "head": "N22n0007_p0184a11"}, {"level": "2", "n": "", "type": "其他", "text": "餘經", "head": "N22n0007_p0186a01"}, {"level": "3", "n": "", "type": "其他", "text": "第十一　三法品", "head": "N22n0007_p0186a04"}, {"level": "4", "n": "", "type": "其他", "text": "一百七", "head": "N22n0007_p0186a05"}, {"level": "4", "n": "", "type": "其他", "text": "一百八", "head": "N22n0007_p0186a11"}, {"level": "4", "n": "", "type": "其他", "text": "一百九", "head": "N22n0007_p0187a05"}, {"level": "4", "n": "", "type": "其他", "text": "一百十", "head": "N22n0007_p0187a11"}, {"level": "4", "n": "", "type": "其他", "text": "一百十一", "head": "N22n0007_p0188a03"}, {"level": "4", "n": "", "type": "其他", "text": "一百十二", "head": "N22n0007_p0188a09"}, {"level": "4", "n": "", "type": "其他", "text": "一百十三", "head": "N22n0007_p0189a01"}, {"level": "4", "n": "", "type": "其他", "text": "一百十四", "head": "N22n0007_p0189a07"}, {"level": "4", "n": "", "type": "其他", "text": "一百十五", "head": "N22n0007_p0189a13"}, {"level": "4", "n": "", "type": "其他", "text": "一百十六", "head": "N22n0007_p0190a06"}, {"level": "3", "n": "", "type": "其他", "text": "第十二　品所不攝經", "head": "N22n0007_p0191a03"}, {"level": "4", "n": "", "type": "其他", "text": "一百十七", "head": "N22n0007_p0191a04"}, {"level": "4", "n": "", "type": "其他", "text": "一百十八", "head": "N22n0007_p0191a14"}, {"level": "4", "n": "", "type": "其他", "text": "一百十九", "head": "N22n0007_p0192a06"}, {"level": "4", "n": "", "type": "其他", "text": "一百二十", "head": "N22n0007_p0192a10"}, {"level": "4", "n": "", "type": "其他", "text": "一百二十一", "head": "N22n0007_p0193a05"}, {"level": "4", "n": "", "type": "其他", "text": "一百二十二", "head": "N22n0007_p0193a12"}, {"level": "4", "n": "", "type": "其他", "text": "一百二十三", "head": "N22n0007_p0194a02"}, {"level": "4", "n": "", "type": "其他", "text": "一百二十四", "head": "N22n0007_p0194a06"}, {"level": "1", "n": "", "type": "其他", "text": "七集", "head": "N22n0007_p0195a01"}, {"level": "2", "n": "", "type": "其他", "text": "五十經", "head": "N22n0007_p0195a06"}, {"level": "3", "n": "", "type": "其他", "text": "第一　財品", "head": "N22n0007_p0195a08"}, {"level": "4", "n": "", "type": "其他", "text": "一", "head": "N22n0007_p0195a09"}, {"level": "4", "n": "", "type": "其他", "text": "二", "head": "N22n0007_p0196a07"}, {"level": "4", "n": "", "type": "其他", "text": "三", "head": "N22n0007_p0197a03"}, {"level": "4", "n": "", "type": "其他", "text": "四", "head": "N22n0007_p0197a11"}, {"level": "4", "n": "", "type": "其他", "text": "五", "head": "N22n0007_p0199a10"}, {"level": "4", "n": "", "type": "其他", "text": "六", "head": "N22n0007_p0200a09"}, {"level": "4", "n": "", "type": "其他", "text": "七", "head": "N22n0007_p0202a06"}, {"level": "4", "n": "", "type": "其他", "text": "八", "head": "N22n0007_p0203a10"}, {"level": "4", "n": "", "type": "其他", "text": "九", "head": "N22n0007_p0203a14"}, {"level": "4", "n": "", "type": "其他", "text": "十", "head": "N22n0007_p0204a08"}, {"level": "3", "n": "", "type": "其他", "text": "第二　隨眠品", "head": "N22n0007_p0205a03"}, {"level": "4", "n": "", "type": "其他", "text": "十一", "head": "N22n0007_p0205a04"}, {"level": "4", "n": "", "type": "其他", "text": "十二", "head": "N22n0007_p0205a08"}, {"level": "4", "n": "", "type": "其他", "text": "十三", "head": "N22n0007_p0206a02"}, {"level": "4", "n": "", "type": "其他", "text": "十四", "head": "N22n0007_p0206a11"}, {"level": "4", "n": "", "type": "其他", "text": "十五", "head": "N22n0007_p0207a02"}, {"level": "4", "n": "", "type": "其他", "text": "十六", "head": "N22n0007_p0209a14"}, {"level": "4", "n": "", "type": "其他", "text": "十七", "head": "N22n0007_p0211a01"}, {"level": "4", "n": "", "type": "其他", "text": "十八", "head": "N22n0007_p0212a02"}, {"level": "3", "n": "", "type": "其他", "text": "第三　跋耆品", "head": "N22n0007_p0214a02"}, {"level": "4", "n": "", "type": "其他", "text": "十九", "head": "N22n0007_p0214a03"}, {"level": "4", "n": "", "type": "其他", "text": "二十", "head": "N22n0007_p0215a07"}, {"level": "4", "n": "", "type": "其他", "text": "二十一", "head": "N22n0007_p0219a07"}, {"level": "4", "n": "", "type": "其他", "text": "二十二", "head": "N22n0007_p0220a09"}, {"level": "4", "n": "", "type": "其他", "text": "二十三", "head": "N22n0007_p0221a04"}, {"level": "4", "n": "", "type": "其他", "text": "二十四", "head": "N22n0007_p0221a11"}, {"level": "4", "n": "", "type": "其他", "text": "二十五", "head": "N22n0007_p0222a05"}, {"level": "4", "n": "", "type": "其他", "text": "二十六", "head": "N22n0007_p0222a13"}, {"level": "4", "n": "", "type": "其他", "text": "二十七", "head": "N22n0007_p0223a13"}, {"level": "4", "n": "", "type": "其他", "text": "二十八～三十", "head": "N22n0007_p0225a11"}, {"level": "3", "n": "", "type": "其他", "text": "第四　天品", "head": "N22n0007_p0227a12"}, {"level": "4", "n": "", "type": "其他", "text": "三十一", "head": "N22n0007_p0227a13"}, {"level": "4", "n": "", "type": "其他", "text": "三十二", "head": "N22n0007_p0229a04"}, {"level": "4", "n": "", "type": "其他", "text": "三十三", "head": "N22n0007_p0229a14"}, {"level": "4", "n": "", "type": "其他", "text": "三十四", "head": "N22n0007_p0230a09"}, {"level": "4", "n": "", "type": "其他", "text": "三十五", "head": "N22n0007_p0231a13"}, {"level": "4", "n": "", "type": "其他", "text": "三十六", "head": "N22n0007_p0232a10"}, {"level": "4", "n": "", "type": "其他", "text": "三十七", "head": "N22n0007_p0233a06"}, {"level": "4", "n": "", "type": "其他", "text": "三十八", "head": "N22n0007_p0234a05"}, {"level": "4", "n": "", "type": "其他", "text": "三十九", "head": "N22n0007_p0235a02"}, {"level": "4", "n": "", "type": "其他", "text": "四十", "head": "N22n0007_p0237a06"}, {"level": "3", "n": "", "type": "其他", "text": "第五　大供犧品", "head": "N22n0007_p0239a11"}, {"level": "4", "n": "", "type": "其他", "text": "四十一", "head": "N22n0007_p0239a12"}, {"level": "4", "n": "", "type": "其他", "text": "四十二", "head": "N22n0007_p0240a12"}, {"level": "4", "n": "", "type": "其他", "text": "四十三", "head": "N22n0007_p0241a02"}, {"level": "4", "n": "", "type": "其他", "text": "四十四", "head": "N22n0007_p0241a06"}, {"level": "4", "n": "", "type": "其他", "text": "四十五", "head": "N22n0007_p0246a02"}, {"level": "4", "n": "", "type": "其他", "text": "四十六", "head": "N22n0007_p0246a12"}, {"level": "4", "n": "", "type": "其他", "text": "四十七", "head": "N22n0007_p0253a06"}, {"level": "4", "n": "", "type": "其他", "text": "四十八", "head": "N22n0007_p0255a05"}, {"level": "4", "n": "", "type": "其他", "text": "四十九", "head": "N22n0007_p0257a01"}, {"level": "4", "n": "", "type": "其他", "text": "五十", "head": "N22n0007_p0260a11"}, {"level": "2", "n": "", "type": "其他", "text": "餘經", "head": "N22n0007_p0264a11"}, {"level": "3", "n": "", "type": "其他", "text": "第六　無記品", "head": "N22n0007_p0264a12"}, {"level": "4", "n": "", "type": "其他", "text": "五十一", "head": "N22n0007_p0264a13"}, {"level": "4", "n": "", "type": "其他", "text": "五十二", "head": "N22n0007_p0266a07"}, {"level": "4", "n": "", "type": "其他", "text": "五十三", "head": "N22n0007_p0270a03"}, {"level": "4", "n": "", "type": "其他", "text": "五十四", "head": "N22n0007_p0274a02"}, {"level": "4", "n": "", "type": "其他", "text": "五十五", "head": "N22n0007_p0277a06"}, {"level": "4", "n": "", "type": "其他", "text": "五十六", "head": "N22n0007_p0278a14"}, {"level": "4", "n": "", "type": "其他", "text": "五十七", "head": "N22n0007_p0279a13"}, {"level": "4", "n": "", "type": "其他", "text": "五十八", "head": "N22n0007_p0280a04"}, {"level": "4", "n": "", "type": "其他", "text": "五十九", "head": "N22n0007_p0285a12"}, {"level": "4", "n": "", "type": "其他", "text": "六十", "head": "N22n0007_p0288a11"}, {"level": "3", "n": "", "type": "其他", "text": "第七　大品", "head": "N22n0007_p0294a02"}, {"level": "4", "n": "", "type": "其他", "text": "六十一", "head": "N22n0007_p0294a03"}, {"level": "4", "n": "", "type": "其他", "text": "六十二", "head": "N22n0007_p0295a02"}, {"level": "4", "n": "", "type": "其他", "text": "六十三", "head": "N22n0007_p0300a01"}, {"level": "4", "n": "", "type": "其他", "text": "六十四", "head": "N22n0007_p0306a07"}, {"level": "4", "n": "", "type": "其他", "text": "六十五", "head": "N22n0007_p0310a04"}, {"level": "4", "n": "", "type": "其他", "text": "六十六", "head": "N22n0007_p0312a09"}, {"level": "4", "n": "", "type": "其他", "text": "六十七", "head": "N22n0007_p0317a06"}, {"level": "4", "n": "", "type": "其他", "text": "六十八", "head": "N22n0007_p0319a10"}, {"level": "4", "n": "", "type": "其他", "text": "六十九", "head": "N22n0007_p0326a03"}, {"level": "4", "n": "", "type": "其他", "text": "七十", "head": "N22n0007_p0327a08"}, {"level": "3", "n": "", "type": "其他", "text": "第八　律品", "head": "N22n0007_p0330a09"}, {"level": "4", "n": "", "type": "其他", "text": "七十一", "head": "N22n0007_p0330a10"}, {"level": "4", "n": "", "type": "其他", "text": "七十二", "head": "N22n0007_p0331a03"}, {"level": "4", "n": "", "type": "其他", "text": "七十三", "head": "N22n0007_p0331a10"}, {"level": "4", "n": "", "type": "其他", "text": "七十四", "head": "N22n0007_p0332a05"}, {"level": "4", "n": "", "type": "其他", "text": "七十五", "head": "N22n0007_p0332a11"}, {"level": "4", "n": "", "type": "其他", "text": "七十六", "head": "N22n0007_p0333a02"}, {"level": "4", "n": "", "type": "其他", "text": "七十七", "head": "N22n0007_p0333a08"}, {"level": "4", "n": "", "type": "其他", "text": "七十八", "head": "N22n0007_p0333a13"}, {"level": "4", "n": "", "type": "其他", "text": "七十九", "head": "N22n0007_p0334a05"}, {"level": "4", "n": "", "type": "其他", "text": "八十", "head": "N22n0007_p0334a13"}, {"level": "3", "n": "", "type": "其他", "text": "品所不攝經", "head": "N22n0007_p0335a09"}]