[{"n": "7", "fun": "open", "head": "GA082n0084_p0443a01", "title": "雞足山志卷之七"}, {"n": "7", "fun": "close", "head": "GA082n0084_p0471a09", "title": "卷之七終"}, {"n": "8", "fun": "open", "head": "GA082n0084_p0473a01", "title": "雞足山志卷之八"}, {"n": "9", "fun": "open", "head": "GA082n0084_p0605a01", "title": "雞足山志卷之九"}, {"n": "10", "fun": "open", "head": "GA082n0084_p0705a01", "title": "雞足山志卷之十"}, {"n": "10", "fun": "open", "head": "GA082n0084_p0721a01", "title": "雞足山志卷之十"}]