[{"n": "1", "fun": "open", "head": "GA084n0086_p0043a01", "title": "黃檗山寺志卷一"}, {"n": "2", "fun": "open", "head": "GA084n0086_p0061a01", "title": "黃檗山寺志卷二"}, {"n": "3", "fun": "open", "head": "GA084n0086_p0095a01", "title": "黃檗山寺志卷三"}, {"n": "4", "fun": "open", "head": "GA084n0086_p0125a04", "title": "黃檗山寺志卷四"}, {"n": "5", "fun": "open", "head": "GA084n0086_p0227a01", "title": "黃檗山寺志卷五"}, {"n": "6", "fun": "open", "head": "GA084n0086_p0239a01", "title": "黃檗山寺志卷六"}, {"n": "7", "fun": "open", "head": "GA084n0086_p0283a01", "title": "黃檗山寺志卷七"}, {"n": "8", "fun": "open", "head": "GA084n0086_p0375a01", "title": "黃檗山寺志卷八"}]