[{"level": "1", "n": "", "type": "其他", "text": "第一　蛇品", "head": "N28n0014_p0001a01"}, {"level": "2", "n": "", "type": "其他", "text": "一　福田鬼事", "head": "N28n0014_p0001a08"}, {"level": "2", "n": "", "type": "其他", "text": "二　豚鬼事", "head": "N28n0014_p0002a03"}, {"level": "2", "n": "", "type": "其他", "text": "三　臭口鬼事", "head": "N28n0014_p0002a09"}, {"level": "2", "n": "", "type": "其他", "text": "四　人形鬼事", "head": "N28n0014_p0003a02"}, {"level": "2", "n": "", "type": "其他", "text": "五　戶外鬼事", "head": "N28n0014_p0003a09"}, {"level": "2", "n": "", "type": "其他", "text": "六　食兒鬼事（一）", "head": "N28n0014_p0004a13"}, {"level": "2", "n": "", "type": "其他", "text": "七　食兒鬼事（二）", "head": "N28n0014_p0005a11"}, {"level": "2", "n": "", "type": "其他", "text": "八　牛鬼事", "head": "N28n0014_p0006a11"}, {"level": "2", "n": "", "type": "其他", "text": "九　織女鬼事", "head": "N28n0014_p0007a08"}, {"level": "2", "n": "", "type": "其他", "text": "一〇　禿頭鬼事", "head": "N28n0014_p0008a03"}, {"level": "2", "n": "", "type": "其他", "text": "一一　象鬼事", "head": "N28n0014_p0009a07"}, {"level": "2", "n": "", "type": "其他", "text": "一二　蛇鬼事", "head": "N28n0014_p0010a12"}, {"level": "1", "n": "", "type": "其他", "text": "第二　鬱婆利品", "head": "N28n0014_p0013a02"}, {"level": "2", "n": "", "type": "其他", "text": "一　離輪迴鬼事", "head": "N28n0014_p0013a05"}, {"level": "2", "n": "", "type": "其他", "text": "二　舍利弗母鬼事", "head": "N28n0014_p0015a04"}, {"level": "2", "n": "", "type": "其他", "text": "三　魔陀鬼事", "head": "N28n0014_p0016a08"}, {"level": "2", "n": "", "type": "其他", "text": "四　難陀鬼事", "head": "N28n0014_p0019a08"}, {"level": "2", "n": "", "type": "其他", "text": "五　耳環女鬼事", "head": "N28n0014_p0021a04"}, {"level": "2", "n": "", "type": "其他", "text": "六　餓鬼事", "head": "N28n0014_p0021a07"}, {"level": "2", "n": "", "type": "其他", "text": "七　財護鬼事", "head": "N28n0014_p0023a02"}, {"level": "2", "n": "", "type": "其他", "text": "八　權商鬼事", "head": "N28n0014_p0025a02"}, {"level": "2", "n": "", "type": "其他", "text": "九　央崛羅鬼事", "head": "N28n0014_p0026a10"}, {"level": "2", "n": "", "type": "其他", "text": "一〇　鬱多羅母鬼事", "head": "N28n0014_p0033a03"}, {"level": "2", "n": "", "type": "其他", "text": "一一　線餓鬼事", "head": "N28n0014_p0034a02"}, {"level": "2", "n": "", "type": "其他", "text": "一二　無耳犬鬼事", "head": "N28n0014_p0035a02"}, {"level": "2", "n": "", "type": "其他", "text": "一三　鬱婆利鬼事", "head": "N28n0014_p0036a13"}, {"level": "1", "n": "", "type": "其他", "text": "第三　小品", "head": "N28n0014_p0040a03"}, {"level": "2", "n": "", "type": "其他", "text": "一　不斷鬼事", "head": "N28n0014_p0040a04"}, {"level": "2", "n": "", "type": "其他", "text": "二　薩努瓦西鬼事", "head": "N28n0014_p0042a02"}, {"level": "2", "n": "", "type": "其他", "text": "三　造車鬼事", "head": "N28n0014_p0044a12"}, {"level": "2", "n": "", "type": "其他", "text": "四　籾殼鬼事", "head": "N28n0014_p0045a09"}, {"level": "2", "n": "", "type": "其他", "text": "五　小兒鬼事", "head": "N28n0014_p0046a03"}, {"level": "2", "n": "", "type": "其他", "text": "六　塞利尼鬼事", "head": "N28n0014_p0047a09"}, {"level": "2", "n": "", "type": "其他", "text": "七　獵鹿鬼事（一）", "head": "N28n0014_p0049a02"}, {"level": "2", "n": "", "type": "其他", "text": "八　獵鹿鬼事（二）", "head": "N28n0014_p0050a02"}, {"level": "2", "n": "", "type": "其他", "text": "九　詐欺鬼事", "head": "N28n0014_p0050a10"}, {"level": "2", "n": "", "type": "其他", "text": "一〇　不敬塔鬼事", "head": "N28n0014_p0051a08"}, {"level": "1", "n": "", "type": "其他", "text": "第四　大品", "head": "N28n0014_p0053a02"}, {"level": "2", "n": "", "type": "其他", "text": "一　安拔薩卡拉鬼事", "head": "N28n0014_p0053a05"}, {"level": "2", "n": "", "type": "其他", "text": "二　塞里薩伽鬼事", "head": "N28n0014_p0062a02"}, {"level": "2", "n": "", "type": "其他", "text": "三　難提迦鬼事", "head": "N28n0014_p0062a05"}, {"level": "2", "n": "", "type": "其他", "text": "四　雷瓦提鬼事", "head": "N28n0014_p0067a03"}, {"level": "2", "n": "", "type": "其他", "text": "五　甘蔗鬼事", "head": "N28n0014_p0067a06"}, {"level": "2", "n": "", "type": "其他", "text": "六　兒童鬼事", "head": "N28n0014_p0068a05"}, {"level": "2", "n": "", "type": "其他", "text": "七　王兒鬼事", "head": "N28n0014_p0069a02"}, {"level": "2", "n": "", "type": "其他", "text": "八　糞食鬼事（一）", "head": "N28n0014_p0070a03"}, {"level": "2", "n": "", "type": "其他", "text": "九　糞食鬼事（二）", "head": "N28n0014_p0070a13"}, {"level": "2", "n": "", "type": "其他", "text": "一〇　群集鬼事", "head": "N28n0014_p0071a09"}, {"level": "2", "n": "", "type": "其他", "text": "一一　華子鬼事", "head": "N28n0014_p0072a09"}, {"level": "2", "n": "", "type": "其他", "text": "一二　菴羅鬼事", "head": "N28n0014_p0073a02"}, {"level": "2", "n": "", "type": "其他", "text": "一三　木軸鬼事", "head": "N28n0014_p0073a10"}, {"level": "2", "n": "", "type": "其他", "text": "一四　蓄財鬼事", "head": "N28n0014_p0074a02"}, {"level": "2", "n": "", "type": "其他", "text": "一五　商子鬼事", "head": "N28n0014_p0074a05"}, {"level": "2", "n": "", "type": "其他", "text": "一六　六萬槌鬼事", "head": "N28n0014_p0074a11"}]