[{"level": "1", "n": "", "type": "其他", "text": "一偈集", "head": "N28n0016_p0239a01"}, {"level": "1", "n": "", "type": "其他", "text": "二偈集", "head": "N28n0016_p0243a03"}, {"level": "1", "n": "", "type": "其他", "text": "三偈集", "head": "N28n0016_p0247a03"}, {"level": "1", "n": "", "type": "其他", "text": "四偈集", "head": "N28n0016_p0251a03"}, {"level": "1", "n": "", "type": "其他", "text": "五偈集", "head": "N28n0016_p0252a03"}, {"level": "1", "n": "", "type": "其他", "text": "六偈集", "head": "N28n0016_p0259a03"}, {"level": "1", "n": "", "type": "其他", "text": "七偈集", "head": "N28n0016_p0264a03"}, {"level": "1", "n": "", "type": "其他", "text": "八偈集", "head": "N28n0016_p0267a03"}, {"level": "1", "n": "", "type": "其他", "text": "九偈集", "head": "N28n0016_p0269a03"}, {"level": "1", "n": "", "type": "其他", "text": "十一偈集", "head": "N28n0016_p0271a03"}, {"level": "1", "n": "", "type": "其他", "text": "十二偈集", "head": "N28n0016_p0273a03"}, {"level": "1", "n": "", "type": "其他", "text": "十六偈集", "head": "N28n0016_p0275a03"}, {"level": "1", "n": "", "type": "其他", "text": "二十偈集", "head": "N28n0016_p0277a03"}, {"level": "1", "n": "", "type": "其他", "text": "三十偈集", "head": "N28n0016_p0289a03"}, {"level": "1", "n": "", "type": "其他", "text": "四十四偈集", "head": "N28n0016_p0293a03"}, {"level": "1", "n": "", "type": "其他", "text": "大集", "head": "N28n0016_p0298a03"}]