[{"level": "1", "n": "", "type": "其他", "text": "卷首", "head": "GA023n0021_p0003a01"}, {"level": "2", "n": "", "type": "其他", "text": "提要", "head": "GA023n0021_p0003a01"}, {"level": "2", "n": "", "type": "序", "text": "序", "head": "GA023n0021_p0005a01"}, {"level": "3", "n": "", "type": "序", "text": "戒顯序", "head": "GA023n0021_p0005a01"}, {"level": "3", "n": "", "type": "序", "text": "徐增序", "head": "GA023n0021_p0009a01"}, {"level": "3", "n": "", "type": "序", "text": "孫治序", "head": "GA023n0021_p0013a01"}, {"level": "3", "n": "", "type": "序", "text": "嚴沆序", "head": "GA023n0021_p0015a01"}, {"level": "2", "n": "", "type": "其他", "text": "山圖", "head": "GA023n0021_p0017a01"}, {"level": "3", "n": "", "type": "其他", "text": "圖一", "head": "GA023n0021_p0017a01"}, {"level": "3", "n": "", "type": "其他", "text": "圖二", "head": "GA023n0021_p0019a01"}, {"level": "3", "n": "", "type": "其他", "text": "圖三", "head": "GA023n0021_p0021a01"}, {"level": "3", "n": "", "type": "其他", "text": "圖四", "head": "GA023n0021_p0023a01"}, {"level": "3", "n": "", "type": "其他", "text": "圖五", "head": "GA023n0021_p0025a01"}, {"level": "3", "n": "", "type": "其他", "text": "圖六", "head": "GA023n0021_p0027a01"}, {"level": "3", "n": "", "type": "其他", "text": "圖七", "head": "GA023n0021_p0029a01"}, {"level": "3", "n": "", "type": "其他", "text": "圖八", "head": "GA023n0021_p0031a01"}, {"level": "3", "n": "", "type": "其他", "text": "圖九", "head": "GA023n0021_p0033a01"}, {"level": "3", "n": "", "type": "其他", "text": "圖十", "head": "GA023n0021_p0035a01"}, {"level": "3", "n": "", "type": "其他", "text": "圖十一", "head": "GA023n0021_p0037a01"}, {"level": "3", "n": "", "type": "其他", "text": "圖十二", "head": "GA023n0021_p0039a01"}, {"level": "2", "n": "", "type": "其他", "text": "總目", "head": "GA023n0021_p0041a01"}, {"level": "1", "n": "", "type": "其他", "text": "開山", "head": "GA023n0021_p0045a05"}, {"level": "1", "n": "", "type": "其他", "text": "重興", "head": "GA023n0021_p0047a03"}, {"level": "1", "n": "", "type": "其他", "text": "山水", "head": "GA023n0021_p0052a04"}, {"level": "2", "n": "", "type": "其他", "text": "概述", "head": "GA023n0021_p0052a05"}, {"level": "2", "n": "", "type": "其他", "text": "峰", "head": "GA023n0021_p0054a08"}, {"level": "3", "n": "", "type": "其他", "text": "飛來峰", "head": "GA023n0021_p0054a09"}, {"level": "3", "n": "", "type": "其他", "text": "蓮華峰", "head": "GA023n0021_p0056a01"}, {"level": "3", "n": "", "type": "其他", "text": "宰相峰", "head": "GA023n0021_p0056a04"}, {"level": "3", "n": "", "type": "其他", "text": "月桂峰", "head": "GA023n0021_p0056a05"}, {"level": "3", "n": "", "type": "其他", "text": "白猿峰", "head": "GA023n0021_p0058a03"}, {"level": "3", "n": "", "type": "其他", "text": "稽留峰", "head": "GA023n0021_p0058a04"}, {"level": "3", "n": "", "type": "其他", "text": "北高峰", "head": "GA023n0021_p0058a06"}, {"level": "3", "n": "", "type": "其他", "text": "烏石峰", "head": "GA023n0021_p0058a10"}, {"level": "3", "n": "", "type": "其他", "text": "龍門峰", "head": "GA023n0021_p0059a02"}, {"level": "3", "n": "", "type": "其他", "text": "西原峰", "head": "GA023n0021_p0059a03"}, {"level": "3", "n": "", "type": "其他", "text": "雙檜峰", "head": "GA023n0021_p0059a04"}, {"level": "3", "n": "", "type": "其他", "text": "白雲峰", "head": "GA023n0021_p0059a05"}, {"level": "3", "n": "", "type": "其他", "text": "中印峰", "head": "GA023n0021_p0059a06"}, {"level": "3", "n": "", "type": "其他", "text": "乳竇峰", "head": "GA023n0021_p0059a08"}, {"level": "3", "n": "", "type": "其他", "text": "獅子峰", "head": "GA023n0021_p0059a09"}, {"level": "3", "n": "", "type": "其他", "text": "香罏峰", "head": "GA023n0021_p0060a01"}, {"level": "3", "n": "", "type": "其他", "text": "善住峰", "head": "GA023n0021_p0060a02"}, {"level": "2", "n": "", "type": "其他", "text": "嶺", "head": "GA023n0021_p0060a04"}, {"level": "3", "n": "", "type": "其他", "text": "駝巘嶺", "head": "GA023n0021_p0060a05"}, {"level": "3", "n": "", "type": "其他", "text": "石人嶺", "head": "GA023n0021_p0060a06"}, {"level": "3", "n": "", "type": "其他", "text": "東墓嶺", "head": "GA023n0021_p0060a07"}, {"level": "3", "n": "", "type": "其他", "text": "楓木嶺", "head": "GA023n0021_p0060a08"}, {"level": "3", "n": "", "type": "其他", "text": "白沙嶺", "head": "GA023n0021_p0060a09"}, {"level": "3", "n": "", "type": "其他", "text": "郎當嶺", "head": "GA023n0021_p0060a10"}, {"level": "3", "n": "", "type": "其他", "text": "幽淙嶺", "head": "GA023n0021_p0061a03"}, {"level": "3", "n": "", "type": "其他", "text": "東嶺", "head": "GA023n0021_p0061a05"}, {"level": "3", "n": "", "type": "其他", "text": "西嶺", "head": "GA023n0021_p0061a06"}, {"level": "3", "n": "", "type": "其他", "text": "仙芝嶺", "head": "GA023n0021_p0061a07"}, {"level": "3", "n": "", "type": "其他", "text": "黃泥嶺", "head": "GA023n0021_p0061a08"}, {"level": "2", "n": "", "type": "其他", "text": "塢", "head": "GA023n0021_p0061a09"}, {"level": "3", "n": "", "type": "其他", "text": "於家塢", "head": "GA023n0021_p0061a10"}, {"level": "3", "n": "", "type": "其他", "text": "水岡塢", "head": "GA023n0021_p0062a01"}, {"level": "3", "n": "", "type": "其他", "text": "巢居塢", "head": "GA023n0021_p0062a02"}, {"level": "3", "n": "", "type": "其他", "text": "大桐塢", "head": "GA023n0021_p0062a04"}, {"level": "3", "n": "", "type": "其他", "text": "石人塢", "head": "GA023n0021_p0062a05"}, {"level": "3", "n": "", "type": "其他", "text": "白沙塢", "head": "GA023n0021_p0062a06"}, {"level": "3", "n": "", "type": "其他", "text": "桐木塢", "head": "GA023n0021_p0062a07"}, {"level": "3", "n": "", "type": "其他", "text": "騰雲塢", "head": "GA023n0021_p0062a08"}, {"level": "3", "n": "", "type": "其他", "text": "楊梅塢", "head": "GA023n0021_p0062a09"}, {"level": "3", "n": "", "type": "其他", "text": "永清塢", "head": "GA023n0021_p0062a10"}, {"level": "3", "n": "", "type": "其他", "text": "神道塢", "head": "GA023n0021_p0063a01"}, {"level": "3", "n": "", "type": "其他", "text": "慈雲塢", "head": "GA023n0021_p0063a02"}, {"level": "3", "n": "", "type": "其他", "text": "葛塢", "head": "GA023n0021_p0063a03"}, {"level": "3", "n": "", "type": "其他", "text": "活沙塢", "head": "GA023n0021_p0063a04"}, {"level": "3", "n": "", "type": "其他", "text": "水竹塢", "head": "GA023n0021_p0063a05"}, {"level": "3", "n": "", "type": "其他", "text": "珍珠塢", "head": "GA023n0021_p0063a06"}, {"level": "3", "n": "", "type": "其他", "text": "瑞岡塢", "head": "GA023n0021_p0063a07"}, {"level": "3", "n": "", "type": "其他", "text": "鷂子塢", "head": "GA023n0021_p0063a08"}, {"level": "2", "n": "", "type": "其他", "text": "洞", "head": "GA023n0021_p0063a09"}, {"level": "3", "n": "", "type": "其他", "text": "龍泓洞", "head": "GA023n0021_p0063a10"}, {"level": "3", "n": "", "type": "其他", "text": "玉乳洞", "head": "GA023n0021_p0064a06"}, {"level": "3", "n": "", "type": "其他", "text": "射旭洞", "head": "GA023n0021_p0064a10"}, {"level": "3", "n": "", "type": "其他", "text": "呼猿洞", "head": "GA023n0021_p0065a08"}, {"level": "3", "n": "", "type": "其他", "text": "金佛洞", "head": "GA023n0021_p0066a03"}, {"level": "3", "n": "", "type": "其他", "text": "香林洞", "head": "GA023n0021_p0066a04"}, {"level": "3", "n": "", "type": "其他", "text": "圓公洞", "head": "GA023n0021_p0066a05"}, {"level": "2", "n": "", "type": "其他", "text": "巖", "head": "GA023n0021_p0066a06"}, {"level": "3", "n": "", "type": "其他", "text": "龍泓巖", "head": "GA023n0021_p0066a07"}, {"level": "3", "n": "", "type": "其他", "text": "青林巖", "head": "GA023n0021_p0066a08"}, {"level": "3", "n": "", "type": "其他", "text": "理公巖", "head": "GA023n0021_p0066a09"}, {"level": "3", "n": "", "type": "其他", "text": "玉女巖", "head": "GA023n0021_p0066a10"}, {"level": "3", "n": "", "type": "其他", "text": "日月巖", "head": "GA023n0021_p0067a02"}, {"level": "3", "n": "", "type": "其他", "text": "虎頭巖", "head": "GA023n0021_p0067a03"}, {"level": "3", "n": "", "type": "其他", "text": "千歲巖", "head": "GA023n0021_p0067a04"}, {"level": "3", "n": "", "type": "其他", "text": "天香巖", "head": "GA023n0021_p0067a05"}, {"level": "3", "n": "", "type": "其他", "text": "白雲巖", "head": "GA023n0021_p0067a06"}, {"level": "3", "n": "", "type": "其他", "text": "百丈巖", "head": "GA023n0021_p0067a07"}, {"level": "3", "n": "", "type": "其他", "text": "烏石巖", "head": "GA023n0021_p0067a08"}, {"level": "2", "n": "", "type": "其他", "text": "石", "head": "GA023n0021_p0067a09"}, {"level": "3", "n": "", "type": "其他", "text": "石蓮", "head": "GA023n0021_p0067a10"}, {"level": "3", "n": "", "type": "其他", "text": "石梁", "head": "GA023n0021_p0068a01"}, {"level": "3", "n": "", "type": "其他", "text": "三生石", "head": "GA023n0021_p0068a02"}, {"level": "3", "n": "", "type": "其他", "text": "水波石", "head": "GA023n0021_p0068a03"}, {"level": "3", "n": "", "type": "其他", "text": "鬬鷄石", "head": "GA023n0021_p0068a04"}, {"level": "3", "n": "", "type": "其他", "text": "卧龍石", "head": "GA023n0021_p0068a05"}, {"level": "3", "n": "", "type": "其他", "text": "一指石", "head": "GA023n0021_p0068a07"}, {"level": "3", "n": "", "type": "其他", "text": "石筍", "head": "GA023n0021_p0068a08"}, {"level": "3", "n": "", "type": "其他", "text": "石室", "head": "GA023n0021_p0068a10"}, {"level": "3", "n": "", "type": "其他", "text": "獅子石", "head": "GA023n0021_p0069a02"}, {"level": "3", "n": "", "type": "其他", "text": "石人", "head": "GA023n0021_p0069a03"}, {"level": "3", "n": "", "type": "其他", "text": "棋盤石", "head": "GA023n0021_p0069a05"}, {"level": "3", "n": "", "type": "其他", "text": "醉石", "head": "GA023n0021_p0069a07"}, {"level": "2", "n": "", "type": "其他", "text": "棧", "head": "GA023n0021_p0069a10"}, {"level": "3", "n": "", "type": "其他", "text": "伏虎棧", "head": "GA023n0021_p0070a01"}, {"level": "3", "n": "", "type": "其他", "text": "連巖棧", "head": "GA023n0021_p0070a03"}, {"level": "2", "n": "", "type": "其他", "text": "水", "head": "GA023n0021_p0070a05"}, {"level": "3", "n": "", "type": "其他", "text": "南澗", "head": "GA023n0021_p0070a06"}, {"level": "3", "n": "", "type": "其他", "text": "北澗", "head": "GA023n0021_p0071a05"}, {"level": "2", "n": "", "type": "其他", "text": "泉", "head": "GA023n0021_p0072a05"}, {"level": "3", "n": "", "type": "其他", "text": "冷泉", "head": "GA023n0021_p0072a06"}, {"level": "3", "n": "", "type": "其他", "text": "溫泉", "head": "GA023n0021_p0072a10"}, {"level": "3", "n": "", "type": "其他", "text": "渦渚泉", "head": "GA023n0021_p0073a01"}, {"level": "3", "n": "", "type": "其他", "text": "卧龍泉", "head": "GA023n0021_p0073a02"}, {"level": "3", "n": "", "type": "其他", "text": "醴泉", "head": "GA023n0021_p0073a03"}, {"level": "3", "n": "", "type": "其他", "text": "蕭公泉", "head": "GA023n0021_p0073a04"}, {"level": "3", "n": "", "type": "其他", "text": "伏犀泉", "head": "GA023n0021_p0073a05"}, {"level": "3", "n": "", "type": "其他", "text": "瓔珞泉", "head": "GA023n0021_p0073a06"}, {"level": "3", "n": "", "type": "其他", "text": "蓮華泉　跳珠泉", "head": "GA023n0021_p0073a08"}, {"level": "3", "n": "", "type": "其他", "text": "上永福", "head": "GA023n0021_p0074a01"}, {"level": "3", "n": "", "type": "其他", "text": "金沙泉　銀沙泉", "head": "GA023n0021_p0074a02"}, {"level": "3", "n": "", "type": "其他", "text": "觀音泉", "head": "GA023n0021_p0074a03"}, {"level": "3", "n": "", "type": "其他", "text": "夢泉", "head": "GA023n0021_p0074a05"}, {"level": "3", "n": "", "type": "其他", "text": "薈泉", "head": "GA023n0021_p0074a07"}, {"level": "3", "n": "", "type": "其他", "text": "華光泉", "head": "GA023n0021_p0074a08"}, {"level": "3", "n": "", "type": "其他", "text": "凝翠泉", "head": "GA023n0021_p0074a09"}, {"level": "3", "n": "", "type": "其他", "text": "水月泉", "head": "GA023n0021_p0074a10"}, {"level": "3", "n": "", "type": "其他", "text": "孫公泉", "head": "GA023n0021_p0075a01"}, {"level": "3", "n": "", "type": "其他", "text": "玉液泉", "head": "GA023n0021_p0075a02"}, {"level": "3", "n": "", "type": "其他", "text": "小龍泓泉", "head": "GA023n0021_p0075a03"}, {"level": "3", "n": "", "type": "其他", "text": "白公茶井泉", "head": "GA023n0021_p0075a04"}, {"level": "3", "n": "", "type": "其他", "text": "龍王泉", "head": "GA023n0021_p0075a05"}, {"level": "2", "n": "", "type": "其他", "text": "池", "head": "GA023n0021_p0075a06"}, {"level": "3", "n": "", "type": "其他", "text": "蘸筆池", "head": "GA023n0021_p0075a07"}, {"level": "3", "n": "", "type": "其他", "text": "茯苓池", "head": "GA023n0021_p0075a08"}, {"level": "3", "n": "", "type": "其他", "text": "金蓮池", "head": "GA023n0021_p0075a09"}, {"level": "3", "n": "", "type": "其他", "text": "福泉池", "head": "GA023n0021_p0075a10"}, {"level": "3", "n": "", "type": "其他", "text": "雲液池", "head": "GA023n0021_p0076a01"}, {"level": "3", "n": "", "type": "其他", "text": "七星池", "head": "GA023n0021_p0076a02"}, {"level": "3", "n": "", "type": "其他", "text": "金波池", "head": "GA023n0021_p0076a03"}, {"level": "2", "n": "", "type": "其他", "text": "井", "head": "GA023n0021_p0076a04"}, {"level": "3", "n": "", "type": "其他", "text": "葛翁大井", "head": "GA023n0021_p0076a05"}, {"level": "3", "n": "", "type": "其他", "text": "天澤井", "head": "GA023n0021_p0076a08"}, {"level": "1", "n": "", "type": "其他", "text": "梵宇", "head": "GA023n0021_p0077a02"}, {"level": "2", "n": "", "type": "其他", "text": "概述", "head": "GA023n0021_p0077a03"}, {"level": "2", "n": "", "type": "其他", "text": "開列新建殿堂、樓閣、寮舍、庄院名目", "head": "GA023n0021_p0082a10"}, {"level": "3", "n": "", "type": "其他", "text": "大雄寶殿", "head": "GA023n0021_p0083a01"}, {"level": "3", "n": "", "type": "其他", "text": "天王殿", "head": "GA023n0021_p0083a04"}, {"level": "3", "n": "", "type": "其他", "text": "輪藏殿", "head": "GA023n0021_p0083a06"}, {"level": "3", "n": "", "type": "其他", "text": "伽藍殿", "head": "GA023n0021_p0083a08"}, {"level": "3", "n": "", "type": "其他", "text": "羅漢殿", "head": "GA023n0021_p0083a10"}, {"level": "3", "n": "", "type": "其他", "text": "金光明殿", "head": "GA023n0021_p0084a02"}, {"level": "3", "n": "", "type": "其他", "text": "大悲殿", "head": "GA023n0021_p0084a04"}, {"level": "3", "n": "", "type": "其他", "text": "祖師殿", "head": "GA023n0021_p0084a06"}, {"level": "3", "n": "", "type": "其他", "text": "法堂", "head": "GA023n0021_p0084a08"}, {"level": "3", "n": "", "type": "其他", "text": "方丈直指堂", "head": "GA023n0021_p0085a03"}, {"level": "3", "n": "", "type": "其他", "text": "面壁軒樓", "head": "GA023n0021_p0085a05"}, {"level": "3", "n": "", "type": "其他", "text": "青猊軒樓", "head": "GA023n0021_p0085a07"}, {"level": "3", "n": "", "type": "其他", "text": "小方丈樓", "head": "GA023n0021_p0085a09"}, {"level": "3", "n": "", "type": "其他", "text": "靜室", "head": "GA023n0021_p0086a01"}, {"level": "3", "n": "", "type": "其他", "text": "東耳樓", "head": "GA023n0021_p0086a03"}, {"level": "3", "n": "", "type": "其他", "text": "獅子窟", "head": "GA023n0021_p0086a05"}, {"level": "3", "n": "", "type": "其他", "text": "大樹堂", "head": "GA023n0021_p0086a07"}, {"level": "3", "n": "", "type": "其他", "text": "東禪堂", "head": "GA023n0021_p0087a02"}, {"level": "3", "n": "", "type": "其他", "text": "西禪堂", "head": "GA023n0021_p0087a04"}, {"level": "3", "n": "", "type": "其他", "text": "慧日塔", "head": "GA023n0021_p0087a06"}, {"level": "3", "n": "", "type": "其他", "text": "南鑑堂", "head": "GA023n0021_p0087a09"}, {"level": "3", "n": "", "type": "其他", "text": "齋堂", "head": "GA023n0021_p0088a01"}, {"level": "3", "n": "", "type": "其他", "text": "聯燈閣", "head": "GA023n0021_p0088a03"}, {"level": "3", "n": "", "type": "其他", "text": "華嚴閣", "head": "GA023n0021_p0088a05"}, {"level": "3", "n": "", "type": "其他", "text": "華嚴閣廂樓", "head": "GA023n0021_p0088a07"}, {"level": "3", "n": "", "type": "其他", "text": "華嚴閣小方丈", "head": "GA023n0021_p0088a09"}, {"level": "3", "n": "", "type": "其他", "text": "青蓮閣", "head": "GA023n0021_p0089a01"}, {"level": "3", "n": "", "type": "其他", "text": "梵香閣", "head": "GA023n0021_p0089a03"}, {"level": "3", "n": "", "type": "其他", "text": "嫩桂堂", "head": "GA023n0021_p0089a05"}, {"level": "3", "n": "", "type": "其他", "text": "玉樹林", "head": "GA023n0021_p0089a07"}, {"level": "3", "n": "", "type": "其他", "text": "法壽堂", "head": "GA023n0021_p0089a09"}, {"level": "3", "n": "", "type": "其他", "text": "官客樓", "head": "GA023n0021_p0090a01"}, {"level": "3", "n": "", "type": "其他", "text": "官客公所", "head": "GA023n0021_p0090a03"}, {"level": "3", "n": "", "type": "其他", "text": "響水樓", "head": "GA023n0021_p0090a05"}, {"level": "3", "n": "", "type": "其他", "text": "萬竹樓", "head": "GA023n0021_p0090a07"}, {"level": "3", "n": "", "type": "其他", "text": "鐘樓", "head": "GA023n0021_p0090a09"}, {"level": "3", "n": "", "type": "其他", "text": "看月樓", "head": "GA023n0021_p0091a01"}, {"level": "3", "n": "", "type": "其他", "text": "直歲樓", "head": "GA023n0021_p0091a03"}, {"level": "3", "n": "", "type": "其他", "text": "廚房樓", "head": "GA023n0021_p0091a05"}, {"level": "3", "n": "", "type": "其他", "text": "廚房", "head": "GA023n0021_p0091a07"}, {"level": "3", "n": "", "type": "其他", "text": "庫房樓", "head": "GA023n0021_p0091a09"}, {"level": "3", "n": "", "type": "其他", "text": "知浴樓", "head": "GA023n0021_p0092a01"}, {"level": "3", "n": "", "type": "其他", "text": "浴寮", "head": "GA023n0021_p0092a03"}, {"level": "3", "n": "", "type": "其他", "text": "雜務寮", "head": "GA023n0021_p0092a05"}, {"level": "3", "n": "", "type": "其他", "text": "柴房", "head": "GA023n0021_p0092a07"}, {"level": "3", "n": "", "type": "其他", "text": "菜園", "head": "GA023n0021_p0092a09"}, {"level": "3", "n": "", "type": "其他", "text": "梅園房", "head": "GA023n0021_p0093a01"}, {"level": "3", "n": "", "type": "其他", "text": "擇木堂", "head": "GA023n0021_p0093a03"}, {"level": "3", "n": "", "type": "其他", "text": "茶房", "head": "GA023n0021_p0093a05"}, {"level": "3", "n": "", "type": "其他", "text": "普同塔院", "head": "GA023n0021_p0093a07"}, {"level": "3", "n": "", "type": "其他", "text": "總管殿", "head": "GA023n0021_p0093a10"}, {"level": "3", "n": "", "type": "其他", "text": "柴寮", "head": "GA023n0021_p0094a02"}, {"level": "3", "n": "", "type": "其他", "text": "寶勝菴", "head": "GA023n0021_p0094a05"}, {"level": "3", "n": "", "type": "其他", "text": "松木場", "head": "GA023n0021_p0094a08"}, {"level": "3", "n": "", "type": "其他", "text": "江干下院接雲菴", "head": "GA023n0021_p0094a10"}, {"level": "2", "n": "", "type": "其他", "text": "明萬曆癸未易菴建置附載", "head": "GA023n0021_p0095a03"}, {"level": "2", "n": "", "type": "其他", "text": "明宣德七年舊誌本山寺基號址附載", "head": "GA023n0021_p0096a03"}, {"level": "2", "n": "", "type": "其他", "text": "元賜還九里松行路碑附載", "head": "GA023n0021_p0097a02"}, {"level": "2", "n": "", "type": "其他", "text": "宋天聖三年皇太后賜錢買田數附載", "head": "GA023n0021_p0097a10"}, {"level": "2", "n": "", "type": "其他", "text": "宋天聖三年中書門下牒附載", "head": "GA023n0021_p0098a04"}, {"level": "2", "n": "", "type": "其他", "text": "舊誌靈隱別業附載", "head": "GA023n0021_p0099a10"}, {"level": "2", "n": "", "type": "其他", "text": "唐宋以來靈隱殿室舊名附載", "head": "GA023n0021_p0100a06"}, {"level": "2", "n": "", "type": "其他", "text": "舊誌諸僧續剙菴房附載", "head": "GA023n0021_p0102a03"}, {"level": "1", "n": "", "type": "其他", "text": "古塔", "head": "GA023n0021_p0104a07"}, {"level": "2", "n": "", "type": "其他", "text": "概述", "head": "GA023n0021_p0104a08"}, {"level": "2", "n": "", "type": "其他", "text": "唐塔", "head": "GA023n0021_p0105a08"}, {"level": "3", "n": "", "type": "其他", "text": "理公塔", "head": "GA023n0021_p0105a08"}, {"level": "2", "n": "", "type": "其他", "text": "隋塔", "head": "GA023n0021_p0106a06"}, {"level": "3", "n": "", "type": "其他", "text": "神尼舍利塔", "head": "GA023n0021_p0106a06"}, {"level": "3", "n": "", "type": "其他", "text": "真觀塔", "head": "GA023n0021_p0107a04"}, {"level": "2", "n": "", "type": "其他", "text": "唐塔", "head": "GA023n0021_p0107a09"}, {"level": "3", "n": "", "type": "其他", "text": "鳥窠禪師塔", "head": "GA023n0021_p0107a09"}, {"level": "3", "n": "", "type": "其他", "text": "北高峰塔", "head": "GA023n0021_p0108a03"}, {"level": "3", "n": "", "type": "其他", "text": "修證了義法師塔", "head": "GA023n0021_p0108a08"}, {"level": "2", "n": "", "type": "其他", "text": "吳越塔", "head": "GA023n0021_p0108a09"}, {"level": "3", "n": "", "type": "其他", "text": "無著禪師塔", "head": "GA023n0021_p0108a10"}, {"level": "2", "n": "", "type": "其他", "text": "宋塔", "head": "GA023n0021_p0109a09"}, {"level": "3", "n": "", "type": "其他", "text": "瑞光卧塔", "head": "GA023n0021_p0109a10"}, {"level": "3", "n": "", "type": "其他", "text": "延珊禪師塔", "head": "GA023n0021_p0110a02"}, {"level": "3", "n": "", "type": "其他", "text": "普慈大師塔", "head": "GA023n0021_p0110a03"}, {"level": "3", "n": "", "type": "其他", "text": "永安禪師塔", "head": "GA023n0021_p0110a04"}, {"level": "3", "n": "", "type": "其他", "text": "玄本禪師塔", "head": "GA023n0021_p0110a06"}, {"level": "3", "n": "", "type": "其他", "text": "白蓮社主塔", "head": "GA023n0021_p0110a07"}, {"level": "2", "n": "", "type": "其他", "text": "南宋塔", "head": "GA023n0021_p0110a09"}, {"level": "3", "n": "", "type": "其他", "text": "瞎堂禪師塔", "head": "GA023n0021_p0110a10"}, {"level": "3", "n": "", "type": "其他", "text": "懶菴安禪師塔", "head": "GA023n0021_p0111a03"}, {"level": "3", "n": "", "type": "其他", "text": "松源禪師塔", "head": "GA023n0021_p0111a04"}, {"level": "3", "n": "", "type": "其他", "text": "石鼓禪師塔", "head": "GA023n0021_p0111a05"}, {"level": "3", "n": "", "type": "其他", "text": "鐵牛禪師塔", "head": "GA023n0021_p0111a06"}, {"level": "3", "n": "", "type": "其他", "text": "妙峰禪師塔", "head": "GA023n0021_p0111a07"}, {"level": "2", "n": "", "type": "其他", "text": "元塔", "head": "GA023n0021_p0111a08"}, {"level": "3", "n": "", "type": "其他", "text": "普覺朋禪師塔", "head": "GA023n0021_p0111a09"}, {"level": "3", "n": "", "type": "其他", "text": "良用貞禪師塔", "head": "GA023n0021_p0111a10"}, {"level": "2", "n": "", "type": "其他", "text": "明塔", "head": "GA023n0021_p0112a01"}, {"level": "3", "n": "", "type": "其他", "text": "幻隱禪師塔", "head": "GA023n0021_p0112a02"}, {"level": "3", "n": "", "type": "其他", "text": "見心禪師塔", "head": "GA023n0021_p0112a03"}, {"level": "3", "n": "", "type": "其他", "text": "忻悟禪師塔", "head": "GA023n0021_p0112a04"}, {"level": "3", "n": "", "type": "其他", "text": "無文禪師塔", "head": "GA023n0021_p0112a05"}, {"level": "3", "n": "", "type": "其他", "text": "可淳禪師塔", "head": "GA023n0021_p0112a06"}, {"level": "3", "n": "", "type": "其他", "text": "幻菴修禪師塔", "head": "GA023n0021_p0112a07"}, {"level": "3", "n": "", "type": "其他", "text": "慎菴祥禪師塔", "head": "GA023n0021_p0112a09"}, {"level": "3", "n": "", "type": "其他", "text": "曇瓚師塔", "head": "GA023n0021_p0112a10"}, {"level": "3", "n": "", "type": "其他", "text": "北峰讚塔", "head": "GA023n0021_p0113a01"}, {"level": "3", "n": "", "type": "其他", "text": "月用禪師塔", "head": "GA023n0021_p0113a02"}, {"level": "1", "n": "", "type": "其他", "text": "古蹟", "head": "GA023n0021_p0113a07"}, {"level": "2", "n": "", "type": "其他", "text": "概述", "head": "GA023n0021_p0113a08"}, {"level": "2", "n": "", "type": "其他", "text": "山門二石幢", "head": "GA023n0021_p0114a05"}, {"level": "2", "n": "", "type": "其他", "text": "丹墀二石塔", "head": "GA023n0021_p0114a07"}, {"level": "2", "n": "", "type": "其他", "text": "西部都尉治", "head": "GA023n0021_p0115a10"}, {"level": "2", "n": "", "type": "其他", "text": "錢唐縣舊治", "head": "GA023n0021_p0116a01"}, {"level": "2", "n": "", "type": "其他", "text": "左軍教場", "head": "GA023n0021_p0116a03"}, {"level": "2", "n": "", "type": "其他", "text": "飛來峰坊", "head": "GA023n0021_p0116a04"}, {"level": "2", "n": "", "type": "其他", "text": "二寺門", "head": "GA023n0021_p0116a05"}, {"level": "2", "n": "", "type": "其他", "text": "袁公松門", "head": "GA023n0021_p0116a08"}, {"level": "2", "n": "", "type": "其他", "text": "冷泉亭", "head": "GA023n0021_p0116a10"}, {"level": "2", "n": "", "type": "其他", "text": "客兒亭", "head": "GA023n0021_p0117a03"}, {"level": "2", "n": "", "type": "其他", "text": "袁君亭", "head": "GA023n0021_p0117a05"}, {"level": "2", "n": "", "type": "其他", "text": "見山亭", "head": "GA023n0021_p0117a06"}, {"level": "2", "n": "", "type": "其他", "text": "虛白亭", "head": "GA023n0021_p0117a08"}, {"level": "2", "n": "", "type": "其他", "text": "觀風亭", "head": "GA023n0021_p0117a10"}, {"level": "2", "n": "", "type": "其他", "text": "候仙亭", "head": "GA023n0021_p0118a01"}, {"level": "2", "n": "", "type": "其他", "text": "紫微亭", "head": "GA023n0021_p0118a03"}, {"level": "2", "n": "", "type": "其他", "text": "壑雷亭", "head": "GA023n0021_p0118a04"}, {"level": "2", "n": "", "type": "其他", "text": "紫微亭", "head": "GA023n0021_p0118a05"}, {"level": "2", "n": "", "type": "其他", "text": "春淙亭", "head": "GA023n0021_p0119a02"}, {"level": "2", "n": "", "type": "其他", "text": "清繞橋", "head": "GA023n0021_p0119a03"}, {"level": "2", "n": "", "type": "其他", "text": "東西行春橋", "head": "GA023n0021_p0119a04"}, {"level": "2", "n": "", "type": "其他", "text": "合澗橋", "head": "GA023n0021_p0119a05"}, {"level": "2", "n": "", "type": "其他", "text": "瀑雷橋", "head": "GA023n0021_p0119a06"}, {"level": "2", "n": "", "type": "其他", "text": "石橋", "head": "GA023n0021_p0119a07"}, {"level": "2", "n": "", "type": "其他", "text": "杜明甫宅", "head": "GA023n0021_p0119a08"}, {"level": "2", "n": "", "type": "其他", "text": "丁翰之宅", "head": "GA023n0021_p0119a09"}, {"level": "2", "n": "", "type": "其他", "text": "顛仙廬", "head": "GA023n0021_p0119a10"}, {"level": "2", "n": "", "type": "其他", "text": "紫芝道院", "head": "GA023n0021_p0120a01"}, {"level": "2", "n": "", "type": "其他", "text": "朱墅", "head": "GA023n0021_p0120a03"}, {"level": "2", "n": "", "type": "其他", "text": "鄴公菴", "head": "GA023n0021_p0120a04"}, {"level": "2", "n": "", "type": "其他", "text": "香林園", "head": "GA023n0021_p0120a07"}, {"level": "2", "n": "", "type": "其他", "text": "班衣園", "head": "GA023n0021_p0120a08"}, {"level": "2", "n": "", "type": "其他", "text": "書藏", "head": "GA023n0021_p0120a09"}, {"level": "2", "n": "", "type": "其他", "text": "岣嶁山房", "head": "GA023n0021_p0120a10"}, {"level": "2", "n": "", "type": "其他", "text": "丹竈堂", "head": "GA023n0021_p0121a01"}, {"level": "2", "n": "", "type": "其他", "text": "思真堂", "head": "GA023n0021_p0121a02"}, {"level": "2", "n": "", "type": "其他", "text": "九師堂", "head": "GA023n0021_p0121a03"}, {"level": "2", "n": "", "type": "其他", "text": "西嶺草堂", "head": "GA023n0021_p0121a05"}, {"level": "2", "n": "", "type": "其他", "text": "東嶺草堂", "head": "GA023n0021_p0121a06"}, {"level": "2", "n": "", "type": "其他", "text": "七葉堂", "head": "GA023n0021_p0122a01"}, {"level": "2", "n": "", "type": "其他", "text": "金光明懺堂", "head": "GA023n0021_p0122a02"}, {"level": "2", "n": "", "type": "其他", "text": "九品觀堂", "head": "GA023n0021_p0122a07"}, {"level": "2", "n": "", "type": "其他", "text": "翻經臺", "head": "GA023n0021_p0122a08"}, {"level": "2", "n": "", "type": "其他", "text": "飯猿臺", "head": "GA023n0021_p0122a09"}, {"level": "2", "n": "", "type": "其他", "text": "無量壽閣", "head": "GA023n0021_p0123a01"}, {"level": "2", "n": "", "type": "其他", "text": "輪藏閣", "head": "GA023n0021_p0123a02"}, {"level": "2", "n": "", "type": "其他", "text": "百尺彌勒閣", "head": "GA023n0021_p0123a05"}, {"level": "2", "n": "", "type": "其他", "text": "延賓水閣", "head": "GA023n0021_p0123a06"}, {"level": "2", "n": "", "type": "其他", "text": "望海閣", "head": "GA023n0021_p0123a07"}, {"level": "2", "n": "", "type": "其他", "text": "滴翠軒", "head": "GA023n0021_p0123a08"}, {"level": "2", "n": "", "type": "其他", "text": "一笑軒", "head": "GA023n0021_p0123a09"}, {"level": "2", "n": "", "type": "其他", "text": "巖石室", "head": "GA023n0021_p0123a10"}, {"level": "2", "n": "", "type": "其他", "text": "交蘆室", "head": "GA023n0021_p0124a01"}, {"level": "2", "n": "", "type": "其他", "text": "明真宮", "head": "GA023n0021_p0124a02"}, {"level": "2", "n": "", "type": "其他", "text": "天醫波利多院", "head": "GA023n0021_p0124a08"}, {"level": "2", "n": "", "type": "其他", "text": "鐵舌菴", "head": "GA023n0021_p0124a10"}, {"level": "2", "n": "", "type": "其他", "text": "韜光菴", "head": "GA023n0021_p0125a01"}, {"level": "2", "n": "", "type": "其他", "text": "白雲菴", "head": "GA023n0021_p0125a04"}, {"level": "2", "n": "", "type": "其他", "text": "天聖寺", "head": "GA023n0021_p0125a05"}, {"level": "2", "n": "", "type": "其他", "text": "靈峰院", "head": "GA023n0021_p0125a06"}, {"level": "2", "n": "", "type": "其他", "text": "無垢院", "head": "GA023n0021_p0125a07"}, {"level": "2", "n": "", "type": "其他", "text": "海峰菴", "head": "GA023n0021_p0125a08"}, {"level": "2", "n": "", "type": "其他", "text": "華光廟", "head": "GA023n0021_p0125a09"}, {"level": "2", "n": "", "type": "其他", "text": "元帥殿", "head": "GA023n0021_p0126a01"}, {"level": "2", "n": "", "type": "其他", "text": "總管堂", "head": "GA023n0021_p0126a02"}, {"level": "2", "n": "", "type": "其他", "text": "陳明大王祠", "head": "GA023n0021_p0126a04"}, {"level": "2", "n": "", "type": "其他", "text": "東坡祠", "head": "GA023n0021_p0126a05"}, {"level": "2", "n": "", "type": "其他", "text": "土地過海大王祠", "head": "GA023n0021_p0126a07"}, {"level": "2", "n": "", "type": "其他", "text": "輦路", "head": "GA023n0021_p0126a09"}, {"level": "2", "n": "", "type": "其他", "text": "椒園", "head": "GA023n0021_p0127a01"}, {"level": "2", "n": "", "type": "其他", "text": "呼猿洞舊路", "head": "GA023n0021_p0127a02"}, {"level": "2", "n": "", "type": "其他", "text": "靈隱舊小路", "head": "GA023n0021_p0127a05"}, {"level": "2", "n": "", "type": "其他", "text": "吳寺團", "head": "GA023n0021_p0127a07"}, {"level": "2", "n": "", "type": "其他", "text": "吳寺橋", "head": "GA023n0021_p0127a08"}, {"level": "2", "n": "", "type": "其他", "text": "菜園", "head": "GA023n0021_p0127a09"}, {"level": "2", "n": "", "type": "其他", "text": "上菜園", "head": "GA023n0021_p0127a10"}, {"level": "2", "n": "", "type": "其他", "text": "下菜園", "head": "GA023n0021_p0128a01"}, {"level": "2", "n": "", "type": "其他", "text": "法安院衖", "head": "GA023n0021_p0128a03"}, {"level": "2", "n": "", "type": "其他", "text": "舊靈鷲寺", "head": "GA023n0021_p0128a04"}, {"level": "1", "n": "", "type": "其他", "text": "禪祖上", "head": "GA023n0021_p0129a02"}, {"level": "2", "n": "", "type": "其他", "text": "概述", "head": "GA023n0021_p0129a03"}, {"level": "2", "n": "", "type": "其他", "text": "開山慧理祖師", "head": "GA023n0021_p0130a04"}, {"level": "2", "n": "", "type": "其他", "text": "劉宋", "head": "GA023n0021_p0130a09"}, {"level": "3", "n": "", "type": "其他", "text": "智一法師", "head": "GA023n0021_p0130a09"}, {"level": "3", "n": "", "type": "其他", "text": "曇超法師", "head": "GA023n0021_p0131a05"}, {"level": "3", "n": "", "type": "其他", "text": "寶達禪師", "head": "GA023n0021_p0132a05"}, {"level": "2", "n": "", "type": "其他", "text": "隋", "head": "GA023n0021_p0133a01"}, {"level": "3", "n": "", "type": "其他", "text": "聖達貞觀禪師", "head": "GA023n0021_p0133a01"}, {"level": "2", "n": "", "type": "其他", "text": "唐", "head": "GA023n0021_p0133a10"}, {"level": "3", "n": "", "type": "其他", "text": "堅道守直律師", "head": "GA023n0021_p0133a10"}, {"level": "3", "n": "", "type": "其他", "text": "道標法師", "head": "GA023n0021_p0134a08"}, {"level": "3", "n": "", "type": "其他", "text": "皎然清晝律師", "head": "GA023n0021_p0135a07"}, {"level": "3", "n": "", "type": "其他", "text": "道齊尊師", "head": "GA023n0021_p0136a01"}, {"level": "3", "n": "", "type": "其他", "text": "抱玉慧琳禪師", "head": "GA023n0021_p0136a08"}, {"level": "3", "n": "", "type": "其他", "text": "鑑空法師", "head": "GA023n0021_p0137a05"}, {"level": "3", "n": "", "type": "其他", "text": "韜光禪師", "head": "GA023n0021_p0139a02"}, {"level": "3", "n": "", "type": "其他", "text": "無著文喜禪師", "head": "GA023n0021_p0139a05"}, {"level": "2", "n": "", "type": "其他", "text": "五代", "head": "GA023n0021_p0140a03"}, {"level": "3", "n": "", "type": "其他", "text": "永明延壽禪師", "head": "GA023n0021_p0140a03"}, {"level": "3", "n": "", "type": "其他", "text": "清聳禪師", "head": "GA023n0021_p0141a04"}, {"level": "2", "n": "", "type": "其他", "text": "北宋", "head": "GA023n0021_p0141a10"}, {"level": "3", "n": "", "type": "其他", "text": "贊寧律師", "head": "GA023n0021_p0141a10"}, {"level": "3", "n": "", "type": "其他", "text": "處光禪師", "head": "GA023n0021_p0142a06"}, {"level": "3", "n": "", "type": "其他", "text": "韶光禪師", "head": "GA023n0021_p0142a07"}, {"level": "3", "n": "", "type": "其他", "text": "道端禪師", "head": "GA023n0021_p0142a08"}, {"level": "3", "n": "", "type": "其他", "text": "雲知慈覺禪師", "head": "GA023n0021_p0142a10"}, {"level": "3", "n": "", "type": "其他", "text": "王童圓明禪師", "head": "GA023n0021_p0143a04"}, {"level": "3", "n": "", "type": "其他", "text": "文勝禪師", "head": "GA023n0021_p0143a07"}, {"level": "3", "n": "", "type": "其他", "text": "慧明延珊禪師", "head": "GA023n0021_p0144a02"}, {"level": "3", "n": "", "type": "其他", "text": "德章禪師", "head": "GA023n0021_p0144a07"}, {"level": "3", "n": "", "type": "其他", "text": "慧中禪師", "head": "GA023n0021_p0144a10"}, {"level": "3", "n": "", "type": "其他", "text": "慧照藴聰禪師", "head": "GA023n0021_p0145a01"}, {"level": "3", "n": "", "type": "其他", "text": "幻旻禪師", "head": "GA023n0021_p0145a04"}, {"level": "1", "n": "", "type": "其他", "text": "禪祖下", "head": "GA023n0021_p0147a02"}, {"level": "2", "n": "", "type": "其他", "text": "北宋", "head": "GA023n0021_p0147a03"}, {"level": "3", "n": "", "type": "其他", "text": "明教契嵩禪師", "head": "GA023n0021_p0147a03"}, {"level": "3", "n": "", "type": "其他", "text": "玄本禪師", "head": "GA023n0021_p0148a05"}, {"level": "3", "n": "", "type": "其他", "text": "雪竇重顯禪師", "head": "GA023n0021_p0148a10"}, {"level": "3", "n": "", "type": "其他", "text": "本然清覺宗師", "head": "GA023n0021_p0150a08"}, {"level": "3", "n": "", "type": "其他", "text": "寂室慧光禪師", "head": "GA023n0021_p0151a03"}, {"level": "2", "n": "", "type": "其他", "text": "南宋", "head": "GA023n0021_p0151a08"}, {"level": "3", "n": "", "type": "其他", "text": "佛智端裕禪師", "head": "GA023n0021_p0151a08"}, {"level": "3", "n": "", "type": "其他", "text": "慧淳圓智禪師", "head": "GA023n0021_p0153a04"}, {"level": "3", "n": "", "type": "其他", "text": "大慧宗杲禪師", "head": "GA023n0021_p0153a10"}, {"level": "3", "n": "", "type": "其他", "text": "無菴法全禪師", "head": "GA023n0021_p0160a06"}, {"level": "3", "n": "", "type": "其他", "text": "瞎堂慧遠禪師", "head": "GA023n0021_p0161a02"}, {"level": "3", "n": "", "type": "其他", "text": "覺阿侍者", "head": "GA023n0021_p0163a10"}, {"level": "3", "n": "", "type": "其他", "text": "濟顛祖師", "head": "GA023n0021_p0164a05"}, {"level": "3", "n": "", "type": "其他", "text": "懶菴道樞禪師", "head": "GA023n0021_p0164a10"}, {"level": "3", "n": "", "type": "其他", "text": "最菴道印禪師", "head": "GA023n0021_p0165a08"}, {"level": "3", "n": "", "type": "其他", "text": "伊菴有權禪師", "head": "GA023n0021_p0166a09"}, {"level": "3", "n": "", "type": "其他", "text": "佛照德光禪師", "head": "GA023n0021_p0167a07"}, {"level": "3", "n": "", "type": "其他", "text": "誰菴了演禪師", "head": "GA023n0021_p0168a06"}, {"level": "3", "n": "", "type": "其他", "text": "密菴咸杰禪師", "head": "GA023n0021_p0168a10"}, {"level": "3", "n": "", "type": "其他", "text": "鐵牛宗印禪師", "head": "GA023n0021_p0169a09"}, {"level": "3", "n": "", "type": "其他", "text": "藴衷禪師", "head": "GA023n0021_p0170a05"}, {"level": "3", "n": "", "type": "其他", "text": "松源崇岳禪師", "head": "GA023n0021_p0170a06"}, {"level": "3", "n": "", "type": "其他", "text": "破菴祖先禪師", "head": "GA023n0021_p0172a04"}, {"level": "3", "n": "", "type": "其他", "text": "無用淨全禪師", "head": "GA023n0021_p0172a07"}, {"level": "3", "n": "", "type": "其他", "text": "敬叟居簡禪師", "head": "GA023n0021_p0173a04"}, {"level": "3", "n": "", "type": "其他", "text": "涵澤禪師", "head": "GA023n0021_p0174a05"}, {"level": "3", "n": "", "type": "其他", "text": "笑翁妙堪禪師", "head": "GA023n0021_p0174a08"}, {"level": "3", "n": "", "type": "其他", "text": "石鼓希夷禪師", "head": "GA023n0021_p0175a05"}, {"level": "4", "n": "", "type": "其他", "text": "概述", "head": "GA023n0021_p0175a05"}, {"level": "4", "n": "", "type": "其他", "text": "牧牛十頌", "head": "GA023n0021_p0175a06"}, {"level": "5", "n": "", "type": "其他", "text": "概述", "head": "GA023n0021_p0175a06"}, {"level": "5", "n": "", "type": "其他", "text": "一、尋牛", "head": "GA023n0021_p0175a07"}, {"level": "5", "n": "", "type": "其他", "text": "二、見跡", "head": "GA023n0021_p0175a09"}, {"level": "5", "n": "", "type": "其他", "text": "三、見牛", "head": "GA023n0021_p0176a01"}, {"level": "5", "n": "", "type": "其他", "text": "四、得牛", "head": "GA023n0021_p0176a02"}, {"level": "5", "n": "", "type": "其他", "text": "五、放牛", "head": "GA023n0021_p0176a04"}, {"level": "5", "n": "", "type": "其他", "text": "六、騎牛還家", "head": "GA023n0021_p0176a05"}, {"level": "5", "n": "", "type": "其他", "text": "七、忘牛存人", "head": "GA023n0021_p0176a07"}, {"level": "5", "n": "", "type": "其他", "text": "八、人牛俱忘", "head": "GA023n0021_p0176a09"}, {"level": "5", "n": "", "type": "其他", "text": "九、返本過源", "head": "GA023n0021_p0177a01"}, {"level": "5", "n": "", "type": "其他", "text": "十、入鄽垂手", "head": "GA023n0021_p0177a02"}, {"level": "3", "n": "", "type": "其他", "text": "原肇禪師", "head": "GA023n0021_p0177a05"}, {"level": "3", "n": "", "type": "其他", "text": "無準師範禪師", "head": "GA023n0021_p0177a09"}, {"level": "3", "n": "", "type": "其他", "text": "石田法薰禪師", "head": "GA023n0021_p0178a04"}, {"level": "3", "n": "", "type": "其他", "text": "癡絕道冲禪師", "head": "GA023n0021_p0179a03"}, {"level": "3", "n": "", "type": "其他", "text": "妙峰之善禪師", "head": "GA023n0021_p0181a02"}, {"level": "3", "n": "", "type": "其他", "text": "高原祖泉禪師", "head": "GA023n0021_p0182a10"}, {"level": "3", "n": "", "type": "其他", "text": "笑菴了悟禪師", "head": "GA023n0021_p0183a06"}, {"level": "3", "n": "", "type": "其他", "text": "虛舟普度禪師", "head": "GA023n0021_p0184a01"}, {"level": "3", "n": "", "type": "其他", "text": "東谷光禪師", "head": "GA023n0021_p0185a07"}, {"level": "3", "n": "", "type": "其他", "text": "泰禪師", "head": "GA023n0021_p0185a08"}, {"level": "3", "n": "", "type": "其他", "text": "退耕寧禪師", "head": "GA023n0021_p0185a09"}, {"level": "2", "n": "", "type": "其他", "text": "元", "head": "GA023n0021_p0186a07"}, {"level": "3", "n": "", "type": "其他", "text": "大川普濟禪師", "head": "GA023n0021_p0186a07"}, {"level": "3", "n": "", "type": "其他", "text": "虎巖淨伏禪師", "head": "GA023n0021_p0187a03"}, {"level": "3", "n": "", "type": "其他", "text": "如因禪師", "head": "GA023n0021_p0187a06"}, {"level": "3", "n": "", "type": "其他", "text": "悅堂祖誾禪師", "head": "GA023n0021_p0187a07"}, {"level": "3", "n": "", "type": "其他", "text": "玉山德珍禪師", "head": "GA023n0021_p0188a07"}, {"level": "3", "n": "", "type": "其他", "text": "正傳禪師", "head": "GA023n0021_p0189a01"}, {"level": "3", "n": "", "type": "其他", "text": "元叟行端禪師", "head": "GA023n0021_p0189a03"}, {"level": "3", "n": "", "type": "其他", "text": "獨孤淳朋禪師", "head": "GA023n0021_p0190a05"}, {"level": "3", "n": "", "type": "其他", "text": "圓通竹田禪師", "head": "GA023n0021_p0191a03"}, {"level": "3", "n": "", "type": "其他", "text": "東嶼禪師", "head": "GA023n0021_p0191a05"}, {"level": "3", "n": "", "type": "其他", "text": "照菴慧炬律師", "head": "GA023n0021_p0191a07"}, {"level": "3", "n": "", "type": "其他", "text": "慧眼可光禪師", "head": "GA023n0021_p0192a02"}, {"level": "3", "n": "", "type": "其他", "text": "竹泉法林禪師", "head": "GA023n0021_p0193a01"}, {"level": "3", "n": "", "type": "其他", "text": "見心來復禪師", "head": "GA023n0021_p0194a07"}, {"level": "2", "n": "", "type": "其他", "text": "明", "head": "GA023n0021_p0195a04"}, {"level": "3", "n": "", "type": "其他", "text": "天鏡原瀞禪師", "head": "GA023n0021_p0195a04"}, {"level": "3", "n": "", "type": "其他", "text": "古鼎祖銘禪師", "head": "GA023n0021_p0196a09"}, {"level": "3", "n": "", "type": "其他", "text": "慧明性原禪師", "head": "GA023n0021_p0197a07"}, {"level": "3", "n": "", "type": "其他", "text": "酉菴曇噩禪師", "head": "GA023n0021_p0198a05"}, {"level": "3", "n": "", "type": "其他", "text": "空叟忻悟禪師", "head": "GA023n0021_p0198a09"}, {"level": "3", "n": "", "type": "其他", "text": "用貞輔良禪師", "head": "GA023n0021_p0199a04"}, {"level": "3", "n": "", "type": "其他", "text": "無文本褧禪師", "head": "GA023n0021_p0199a08"}, {"level": "3", "n": "", "type": "其他", "text": "行中守仁禪師", "head": "GA023n0021_p0200a04"}, {"level": "3", "n": "", "type": "其他", "text": "可純禪師", "head": "GA023n0021_p0201a02"}, {"level": "3", "n": "", "type": "其他", "text": "無杰善才禪師", "head": "GA023n0021_p0201a05"}, {"level": "3", "n": "", "type": "其他", "text": "思擴性空禪師", "head": "GA023n0021_p0201a08"}, {"level": "3", "n": "", "type": "其他", "text": "伐石良玠禪師", "head": "GA023n0021_p0202a02"}, {"level": "3", "n": "", "type": "其他", "text": "慎菴祥禪師", "head": "GA023n0021_p0202a05"}, {"level": "3", "n": "", "type": "其他", "text": "前溪德明禪師", "head": "GA023n0021_p0202a09"}, {"level": "3", "n": "", "type": "其他", "text": "易菴如通禪師", "head": "GA023n0021_p0203a10"}, {"level": "3", "n": "", "type": "其他", "text": "具德弘禮禪師", "head": "GA023n0021_p0204a08"}, {"level": "2", "n": "", "type": "其他", "text": "清", "head": "GA023n0021_p0205a08"}, {"level": "3", "n": "", "type": "其他", "text": "晦山戒顯禪師", "head": "GA023n0021_p0205a08"}, {"level": "3", "n": "", "type": "其他", "text": "五嶽濟玹禪師", "head": "GA023n0021_p0206a06"}, {"level": "1", "n": "", "type": "其他", "text": "法語", "head": "GA023n0021_p0209a02"}, {"level": "2", "n": "", "type": "其他", "text": "概述", "head": "GA023n0021_p0209a03"}, {"level": "2", "n": "", "type": "其他", "text": "具德和尚住靈隱，進院上堂法語", "head": "GA023n0021_p0209a09"}, {"level": "2", "n": "", "type": "其他", "text": "開鑪鑄萬僧鍋，陞座法語", "head": "GA023n0021_p0213a10"}, {"level": "2", "n": "", "type": "其他", "text": "付授願雲西堂，上堂法語", "head": "GA023n0021_p0215a07"}, {"level": "2", "n": "", "type": "其他", "text": "開藏殿鐘樓基，上堂法語", "head": "GA023n0021_p0216a04"}, {"level": "2", "n": "", "type": "其他", "text": "供祖師，上堂法語", "head": "GA023n0021_p0217a05"}, {"level": "2", "n": "", "type": "其他", "text": "法堂上梁，顯寧義姪和尚請上堂法語", "head": "GA023n0021_p0219a02"}, {"level": "2", "n": "", "type": "其他", "text": "禪堂上梁，上堂法語", "head": "GA023n0021_p0220a03"}, {"level": "2", "n": "", "type": "其他", "text": "佛殿、天王殿同日陞梁，上堂法語", "head": "GA023n0021_p0221a01"}, {"level": "2", "n": "", "type": "其他", "text": "鐘樓立柱上梁，上堂法語", "head": "GA023n0021_p0222a03"}, {"level": "2", "n": "", "type": "其他", "text": "佛殿前大寶鼎成，郇護法請上堂法語", "head": "GA023n0021_p0222a10"}, {"level": "2", "n": "", "type": "其他", "text": "大佛像成，李青芝等請上堂法語", "head": "GA023n0021_p0223a10"}, {"level": "2", "n": "", "type": "其他", "text": "大樹堂昇梁，上堂法語", "head": "GA023n0021_p0224a10"}, {"level": "2", "n": "", "type": "其他", "text": "齋堂昇梁，上堂法語", "head": "GA023n0021_p0225a08"}, {"level": "2", "n": "", "type": "其他", "text": "飛來峰牌樓昇梁，上堂法語", "head": "GA023n0021_p0226a04"}, {"level": "2", "n": "", "type": "其他", "text": "晦山和尚進院，上堂法語", "head": "GA023n0021_p0226a09"}, {"level": "2", "n": "", "type": "其他", "text": "圓成飛來峰牌樓，江南佟方伯大護法請上堂法語", "head": "GA023n0021_p0231a06"}, {"level": "2", "n": "", "type": "其他", "text": "送具老和尚全身入塔，上堂法語", "head": "GA023n0021_p0233a06"}, {"level": "2", "n": "", "type": "其他", "text": "為具老和尚上塔頂，兼送位入祖堂法語", "head": "GA023n0021_p0235a05"}, {"level": "2", "n": "", "type": "其他", "text": "送興建亡僧靈骨及四眾遺骼入新建普同塔法語", "head": "GA023n0021_p0237a05"}, {"level": "1", "n": "", "type": "其他", "text": "檀越", "head": "GA023n0021_p0239a02"}, {"level": "2", "n": "", "type": "其他", "text": "概述", "head": "GA023n0021_p0239a03"}, {"level": "2", "n": "", "type": "其他", "text": "歷代帝王", "head": "GA023n0021_p0240a03"}, {"level": "3", "n": "", "type": "其他", "text": "南朝梁", "head": "GA023n0021_p0240a04"}, {"level": "3", "n": "", "type": "其他", "text": "隋", "head": "GA023n0021_p0240a06"}, {"level": "3", "n": "", "type": "其他", "text": "唐", "head": "GA023n0021_p0240a08"}, {"level": "3", "n": "", "type": "其他", "text": "五代十國", "head": "GA023n0021_p0240a10"}, {"level": "3", "n": "", "type": "其他", "text": "宋", "head": "GA023n0021_p0242a03"}, {"level": "3", "n": "", "type": "其他", "text": "元", "head": "GA023n0021_p0246a03"}, {"level": "3", "n": "", "type": "其他", "text": "明", "head": "GA023n0021_p0246a04"}, {"level": "2", "n": "", "type": "其他", "text": "歷代朝臣", "head": "GA023n0021_p0246a09"}, {"level": "3", "n": "", "type": "其他", "text": "晉", "head": "GA023n0021_p0246a10"}, {"level": "3", "n": "", "type": "其他", "text": "唐", "head": "GA023n0021_p0247a01"}, {"level": "3", "n": "", "type": "其他", "text": "宋", "head": "GA023n0021_p0248a02"}, {"level": "3", "n": "", "type": "其他", "text": "元", "head": "GA023n0021_p0250a01"}, {"level": "3", "n": "", "type": "其他", "text": "明", "head": "GA023n0021_p0250a02"}, {"level": "3", "n": "", "type": "其他", "text": "清", "head": "GA023n0021_p0251a04"}, {"level": "1", "n": "", "type": "其他", "text": "人物", "head": "GA023n0021_p0259a02"}, {"level": "2", "n": "", "type": "其他", "text": "概述", "head": "GA023n0021_p0259a03"}, {"level": "2", "n": "", "type": "其他", "text": "陸瑋", "head": "GA023n0021_p0260a01"}, {"level": "2", "n": "", "type": "其他", "text": "陳渾", "head": "GA023n0021_p0260a06"}, {"level": "2", "n": "", "type": "其他", "text": "葛玄", "head": "GA023n0021_p0260a10"}, {"level": "2", "n": "", "type": "其他", "text": "許邁", "head": "GA023n0021_p0261a07"}, {"level": "2", "n": "", "type": "其他", "text": "葛洪", "head": "GA023n0021_p0263a01"}, {"level": "2", "n": "", "type": "其他", "text": "杜明甫", "head": "GA023n0021_p0264a04"}, {"level": "2", "n": "", "type": "其他", "text": "謝靈運", "head": "GA023n0021_p0265a04"}, {"level": "2", "n": "", "type": "其他", "text": "朱世卿", "head": "GA023n0021_p0266a09"}, {"level": "2", "n": "", "type": "其他", "text": "駱賓王", "head": "GA023n0021_p0267a01"}, {"level": "2", "n": "", "type": "其他", "text": "袁仁敬", "head": "GA023n0021_p0267a07"}, {"level": "2", "n": "", "type": "其他", "text": "相里造等人", "head": "GA023n0021_p0267a09"}, {"level": "2", "n": "", "type": "其他", "text": "白居易", "head": "GA023n0021_p0268a02"}, {"level": "2", "n": "", "type": "其他", "text": "丁飛", "head": "GA023n0021_p0268a10"}, {"level": "2", "n": "", "type": "其他", "text": "丁行者", "head": "GA023n0021_p0269a07"}, {"level": "2", "n": "", "type": "其他", "text": "陸羽", "head": "GA023n0021_p0269a10"}, {"level": "2", "n": "", "type": "其他", "text": "陸龜蒙", "head": "GA023n0021_p0270a05"}, {"level": "2", "n": "", "type": "其他", "text": "羅隱", "head": "GA023n0021_p0270a08"}, {"level": "2", "n": "", "type": "其他", "text": "林逋", "head": "GA023n0021_p0271a05"}, {"level": "2", "n": "", "type": "其他", "text": "范仲淹", "head": "GA023n0021_p0272a01"}, {"level": "2", "n": "", "type": "其他", "text": "趙抃", "head": "GA023n0021_p0272a04"}, {"level": "2", "n": "", "type": "其他", "text": "蘇頌", "head": "GA023n0021_p0272a08"}, {"level": "2", "n": "", "type": "其他", "text": "李公謹", "head": "GA023n0021_p0273a08"}, {"level": "2", "n": "", "type": "其他", "text": "祖無擇", "head": "GA023n0021_p0273a09"}, {"level": "2", "n": "", "type": "其他", "text": "楊蟠", "head": "GA023n0021_p0274a01"}, {"level": "2", "n": "", "type": "其他", "text": "梅詢", "head": "GA023n0021_p0274a03"}, {"level": "2", "n": "", "type": "其他", "text": "蘇軾", "head": "GA023n0021_p0274a05"}, {"level": "2", "n": "", "type": "其他", "text": "錢和", "head": "GA023n0021_p0276a04"}, {"level": "2", "n": "", "type": "其他", "text": "徐爽", "head": "GA023n0021_p0276a07"}, {"level": "2", "n": "", "type": "其他", "text": "朱弁", "head": "GA023n0021_p0276a09"}, {"level": "2", "n": "", "type": "其他", "text": "韓世忠", "head": "GA023n0021_p0277a02"}, {"level": "2", "n": "", "type": "其他", "text": "陳剛中", "head": "GA023n0021_p0277a06"}, {"level": "2", "n": "", "type": "其他", "text": "俞顥", "head": "GA023n0021_p0277a09"}, {"level": "2", "n": "", "type": "其他", "text": "趙與", "head": "GA023n0021_p0278a02"}, {"level": "2", "n": "", "type": "其他", "text": "陳紫芝", "head": "GA023n0021_p0278a05"}, {"level": "2", "n": "", "type": "其他", "text": "陸游", "head": "GA023n0021_p0278a08"}, {"level": "2", "n": "", "type": "其他", "text": "濳說友", "head": "GA023n0021_p0278a09"}, {"level": "2", "n": "", "type": "其他", "text": "白珽", "head": "GA023n0021_p0279a01"}, {"level": "2", "n": "", "type": "其他", "text": "仇遠", "head": "GA023n0021_p0279a02"}, {"level": "2", "n": "", "type": "其他", "text": "趙孟頫", "head": "GA023n0021_p0279a04"}, {"level": "2", "n": "", "type": "其他", "text": "虞伯生（集）", "head": "GA023n0021_p0279a09"}, {"level": "2", "n": "", "type": "其他", "text": "鄧文原", "head": "GA023n0021_p0280a02"}, {"level": "2", "n": "", "type": "其他", "text": "張天雨", "head": "GA023n0021_p0280a04"}, {"level": "2", "n": "", "type": "其他", "text": "黃晉卿（溍）", "head": "GA023n0021_p0280a10"}, {"level": "2", "n": "", "type": "其他", "text": "項可立", "head": "GA023n0021_p0281a04"}, {"level": "2", "n": "", "type": "其他", "text": "莫維賢", "head": "GA023n0021_p0281a06"}, {"level": "2", "n": "", "type": "其他", "text": "高孟升（得晹）", "head": "GA023n0021_p0282a01"}, {"level": "2", "n": "", "type": "其他", "text": "王洪", "head": "GA023n0021_p0282a04"}, {"level": "2", "n": "", "type": "其他", "text": "楊孟瑛", "head": "GA023n0021_p0282a06"}, {"level": "2", "n": "", "type": "其他", "text": "孫一元", "head": "GA023n0021_p0283a01"}, {"level": "2", "n": "", "type": "其他", "text": "王守仁", "head": "GA023n0021_p0283a09"}, {"level": "2", "n": "", "type": "其他", "text": "方思道（豪）", "head": "GA023n0021_p0284a03"}, {"level": "2", "n": "", "type": "其他", "text": "汪暉", "head": "GA023n0021_p0284a05"}, {"level": "2", "n": "", "type": "其他", "text": "朱裳", "head": "GA023n0021_p0284a08"}, {"level": "2", "n": "", "type": "其他", "text": "陳仕賢", "head": "GA023n0021_p0284a10"}, {"level": "2", "n": "", "type": "其他", "text": "王世貞", "head": "GA023n0021_p0285a02"}, {"level": "2", "n": "", "type": "其他", "text": "李攀龍", "head": "GA023n0021_p0285a04"}, {"level": "2", "n": "", "type": "其他", "text": "張瀚", "head": "GA023n0021_p0285a06"}, {"level": "2", "n": "", "type": "其他", "text": "孫枝", "head": "GA023n0021_p0285a10"}, {"level": "2", "n": "", "type": "其他", "text": "柴祥", "head": "GA023n0021_p0286a06"}, {"level": "2", "n": "", "type": "其他", "text": "喻邦相", "head": "GA023n0021_p0286a09"}, {"level": "2", "n": "", "type": "其他", "text": "虞淳熙", "head": "GA023n0021_p0287a04"}, {"level": "2", "n": "", "type": "其他", "text": "許靈長（光祚）", "head": "GA023n0021_p0287a08"}, {"level": "2", "n": "", "type": "其他", "text": "屠隆", "head": "GA023n0021_p0288a03"}, {"level": "2", "n": "", "type": "其他", "text": "李用晦", "head": "GA023n0021_p0288a05"}, {"level": "2", "n": "", "type": "其他", "text": "諸餘齡", "head": "GA023n0021_p0288a07"}, {"level": "2", "n": "", "type": "其他", "text": "邵重生", "head": "GA023n0021_p0288a10"}, {"level": "2", "n": "", "type": "其他", "text": "沈守正", "head": "GA023n0021_p0289a04"}, {"level": "2", "n": "", "type": "其他", "text": "孫日章", "head": "GA023n0021_p0289a07"}, {"level": "2", "n": "", "type": "其他", "text": "柴應權", "head": "GA023n0021_p0290a04"}, {"level": "2", "n": "", "type": "其他", "text": "黃貞父（汝亨）", "head": "GA023n0021_p0290a07"}, {"level": "2", "n": "", "type": "其他", "text": "葛寅亮", "head": "GA023n0021_p0290a09"}, {"level": "2", "n": "", "type": "其他", "text": "嚴印持（調御）、嚴忍公（武順）、嚴無敕（敕）", "head": "GA023n0021_p0291a02"}, {"level": "2", "n": "", "type": "其他", "text": "聞啟祥", "head": "GA023n0021_p0291a07"}, {"level": "2", "n": "", "type": "其他", "text": "李流芳", "head": "GA023n0021_p0291a10"}, {"level": "2", "n": "", "type": "其他", "text": "高攀龍", "head": "GA023n0021_p0292a04"}, {"level": "2", "n": "", "type": "其他", "text": "鄭尚友", "head": "GA023n0021_p0292a07"}, {"level": "2", "n": "", "type": "其他", "text": "許文岐", "head": "GA023n0021_p0293a01"}, {"level": "2", "n": "", "type": "其他", "text": "陳濳夫", "head": "GA023n0021_p0293a06"}, {"level": "2", "n": "", "type": "其他", "text": "陸培", "head": "GA023n0021_p0293a10"}, {"level": "1", "n": "", "type": "其他", "text": "藝文上", "head": "GA023n0021_p0295a02"}, {"level": "2", "n": "", "type": "其他", "text": "概述", "head": "GA023n0021_p0295a03"}, {"level": "2", "n": "", "type": "其他", "text": "碑記", "head": "GA023n0021_p0296a03"}, {"level": "3", "n": "", "type": "其他", "text": "靈隱寺碑記", "head": "GA023n0021_p0296a04"}, {"level": "3", "n": "", "type": "其他", "text": "冷泉亭記", "head": "GA023n0021_p0300a07"}, {"level": "3", "n": "", "type": "其他", "text": "北高峰記", "head": "GA023n0021_p0302a02"}, {"level": "3", "n": "", "type": "其他", "text": "遊西山記", "head": "GA023n0021_p0304a01"}, {"level": "3", "n": "", "type": "其他", "text": "湖山勝概記", "head": "GA023n0021_p0306a01"}, {"level": "3", "n": "", "type": "其他", "text": "遊西湖記", "head": "GA023n0021_p0307a07"}, {"level": "3", "n": "", "type": "其他", "text": "新廣冷泉亭記", "head": "GA023n0021_p0309a01"}, {"level": "3", "n": "", "type": "其他", "text": "惠力寺記", "head": "GA023n0021_p0311a07"}, {"level": "3", "n": "", "type": "其他", "text": "古澗窪泉記", "head": "GA023n0021_p0312a02"}, {"level": "3", "n": "", "type": "其他", "text": "岣嶁山房記", "head": "GA023n0021_p0312a09"}, {"level": "3", "n": "", "type": "其他", "text": "玉兔塜記", "head": "GA023n0021_p0313a09"}, {"level": "3", "n": "", "type": "其他", "text": "永明智覺禪師行業記", "head": "GA023n0021_p0315a05"}, {"level": "3", "n": "", "type": "其他", "text": "錢塘邑侯譙明張公免靈隱役功德碑記", "head": "GA023n0021_p0325a09"}, {"level": "1", "n": "", "type": "其他", "text": "藝文中", "head": "GA023n0021_p0331a02"}, {"level": "2", "n": "", "type": "其他", "text": "記", "head": "GA023n0021_p0331a02"}, {"level": "3", "n": "", "type": "其他", "text": "明教大師行業記", "head": "GA023n0021_p0331a03"}, {"level": "3", "n": "", "type": "其他", "text": "本寺住山慎菴詳禪師行業記", "head": "GA023n0021_p0336a02"}, {"level": "3", "n": "", "type": "其他", "text": "無新老人行業記", "head": "GA023n0021_p0338a06"}, {"level": "3", "n": "", "type": "其他", "text": "月用大師行業記", "head": "GA023n0021_p0342a01"}, {"level": "2", "n": "", "type": "序", "text": "序", "head": "GA023n0021_p0345a03"}, {"level": "3", "n": "", "type": "序", "text": "《護法論》序", "head": "GA023n0021_p0345a04"}, {"level": "3", "n": "", "type": "序", "text": "《傳法正宗記》序", "head": "GA023n0021_p0349a08"}, {"level": "3", "n": "", "type": "序", "text": "復公文集序", "head": "GA023n0021_p0353a02"}, {"level": "3", "n": "", "type": "序", "text": "復公《三會語錄》序", "head": "GA023n0021_p0354a05"}, {"level": "2", "n": "", "type": "其他", "text": "志", "head": "GA023n0021_p0358a07"}, {"level": "3", "n": "", "type": "其他", "text": "武林山志", "head": "GA023n0021_p0358a08"}, {"level": "2", "n": "", "type": "其他", "text": "表", "head": "GA023n0021_p0366a08"}, {"level": "3", "n": "", "type": "其他", "text": "謝還九里松表", "head": "GA023n0021_p0366a09"}, {"level": "2", "n": "", "type": "其他", "text": "書", "head": "GA023n0021_p0368a05"}, {"level": "3", "n": "", "type": "其他", "text": "與拙菴書", "head": "GA023n0021_p0368a06"}, {"level": "2", "n": "", "type": "其他", "text": "疏", "head": "GA023n0021_p0369a05"}, {"level": "3", "n": "", "type": "其他", "text": "金陵諸山送圓通竹田和尚住靈隱疏", "head": "GA023n0021_p0369a06"}, {"level": "3", "n": "", "type": "其他", "text": "紹興天章吳郡諸山疏", "head": "GA023n0021_p0370a07"}, {"level": "3", "n": "", "type": "其他", "text": "宣政院送東嶼和尚住靈隱疏", "head": "GA023n0021_p0371a06"}, {"level": "3", "n": "", "type": "其他", "text": "化砌靈竺大路疏", "head": "GA023n0021_p0372a04"}, {"level": "2", "n": "", "type": "其他", "text": "贊", "head": "GA023n0021_p0372a09"}, {"level": "3", "n": "", "type": "其他", "text": "良禪師像贊", "head": "GA023n0021_p0372a10"}, {"level": "3", "n": "", "type": "其他", "text": "蒲禪師像贊", "head": "GA023n0021_p0373a06"}, {"level": "2", "n": "", "type": "其他", "text": "言", "head": "GA023n0021_p0376a04"}, {"level": "3", "n": "", "type": "其他", "text": "代石言", "head": "GA023n0021_p0376a05"}, {"level": "2", "n": "", "type": "其他", "text": "論", "head": "GA023n0021_p0380a09"}, {"level": "3", "n": "", "type": "其他", "text": "飛來峰不從巫山來論", "head": "GA023n0021_p0380a10"}, {"level": "3", "n": "", "type": "其他", "text": "靈隱號景德論", "head": "GA023n0021_p0382a03"}, {"level": "3", "n": "", "type": "其他", "text": "治潮皆靈隱僧論", "head": "GA023n0021_p0383a03"}, {"level": "3", "n": "", "type": "其他", "text": "靈隱不宜為第二山論", "head": "GA023n0021_p0384a06"}, {"level": "3", "n": "", "type": "其他", "text": "靈隱遍五宗論", "head": "GA023n0021_p0385a04"}, {"level": "3", "n": "", "type": "其他", "text": "蓮華石品論", "head": "GA023n0021_p0386a04"}, {"level": "2", "n": "", "type": "其他", "text": "塔銘", "head": "GA023n0021_p0387a09"}, {"level": "3", "n": "", "type": "其他", "text": "慧理大師塔銘", "head": "GA023n0021_p0387a10"}, {"level": "3", "n": "", "type": "其他", "text": "普慈大師石塔碑銘", "head": "GA023n0021_p0389a03"}, {"level": "3", "n": "", "type": "其他", "text": "輔良大師石塔碑銘", "head": "GA023n0021_p0391a05"}, {"level": "3", "n": "", "type": "其他", "text": "性原明禪師塔銘", "head": "GA023n0021_p0395a04"}, {"level": "3", "n": "", "type": "其他", "text": "無文大師石塔碑銘", "head": "GA023n0021_p0399a06"}, {"level": "3", "n": "", "type": "其他", "text": "圓慈正濟空叟悟禪師塔銘", "head": "GA023n0021_p0402a05"}, {"level": "1", "n": "", "type": "其他", "text": "藝文下", "head": "GA023n0021_p0407a02"}, {"level": "2", "n": "", "type": "其他", "text": "碑文", "head": "GA023n0021_p0407a02"}, {"level": "3", "n": "", "type": "其他", "text": "重建靈隱寺碑文", "head": "GA023n0021_p0407a03"}, {"level": "3", "n": "", "type": "其他", "text": "靈隱寺重興碑文", "head": "GA023n0021_p0411a09"}, {"level": "3", "n": "", "type": "其他", "text": "重建靈隱寺碑文", "head": "GA023n0021_p0413a10"}, {"level": "3", "n": "", "type": "其他", "text": "重興景德靈隱禪寺碑文", "head": "GA023n0021_p0418a08"}, {"level": "2", "n": "", "type": "其他", "text": "記", "head": "GA023n0021_p0424a06"}, {"level": "3", "n": "", "type": "其他", "text": "靈隱放生記", "head": "GA023n0021_p0424a07"}, {"level": "3", "n": "", "type": "其他", "text": "靈隱鐘記", "head": "GA023n0021_p0426a06"}, {"level": "3", "n": "", "type": "其他", "text": "重裝十八尊者記", "head": "GA023n0021_p0428a06"}, {"level": "2", "n": "", "type": "其他", "text": "疏", "head": "GA023n0021_p0430a05"}, {"level": "3", "n": "", "type": "其他", "text": "修靈隱冷泉亭疏", "head": "GA023n0021_p0430a06"}, {"level": "3", "n": "", "type": "其他", "text": "靈隱寺大殿募緣疏", "head": "GA023n0021_p0431a01"}, {"level": "3", "n": "", "type": "其他", "text": "靈隱禪堂募重新翻蓋大雄寶殿疏", "head": "GA023n0021_p0434a10"}, {"level": "3", "n": "", "type": "其他", "text": "募化絫石增靈隱山門景致疏", "head": "GA023n0021_p0436a08"}, {"level": "3", "n": "", "type": "其他", "text": "靈隱募刻《華嚴》大經疏", "head": "GA023n0021_p0437a10"}, {"level": "2", "n": "", "type": "序", "text": "序", "head": "GA023n0021_p0439a07"}, {"level": "3", "n": "", "type": "序", "text": "贈靈隱具和尚序", "head": "GA023n0021_p0439a08"}, {"level": "3", "n": "", "type": "序", "text": "贈靈隱大和尚序", "head": "GA023n0021_p0443a06"}, {"level": "3", "n": "", "type": "序", "text": "晦山和尚詩文全集序", "head": "GA023n0021_p0448a07"}, {"level": "3", "n": "", "type": "序", "text": "濟顛本傳序", "head": "GA023n0021_p0457a09"}, {"level": "2", "n": "", "type": "其他", "text": "", "head": "GA023n0021_p0459a07"}, {"level": "3", "n": "", "type": "其他", "text": "跋中興靈隱寺碑", "head": "GA023n0021_p0459a08"}, {"level": "2", "n": "", "type": "其他", "text": "啟", "head": "GA023n0021_p0461a09"}, {"level": "3", "n": "", "type": "其他", "text": "杭城眾護法請晦和尚住持靈隱啟", "head": "GA023n0021_p0461a10"}, {"level": "3", "n": "", "type": "其他", "text": "徑山兩序請啟", "head": "GA023n0021_p0463a02"}, {"level": "3", "n": "", "type": "其他", "text": "杭城眾護法紳衿請晦和尚回靈隱啟", "head": "GA023n0021_p0464a08"}, {"level": "2", "n": "", "type": "其他", "text": "塔銘", "head": "GA023n0021_p0466a04"}, {"level": "3", "n": "", "type": "其他", "text": "重建靈隱具德大和尚塔銘", "head": "GA023n0021_p0466a05"}, {"level": "2", "n": "", "type": "其他", "text": "塔表", "head": "GA023n0021_p0476a07"}, {"level": "3", "n": "", "type": "其他", "text": "重興靈隱具德老和尚全身塔表", "head": "GA023n0021_p0476a08"}, {"level": "2", "n": "", "type": "其他", "text": "行狀", "head": "GA023n0021_p0485a08"}, {"level": "3", "n": "", "type": "其他", "text": "本師具德老和尚行狀", "head": "GA023n0021_p0485a09"}, {"level": "1", "n": "", "type": "其他", "text": "詩詠", "head": "GA023n0021_p0505a02"}, {"level": "2", "n": "", "type": "其他", "text": "概述", "head": "GA023n0021_p0505a03"}, {"level": "2", "n": "", "type": "其他", "text": "五言古", "head": "GA023n0021_p0506a03"}, {"level": "3", "n": "", "type": "其他", "text": "三生石", "head": "GA023n0021_p0506a04"}, {"level": "3", "n": "", "type": "其他", "text": "與從姪杭州刺史良遊天竺寺", "head": "GA023n0021_p0506a09"}, {"level": "3", "n": "", "type": "其他", "text": "題天竺寺", "head": "GA023n0021_p0507a04"}, {"level": "3", "n": "", "type": "其他", "text": "北高峰", "head": "GA023n0021_p0507a10"}, {"level": "3", "n": "", "type": "其他", "text": "靈隱寺", "head": "GA023n0021_p0508a07"}, {"level": "3", "n": "", "type": "其他", "text": "靈隱寺", "head": "GA023n0021_p0509a04"}, {"level": "3", "n": "", "type": "其他", "text": "靈隱寺", "head": "GA023n0021_p0511a07"}, {"level": "3", "n": "", "type": "其他", "text": "白猿峰", "head": "GA023n0021_p0512a01"}, {"level": "3", "n": "", "type": "其他", "text": "飛來峰", "head": "GA023n0021_p0512a05"}, {"level": "3", "n": "", "type": "其他", "text": "飛來峰", "head": "GA023n0021_p0513a01"}, {"level": "3", "n": "", "type": "其他", "text": "冷泉亭", "head": "GA023n0021_p0513a07"}, {"level": "3", "n": "", "type": "其他", "text": "翠微亭", "head": "GA023n0021_p0514a02"}, {"level": "3", "n": "", "type": "其他", "text": "同項可立宿靈隱寺", "head": "GA023n0021_p0514a06"}, {"level": "3", "n": "", "type": "其他", "text": "飛來峰", "head": "GA023n0021_p0515a03"}, {"level": "3", "n": "", "type": "其他", "text": "靈隱寺", "head": "GA023n0021_p0515a10"}, {"level": "3", "n": "", "type": "其他", "text": "飛來峰", "head": "GA023n0021_p0516a06"}, {"level": "3", "n": "", "type": "其他", "text": "上北高峰", "head": "GA023n0021_p0517a01"}, {"level": "3", "n": "", "type": "其他", "text": "同人飲冷泉亭分韻", "head": "GA023n0021_p0517a07"}, {"level": "3", "n": "", "type": "其他", "text": "冷泉紅樹圖", "head": "GA023n0021_p0518a03"}, {"level": "3", "n": "", "type": "其他", "text": "韜光靜坐二首", "head": "GA023n0021_p0519a02"}, {"level": "3", "n": "", "type": "其他", "text": "和高忠憲公〈韜光菴〉二首", "head": "GA023n0021_p0520a04"}, {"level": "3", "n": "", "type": "其他", "text": "重登韜光步韻", "head": "GA023n0021_p0521a04"}, {"level": "3", "n": "", "type": "其他", "text": "九日同諸友登飛來峰", "head": "GA023n0021_p0521a08"}, {"level": "2", "n": "", "type": "其他", "text": "七言古", "head": "GA023n0021_p0522a02"}, {"level": "3", "n": "", "type": "其他", "text": "丁隱君歌", "head": "GA023n0021_p0522a03"}, {"level": "3", "n": "", "type": "其他", "text": "和李杞〈題靈隱寺〉", "head": "GA023n0021_p0523a02"}, {"level": "3", "n": "", "type": "其他", "text": "冷泉亭送唐林夫", "head": "GA023n0021_p0523a10"}, {"level": "3", "n": "", "type": "其他", "text": "靈隱寺", "head": "GA023n0021_p0524a06"}, {"level": "3", "n": "", "type": "其他", "text": "虛白亭", "head": "GA023n0021_p0525a03"}, {"level": "3", "n": "", "type": "其他", "text": "北高峰", "head": "GA023n0021_p0526a05"}, {"level": "3", "n": "", "type": "其他", "text": "嶁山房", "head": "GA023n0021_p0527a02"}, {"level": "3", "n": "", "type": "其他", "text": "贈靈隱晦山大師歌", "head": "GA023n0021_p0528a01"}, {"level": "2", "n": "", "type": "其他", "text": "五言律", "head": "GA023n0021_p0529a02"}, {"level": "3", "n": "", "type": "其他", "text": "題靈隱山頂院", "head": "GA023n0021_p0529a03"}, {"level": "3", "n": "", "type": "其他", "text": "候仙亭", "head": "GA023n0021_p0529a06"}, {"level": "3", "n": "", "type": "其他", "text": "請韜光齋", "head": "GA023n0021_p0529a09"}, {"level": "3", "n": "", "type": "其他", "text": "宿靈隱", "head": "GA023n0021_p0530a02"}, {"level": "3", "n": "", "type": "其他", "text": "飛來峰", "head": "GA023n0021_p0530a07"}, {"level": "3", "n": "", "type": "其他", "text": "寄杭州宋震使君", "head": "GA023n0021_p0530a10"}, {"level": "3", "n": "", "type": "其他", "text": "登北高峰塔", "head": "GA023n0021_p0531a03"}, {"level": "3", "n": "", "type": "其他", "text": "冷泉放閘", "head": "GA023n0021_p0531a06"}, {"level": "3", "n": "", "type": "其他", "text": "飛來峰", "head": "GA023n0021_p0531a09"}, {"level": "3", "n": "", "type": "其他", "text": "北高峰", "head": "GA023n0021_p0532a02"}, {"level": "3", "n": "", "type": "其他", "text": "靈隱蓬萊堂", "head": "GA023n0021_p0532a05"}, {"level": "3", "n": "", "type": "其他", "text": "遊靈隱寺", "head": "GA023n0021_p0532a08"}, {"level": "3", "n": "", "type": "其他", "text": "冷泉夜坐", "head": "GA023n0021_p0533a01"}, {"level": "3", "n": "", "type": "其他", "text": "冷泉亭", "head": "GA023n0021_p0533a04"}, {"level": "3", "n": "", "type": "其他", "text": "宿靈隱寺曉起", "head": "GA023n0021_p0533a07"}, {"level": "3", "n": "", "type": "其他", "text": "宿歸雲菴", "head": "GA023n0021_p0533a10"}, {"level": "3", "n": "", "type": "其他", "text": "靈隱寺", "head": "GA023n0021_p0534a03"}, {"level": "3", "n": "", "type": "其他", "text": "秋日鷲山雨後作", "head": "GA023n0021_p0534a06"}, {"level": "3", "n": "", "type": "其他", "text": "飛來峰", "head": "GA023n0021_p0534a09"}, {"level": "3", "n": "", "type": "其他", "text": "韜光菴", "head": "GA023n0021_p0535a02"}, {"level": "3", "n": "", "type": "其他", "text": "至靈隱寺", "head": "GA023n0021_p0535a05"}, {"level": "3", "n": "", "type": "其他", "text": "靈隱寺", "head": "GA023n0021_p0535a08"}, {"level": "3", "n": "", "type": "其他", "text": "韜光菴", "head": "GA023n0021_p0536a01"}, {"level": "3", "n": "", "type": "其他", "text": "岣嶁山房", "head": "GA023n0021_p0536a04"}, {"level": "3", "n": "", "type": "其他", "text": "岣嶁山房", "head": "GA023n0021_p0536a07"}, {"level": "3", "n": "", "type": "其他", "text": "韜光菴", "head": "GA023n0021_p0536a10"}, {"level": "3", "n": "", "type": "其他", "text": "五寺橋望諸雲泉怡老處", "head": "GA023n0021_p0537a03"}, {"level": "3", "n": "", "type": "其他", "text": "靈隱寺暮歸", "head": "GA023n0021_p0537a06"}, {"level": "3", "n": "", "type": "其他", "text": "贈僧住靈隱", "head": "GA023n0021_p0537a09"}, {"level": "3", "n": "", "type": "其他", "text": "送僧住靈隱", "head": "GA023n0021_p0538a02"}, {"level": "3", "n": "", "type": "其他", "text": "靈隱寺", "head": "GA023n0021_p0538a05"}, {"level": "3", "n": "", "type": "其他", "text": "遊靈隱寺", "head": "GA023n0021_p0538a08"}, {"level": "3", "n": "", "type": "其他", "text": "飛來峰", "head": "GA023n0021_p0539a01"}, {"level": "3", "n": "", "type": "其他", "text": "冷泉亭", "head": "GA023n0021_p0539a04"}, {"level": "3", "n": "", "type": "其他", "text": "慧理開山祖塔", "head": "GA023n0021_p0539a07"}, {"level": "3", "n": "", "type": "其他", "text": "明教嵩禪師塔", "head": "GA023n0021_p0539a10"}, {"level": "3", "n": "", "type": "其他", "text": "蓮花峰", "head": "GA023n0021_p0540a03"}, {"level": "3", "n": "", "type": "其他", "text": "神尼舍利塔", "head": "GA023n0021_p0540a06"}, {"level": "3", "n": "", "type": "其他", "text": "殿前石塔", "head": "GA023n0021_p0541a01"}, {"level": "3", "n": "", "type": "其他", "text": "山門外石幢", "head": "GA023n0021_p0541a05"}, {"level": "3", "n": "", "type": "其他", "text": "五羅漢松", "head": "GA023n0021_p0541a08"}, {"level": "3", "n": "", "type": "其他", "text": "濟顛祖師", "head": "GA023n0021_p0542a01"}, {"level": "3", "n": "", "type": "其他", "text": "韜光", "head": "GA023n0021_p0542a04"}, {"level": "3", "n": "", "type": "其他", "text": "石筍峰", "head": "GA023n0021_p0542a07"}, {"level": "3", "n": "", "type": "其他", "text": "冷泉亭", "head": "GA023n0021_p0542a10"}, {"level": "3", "n": "", "type": "其他", "text": "慧理祖塔", "head": "GA023n0021_p0543a03"}, {"level": "2", "n": "", "type": "其他", "text": "七言律", "head": "GA023n0021_p0543a06"}, {"level": "3", "n": "", "type": "其他", "text": "靈隱寺", "head": "GA023n0021_p0543a07"}, {"level": "3", "n": "", "type": "其他", "text": "靈隱寺", "head": "GA023n0021_p0544a01"}, {"level": "3", "n": "", "type": "其他", "text": "靈隱寺", "head": "GA023n0021_p0544a05"}, {"level": "3", "n": "", "type": "其他", "text": "辭白太守齋", "head": "GA023n0021_p0544a09"}, {"level": "3", "n": "", "type": "其他", "text": "立秋宿寺", "head": "GA023n0021_p0545a03"}, {"level": "3", "n": "", "type": "其他", "text": "中秋分桂贈楊元素", "head": "GA023n0021_p0545a07"}, {"level": "3", "n": "", "type": "其他", "text": "汎舟入靈隱", "head": "GA023n0021_p0546a01"}, {"level": "3", "n": "", "type": "其他", "text": "宿永安遇雨", "head": "GA023n0021_p0546a05"}, {"level": "3", "n": "", "type": "其他", "text": "和楊蟠〈宿永安遇雨〉", "head": "GA023n0021_p0546a09"}, {"level": "3", "n": "", "type": "其他", "text": "歲暮值雪，焚香獨坐，有懷章安楊公蟠錢湖草堂", "head": "GA023n0021_p0547a03"}, {"level": "3", "n": "", "type": "其他", "text": "和契嵩有懷二公之作", "head": "GA023n0021_p0547a08"}, {"level": "3", "n": "", "type": "其他", "text": "見山亭", "head": "GA023n0021_p0548a02"}, {"level": "3", "n": "", "type": "其他", "text": "靈隱訪舊", "head": "GA023n0021_p0548a06"}, {"level": "3", "n": "", "type": "其他", "text": "泛舟入靈隱寺", "head": "GA023n0021_p0548a10"}, {"level": "3", "n": "", "type": "其他", "text": "過鷲峰贈勤上人", "head": "GA023n0021_p0549a04"}, {"level": "3", "n": "", "type": "其他", "text": "集慶寺", "head": "GA023n0021_p0549a08"}, {"level": "3", "n": "", "type": "其他", "text": "送復見心返杭，兼柬張伯雨", "head": "GA023n0021_p0550a02"}, {"level": "3", "n": "", "type": "其他", "text": "飛來峰", "head": "GA023n0021_p0550a06"}, {"level": "3", "n": "", "type": "其他", "text": "贈靈鷲勤上人", "head": "GA023n0021_p0550a10"}, {"level": "3", "n": "", "type": "其他", "text": "觀魯侍郎冷泉亭放猿", "head": "GA023n0021_p0551a04"}, {"level": "3", "n": "", "type": "其他", "text": "靈隱寺", "head": "GA023n0021_p0551a08"}, {"level": "3", "n": "", "type": "其他", "text": "贈來復", "head": "GA023n0021_p0552a02"}, {"level": "3", "n": "", "type": "其他", "text": "靈鷲山", "head": "GA023n0021_p0552a06"}, {"level": "3", "n": "", "type": "其他", "text": "冷泉亭", "head": "GA023n0021_p0552a10"}, {"level": "3", "n": "", "type": "其他", "text": "靈隱寺", "head": "GA023n0021_p0553a04"}, {"level": "3", "n": "", "type": "其他", "text": "呼猿洞", "head": "GA023n0021_p0553a08"}, {"level": "3", "n": "", "type": "其他", "text": "九里松", "head": "GA023n0021_p0554a02"}, {"level": "3", "n": "", "type": "其他", "text": "北高峰", "head": "GA023n0021_p0554a06"}, {"level": "3", "n": "", "type": "其他", "text": "北高峰", "head": "GA023n0021_p0554a10"}, {"level": "3", "n": "", "type": "其他", "text": "送無杰師住靈隱寺", "head": "GA023n0021_p0555a04"}, {"level": "3", "n": "", "type": "其他", "text": "九里松", "head": "GA023n0021_p0555a08"}, {"level": "3", "n": "", "type": "其他", "text": "九里松，次夏公謹韻", "head": "GA023n0021_p0556a02"}, {"level": "3", "n": "", "type": "其他", "text": "九里松二首", "head": "GA023n0021_p0556a06"}, {"level": "3", "n": "", "type": "其他", "text": "九日靈隱", "head": "GA023n0021_p0557a04"}, {"level": "3", "n": "", "type": "其他", "text": "九里松", "head": "GA023n0021_p0557a08"}, {"level": "3", "n": "", "type": "其他", "text": "宿靈隱寺", "head": "GA023n0021_p0558a02"}, {"level": "3", "n": "", "type": "其他", "text": "靈隱社集，得峰字", "head": "GA023n0021_p0558a06"}, {"level": "3", "n": "", "type": "其他", "text": "李本寧觀察招同徐、馮諸公集靈隱寺", "head": "GA023n0021_p0558a10"}, {"level": "3", "n": "", "type": "其他", "text": "前題，得泉字", "head": "GA023n0021_p0559a05"}, {"level": "3", "n": "", "type": "其他", "text": "訪李岣嶁山人", "head": "GA023n0021_p0559a09"}, {"level": "3", "n": "", "type": "其他", "text": "遊靈隱，登韜光，望見江海", "head": "GA023n0021_p0560a05"}, {"level": "3", "n": "", "type": "其他", "text": "岣嶁山房", "head": "GA023n0021_p0560a09"}, {"level": "3", "n": "", "type": "其他", "text": "韜光", "head": "GA023n0021_p0561a03"}, {"level": "3", "n": "", "type": "其他", "text": "三生石", "head": "GA023n0021_p0561a07"}, {"level": "3", "n": "", "type": "其他", "text": "飛來峰", "head": "GA023n0021_p0562a01"}, {"level": "3", "n": "", "type": "其他", "text": "飛來峰", "head": "GA023n0021_p0562a05"}, {"level": "3", "n": "", "type": "其他", "text": "蓮花峰", "head": "GA023n0021_p0562a09"}, {"level": "3", "n": "", "type": "其他", "text": "贈北高峰念響佛僧", "head": "GA023n0021_p0563a03"}, {"level": "3", "n": "", "type": "其他", "text": "靈隱寺", "head": "GA023n0021_p0563a10"}, {"level": "3", "n": "", "type": "其他", "text": "前題", "head": "GA023n0021_p0564a04"}, {"level": "3", "n": "", "type": "其他", "text": "前題", "head": "GA023n0021_p0564a08"}, {"level": "3", "n": "", "type": "其他", "text": "前題", "head": "GA023n0021_p0565a02"}, {"level": "3", "n": "", "type": "其他", "text": "秋日宿靈隱寺", "head": "GA023n0021_p0565a06"}, {"level": "2", "n": "", "type": "其他", "text": "五言絕", "head": "GA023n0021_p0565a10"}, {"level": "3", "n": "", "type": "其他", "text": "望海亭", "head": "GA023n0021_p0566a01"}, {"level": "3", "n": "", "type": "其他", "text": "客兒亭", "head": "GA023n0021_p0566a03"}, {"level": "3", "n": "", "type": "其他", "text": "韜光", "head": "GA023n0021_p0566a05"}, {"level": "3", "n": "", "type": "其他", "text": "遊北高峰", "head": "GA023n0021_p0566a07"}, {"level": "3", "n": "", "type": "其他", "text": "九里松", "head": "GA023n0021_p0566a09"}, {"level": "3", "n": "", "type": "其他", "text": "了義塔院", "head": "GA023n0021_p0567a01"}, {"level": "3", "n": "", "type": "其他", "text": "賜德光", "head": "GA023n0021_p0567a03"}, {"level": "3", "n": "", "type": "其他", "text": "飯猿臺", "head": "GA023n0021_p0567a05"}, {"level": "3", "n": "", "type": "其他", "text": "合澗橋", "head": "GA023n0021_p0567a07"}, {"level": "3", "n": "", "type": "其他", "text": "冷泉亭", "head": "GA023n0021_p0567a09"}, {"level": "3", "n": "", "type": "其他", "text": "靈鷲", "head": "GA023n0021_p0568a01"}, {"level": "3", "n": "", "type": "其他", "text": "呼猿洞", "head": "GA023n0021_p0568a03"}, {"level": "3", "n": "", "type": "其他", "text": "靈鷲", "head": "GA023n0021_p0568a05"}, {"level": "3", "n": "", "type": "其他", "text": "韜光三首", "head": "GA023n0021_p0568a07"}, {"level": "3", "n": "", "type": "其他", "text": "飛來峰", "head": "GA023n0021_p0569a03"}, {"level": "3", "n": "", "type": "其他", "text": "冷泉亭", "head": "GA023n0021_p0569a05"}, {"level": "2", "n": "", "type": "其他", "text": "七言絕", "head": "GA023n0021_p0569a07"}, {"level": "3", "n": "", "type": "其他", "text": "飛來峰", "head": "GA023n0021_p0569a08"}, {"level": "3", "n": "", "type": "其他", "text": "靈隱寺", "head": "GA023n0021_p0570a01"}, {"level": "3", "n": "", "type": "其他", "text": "靈隱寺", "head": "GA023n0021_p0570a04"}, {"level": "3", "n": "", "type": "其他", "text": "北高峰", "head": "GA023n0021_p0570a07"}, {"level": "3", "n": "", "type": "其他", "text": "題了義塔院二首", "head": "GA023n0021_p0570a10"}, {"level": "3", "n": "", "type": "其他", "text": "九里松", "head": "GA023n0021_p0571a05"}, {"level": "3", "n": "", "type": "其他", "text": "冷泉亭", "head": "GA023n0021_p0571a08"}, {"level": "3", "n": "", "type": "其他", "text": "宿靈隱寺", "head": "GA023n0021_p0572a01"}, {"level": "3", "n": "", "type": "其他", "text": "呼猿洞二首", "head": "GA023n0021_p0572a04"}, {"level": "3", "n": "", "type": "其他", "text": "飛來峰", "head": "GA023n0021_p0572a09"}, {"level": "3", "n": "", "type": "其他", "text": "香林洞", "head": "GA023n0021_p0573a02"}, {"level": "3", "n": "", "type": "其他", "text": "冷泉", "head": "GA023n0021_p0573a05"}, {"level": "3", "n": "", "type": "其他", "text": "冷泉", "head": "GA023n0021_p0573a08"}, {"level": "3", "n": "", "type": "其他", "text": "聽猿", "head": "GA023n0021_p0574a01"}, {"level": "3", "n": "", "type": "其他", "text": "冷泉", "head": "GA023n0021_p0574a04"}, {"level": "3", "n": "", "type": "其他", "text": "飛來峰", "head": "GA023n0021_p0574a07"}, {"level": "3", "n": "", "type": "其他", "text": "呼猿洞", "head": "GA023n0021_p0574a10"}, {"level": "3", "n": "", "type": "其他", "text": "韜光", "head": "GA023n0021_p0575a03"}, {"level": "3", "n": "", "type": "其他", "text": "冷泉亭", "head": "GA023n0021_p0575a06"}, {"level": "3", "n": "", "type": "其他", "text": "靈鷲山", "head": "GA023n0021_p0575a09"}, {"level": "3", "n": "", "type": "其他", "text": "飛來峰", "head": "GA023n0021_p0576a02"}, {"level": "3", "n": "", "type": "其他", "text": "送祥都綱兩住靈隱", "head": "GA023n0021_p0576a05"}, {"level": "3", "n": "", "type": "其他", "text": "韜光泉", "head": "GA023n0021_p0576a08"}, {"level": "3", "n": "", "type": "其他", "text": "登北高峰", "head": "GA023n0021_p0577a01"}, {"level": "3", "n": "", "type": "其他", "text": "靈鷲山月歌", "head": "GA023n0021_p0577a04"}, {"level": "3", "n": "", "type": "其他", "text": "庚午初冬遊韜光，遇憑虛上人", "head": "GA023n0021_p0577a07"}, {"level": "3", "n": "", "type": "其他", "text": "冷泉亭", "head": "GA023n0021_p0577a10"}, {"level": "3", "n": "", "type": "其他", "text": "呼猿洞", "head": "GA023n0021_p0578a03"}, {"level": "3", "n": "", "type": "其他", "text": "靈隱寺石", "head": "GA023n0021_p0578a06"}, {"level": "3", "n": "", "type": "其他", "text": "冷泉亭", "head": "GA023n0021_p0578a09"}, {"level": "3", "n": "", "type": "其他", "text": "飛來峰", "head": "GA023n0021_p0579a02"}, {"level": "3", "n": "", "type": "其他", "text": "呼猿洞", "head": "GA023n0021_p0579a05"}, {"level": "3", "n": "", "type": "其他", "text": "靈隱寺", "head": "GA023n0021_p0579a08"}, {"level": "3", "n": "", "type": "其他", "text": "冷泉亭", "head": "GA023n0021_p0580a01"}, {"level": "3", "n": "", "type": "其他", "text": "飛來峰", "head": "GA023n0021_p0580a04"}, {"level": "3", "n": "", "type": "其他", "text": "韜光菴", "head": "GA023n0021_p0580a07"}, {"level": "2", "n": "", "type": "其他", "text": "五言排律", "head": "GA023n0021_p0580a10"}, {"level": "3", "n": "", "type": "其他", "text": "遊靈隱寺", "head": "GA023n0021_p0581a01"}, {"level": "3", "n": "", "type": "其他", "text": "宿靈隱寺", "head": "GA023n0021_p0581a06"}, {"level": "3", "n": "", "type": "其他", "text": "遊靈隱寺", "head": "GA023n0021_p0582a01"}, {"level": "3", "n": "", "type": "其他", "text": "飛來峰", "head": "GA023n0021_p0582a05"}, {"level": "3", "n": "", "type": "其他", "text": "月桂峰", "head": "GA023n0021_p0582a09"}, {"level": "3", "n": "", "type": "其他", "text": "靈隱寺", "head": "GA023n0021_p0583a03"}, {"level": "3", "n": "", "type": "其他", "text": "韜光菴", "head": "GA023n0021_p0583a07"}, {"level": "3", "n": "", "type": "其他", "text": "韜光", "head": "GA023n0021_p0584a03"}, {"level": "1", "n": "", "type": "其他", "text": "遺事", "head": "GA023n0021_p0584a08"}, {"level": "2", "n": "", "type": "其他", "text": "概述", "head": "GA023n0021_p0584a09"}, {"level": "2", "n": "", "type": "其他", "text": "龍泓洞", "head": "GA023n0021_p0585a03"}, {"level": "2", "n": "", "type": "其他", "text": "靈隱洞", "head": "GA023n0021_p0585a06"}, {"level": "2", "n": "", "type": "其他", "text": "月中桂子", "head": "GA023n0021_p0585a10"}, {"level": "2", "n": "", "type": "其他", "text": "九里舊松", "head": "GA023n0021_p0586a07"}, {"level": "2", "n": "", "type": "其他", "text": "下竺", "head": "GA023n0021_p0587a03"}, {"level": "2", "n": "", "type": "其他", "text": "天目山", "head": "GA023n0021_p0588a01"}, {"level": "2", "n": "", "type": "其他", "text": "雲姿鶴態", "head": "GA023n0021_p0589a02"}, {"level": "2", "n": "", "type": "其他", "text": "飛來峰", "head": "GA023n0021_p0589a06"}, {"level": "2", "n": "", "type": "其他", "text": "二葛", "head": "GA023n0021_p0589a10"}, {"level": "2", "n": "", "type": "其他", "text": "濟顛", "head": "GA023n0021_p0590a03"}, {"level": "2", "n": "", "type": "其他", "text": "贊寧", "head": "GA023n0021_p0590a06"}, {"level": "2", "n": "", "type": "其他", "text": "靈隱知識", "head": "GA023n0021_p0591a09"}, {"level": "2", "n": "", "type": "其他", "text": "靈隱僧", "head": "GA023n0021_p0592a05"}, {"level": "2", "n": "", "type": "其他", "text": "著作彪炳", "head": "GA023n0021_p0592a08"}, {"level": "2", "n": "", "type": "其他", "text": "靈隱詩僧", "head": "GA023n0021_p0593a03"}, {"level": "2", "n": "", "type": "其他", "text": "正朔考", "head": "GA023n0021_p0594a02"}, {"level": "2", "n": "", "type": "其他", "text": "繙經", "head": "GA023n0021_p0595a01"}, {"level": "2", "n": "", "type": "其他", "text": "月中娑羅", "head": "GA023n0021_p0595a06"}, {"level": "2", "n": "", "type": "其他", "text": "慧誕法師", "head": "GA023n0021_p0595a09"}, {"level": "2", "n": "", "type": "其他", "text": "神尼塔", "head": "GA023n0021_p0596a02"}, {"level": "2", "n": "", "type": "其他", "text": "戒闍黎", "head": "GA023n0021_p0597a02"}, {"level": "2", "n": "", "type": "其他", "text": "林慮靈隱", "head": "GA023n0021_p0597a09"}, {"level": "2", "n": "", "type": "其他", "text": "稽留峰下", "head": "GA023n0021_p0598a10"}, {"level": "2", "n": "", "type": "其他", "text": "九里松書", "head": "GA023n0021_p0599a03"}, {"level": "2", "n": "", "type": "其他", "text": "孝宗賦詩", "head": "GA023n0021_p0599a08"}, {"level": "2", "n": "", "type": "其他", "text": "駕冷泉堂納涼", "head": "GA023n0021_p0600a09"}, {"level": "2", "n": "", "type": "其他", "text": "吳郡王冷泉圖贊", "head": "GA023n0021_p0602a08"}, {"level": "2", "n": "", "type": "其他", "text": "瞎堂侍幸", "head": "GA023n0021_p0603a08"}, {"level": "2", "n": "", "type": "其他", "text": "高峰祈夢", "head": "GA023n0021_p0604a02"}, {"level": "2", "n": "", "type": "其他", "text": "三生石", "head": "GA023n0021_p0605a06"}, {"level": "2", "n": "", "type": "其他", "text": "葉守益", "head": "GA023n0021_p0607a06"}, {"level": "2", "n": "", "type": "其他", "text": "雷院威神", "head": "GA023n0021_p0608a01"}, {"level": "2", "n": "", "type": "其他", "text": "天澤侯廟", "head": "GA023n0021_p0608a05"}, {"level": "2", "n": "", "type": "其他", "text": "花犬", "head": "GA023n0021_p0609a02"}, {"level": "2", "n": "", "type": "其他", "text": "黑猿行者", "head": "GA023n0021_p0609a06"}, {"level": "2", "n": "", "type": "其他", "text": "四鬼夜移圖", "head": "GA023n0021_p0610a01"}, {"level": "2", "n": "", "type": "其他", "text": "峰上白雲", "head": "GA023n0021_p0610a08"}, {"level": "2", "n": "", "type": "其他", "text": "道忠蒸雪", "head": "GA023n0021_p0611a01"}, {"level": "2", "n": "", "type": "其他", "text": "望松", "head": "GA023n0021_p0611a04"}, {"level": "2", "n": "", "type": "其他", "text": "九里松", "head": "GA023n0021_p0611a08"}, {"level": "2", "n": "", "type": "其他", "text": "寺鐘", "head": "GA023n0021_p0612a03"}, {"level": "2", "n": "", "type": "其他", "text": "葬地", "head": "GA023n0021_p0612a08"}, {"level": "2", "n": "", "type": "其他", "text": "遺塔堙沒", "head": "GA023n0021_p0613a01"}, {"level": "2", "n": "", "type": "其他", "text": "不畏貴人", "head": "GA023n0021_p0613a07"}, {"level": "2", "n": "", "type": "其他", "text": "前後易菴", "head": "GA023n0021_p0613a10"}, {"level": "2", "n": "", "type": "其他", "text": "三人書", "head": "GA023n0021_p0614a05"}, {"level": "2", "n": "", "type": "其他", "text": "妙勝覺場", "head": "GA023n0021_p0614a08"}, {"level": "2", "n": "", "type": "其他", "text": "武林道士", "head": "GA023n0021_p0615a03"}, {"level": "2", "n": "", "type": "其他", "text": "美疢與藥石", "head": "GA023n0021_p0615a07"}, {"level": "2", "n": "", "type": "其他", "text": "恭行己", "head": "GA023n0021_p0616a02"}, {"level": "2", "n": "", "type": "其他", "text": "慈雲懺主", "head": "GA023n0021_p0616a05"}, {"level": "2", "n": "", "type": "其他", "text": "五種不壞", "head": "GA023n0021_p0617a02"}, {"level": "2", "n": "", "type": "其他", "text": "隱者之難", "head": "GA023n0021_p0617a05"}, {"level": "2", "n": "", "type": "其他", "text": "曠達之士", "head": "GA023n0021_p0618a02"}, {"level": "2", "n": "", "type": "其他", "text": "十伽藍", "head": "GA023n0021_p0619a05"}, {"level": "2", "n": "", "type": "其他", "text": "本寺土地", "head": "GA023n0021_p0619a09"}, {"level": "2", "n": "", "type": "其他", "text": "嗔喜作佛", "head": "GA023n0021_p0620a04"}, {"level": "2", "n": "", "type": "其他", "text": "靈隱奇僧", "head": "GA023n0021_p0620a07"}, {"level": "1", "n": "", "type": "其他", "text": "雜紀", "head": "GA023n0021_p0620a09"}, {"level": "2", "n": "", "type": "其他", "text": "概述", "head": "GA023n0021_p0620a10"}, {"level": "2", "n": "", "type": "其他", "text": "題名", "head": "GA023n0021_p0621a09"}, {"level": "2", "n": "", "type": "其他", "text": "題額", "head": "GA023n0021_p0627a03"}, {"level": "2", "n": "", "type": "其他", "text": "古存物", "head": "GA023n0021_p0629a10"}, {"level": "2", "n": "", "type": "其他", "text": "靈隱著述", "head": "GA023n0021_p0631a02"}, {"level": "2", "n": "", "type": "其他", "text": "前賢撰文遺失者", "head": "GA023n0021_p0632a10"}, {"level": "2", "n": "", "type": "其他", "text": "本寺二十四房", "head": "GA023n0021_p0633a06"}, {"level": "3", "n": "", "type": "其他", "text": "東廡", "head": "GA023n0021_p0633a07"}, {"level": "3", "n": "", "type": "其他", "text": "西廡", "head": "GA023n0021_p0633a09"}, {"level": "2", "n": "", "type": "其他", "text": "本山物產", "head": "GA023n0021_p0635a01"}, {"level": "3", "n": "", "type": "其他", "text": "西栗樹", "head": "GA023n0021_p0635a02"}, {"level": "3", "n": "", "type": "其他", "text": "重榮檜", "head": "GA023n0021_p0635a06"}, {"level": "3", "n": "", "type": "其他", "text": "石面靈桃", "head": "GA023n0021_p0635a09"}, {"level": "3", "n": "", "type": "其他", "text": "無根藤", "head": "GA023n0021_p0636a02"}, {"level": "3", "n": "", "type": "其他", "text": "紅辛夷花", "head": "GA023n0021_p0636a04"}, {"level": "3", "n": "", "type": "其他", "text": "天親竹", "head": "GA023n0021_p0636a07"}, {"level": "3", "n": "", "type": "其他", "text": "石面竹", "head": "GA023n0021_p0636a10"}, {"level": "3", "n": "", "type": "其他", "text": "藥王樹", "head": "GA023n0021_p0637a02"}, {"level": "3", "n": "", "type": "其他", "text": "方竹", "head": "GA023n0021_p0637a07"}, {"level": "3", "n": "", "type": "其他", "text": "曲竹", "head": "GA023n0021_p0637a09"}, {"level": "3", "n": "", "type": "其他", "text": "枇杷", "head": "GA023n0021_p0638a02"}, {"level": "3", "n": "", "type": "其他", "text": "龍", "head": "GA023n0021_p0638a04"}, {"level": "3", "n": "", "type": "其他", "text": "龍子", "head": "GA023n0021_p0638a06"}, {"level": "3", "n": "", "type": "其他", "text": "花犬", "head": "GA023n0021_p0638a09"}, {"level": "2", "n": "", "type": "其他", "text": "靈隱重興紀異", "head": "GA023n0021_p0639a01"}, {"level": "3", "n": "", "type": "序", "text": "重興紀異序", "head": "GA023n0021_p0639a02"}, {"level": "3", "n": "", "type": "其他", "text": "寶相逈異", "head": "GA023n0021_p0639a07"}, {"level": "3", "n": "", "type": "其他", "text": "大慧後身", "head": "GA023n0021_p0640a02"}, {"level": "3", "n": "", "type": "其他", "text": "幽贊", "head": "GA023n0021_p0640a06"}, {"level": "3", "n": "", "type": "其他", "text": "沈長者", "head": "GA023n0021_p0641a02"}, {"level": "3", "n": "", "type": "其他", "text": "琉璃佛", "head": "GA023n0021_p0641a06"}, {"level": "3", "n": "", "type": "其他", "text": "靈隱伽藍", "head": "GA023n0021_p0642a01"}, {"level": "3", "n": "", "type": "其他", "text": "浮梓柱于洪濤", "head": "GA023n0021_p0642a06"}, {"level": "3", "n": "", "type": "其他", "text": "殿角一柱", "head": "GA023n0021_p0643a02"}, {"level": "3", "n": "", "type": "其他", "text": "伏虎", "head": "GA023n0021_p0643a07"}, {"level": "3", "n": "", "type": "其他", "text": "靈奇天縱", "head": "GA023n0021_p0643a10"}, {"level": "3", "n": "", "type": "其他", "text": "理公猿", "head": "GA023n0021_p0644a05"}, {"level": "3", "n": "", "type": "其他", "text": "數有相符", "head": "GA023n0021_p0645a04"}, {"level": "3", "n": "", "type": "其他", "text": "迎龕", "head": "GA023n0021_p0646a01"}, {"level": "3", "n": "", "type": "其他", "text": "爭龕", "head": "GA023n0021_p0646a05"}, {"level": "3", "n": "", "type": "其他", "text": "奕山識", "head": "GA023n0021_p0646a09"}, {"level": "1", "n": "", "type": "其他", "text": "山地", "head": "GA023n0021_p0648a02"}, {"level": "2", "n": "", "type": "其他", "text": "概述", "head": "GA023n0021_p0648a03"}, {"level": "2", "n": "", "type": "其他", "text": "舊存", "head": "GA023n0021_p0648a10"}, {"level": "2", "n": "", "type": "其他", "text": "檀施", "head": "GA023n0021_p0649a10"}, {"level": "2", "n": "", "type": "其他", "text": "續置", "head": "GA023n0021_p0651a01"}]