[{"n": "1", "fun": "open", "head": "GA016n0015_p0015a01"}, {"n": "1", "fun": "close", "head": "GA016n0015_p0052a10"}, {"n": "2", "fun": "open", "head": "GA016n0015_p0053a01"}, {"n": "2", "fun": "close", "head": "GA016n0015_p0095a10"}, {"n": "3", "fun": "open", "head": "GA016n0015_p0097a01"}, {"n": "3", "fun": "close", "head": "GA016n0015_p0138a10"}, {"n": "4", "fun": "open", "head": "GA016n0015_p0139a01"}, {"n": "4", "fun": "close", "head": "GA016n0015_p0170a10"}, {"n": "5", "fun": "open", "head": "GA016n0015_p0171a01"}, {"n": "5", "fun": "close", "head": "GA016n0015_p0220a10"}, {"n": "6", "fun": "open", "head": "GA016n0015_p0221a01"}, {"n": "6", "fun": "close", "head": "GA016n0015_p0244a10"}, {"n": "7", "fun": "open", "head": "GA016n0015_p0245a01"}, {"n": "7", "fun": "close", "head": "GA016n0015_p0270a10"}, {"n": "8", "fun": "open", "head": "GA016n0015_p0271a01"}, {"n": "8", "fun": "close", "head": "GA016n0015_p0324a10"}, {"n": "9", "fun": "open", "head": "GA016n0015_p0325a01"}, {"n": "9", "fun": "close", "head": "GA016n0015_p0386a10"}, {"n": "10", "fun": "open", "head": "GA016n0015_p0387a01"}, {"n": "10", "fun": "close", "head": "GA016n0015_p0400a10"}]