[{"n": "1", "fun": "open", "head": "GA016n0015_p0015a01", "title": "大昭慶律寺志卷之一"}, {"n": "1", "fun": "close", "head": "GA016n0015_p0052a10", "title": "大昭慶律寺志卷之一"}, {"n": "2", "fun": "open", "head": "GA016n0015_p0053a01", "title": "大昭慶律寺志卷之二"}, {"n": "2", "fun": "close", "head": "GA016n0015_p0095a10", "title": "大昭慶律寺志卷之二"}, {"n": "3", "fun": "open", "head": "GA016n0015_p0097a01", "title": "大昭慶律寺志卷之三"}, {"n": "3", "fun": "close", "head": "GA016n0015_p0138a10", "title": "大昭慶律寺志卷之三"}, {"n": "4", "fun": "open", "head": "GA016n0015_p0139a01", "title": "大昭慶律寺志卷之四"}, {"n": "4", "fun": "close", "head": "GA016n0015_p0170a10", "title": "大昭慶律寺志卷之四"}, {"n": "5", "fun": "open", "head": "GA016n0015_p0171a01", "title": "大昭慶律寺志卷之五"}, {"n": "5", "fun": "close", "head": "GA016n0015_p0220a10", "title": "大昭慶律寺志卷之五"}, {"n": "6", "fun": "open", "head": "GA016n0015_p0221a01", "title": "大昭慶律寺志卷之六"}, {"n": "6", "fun": "close", "head": "GA016n0015_p0244a10", "title": "大昭慶律寺志卷之六終"}, {"n": "7", "fun": "open", "head": "GA016n0015_p0245a01", "title": "大昭慶律寺志卷之七"}, {"n": "7", "fun": "close", "head": "GA016n0015_p0270a10", "title": "大昭慶律寺志卷之七終"}, {"n": "8", "fun": "open", "head": "GA016n0015_p0271a01", "title": "大昭慶律寺志卷之八"}, {"n": "8", "fun": "close", "head": "GA016n0015_p0324a10", "title": "大昭慶律寺志卷八"}, {"n": "9", "fun": "open", "head": "GA016n0015_p0325a01", "title": "大昭慶律寺志卷之九"}, {"n": "9", "fun": "close", "head": "GA016n0015_p0386a10", "title": "大昭慶律寺志卷之九終"}, {"n": "10", "fun": "open", "head": "GA016n0015_p0387a01", "title": "大昭慶律寺志卷之十"}, {"n": "10", "fun": "close", "head": "GA016n0015_p0400a10", "title": "大昭慶律寺志卷之十"}]