[{"level": "1", "n": "1", "type": "其他", "text": "歸依者", "head": "T19n0927_p0050a05"}, {"level": "1", "n": "2", "type": "其他", "text": "歸依佛歸依法歸依僧", "head": "T19n0927_p0050a09"}, {"level": "1", "n": "3", "type": "其他", "text": "發菩提心", "head": "T19n0927_p0050a12"}, {"level": "1", "n": "4", "type": "其他", "text": "從真如體中發四無量心", "head": "T19n0927_p0050a16"}, {"level": "1", "n": "4", "type": "其他", "text": "四種加持中加持壇宇", "head": "T19n0927_p0050a26"}, {"level": "1", "n": "5", "type": "其他", "text": "加持房舍壇宇", "head": "T19n0927_p0050b14"}, {"level": "1", "n": "6", "type": "其他", "text": "加持座位", "head": "T19n0927_p0050b27"}, {"level": "1", "n": "7", "type": "其他", "text": "加持供物", "head": "T19n0927_p0050c06"}, {"level": "1", "n": "9", "type": "其他", "text": "第一佛寶", "head": "T19n0927_p0054a08"}, {"level": "2", "n": "1", "type": "其他", "text": "1 善名稱吉祥王如來", "head": "T19n0927_p0054a08"}, {"level": "2", "n": "2", "type": "其他", "text": "2 威音王如來", "head": "T19n0927_p0054c01"}, {"level": "2", "n": "3", "type": "其他", "text": "3 金色無垢如來", "head": "T19n0927_p0055b02"}, {"level": "2", "n": "4", "type": "其他", "text": "4 無憂最勝如來", "head": "T19n0927_p0055c27"}, {"level": "2", "n": "5", "type": "其他", "text": "5 法海雷音如來", "head": "T19n0927_p0056b05"}, {"level": "2", "n": "6", "type": "其他", "text": "6 神通王如來", "head": "T19n0927_p0056c12"}, {"level": "2", "n": "7", "type": "其他", "text": "7 藥師如來", "head": "T19n0927_p0057a17"}, {"level": "2", "n": "8", "type": "其他", "text": "8 釋迦如來", "head": "T19n0927_p0057c20"}, {"level": "1", "n": "16", "type": "其他", "text": "第二法寶", "head": "T19n0927_p0058b10"}, {"level": "1", "n": "17", "type": "其他", "text": "第三僧寶", "head": "T19n0927_p0058b20"}, {"level": "2", "n": "1", "type": "其他", "text": "1 文殊菩薩", "head": "T19n0927_p0058b20"}, {"level": "2", "n": "2", "type": "其他", "text": "2 救脫菩薩", "head": "T19n0927_p0058c24"}, {"level": "2", "n": "3", "type": "其他", "text": "3 金剛手等", "head": "T19n0927_p0059b09"}, {"level": "1", "n": "20", "type": "其他", "text": "十二藥叉大將", "head": "T19n0927_p0060a24"}, {"level": "1", "n": "21", "type": "其他", "text": "齋地神", "head": "T19n0927_p0060c17"}, {"level": "1", "n": "22", "type": "其他", "text": "第三次收末賽願法", "head": "T19n0927_p0061a24"}, {"level": "1", "n": "22", "type": "其他", "text": "復誦懺謝文", "head": "T19n0927_p0062a26"}]