[{"level": "1", "n": "1", "type": "品", "text": "1 現威德品", "head": "T19n0953_p0285c14"}, {"level": "1", "n": "2", "type": "品", "text": "2 印契品", "head": "T19n0953_p0287b29"}, {"level": "1", "n": "3", "type": "品", "text": "3 曼茶羅儀軌品", "head": "T19n0953_p0289b20"}, {"level": "1", "n": "4", "type": "品", "text": "4 先行品", "head": "T19n0953_p0292a16"}, {"level": "1", "n": "5", "type": "品", "text": "5 成就毘那夜迦品", "head": "T19n0953_p0294c19"}, {"level": "1", "n": "6", "type": "品", "text": "6 說法品", "head": "T19n0953_p0300b18"}, {"level": "1", "n": "7", "type": "品", "text": "7 調伏一切障毘那夜迦天王品", "head": "T19n0953_p0301b28"}, {"level": "1", "n": "8", "type": "品", "text": "8 最勝成就品", "head": "T19n0953_p0303c08"}, {"level": "1", "n": "9", "type": "品", "text": "9 菩薩藏品", "head": "T19n0953_p0305c03"}]