[{"level": "1", "n": "1", "type": "品", "text": "1 序品", "head": "T19n1006_p0636b08"}, {"level": "1", "n": "2", "type": "品", "text": "2 根本咒品", "head": "T19n1006_p0640c05"}, {"level": "1", "n": "3", "type": "品", "text": "3 心隨心咒品", "head": "T19n1006_p0641a08"}, {"level": "1", "n": "4", "type": "品", "text": "4 持心咒法品", "head": "T19n1006_p0641c12"}, {"level": "1", "n": "5", "type": "品", "text": "5 誦隨心咒法品", "head": "T19n1006_p0642a23"}, {"level": "1", "n": "6", "type": "品", "text": "6 雜咒品", "head": "T19n1006_p0642b11"}, {"level": "1", "n": "7", "type": "品", "text": "7 結壇場法品", "head": "T19n1006_p0643b27"}, {"level": "1", "n": "8", "type": "品", "text": "8 畫像品", "head": "T19n1006_p0644a26"}, {"level": "1", "n": "9", "type": "品", "text": "9 護摩品", "head": "T19n1006_p0644c14"}, {"level": "1", "n": "10", "type": "品", "text": "10 印法品", "head": "T19n1006_p0645c06"}, {"level": "1", "n": "", "type": "附文", "text": "附文", "head": "T19n1006_p0649c01"}, {"level": "2", "n": "1", "type": "品", "text": "6 雜咒品", "head": "T19n1006_p0649c01"}, {"level": "2", "n": "2", "type": "品", "text": "7 結壇場法品", "head": "T19n1006_p0651a13"}, {"level": "2", "n": "3", "type": "品", "text": "8 手印咒品", "head": "T19n1006_p0651c14"}, {"level": "2", "n": "4", "type": "品", "text": "9 畫像品", "head": "T19n1006_p0652b06"}, {"level": "2", "n": "5", "type": "品", "text": "10 火祭品", "head": "T19n1006_p0652c23"}, {"level": "2", "n": "6", "type": "品", "text": "11 普光心印品", "head": "T19n1006_p0653c05"}, {"level": "2", "n": "7", "type": "品", "text": "12 手印品", "head": "T19n1006_p0654a19"}, {"level": "2", "n": "7", "type": "其他", "text": "第二普光寶清淨如來心印法", "head": "T19n1006_p0654b11"}, {"level": "2", "n": "7", "type": "其他", "text": "第三一切如來加護心印咒", "head": "T19n1006_p0654c21"}, {"level": "2", "n": "7", "type": "其他", "text": "第四一切如來瓔珞印法", "head": "T19n1006_p0655a11"}, {"level": "2", "n": "7", "type": "其他", "text": "第五一切諸佛心印法", "head": "T19n1006_p0655b03"}, {"level": "2", "n": "7", "type": "其他", "text": "第六一切如來師子座印法", "head": "T19n1006_p0655b21"}, {"level": "2", "n": "7", "type": "其他", "text": "第七一切如來成大寶灌頂印法", "head": "T19n1006_p0655c09"}, {"level": "2", "n": "7", "type": "其他", "text": "第八一切如來降伏熾然大魔軍智炬轉法輪神變加護印法", "head": "T19n1006_p0656a03"}, {"level": "2", "n": "7", "type": "其他", "text": "第九得勝印法", "head": "T19n1006_p0656a26"}, {"level": "2", "n": "7", "type": "其他", "text": "第十如來輪印法", "head": "T19n1006_p0656b11"}, {"level": "2", "n": "7", "type": "其他", "text": "第十一金剛手菩薩印", "head": "T19n1006_p0656b26"}, {"level": "2", "n": "7", "type": "其他", "text": "第十二真多摩尼金剛菩薩咒", "head": "T19n1006_p0656c13"}, {"level": "2", "n": "7", "type": "其他", "text": "第十三四天王印咒", "head": "T19n1006_p0656c20"}, {"level": "2", "n": "7", "type": "其他", "text": "第十四吉祥天女印法", "head": "T19n1006_p0656c25"}, {"level": "2", "n": "7", "type": "其他", "text": "第十五餉棄尼印法", "head": "T19n1006_p0657a02"}, {"level": "2", "n": "7", "type": "其他", "text": "第十六大笑女使者印法", "head": "T19n1006_p0657a07"}, {"level": "2", "n": "7", "type": "其他", "text": "第十七住壇諸神等印法", "head": "T19n1006_p0657a13"}, {"level": "2", "n": "7", "type": "其他", "text": "第十八蓮華印法", "head": "T19n1006_p0657a19"}, {"level": "2", "n": "7", "type": "其他", "text": "第十九根本印法", "head": "T19n1006_p0657a26"}, {"level": "2", "n": "7", "type": "其他", "text": "第二十心印法", "head": "T19n1006_p0657b06"}, {"level": "2", "n": "7", "type": "其他", "text": "第二十一隨心印法", "head": "T19n1006_p0657b11"}]