[{"level": "1", "n": "", "type": "序", "text": "新譯仁王般若經陀羅尼念誦儀軌序", "head": "T19n0994_p0513c10"}, {"level": "1", "n": "1", "type": "其他", "text": "1 明五菩薩現威德", "head": "T19n0994_p0514a20"}, {"level": "2", "n": "1", "type": "其他", "text": "第一東方金剛手菩薩", "head": "T19n0994_p0514a21"}, {"level": "2", "n": "2", "type": "其他", "text": "第二南方金剛寶菩薩", "head": "T19n0994_p0514b07"}, {"level": "2", "n": "3", "type": "其他", "text": "第三西方金剛利菩薩", "head": "T19n0994_p0514b22"}, {"level": "2", "n": "4", "type": "其他", "text": "第四北方金剛藥叉菩薩", "head": "T19n0994_p0514c05"}, {"level": "2", "n": "5", "type": "其他", "text": "第五中方金剛波羅蜜多菩薩", "head": "T19n0994_p0514c18"}, {"level": "1", "n": "2", "type": "其他", "text": "2 建立漫茶羅軌儀", "head": "T19n0994_p0515a08"}, {"level": "1", "n": "3", "type": "其他", "text": "3 入道場儀軌", "head": "T19n0994_p0516a19"}, {"level": "2", "n": "1", "type": "其他", "text": "第一結佛部三昧耶印", "head": "T19n0994_p0516b09"}, {"level": "2", "n": "2", "type": "其他", "text": "第二結諸菩薩部三昧耶印", "head": "T19n0994_p0516b18"}, {"level": "2", "n": "3", "type": "其他", "text": "第三結金剛部三昧耶印", "head": "T19n0994_p0516b27"}, {"level": "2", "n": "4", "type": "其他", "text": "第四結護身印", "head": "T19n0994_p0516c08"}, {"level": "2", "n": "5", "type": "其他", "text": "第五結辟除印及金剛方隅寶界印", "head": "T19n0994_p0516c14"}, {"level": "2", "n": "6", "type": "其他", "text": "第六結請聖眾降壇印", "head": "T19n0994_p0517a04"}, {"level": "2", "n": "7", "type": "其他", "text": "第七獻閼伽香水印", "head": "T19n0994_p0517a08"}, {"level": "2", "n": "8", "type": "其他", "text": "第八獻寶座印", "head": "T19n0994_p0517a16"}, {"level": "2", "n": "9", "type": "其他", "text": "第九結普供養印", "head": "T19n0994_p0517a24"}, {"level": "2", "n": "10", "type": "其他", "text": "第十結般若波羅蜜多根本印", "head": "T19n0994_p0517b10"}, {"level": "1", "n": "4", "type": "其他", "text": "4 釋陀羅尼文字觀行法", "head": "T19n0994_p0518a01"}, {"level": "1", "n": "5", "type": "其他", "text": "5 陀羅尼觀想布字輪", "head": "T19n0994_p0519b01"}]