[{"level": "1", "n": "1", "type": "品", "text": "1 阿迦膩吒天請問序品", "head": "T19n0946_p0155b10"}, {"level": "1", "n": "2", "type": "品", "text": "2 一切如來持咒功能品", "head": "T19n0946_p0158c05"}, {"level": "1", "n": "3", "type": "品", "text": "3 持誦功德六方諸佛來現品", "head": "T19n0946_p0159b15"}, {"level": "1", "n": "4", "type": "品", "text": "4 得見咒師普薰滅罪品", "head": "T19n0946_p0160c18"}, {"level": "1", "n": "5", "type": "品", "text": "5 眼藥方一切光明品", "head": "T19n0946_p0161c01"}, {"level": "1", "n": "6", "type": "品", "text": "6 延年藥法品", "head": "T19n0946_p0162b21"}, {"level": "1", "n": "7", "type": "品", "text": "7 眼藥品", "head": "T19n0946_p0162c12"}, {"level": "1", "n": "8", "type": "品", "text": "8 相命咒師自證品", "head": "T19n0946_p0163a13"}, {"level": "1", "n": "9", "type": "品", "text": "9 觀世音文殊師利菩薩與願品", "head": "T19n0946_p0163c26"}, {"level": "1", "n": "10", "type": "品", "text": "10 仙膏油品", "head": "T19n0946_p0164a20"}, {"level": "1", "n": "11", "type": "品", "text": "11 造珍寶品", "head": "T19n0946_p0165b16"}, {"level": "1", "n": "13", "type": "品", "text": "13 召請諸佛品", "head": "T19n0946_p0165c26"}, {"level": "1", "n": "14", "type": "品", "text": "14 雌黃藥法及祕密壇法品", "head": "T19n0946_p0168c05"}, {"level": "1", "n": "15", "type": "品", "text": "15 辨七種佛頂持誦遍數成就品", "head": "T19n0946_p0170b28"}, {"level": "1", "n": "16", "type": "品", "text": "16 祕壇八肘大壇法品", "head": "T19n0946_p0172b09"}, {"level": "1", "n": "17", "type": "品", "text": "17 愛樂藥法品", "head": "T19n0946_p0173b27"}, {"level": "1", "n": "18", "type": "品", "text": "18 成就咒師衣裳品", "head": "T19n0946_p0174c05"}, {"level": "1", "n": "19", "type": "品", "text": "19 咒師自著咒索品", "head": "T19n0946_p0174c24"}, {"level": "1", "n": "20", "type": "品", "text": "20 咒師澡浴品", "head": "T19n0946_p0175a20"}, {"level": "1", "n": "21", "type": "品", "text": "21 蓮花畫像法品", "head": "T19n0946_p0175b24"}, {"level": "1", "n": "22", "type": "品", "text": "22 總攝一切諸部手印品", "head": "T19n0946_p0176b07"}, {"level": "1", "n": "23", "type": "品", "text": "23 大壇功能品", "head": "T19n0946_p0178a13"}]