[{"level": "1", "n": "1", "type": "品", "text": "1 序品", "head": "T19n0950_p0193a14"}, {"level": "1", "n": "2", "type": "品", "text": "2 示現真言大威德品", "head": "T19n0950_p0194b23"}, {"level": "1", "n": "4", "type": "品", "text": "3 畫像儀軌品", "head": "T19n0950_p0198b09"}, {"level": "1", "n": "5", "type": "品", "text": "4 行品", "head": "T19n0950_p0200b13"}, {"level": "1", "n": "6", "type": "品", "text": "5 儀軌品", "head": "T19n0950_p0201a11"}, {"level": "1", "n": "7", "type": "品", "text": "6 分別祕密相品", "head": "T19n0950_p0203a05"}, {"level": "1", "n": "8", "type": "品", "text": "7 末法成就品", "head": "T19n0950_p0205c17"}, {"level": "1", "n": "9", "type": "品", "text": "8 密印品", "head": "T19n0950_p0209a09"}, {"level": "1", "n": "11", "type": "品", "text": "9 諸成就法品", "head": "T19n0950_p0214b21"}, {"level": "1", "n": "12", "type": "品", "text": "10 世成就品", "head": "T19n0950_p0217c17"}, {"level": "1", "n": "13", "type": "品", "text": "11 無能勝加持品", "head": "T19n0950_p0220b29"}, {"level": "1", "n": "14", "type": "品", "text": "12 證學法品", "head": "T19n0950_p0221c01"}, {"level": "1", "n": "15", "type": "品", "text": "13 護摩品", "head": "T19n0950_p0222b22"}]