[{"level": "1", "n": "2", "type": "其他", "text": "6 座咒", "head": "T19n1007_p0659b24"}, {"level": "1", "n": "3", "type": "其他", "text": "7 結壇咒", "head": "T19n1007_p0659b28"}, {"level": "1", "n": "4", "type": "其他", "text": "8 十方結界咒", "head": "T19n1007_p0659c04"}, {"level": "1", "n": "5", "type": "其他", "text": "9 縛一切毘那夜迦咒", "head": "T19n1007_p0659c09"}, {"level": "1", "n": "6", "type": "其他", "text": "10 結護身咒", "head": "T19n1007_p0659c15"}, {"level": "1", "n": "7", "type": "其他", "text": "11 結淨衣咒", "head": "T19n1007_p0659c19"}, {"level": "1", "n": "8", "type": "其他", "text": "12 洗手面咒", "head": "T19n1007_p0659c22"}, {"level": "1", "n": "9", "type": "其他", "text": "13 洗浴咒", "head": "T19n1007_p0659c26"}, {"level": "1", "n": "10", "type": "其他", "text": "14 灑衣咒", "head": "T19n1007_p0660a02"}, {"level": "1", "n": "11", "type": "其他", "text": "15 咒索咒", "head": "T19n1007_p0660a05"}, {"level": "1", "n": "12", "type": "其他", "text": "16 咒花咒", "head": "T19n1007_p0660a08"}, {"level": "1", "n": "13", "type": "其他", "text": "17 和香泥壇咒", "head": "T19n1007_p0660a11"}, {"level": "1", "n": "14", "type": "其他", "text": "18 燒香咒", "head": "T19n1007_p0660a14"}, {"level": "1", "n": "15", "type": "其他", "text": "19 然燈咒", "head": "T19n1007_p0660a17"}, {"level": "1", "n": "16", "type": "其他", "text": "20 施一切天神鬼等食咒", "head": "T19n1007_p0660a20"}, {"level": "1", "n": "17", "type": "其他", "text": "21 獻諸天粳米咒", "head": "T19n1007_p0660a23"}, {"level": "1", "n": "18", "type": "其他", "text": "22 日別獻食咒", "head": "T19n1007_p0660a27"}, {"level": "1", "n": "19", "type": "其他", "text": "23 一切然火咒", "head": "T19n1007_p0660b01"}, {"level": "1", "n": "20", "type": "其他", "text": "24 用白繩咒", "head": "T19n1007_p0660b04"}, {"level": "1", "n": "21", "type": "其他", "text": "25 結加坐咒", "head": "T19n1007_p0660b08"}, {"level": "1", "n": "22", "type": "其他", "text": "26 掐珠咒", "head": "T19n1007_p0660b11"}, {"level": "1", "n": "23", "type": "其他", "text": "27 初繫念咒", "head": "T19n1007_p0660b14"}, {"level": "1", "n": "24", "type": "其他", "text": "28 請一切如來咒", "head": "T19n1007_p0660b18"}, {"level": "1", "n": "25", "type": "其他", "text": "29 覺悟如來咒", "head": "T19n1007_p0660b21"}, {"level": "1", "n": "26", "type": "其他", "text": "30 請菩薩咒", "head": "T19n1007_p0660b24"}, {"level": "1", "n": "27", "type": "其他", "text": "31 請一切諸天及龍咒", "head": "T19n1007_p0660b27"}]