[{"level": "1", "n": "1", "type": "品", "text": "1 序品", "head": "T19n0952_p0263b28"}, {"level": "1", "n": "2", "type": "品", "text": "2 入三摩地加持顯德品", "head": "T19n0952_p0264b05"}, {"level": "1", "n": "3", "type": "品", "text": "3 一字頂王畫像法品", "head": "T19n0952_p0266c28"}, {"level": "1", "n": "4", "type": "品", "text": "4 三摩地神變加持化像品", "head": "T19n0952_p0268b29"}, {"level": "1", "n": "5", "type": "品", "text": "5 行相三昧耶品", "head": "T19n0952_p0269a20"}, {"level": "1", "n": "6", "type": "品", "text": "6 儀法祕密品", "head": "T19n0952_p0271b13"}, {"level": "1", "n": "7", "type": "品", "text": "7 成就法品", "head": "T19n0952_p0273a29"}, {"level": "1", "n": "8", "type": "品", "text": "8 密印品", "head": "T19n0952_p0274c20"}, {"level": "2", "n": "1", "type": "其他", "text": "觀世音菩薩種族印咒之二", "head": "T19n0952_p0275a18"}, {"level": "2", "n": "2", "type": "其他", "text": "金剛種族印咒之三", "head": "T19n0952_p0275a24"}, {"level": "2", "n": "3", "type": "其他", "text": "輪王印咒之四", "head": "T19n0952_p0275b02"}, {"level": "2", "n": "4", "type": "其他", "text": "高頂王印咒之五", "head": "T19n0952_p0275c02"}, {"level": "2", "n": "5", "type": "其他", "text": "白傘蓋頂王印咒之六", "head": "T19n0952_p0275c09"}, {"level": "2", "n": "6", "type": "其他", "text": "光聚頂印咒之七", "head": "T19n0952_p0275c13"}, {"level": "2", "n": "7", "type": "其他", "text": "次勝頂王印咒之九", "head": "T19n0952_p0275c23"}, {"level": "2", "n": "8", "type": "其他", "text": "准前頂王印同即是轉法輪印之十", "head": "T19n0952_p0276a01"}, {"level": "2", "n": "9", "type": "其他", "text": "如來雹摧煩惱印之十一", "head": "T19n0952_p0276a07"}, {"level": "2", "n": "10", "type": "其他", "text": "如來心印咒之十二", "head": "T19n0952_p0276a15"}, {"level": "2", "n": "11", "type": "其他", "text": "一切頂王使役之印咒之十三", "head": "T19n0952_p0276a25"}, {"level": "2", "n": "12", "type": "其他", "text": "如來錫杖印咒之十四", "head": "T19n0952_p0276b04"}, {"level": "2", "n": "13", "type": "其他", "text": "如來缽印咒之十五", "head": "T19n0952_p0276b13"}, {"level": "2", "n": "14", "type": "其他", "text": "如來相好印咒之十六", "head": "T19n0952_p0276b25"}, {"level": "2", "n": "15", "type": "其他", "text": "次如來眼印咒之十七", "head": "T19n0952_p0276c12"}, {"level": "2", "n": "16", "type": "其他", "text": "次如來眉間印咒之十八", "head": "T19n0952_p0277a07"}, {"level": "2", "n": "17", "type": "其他", "text": "次如來口印咒之十九", "head": "T19n0952_p0277a15"}, {"level": "2", "n": "18", "type": "其他", "text": "難勝奮怒王印咒之二十", "head": "T19n0952_p0277a27"}, {"level": "2", "n": "19", "type": "其他", "text": "次如來槊印咒之二十一", "head": "T19n0952_p0277b20"}, {"level": "2", "n": "20", "type": "其他", "text": "次如來臍印咒之二十二", "head": "T19n0952_p0277c05"}, {"level": "2", "n": "21", "type": "其他", "text": "次如來甲印咒之二十三", "head": "T19n0952_p0277c15"}, {"level": "2", "n": "22", "type": "其他", "text": "次如來髮髻印咒之二十四", "head": "T19n0952_p0278a03"}, {"level": "2", "n": "23", "type": "其他", "text": "次如來耳印咒之二十五", "head": "T19n0952_p0278a09"}, {"level": "2", "n": "24", "type": "其他", "text": "次如來牙印咒之二十六", "head": "T19n0952_p0278a15"}, {"level": "2", "n": "25", "type": "其他", "text": "如來受記印咒之二十七", "head": "T19n0952_p0278a24"}, {"level": "2", "n": "26", "type": "其他", "text": "次如來髆印咒之二十八", "head": "T19n0952_p0278b05"}, {"level": "2", "n": "27", "type": "其他", "text": "次如來嬭印咒之二十九", "head": "T19n0952_p0278b10"}, {"level": "2", "n": "28", "type": "其他", "text": "次如來幢印咒之三十", "head": "T19n0952_p0278b15"}, {"level": "2", "n": "29", "type": "其他", "text": "次如來臥具印咒之三十一", "head": "T19n0952_p0278b20"}, {"level": "2", "n": "30", "type": "其他", "text": "次如來乘印咒之三十二", "head": "T19n0952_p0278b24"}, {"level": "2", "n": "31", "type": "其他", "text": "次如來頭印咒之三十三", "head": "T19n0952_p0278b29"}, {"level": "2", "n": "32", "type": "其他", "text": "次如來肋印咒之三十四", "head": "T19n0952_p0278c04"}, {"level": "2", "n": "33", "type": "其他", "text": "次如來見印咒之三十五", "head": "T19n0952_p0278c09"}, {"level": "2", "n": "34", "type": "其他", "text": "次如來光焰印咒之三十六", "head": "T19n0952_p0278c15"}, {"level": "2", "n": "35", "type": "其他", "text": "次如來光照印咒之三十七", "head": "T19n0952_p0278c20"}, {"level": "2", "n": "36", "type": "其他", "text": "次如來脣印咒之三十八", "head": "T19n0952_p0278c27"}, {"level": "2", "n": "37", "type": "其他", "text": "次如來舌印咒之三十九", "head": "T19n0952_p0279a04"}, {"level": "2", "n": "38", "type": "其他", "text": "次如來三摩地印咒之四十", "head": "T19n0952_p0279a10"}, {"level": "2", "n": "39", "type": "其他", "text": "次如來金剛光焰印咒之四十一", "head": "T19n0952_p0279a17"}, {"level": "2", "n": "40", "type": "其他", "text": "次如來小腹印咒之四十二", "head": "T19n0952_p0279a24"}, {"level": "2", "n": "41", "type": "其他", "text": "次如來脊印咒之四十三", "head": "T19n0952_p0279b03"}, {"level": "2", "n": "42", "type": "其他", "text": "次如來髀印咒之四十四", "head": "T19n0952_p0279b10"}, {"level": "2", "n": "43", "type": "其他", "text": "次如來大慈印咒之四十五", "head": "T19n0952_p0279b15"}, {"level": "2", "n": "44", "type": "其他", "text": "次如來無垢印咒之四十六", "head": "T19n0952_p0279b29"}, {"level": "2", "n": "45", "type": "其他", "text": "次如來甘露印咒之四十七", "head": "T19n0952_p0279c07"}, {"level": "2", "n": "46", "type": "其他", "text": "次如來大師子吼印咒之四十八", "head": "T19n0952_p0279c13"}, {"level": "2", "n": "47", "type": "其他", "text": "次如來相字印咒之四十九", "head": "T19n0952_p0279c23"}, {"level": "2", "n": "48", "type": "其他", "text": "次如來洛訖瑟弭吉祥印咒之五十", "head": "T19n0952_p0280a01"}, {"level": "2", "n": "49", "type": "其他", "text": "次如來般若波羅蜜印咒之五十一", "head": "T19n0952_p0280a08"}, {"level": "2", "n": "50", "type": "其他", "text": "次如來大悲印咒之五十二", "head": "T19n0952_p0280a18"}, {"level": "2", "n": "51", "type": "其他", "text": "次如來膝印咒之五十三", "head": "T19n0952_p0280a23"}, {"level": "2", "n": "52", "type": "其他", "text": "次如來腳踝印咒之五十四", "head": "T19n0952_p0280a28"}, {"level": "2", "n": "53", "type": "其他", "text": "次如來腳印咒之五十五", "head": "T19n0952_p0280b04"}, {"level": "1", "n": "9", "type": "品", "text": "9 修證悉地品", "head": "T19n0952_p0280c09"}, {"level": "1", "n": "10", "type": "品", "text": "10 普通成就法護摩品", "head": "T19n0952_p0282a03"}, {"level": "2", "n": "1", "type": "其他", "text": "頂王根本印", "head": "T19n0952_p0284c18"}, {"level": "2", "n": "2", "type": "其他", "text": "頂王請喚印之二", "head": "T19n0952_p0285a01"}, {"level": "2", "n": "3", "type": "其他", "text": "請喚火天印之三", "head": "T19n0952_p0285a06"}, {"level": "2", "n": "4", "type": "其他", "text": "頂王摧碎印之四", "head": "T19n0952_p0285a11"}, {"level": "2", "n": "5", "type": "其他", "text": "頂王咄嚕絮迦印之五", "head": "T19n0952_p0285a18"}, {"level": "2", "n": "6", "type": "其他", "text": "難勝奮怒王印之六", "head": "T19n0952_p0285a24"}]