[{"level": "1", "n": "1", "type": "品", "text": "1 放缽品", "head": "T19n0961_p0330b28"}, {"level": "1", "n": "2", "type": "品", "text": "2 善惡因果品", "head": "T19n0961_p0331a10"}, {"level": "1", "n": "3", "type": "品", "text": "3 如意寶珠品", "head": "T19n0961_p0331b20"}, {"level": "1", "n": "4", "type": "品", "text": "4 大曼荼羅品", "head": "T19n0961_p0332c20"}, {"level": "1", "n": "5", "type": "品", "text": "5 灌頂印真言品", "head": "T19n0961_p0333b01"}, {"level": "1", "n": "6", "type": "品", "text": "6 阿闍梨成佛品", "head": "T19n0961_p0333c03"}, {"level": "1", "n": "7", "type": "品", "text": "7 悉地成就品", "head": "T19n0961_p0334a08"}, {"level": "1", "n": "8", "type": "品", "text": "8 護摩品", "head": "T19n0961_p0334b08"}, {"level": "1", "n": "9", "type": "品", "text": "9 屬累品", "head": "T19n0961_p0334c09"}]