[{"level": "1", "n": "1", "type": "品", "text": "1 序品", "head": "T19n0973_p0368b06"}, {"level": "1", "n": "2", "type": "品", "text": "2 持誦法則品", "head": "T19n0973_p0368c18"}, {"level": "1", "n": "3", "type": "品", "text": "3 召請本尊等品", "head": "T19n0973_p0369c17"}, {"level": "1", "n": "4", "type": "品", "text": "4 修瑜伽奉獻香華品", "head": "T19n0973_p0370c01"}, {"level": "1", "n": "5", "type": "品", "text": "5 修瑜伽五智品", "head": "T19n0973_p0371b18"}, {"level": "1", "n": "6", "type": "品", "text": "6 修瑜伽本尊真言品", "head": "T19n0973_p0372a18"}, {"level": "1", "n": "7", "type": "品", "text": "7 修瑜伽畫像品", "head": "T19n0973_p0375c05"}, {"level": "1", "n": "9", "type": "品", "text": "8 大灌頂曼荼羅品", "head": "T19n0973_p0377c19"}, {"level": "1", "n": "10", "type": "品", "text": "9 證瑜伽悉地品", "head": "T19n0973_p0379c12"}, {"level": "1", "n": "11", "type": "品", "text": "10 修瑜伽護摩品", "head": "T19n0973_p0380b04"}, {"level": "1", "n": "12", "type": "品", "text": "11 修瑜伽祈雨法品", "head": "T19n0973_p0381a20"}, {"level": "1", "n": "13", "type": "品", "text": "12 入成就境界品", "head": "T19n0973_p0382b15"}]