[{"level": "1", "n": "1", "type": "品", "text": "1 大威德最勝金輪三昧咒品", "head": "T19n0947_p0180a09"}, {"level": "1", "n": "2", "type": "品", "text": "2 諸菩薩萬行品", "head": "T19n0947_p0185b20"}, {"level": "1", "n": "3", "type": "品", "text": "3 諸金剛品", "head": "T19n0947_p0186a19"}, {"level": "1", "n": "4", "type": "品", "text": "4 諸天品", "head": "T19n0947_p0186c24"}, {"level": "1", "n": "5", "type": "品", "text": "5 信印召一切小天咒印法品", "head": "T19n0947_p0187b28"}, {"level": "1", "n": "6", "type": "品", "text": "6 口印召一切藥叉將軍品", "head": "T19n0947_p0188a20"}]