[{"level": "1", "n": "", "type": "其他", "text": "一　佛陀之譬喻", "head": "N29n0017_p0001a01"}, {"level": "2", "n": "", "type": "其他", "text": "第一　佛陀品", "head": "N29n0017_p0001a06"}, {"level": "1", "n": "", "type": "其他", "text": "二　辟支佛之譬喻", "head": "N29n0017_p0008a10"}, {"level": "1", "n": "", "type": "其他", "text": "三　長老之譬喻一", "head": "N29n0017_p0014a08"}, {"level": "2", "n": "", "type": "其他", "text": "一　舍利弗（鶖鷺子）", "head": "N29n0017_p0014a11"}, {"level": "2", "n": "", "type": "其他", "text": "二　摩訶目犍連（大採菽）", "head": "N29n0017_p0037a04"}, {"level": "2", "n": "", "type": "其他", "text": "三　摩訶迦葉（大飲光）", "head": "N29n0017_p0039a08"}, {"level": "2", "n": "", "type": "其他", "text": "四　阿那律陀（無滅）", "head": "N29n0017_p0042a02"}, {"level": "2", "n": "", "type": "其他", "text": "五　富樓那彌多羅尼子（滿慈子）", "head": "N29n0017_p0043a08"}, {"level": "2", "n": "", "type": "其他", "text": "六　優波離", "head": "N29n0017_p0044a10"}, {"level": "2", "n": "", "type": "其他", "text": "七　阿若憍陳如（了本際）", "head": "N29n0017_p0058a03"}, {"level": "2", "n": "", "type": "其他", "text": "八　賓頭盧頗羅墮誓", "head": "N29n0017_p0060a02"}, {"level": "2", "n": "", "type": "其他", "text": "九　朅地羅林之隷婆多", "head": "N29n0017_p0061a09"}, {"level": "2", "n": "", "type": "其他", "text": "一〇　阿難陀（慶喜）", "head": "N29n0017_p0063a03"}, {"level": "1", "n": "", "type": "其他", "text": "三　長老之譬喻二", "head": "N29n0017_p0065a05"}, {"level": "2", "n": "", "type": "其他", "text": "第二　西哈薩那品", "head": "N29n0017_p0065a06"}, {"level": "3", "n": "", "type": "其他", "text": "一一　西哈薩那達耶伽（獅子座布施）", "head": "N29n0017_p0065a09"}, {"level": "3", "n": "", "type": "其他", "text": "一二　耶伽檀毘伽（一柱）", "head": "N29n0017_p0066a13"}, {"level": "3", "n": "", "type": "其他", "text": "一三　難陀（有喜）", "head": "N29n0017_p0068a05"}, {"level": "3", "n": "", "type": "其他", "text": "一四　周羅槃陀（小路）", "head": "N29n0017_p0069a07"}, {"level": "3", "n": "", "type": "其他", "text": "一五　畢鄰陀婆蹉", "head": "N29n0017_p0071a07"}, {"level": "3", "n": "", "type": "其他", "text": "一六　羅睺羅（覆障）", "head": "N29n0017_p0072a12"}, {"level": "3", "n": "", "type": "其他", "text": "一七　優婆斯那婆檀提子（近軍）", "head": "N29n0017_p0074a12"}, {"level": "3", "n": "", "type": "其他", "text": "一八　羅吒波羅（護國）", "head": "N29n0017_p0076a02"}, {"level": "3", "n": "", "type": "其他", "text": "一九　蘇巴伽", "head": "N29n0017_p0077a12"}, {"level": "3", "n": "", "type": "其他", "text": "二〇　蘇曼伽拉（善瑞祥）", "head": "N29n0017_p0079a04"}, {"level": "2", "n": "", "type": "其他", "text": "第三　須菩提品", "head": "N29n0017_p0081a06"}, {"level": "3", "n": "", "type": "其他", "text": "二一　須菩提（善現）", "head": "N29n0017_p0081a09"}, {"level": "3", "n": "", "type": "其他", "text": "二二　優婆摩那（白淨）", "head": "N29n0017_p0086a02"}, {"level": "3", "n": "", "type": "其他", "text": "二三　提尼薩拉那伽瑪尼耶（三歸依）", "head": "N29n0017_p0091a06"}, {"level": "3", "n": "", "type": "其他", "text": "二四　潘闍西拉薩瑪達尼耶（執持五戒）", "head": "N29n0017_p0094a02"}, {"level": "3", "n": "", "type": "其他", "text": "二五　安那山薩瓦迦（食聲聞）", "head": "N29n0017_p0096a02"}, {"level": "3", "n": "", "type": "其他", "text": "二六　多巴達雅伽（香施）", "head": "N29n0017_p0096a11"}, {"level": "3", "n": "", "type": "其他", "text": "二七　普利那普伽卡（砂供養）", "head": "N29n0017_p0097a04"}, {"level": "3", "n": "", "type": "其他", "text": "二八　鬱低迦", "head": "N29n0017_p0098a02"}, {"level": "3", "n": "", "type": "其他", "text": "二九　耶堪伽利迦（一合掌）", "head": "N29n0017_p0099a05"}, {"level": "3", "n": "", "type": "其他", "text": "三〇　冠瑪達雅伽（亞麻衣施）", "head": "N29n0017_p0099a12"}, {"level": "2", "n": "", "type": "其他", "text": "第四　軍頭波漠品", "head": "N29n0017_p0101a05"}, {"level": "3", "n": "", "type": "其他", "text": "三一　軍頭波漠（曲背達那）", "head": "N29n0017_p0101a08"}, {"level": "3", "n": "", "type": "其他", "text": "三二　娑竭陀（善來）", "head": "N29n0017_p0103a08"}, {"level": "3", "n": "", "type": "其他", "text": "三三　摩訶迦旃廷（大剪剔種之男）", "head": "N29n0017_p0105a02"}, {"level": "3", "n": "", "type": "其他", "text": "三四　迦留陀夷（時起）", "head": "N29n0017_p0106a11"}, {"level": "3", "n": "", "type": "其他", "text": "三五　謨賀囉惹（癡王）", "head": "N29n0017_p0108a11"}, {"level": "3", "n": "", "type": "其他", "text": "三六　阿提目多（解脫）", "head": "N29n0017_p0110a10"}, {"level": "3", "n": "", "type": "其他", "text": "三七　拉斯那達耶伽（大蒜布施）", "head": "N29n0017_p0111a04"}, {"level": "3", "n": "", "type": "其他", "text": "三八　阿耶格達耶伽（供器布施）", "head": "N29n0017_p0111a12"}, {"level": "3", "n": "", "type": "其他", "text": "三九　單摩奢奇迦（法輪）", "head": "N29n0017_p0113a02"}, {"level": "3", "n": "", "type": "其他", "text": "四〇　卡巴魯奇耶（劫樹）", "head": "N29n0017_p0114a02"}, {"level": "2", "n": "", "type": "其他", "text": "第五　優波離品", "head": "N29n0017_p0115a05"}, {"level": "3", "n": "", "type": "其他", "text": "四一　優波離", "head": "N29n0017_p0115a08"}, {"level": "3", "n": "", "type": "其他", "text": "四二　拘利耶維薩（二十億）", "head": "N29n0017_p0118a02"}, {"level": "3", "n": "", "type": "其他", "text": "四三　拔提拘利吾達耶弗多（拘利吾達之子賢善）", "head": "N29n0017_p0121a08"}, {"level": "3", "n": "", "type": "其他", "text": "四四　山尼達帕迦（共積）", "head": "N29n0017_p0123a06"}, {"level": "3", "n": "", "type": "其他", "text": "四五　潘奢哈提耶（五手）", "head": "N29n0017_p0124a05"}, {"level": "3", "n": "", "type": "其他", "text": "四六　巴多瑪奢達尼耶（蓮翳）", "head": "N29n0017_p0125a03"}, {"level": "3", "n": "", "type": "其他", "text": "四七　薩耶那達耶迦（褥施）", "head": "N29n0017_p0126a02"}, {"level": "3", "n": "", "type": "其他", "text": "四八　羌伽瑪達耶迦（經行處布施）", "head": "N29n0017_p0126a10"}, {"level": "3", "n": "", "type": "其他", "text": "四九　須跋陀（好賢）", "head": "N29n0017_p0128a02"}, {"level": "3", "n": "", "type": "其他", "text": "五〇　純陀（瘦短）", "head": "N29n0017_p0130a08"}, {"level": "2", "n": "", "type": "其他", "text": "第六　維伽尼品", "head": "N29n0017_p0133a08"}, {"level": "3", "n": "", "type": "其他", "text": "五一　維多帕那達耶伽（扇施）", "head": "N29n0017_p0133a11"}, {"level": "3", "n": "", "type": "其他", "text": "五二　薩塔藍西伽（百光）", "head": "N29n0017_p0134a11"}, {"level": "3", "n": "", "type": "其他", "text": "五三　薩耶那達耶伽（褥施）", "head": "N29n0017_p0136a02"}, {"level": "3", "n": "", "type": "其他", "text": "五四　康豆達伽（香水）", "head": "N29n0017_p0136a10"}, {"level": "3", "n": "", "type": "其他", "text": "五五　歐帕威哈（好適乘）", "head": "N29n0017_p0137a11"}, {"level": "3", "n": "", "type": "其他", "text": "五六　薩波利瓦拉薩那（有隨眾座）", "head": "N29n0017_p0138a13"}, {"level": "3", "n": "", "type": "其他", "text": "五七　潘奢底毘伽（五燈明）", "head": "N29n0017_p0139a09"}, {"level": "3", "n": "", "type": "其他", "text": "五八　達伽達耶迦（幡施）", "head": "N29n0017_p0140a08"}, {"level": "3", "n": "", "type": "其他", "text": "五九　鉢頭摩（蓮）", "head": "N29n0017_p0141a10"}, {"level": "3", "n": "", "type": "其他", "text": "六〇　阿薩那菩提耶（阿薩那菩提樹）", "head": "N29n0017_p0142a10"}, {"level": "2", "n": "", "type": "其他", "text": "第七　薩伽質塔尼耶品", "head": "N29n0017_p0145a06"}, {"level": "3", "n": "", "type": "其他", "text": "六一　薩伽質塔尼耶（己心）", "head": "N29n0017_p0145a09"}, {"level": "3", "n": "", "type": "其他", "text": "六二　阿渥普毘耶（阿渥花）", "head": "N29n0017_p0146a08"}, {"level": "3", "n": "", "type": "其他", "text": "六三　巴奢伽瑪尼耶（迴歸）", "head": "N29n0017_p0147a03"}, {"level": "3", "n": "", "type": "其他", "text": "六四　帕拉帕薩達迦（他起信）", "head": "N29n0017_p0148a04"}, {"level": "3", "n": "", "type": "其他", "text": "六五　比薩達耶迦（蓮根布施）", "head": "N29n0017_p0149a06"}, {"level": "3", "n": "", "type": "其他", "text": "六六　斯欽提陀（善考）", "head": "N29n0017_p0150a06"}, {"level": "3", "n": "", "type": "其他", "text": "六七　瓦塔達耶迦（衣施）", "head": "N29n0017_p0151a07"}, {"level": "3", "n": "", "type": "其他", "text": "六八　菴婆達耶迦（菴婆布施）", "head": "N29n0017_p0152a07"}, {"level": "3", "n": "", "type": "其他", "text": "六九　須摩那（善意）", "head": "N29n0017_p0153a09"}, {"level": "3", "n": "", "type": "其他", "text": "七〇　普帕將哥提耶（花籠）", "head": "N29n0017_p0154a07"}, {"level": "2", "n": "", "type": "其他", "text": "第八　那伽薩瑪羅品", "head": "N29n0017_p0156a02"}, {"level": "3", "n": "", "type": "其他", "text": "七一　那伽薩瑪拉（有華鬘象）", "head": "N29n0017_p0156a05"}, {"level": "3", "n": "", "type": "其他", "text": "七二　帕達山尼耶迦（足想）", "head": "N29n0017_p0157a02"}, {"level": "3", "n": "", "type": "其他", "text": "七三　山尼耶迦（想）", "head": "N29n0017_p0157a09"}, {"level": "3", "n": "", "type": "其他", "text": "七四　比薩魯瓦達耶迦（鬚根塊莖布施）", "head": "N29n0017_p0158a05"}, {"level": "3", "n": "", "type": "其他", "text": "七五　耶伽山尼耶迦（一想）", "head": "N29n0017_p0159a03"}, {"level": "3", "n": "", "type": "其他", "text": "七六　提那山塔拉達耶迦（草敷具布施）", "head": "N29n0017_p0159a10"}, {"level": "3", "n": "", "type": "其他", "text": "七七　斯質達耶迦（針布施）", "head": "N29n0017_p0160a11"}, {"level": "3", "n": "", "type": "其他", "text": "七八　波吒釐普毘耶（波吒釐花）", "head": "N29n0017_p0161a09"}, {"level": "3", "n": "", "type": "其他", "text": "七九　提坦伽利耶（立合掌）", "head": "N29n0017_p0162a07"}, {"level": "3", "n": "", "type": "其他", "text": "八〇　提尼帕多密耶（三蓮華）", "head": "N29n0017_p0163a05"}, {"level": "2", "n": "", "type": "其他", "text": "第九　提蜜羅普毘耶品", "head": "N29n0017_p0166a07"}, {"level": "3", "n": "", "type": "其他", "text": "八一　提蜜羅普毘耶（提蜜拉花）", "head": "N29n0017_p0166a10"}, {"level": "3", "n": "", "type": "其他", "text": "八二　格達山尼耶迦（逝想）", "head": "N29n0017_p0167a12"}, {"level": "3", "n": "", "type": "其他", "text": "八三　潘難迦利迦（臥合掌）", "head": "N29n0017_p0168a11"}, {"level": "3", "n": "", "type": "其他", "text": "八四　阿多普毘耶（山下花）", "head": "N29n0017_p0169a11"}, {"level": "3", "n": "", "type": "其他", "text": "八五　藍西山尼迦（光想）", "head": "N29n0017_p0170a11"}, {"level": "3", "n": "", "type": "其他", "text": "八六　藍西山尼耶迦（光想）", "head": "N29n0017_p0171a05"}, {"level": "3", "n": "", "type": "其他", "text": "八七　帕拉達耶伽（果施）", "head": "N29n0017_p0172a02"}, {"level": "3", "n": "", "type": "其他", "text": "八八　薩達山尼耶迦（聲想）", "head": "N29n0017_p0172a10"}, {"level": "3", "n": "", "type": "其他", "text": "八九　菩提山尼耶迦（菩提樹想）", "head": "N29n0017_p0173a02"}, {"level": "3", "n": "", "type": "其他", "text": "九〇　鉢頭磨普毘耶（蓮花）", "head": "N29n0017_p0174a02"}, {"level": "2", "n": "", "type": "其他", "text": "第十　須陀品", "head": "N29n0017_p0175a08"}, {"level": "3", "n": "", "type": "其他", "text": "九一　須陀頻第耶（漆食塊）", "head": "N29n0017_p0175a11"}, {"level": "3", "n": "", "type": "其他", "text": "九二　須欽提陀（善考）", "head": "N29n0017_p0176a11"}, {"level": "3", "n": "", "type": "其他", "text": "九三　阿達佉拉迦（折半衣）", "head": "N29n0017_p0177a11"}, {"level": "3", "n": "", "type": "其他", "text": "九四　斯質多耶迦（針布施）", "head": "N29n0017_p0178a09"}, {"level": "3", "n": "", "type": "其他", "text": "九五　康達瑪利耶（香華鬘）", "head": "N29n0017_p0179a07"}, {"level": "3", "n": "", "type": "其他", "text": "九六　提普毘耶（三花）", "head": "N29n0017_p0180a07"}, {"level": "3", "n": "", "type": "其他", "text": "九七　瑪多頻底迦（蜜塊）", "head": "N29n0017_p0181a06"}, {"level": "3", "n": "", "type": "其他", "text": "九八　勢那薩那達耶迦（坐臥具布施）", "head": "N29n0017_p0182a04"}, {"level": "3", "n": "", "type": "其他", "text": "九九　威耶瓦奢迦（奉事）", "head": "N29n0017_p0183a02"}, {"level": "3", "n": "", "type": "其他", "text": "一〇〇　弗多帕他迦（奉事佛）", "head": "N29n0017_p0184a02"}, {"level": "2", "n": "", "type": "其他", "text": "第十一　比伽達以品", "head": "N29n0017_p0186a02"}, {"level": "3", "n": "", "type": "其他", "text": "一〇一　比伽達耶迦（聖食布施）", "head": "N29n0017_p0186a05"}, {"level": "3", "n": "", "type": "其他", "text": "一〇二　尼耶那山尼耶迦（智想）", "head": "N29n0017_p0187a05"}, {"level": "3", "n": "", "type": "其他", "text": "一〇三　鬱婆拉哈提耶（優鉢羅持）", "head": "N29n0017_p0188a03"}, {"level": "3", "n": "", "type": "其他", "text": "一〇四　帕達普奢卡（足供養）", "head": "N29n0017_p0189a02"}, {"level": "3", "n": "", "type": "其他", "text": "一〇五　穆提普毘耶（穆提花）", "head": "N29n0017_p0189a13"}, {"level": "3", "n": "", "type": "其他", "text": "一〇六　烏達伽普奢卡（水供養）", "head": "N29n0017_p0190a10"}, {"level": "3", "n": "", "type": "其他", "text": "一〇七　那拉瑪利耶（蘆束）", "head": "N29n0017_p0191a09"}, {"level": "3", "n": "", "type": "其他", "text": "一〇八　阿薩努帕塔耶迦（座奉侍）", "head": "N29n0017_p0193a02"}, {"level": "3", "n": "", "type": "其他", "text": "一〇九　畢拉莉達耶迦（畢拉莉布施）", "head": "N29n0017_p0194a03"}, {"level": "3", "n": "", "type": "其他", "text": "一一〇　黎努普奢卡（花粉供養）", "head": "N29n0017_p0195a06"}, {"level": "2", "n": "", "type": "其他", "text": "第十二　摩訶巴利瓦羅品", "head": "N29n0017_p0196a10"}, {"level": "3", "n": "", "type": "其他", "text": "一一一　摩訶巴利瓦羅（大隨眾）", "head": "N29n0017_p0196a13"}, {"level": "3", "n": "", "type": "其他", "text": "一一二　須曼伽羅（善瑞祥）", "head": "N29n0017_p0198a02"}, {"level": "3", "n": "", "type": "其他", "text": "一一三　薩拉那伽瑪尼耶（歸命）", "head": "N29n0017_p0199a04"}, {"level": "3", "n": "", "type": "其他", "text": "一一四　耶卡薩尼耶（一座）", "head": "N29n0017_p0200a08"}, {"level": "3", "n": "", "type": "其他", "text": "一一五　須萬那普毘耶（黃金花）", "head": "N29n0017_p0201a12"}, {"level": "3", "n": "", "type": "其他", "text": "一一六　質多卡普奢卡（塚供養）", "head": "N29n0017_p0203a02"}, {"level": "3", "n": "", "type": "其他", "text": "一一七　弗陀山尼耶伽（佛想）", "head": "N29n0017_p0203a13"}, {"level": "3", "n": "", "type": "其他", "text": "一一八　瑪格山尼耶迦（道想）", "head": "N29n0017_p0205a02"}, {"level": "3", "n": "", "type": "其他", "text": "一一九　拔秋拔達那山尼耶迦（侍奉）", "head": "N29n0017_p0206a03"}, {"level": "3", "n": "", "type": "其他", "text": "一二〇　奢提普奢卡（素馨供養）", "head": "N29n0017_p0207a07"}, {"level": "2", "n": "", "type": "其他", "text": "第十三　世雷耶迦品", "head": "N29n0017_p0209a02"}, {"level": "3", "n": "", "type": "其他", "text": "一二一　世雷耶迦（世雷耶伽花）", "head": "N29n0017_p0209a05"}, {"level": "3", "n": "", "type": "其他", "text": "一二二　普帕脫毘耶（花塔）", "head": "N29n0017_p0210a06"}, {"level": "3", "n": "", "type": "其他", "text": "一二三　巴耶薩達耶迦（乳糜布施）", "head": "N29n0017_p0212a05"}, {"level": "3", "n": "", "type": "其他", "text": "一二四　康豆達奇耶（香水）", "head": "N29n0017_p0213a06"}, {"level": "3", "n": "", "type": "其他", "text": "一二五　山穆伽塔義迦（面前讚）", "head": "N29n0017_p0214a04"}, {"level": "3", "n": "", "type": "其他", "text": "一二六　庫斯瑪薩尼耶（花座）", "head": "N29n0017_p0217a03"}, {"level": "3", "n": "", "type": "其他", "text": "一二七　巴羅大耶迦（果施）", "head": "N29n0017_p0218a06"}, {"level": "3", "n": "", "type": "其他", "text": "一二八　尼耶那山尼耶迦（智想）", "head": "N29n0017_p0219a08"}, {"level": "3", "n": "", "type": "其他", "text": "一二九　康提普毘耶（甘提花）", "head": "N29n0017_p0220a07"}, {"level": "3", "n": "", "type": "其他", "text": "一三〇　鉢頭摩普奢迦（赤蓮華供養）", "head": "N29n0017_p0221a05"}, {"level": "2", "n": "", "type": "其他", "text": "第十四　輸毘多品", "head": "N29n0017_p0223a02"}, {"level": "3", "n": "", "type": "其他", "text": "一三一　輸毘多（眾寶莊嚴）", "head": "N29n0017_p0223a05"}, {"level": "3", "n": "", "type": "其他", "text": "一三二　須陀蘇那（善見）", "head": "N29n0017_p0224a07"}, {"level": "3", "n": "", "type": "其他", "text": "一三三　栴檀普奢迦（旃檀供養）", "head": "N29n0017_p0225a04"}, {"level": "3", "n": "", "type": "其他", "text": "一三四　普巴奢達尼耶（花繖蓋）", "head": "N29n0017_p0226a06"}, {"level": "3", "n": "", "type": "其他", "text": "一三五　羅睺山尼耶迦（孤獨想）", "head": "N29n0017_p0227a09"}, {"level": "3", "n": "", "type": "其他", "text": "一三六　旃簸迦普毘耶（旃簸迦花）", "head": "N29n0017_p0228a10"}, {"level": "3", "n": "", "type": "其他", "text": "一三七　阿塔山達薩（諭義）", "head": "N29n0017_p0229a08"}, {"level": "3", "n": "", "type": "其他", "text": "一三八　耶伽蘭薩尼耶（一光）", "head": "N29n0017_p0230a09"}, {"level": "3", "n": "", "type": "其他", "text": "一三九　娑羅普巴達耶迦（娑羅花布施）", "head": "N29n0017_p0231a08"}, {"level": "3", "n": "", "type": "其他", "text": "一四〇　巴羅大耶迦（果施）", "head": "N29n0017_p0232a07"}, {"level": "2", "n": "", "type": "其他", "text": "第十五　奢達品", "head": "N29n0017_p0234a02"}, {"level": "3", "n": "", "type": "其他", "text": "一四一　阿第奢提耶（上傘蓋）", "head": "N29n0017_p0234a05"}, {"level": "3", "n": "", "type": "其他", "text": "一四二　單巴羅巴迦（柱載）", "head": "N29n0017_p0234a12"}, {"level": "3", "n": "", "type": "其他", "text": "一四三　耶提伽羅迦（欄楯造）", "head": "N29n0017_p0235a09"}, {"level": "3", "n": "", "type": "其他", "text": "一四四　薩巴利瓦利耶（有隨眾）", "head": "N29n0017_p0236a07"}, {"level": "3", "n": "", "type": "其他", "text": "一四五　溫瑪普毘耶（亞麻花）", "head": "N29n0017_p0237a07"}, {"level": "3", "n": "", "type": "其他", "text": "一四六　阿努樓瑪達耶迦（相應布施）", "head": "N29n0017_p0238a04"}, {"level": "3", "n": "", "type": "其他", "text": "一四七　瑪格達耶迦（道施）", "head": "N29n0017_p0239a02"}, {"level": "3", "n": "", "type": "其他", "text": "一四八　巴羅伽達耶迦（板布施）", "head": "N29n0017_p0239a13"}, {"level": "3", "n": "", "type": "其他", "text": "一四九　瓦單薩奇耶（頭飾）", "head": "N29n0017_p0240a12"}, {"level": "3", "n": "", "type": "其他", "text": "一五〇　巴蘭伽達耶迦（座椅布施）", "head": "N29n0017_p0241a10"}, {"level": "2", "n": "", "type": "其他", "text": "第十六　槃多吉瓦迦品", "head": "N29n0017_p0243a02"}, {"level": "3", "n": "", "type": "其他", "text": "一五一　槃多吉瓦迦", "head": "N29n0017_p0243a05"}, {"level": "3", "n": "", "type": "其他", "text": "一五二　單巴普毘耶（赤銅色花）", "head": "N29n0017_p0244a04"}, {"level": "3", "n": "", "type": "其他", "text": "一五三　義提山瑪奢迦（清掃道）", "head": "N29n0017_p0245a07"}, {"level": "3", "n": "", "type": "其他", "text": "一五四　格迦魯普奢伽（格迦魯供養）", "head": "N29n0017_p0246a07"}, {"level": "3", "n": "", "type": "其他", "text": "一五五　曼陀羅瓦普伽奢（曼陀羅花供養）", "head": "N29n0017_p0247a04"}, {"level": "3", "n": "", "type": "其他", "text": "一五六　迦單巴普毘耶（迦曇婆花）", "head": "N29n0017_p0248a03"}, {"level": "3", "n": "", "type": "其他", "text": "一五七　提那斯羅迦（提那斯拉花）", "head": "N29n0017_p0249a02"}, {"level": "3", "n": "", "type": "其他", "text": "一五八　那伽普毘耶（犬死出花）", "head": "N29n0017_p0249a13"}, {"level": "3", "n": "", "type": "其他", "text": "一五九　芬那伽普毘耶（芬那伽花）", "head": "N29n0017_p0251a02"}, {"level": "3", "n": "", "type": "其他", "text": "一六〇　拘物無陀達耶迦（拘物頭布施）", "head": "N29n0017_p0251a13"}, {"level": "2", "n": "", "type": "其他", "text": "第十七　須波離奢利耶", "head": "N29n0017_p0253a06"}, {"level": "3", "n": "", "type": "其他", "text": "一六一　須波離奢利耶（善崇敬）", "head": "N29n0017_p0253a09"}, {"level": "3", "n": "", "type": "其他", "text": "一六二　迦那耶羅普毘耶（迦那耶羅花）", "head": "N29n0017_p0254a09"}, {"level": "3", "n": "", "type": "其他", "text": "一六三　格奢伽達耶迦（堅果布施）", "head": "N29n0017_p0255a08"}, {"level": "3", "n": "", "type": "其他", "text": "一六四　提薩普奢伽（處供養）", "head": "N29n0017_p0256a06"}, {"level": "3", "n": "", "type": "其他", "text": "一六五　伽尼伽拉奢達尼耶（伽尼伽拉之繖蓋）", "head": "N29n0017_p0257a02"}, {"level": "3", "n": "", "type": "其他", "text": "一六六　薩毘達耶迦（酥布施）", "head": "N29n0017_p0258a03"}, {"level": "3", "n": "", "type": "其他", "text": "一六七　優提迦普毘耶（素馨花）", "head": "N29n0017_p0259a02"}, {"level": "3", "n": "", "type": "其他", "text": "一六八　睹薩達耶迦（布布施）", "head": "N29n0017_p0259a13"}, {"level": "3", "n": "", "type": "其他", "text": "一六九　薩瑪達巴迦（訓示）", "head": "N29n0017_p0260a11"}, {"level": "3", "n": "", "type": "其他", "text": "一七〇　槃奢古利耶（五指印）", "head": "N29n0017_p0261a10"}, {"level": "2", "n": "", "type": "其他", "text": "第十八　拘物頭品", "head": "N29n0017_p0263a02"}, {"level": "3", "n": "", "type": "其他", "text": "一七一　拘物頭瑪利耶（白蓮之華鬘）", "head": "N29n0017_p0263a05"}, {"level": "3", "n": "", "type": "其他", "text": "一七二　尼闍尼達耶迦（梯布施）", "head": "N29n0017_p0264a06"}, {"level": "3", "n": "", "type": "其他", "text": "一七三　拉提普庇耶（拉提花）", "head": "N29n0017_p0265a02"}, {"level": "3", "n": "", "type": "其他", "text": "一七四　烏達巴那達耶迦（水井布施）", "head": "N29n0017_p0266a02"}, {"level": "3", "n": "", "type": "其他", "text": "一七五　西哈薩那達耶迦（獅子座布施）", "head": "N29n0017_p0266a08"}, {"level": "3", "n": "", "type": "其他", "text": "一七六　瑪格達提迦（道布施）", "head": "N29n0017_p0267a06"}, {"level": "3", "n": "", "type": "其他", "text": "一七七　耶迦提毘耶（一燈）", "head": "N29n0017_p0268a02"}, {"level": "3", "n": "", "type": "其他", "text": "一七八　瑪尼普奢伽（摩尼供養）", "head": "N29n0017_p0268a13"}, {"level": "3", "n": "", "type": "其他", "text": "一七九　提乞奢迦（三困苦）", "head": "N29n0017_p0269a11"}, {"level": "3", "n": "", "type": "其他", "text": "一八〇　山古泊達伽（近侍僧團）", "head": "N29n0017_p0270a09"}, {"level": "2", "n": "", "type": "其他", "text": "第十九　屈塔奢普毘耶品", "head": "N29n0017_p0271a09"}, {"level": "3", "n": "", "type": "其他", "text": "一八一　屈塔奢普毘耶（屈塔奢花）", "head": "N29n0017_p0271a12"}, {"level": "3", "n": "", "type": "其他", "text": "一八二　槃豆時瓦迦", "head": "N29n0017_p0272a09"}, {"level": "3", "n": "", "type": "其他", "text": "一八三　庫頓巴利耶", "head": "N29n0017_p0273a07"}, {"level": "3", "n": "", "type": "其他", "text": "一八四　槃奢哈提耶（五手）", "head": "N29n0017_p0274a05"}, {"level": "3", "n": "", "type": "其他", "text": "一八五　依西穆伽達他耶迦（依西穆迦布施）", "head": "N29n0017_p0275a05"}, {"level": "3", "n": "", "type": "其他", "text": "一八六　菩提烏婆塔耶迦（奉事菩提樹）", "head": "N29n0017_p0276a06"}, {"level": "3", "n": "", "type": "其他", "text": "一八七　耶伽欽提陀（一思）", "head": "N29n0017_p0277a02"}, {"level": "3", "n": "", "type": "其他", "text": "一八八　提康尼普毘耶（提康尼花）", "head": "N29n0017_p0278a06"}, {"level": "3", "n": "", "type": "其他", "text": "一八九　耶迦奢利耶（一行）", "head": "N29n0017_p0279a02"}, {"level": "3", "n": "", "type": "其他", "text": "一九〇　提萬提普毘耶（提萬提花）", "head": "N29n0017_p0280a02"}, {"level": "2", "n": "", "type": "其他", "text": "第二十　達瑪羅普毘耶品", "head": "N29n0017_p0281a07"}, {"level": "3", "n": "", "type": "其他", "text": "一九一　塔瑪拉普毘耶（塔瑪拉花）", "head": "N29n0017_p0281a10"}, {"level": "3", "n": "", "type": "其他", "text": "一九二　提那山塔拉達耶迦（草蓆布施）", "head": "N29n0017_p0282a07"}, {"level": "3", "n": "", "type": "其他", "text": "一九三　堪達普利耶（毀壞）", "head": "N29n0017_p0283a05"}, {"level": "3", "n": "", "type": "其他", "text": "一九四　阿輸迦普奢迦（阿輸迦供養）", "head": "N29n0017_p0284a03"}, {"level": "3", "n": "", "type": "其他", "text": "一九五　安庫拉迦", "head": "N29n0017_p0285a02"}, {"level": "3", "n": "", "type": "其他", "text": "一九六　奇薩羅耶普奢伽（幼芽供養）", "head": "N29n0017_p0286a03"}, {"level": "3", "n": "", "type": "其他", "text": "一九七　鎮頭迦達耶迦（鎮頭迦布施）", "head": "N29n0017_p0287a02"}, {"level": "3", "n": "", "type": "其他", "text": "一九八　穆提普奢迦（一掘供養）", "head": "N29n0017_p0287a12"}, {"level": "3", "n": "", "type": "其他", "text": "一九九　提堪達普毘耶（提堪第花）", "head": "N29n0017_p0288a10"}, {"level": "3", "n": "", "type": "其他", "text": "二〇〇　優提普毘耶（素馨花）", "head": "N29n0017_p0289a09"}, {"level": "2", "n": "", "type": "其他", "text": "第二十一　伽尼伽拉普毘耶品", "head": "N29n0017_p0291a04"}, {"level": "3", "n": "", "type": "其他", "text": "二〇一　伽尼伽拉普毘耶（伽尼伽拉花）", "head": "N29n0017_p0291a07"}, {"level": "3", "n": "", "type": "其他", "text": "二〇二　義內拉普毘耶（義內拉花）", "head": "N29n0017_p0292a04"}, {"level": "3", "n": "", "type": "其他", "text": "二〇三　欽伽尼伽普毘耶（欽伽尼伽花）", "head": "N29n0017_p0293a03"}, {"level": "3", "n": "", "type": "其他", "text": "二〇四　塔拉尼耶（渡濟）", "head": "N29n0017_p0294a02"}, {"level": "3", "n": "", "type": "其他", "text": "二〇五　尼軍第普毘耶（尼軍第花）", "head": "N29n0017_p0294a13"}, {"level": "3", "n": "", "type": "其他", "text": "二〇六　烏達伽達耶迦（水施）", "head": "N29n0017_p0295a09"}, {"level": "3", "n": "", "type": "其他", "text": "二〇七　薩拉拉瑪利耶（薩拉拉花鬘）", "head": "N29n0017_p0296a04"}, {"level": "3", "n": "", "type": "其他", "text": "二〇八　庫蘭達普毘耶（達蘭達花）", "head": "N29n0017_p0297a02"}, {"level": "3", "n": "", "type": "其他", "text": "二〇九　阿達拉達耶迦（臺布施）", "head": "N29n0017_p0298a02"}, {"level": "3", "n": "", "type": "其他", "text": "二一〇　瓦達達巴尼瓦利耶（抑風熱）", "head": "N29n0017_p0298a09"}, {"level": "2", "n": "", "type": "其他", "text": "第二十二　哈提品", "head": "N29n0017_p0300a02"}, {"level": "3", "n": "", "type": "其他", "text": "二一一　哈提達耶迦（象施）", "head": "N29n0017_p0300a05"}, {"level": "3", "n": "", "type": "其他", "text": "二一二　巴那第達耶迦（草履布施）", "head": "N29n0017_p0300a13"}, {"level": "3", "n": "", "type": "其他", "text": "二一三　薩奢山薩尼耶迦（諦想）", "head": "N29n0017_p0301a11"}, {"level": "3", "n": "", "type": "其他", "text": "二一四　耶迦薩尼耶迦（一想）", "head": "N29n0017_p0302a09"}, {"level": "3", "n": "", "type": "其他", "text": "二一五　蘭西薩尼耶迦（光線想）", "head": "N29n0017_p0303a04"}, {"level": "3", "n": "", "type": "其他", "text": "二一六　薩提陀（確立）", "head": "N29n0017_p0304a05"}, {"level": "3", "n": "", "type": "其他", "text": "二一七　達拉萬塔達耶迦（團扇施）", "head": "N29n0017_p0305a02"}, {"level": "3", "n": "", "type": "其他", "text": "二一八　阿康達薩尼耶迦（步想）", "head": "N29n0017_p0306a02"}, {"level": "3", "n": "", "type": "其他", "text": "二一九　薩毘達耶迦（酥布施）", "head": "N29n0017_p0307a02"}, {"level": "3", "n": "", "type": "其他", "text": "二二〇　巴巴尼瓦利耶（抑惡）", "head": "N29n0017_p0308a02"}, {"level": "2", "n": "", "type": "其他", "text": "第二十三　阿蘭巴那達耶迦品", "head": "N29n0017_p0309a02"}, {"level": "3", "n": "", "type": "其他", "text": "二二一　阿蘭巴那達耶迦（支撑物布施）", "head": "N29n0017_p0309a05"}, {"level": "3", "n": "", "type": "其他", "text": "二二二　阿吉那達耶迦（裘布施）", "head": "N29n0017_p0310a03"}, {"level": "3", "n": "", "type": "其他", "text": "二二三　多衛羅達尼耶（二寶）", "head": "N29n0017_p0311a02"}, {"level": "3", "n": "", "type": "其他", "text": "二二四　阿拉迦達耶迦（守護布施）", "head": "N29n0017_p0312a03"}, {"level": "3", "n": "", "type": "其他", "text": "二二五　阿烏耶底迦（無病）", "head": "N29n0017_p0312a13"}, {"level": "3", "n": "", "type": "其他", "text": "二二六　羌庫拉普毘耶（羌庫拉花）", "head": "N29n0017_p0313a10"}, {"level": "3", "n": "", "type": "其他", "text": "二二七　瓦單薩奇耶（頭飾）", "head": "N29n0017_p0314a07"}, {"level": "3", "n": "", "type": "其他", "text": "二二八　明奢瓦單薩奇耶（核頭飾）", "head": "N29n0017_p0315a05"}, {"level": "3", "n": "", "type": "其他", "text": "二二九　須伽陀威利耶（巧作華鬘）", "head": "N29n0017_p0316a02"}, {"level": "3", "n": "", "type": "其他", "text": "二三〇　耶迦萬第耶（一禮）", "head": "N29n0017_p0316a13"}, {"level": "2", "n": "", "type": "其他", "text": "第二十四　烏達伽薩那達耶迦品", "head": "N29n0017_p0318a01"}, {"level": "3", "n": "", "type": "其他", "text": "二三一　烏達伽薩那達耶伽（水座布施）", "head": "N29n0017_p0318a04"}, {"level": "3", "n": "", "type": "其他", "text": "二三二　巴伽那達耶迦（容器布施）", "head": "N29n0017_p0319a03"}, {"level": "3", "n": "", "type": "其他", "text": "二三三　娑羅普毘耶（娑羅花）", "head": "N29n0017_p0319a13"}, {"level": "3", "n": "", "type": "其他", "text": "二三四　奇蘭奢達耶迦（蓆布施）", "head": "N29n0017_p0320a10"}, {"level": "3", "n": "", "type": "其他", "text": "二三五　偉提耶達耶迦（欄楯布施）", "head": "N29n0017_p0321a07"}, {"level": "3", "n": "", "type": "其他", "text": "二三六　萬那伽羅迦（作繪具人）", "head": "N29n0017_p0322a04"}, {"level": "3", "n": "", "type": "其他", "text": "二三七　毘耶拉普毘耶（毘耶拉花）", "head": "N29n0017_p0323a03"}, {"level": "3", "n": "", "type": "其他", "text": "二三八　菴婆耶格達耶迦（菴婆供物布施）", "head": "N29n0017_p0323a13"}, {"level": "3", "n": "", "type": "其他", "text": "二三九　伽格提伽羅迦（作基壇人）", "head": "N29n0017_p0324a05"}, {"level": "3", "n": "", "type": "其他", "text": "二四〇　瓦西達耶迦（斧布施）", "head": "N29n0017_p0324a11"}, {"level": "2", "n": "", "type": "其他", "text": "第二十五　脫瓦羅達耶迦品", "head": "N29n0017_p0325a07"}, {"level": "3", "n": "", "type": "其他", "text": "二四一　脫瓦羅達耶迦（脫瓦羅布施）", "head": "N29n0017_p0325a10"}, {"level": "3", "n": "", "type": "其他", "text": "二四二　那伽開薩利耶（那伽花絲）", "head": "N29n0017_p0326a05"}, {"level": "3", "n": "", "type": "其他", "text": "二四三　那利那開薩利耶（那利那花絲）", "head": "N29n0017_p0327a02"}, {"level": "3", "n": "", "type": "其他", "text": "二四四　義拉瓦普毘耶（義拉瓦花）", "head": "N29n0017_p0327a13"}, {"level": "3", "n": "", "type": "其他", "text": "二四五　庫提多巴迦（室薰）", "head": "N29n0017_p0328a05"}, {"level": "3", "n": "", "type": "其他", "text": "二四六　鉢塔達耶迦（鉢施）", "head": "N29n0017_p0328a11"}, {"level": "3", "n": "", "type": "其他", "text": "二四七　呪都普奢伽（身骨供養）", "head": "N29n0017_p0329a03"}, {"level": "3", "n": "", "type": "其他", "text": "二四八　波吒釐普奢伽（波吒釐供養）", "head": "N29n0017_p0329a10"}, {"level": "3", "n": "", "type": "其他", "text": "二四九　賓比伽利耶", "head": "N29n0017_p0330a02"}, {"level": "3", "n": "", "type": "其他", "text": "二五〇　鬱多羅達耶迦（鬱陀羅花布施）", "head": "N29n0017_p0330a12"}, {"level": "2", "n": "", "type": "其他", "text": "第二十六　脫瑪達耶迦品", "head": "N29n0017_p0332a01"}, {"level": "3", "n": "", "type": "其他", "text": "二五一　脫瑪達耶迦（讚施）", "head": "N29n0017_p0332a04"}, {"level": "3", "n": "", "type": "其他", "text": "二五二　耶迦薩那達耶迦（一食布施）", "head": "N29n0017_p0332a12"}, {"level": "3", "n": "", "type": "其他", "text": "二五三　奇塔迦普奢迦（塚供養）", "head": "N29n0017_p0333a06"}, {"level": "3", "n": "", "type": "其他", "text": "二五四　提旃簸迦普毘耶（三旃簸迦花）", "head": "N29n0017_p0334a03"}, {"level": "3", "n": "", "type": "其他", "text": "二五五　薩塔波吒釐（七波吒釐）", "head": "N29n0017_p0334a10"}, {"level": "3", "n": "", "type": "其他", "text": "二五六　烏婆哈那達耶迦（履布施）", "head": "N29n0017_p0335a02"}, {"level": "3", "n": "", "type": "其他", "text": "二五七　曼奢利普奢伽（曼奢利花供養）", "head": "N29n0017_p0335a11"}, {"level": "3", "n": "", "type": "其他", "text": "二五八　槃那達耶迦（葉布施）", "head": "N29n0017_p0336a08"}, {"level": "3", "n": "", "type": "其他", "text": "二五九　庫提達耶迦（房室布施）", "head": "N29n0017_p0337a02"}, {"level": "3", "n": "", "type": "其他", "text": "二六〇　阿格普毘耶（阿格花）", "head": "N29n0017_p0337a09"}, {"level": "2", "n": "", "type": "其他", "text": "第二十七　巴多穆開巴品", "head": "N29n0017_p0339a02"}, {"level": "3", "n": "", "type": "其他", "text": "二六一　阿伽斯奇毘耶（空投）", "head": "N29n0017_p0339a05"}, {"level": "3", "n": "", "type": "其他", "text": "二六二　提拉瑪奇耶（塗漆）", "head": "N29n0017_p0340a03"}, {"level": "3", "n": "", "type": "其他", "text": "二六三　阿達奢提耶", "head": "N29n0017_p0340a13"}, {"level": "3", "n": "", "type": "其他", "text": "二六四　阿拉那提毘耶（無諍燈）", "head": "N29n0017_p0341a11"}, {"level": "3", "n": "", "type": "其他", "text": "二六五　比拉莉達耶迦（比拉莉布施）", "head": "N29n0017_p0342a07"}, {"level": "3", "n": "", "type": "其他", "text": "二六六　瑪奢達耶迦（魚布施）", "head": "N29n0017_p0343a02"}, {"level": "3", "n": "", "type": "其他", "text": "二六七　伽瓦漢薩迦（速鵞）", "head": "N29n0017_p0343a08"}, {"level": "3", "n": "", "type": "其他", "text": "二六八　薩拉拉普毘耶（薩拉拉花）", "head": "N29n0017_p0344a02"}, {"level": "3", "n": "", "type": "其他", "text": "二六九　烏婆格達巴薩尼耶（近至談語）", "head": "N29n0017_p0344a09"}, {"level": "3", "n": "", "type": "其他", "text": "二七〇　達拉尼耶（濟渡）", "head": "N29n0017_p0345a06"}, {"level": "2", "n": "", "type": "其他", "text": "第二十八　須萬那賓寶哈那品", "head": "N29n0017_p0346a06"}, {"level": "3", "n": "", "type": "其他", "text": "二七一　須萬那賓寶哈尼耶（黃金枕）", "head": "N29n0017_p0346a09"}, {"level": "3", "n": "", "type": "其他", "text": "二七二　提拉穆提達耶迦（胡蔴一握布施）", "head": "N29n0017_p0347a05"}, {"level": "3", "n": "", "type": "其他", "text": "二七三　羌果達奇耶（花籠）", "head": "N29n0017_p0348a02"}, {"level": "3", "n": "", "type": "其他", "text": "二七四　阿槃奢那達耶迦（塗膏布施）", "head": "N29n0017_p0348a09"}, {"level": "3", "n": "", "type": "其他", "text": "二七五　耶康奢利耶（一合掌）", "head": "N29n0017_p0349a03"}, {"level": "3", "n": "", "type": "其他", "text": "二七六　泡塔達耶迦（塑料布施）", "head": "N29n0017_p0349a11"}, {"level": "3", "n": "", "type": "其他", "text": "二七七　質多伽普迦卡（塚供養）", "head": "N29n0017_p0350a04"}, {"level": "3", "n": "", "type": "其他", "text": "二七八　阿魯瓦達耶迦（阿魯瓦布施）", "head": "N29n0017_p0351a02"}, {"level": "3", "n": "", "type": "其他", "text": "二七九　耶康芬陀利迦（一分陀利迦）", "head": "N29n0017_p0351a12"}, {"level": "3", "n": "", "type": "其他", "text": "二八〇　達拉尼耶（濟渡）", "head": "N29n0017_p0352a07"}, {"level": "2", "n": "", "type": "其他", "text": "第二十九　般那陀耶迦品", "head": "N29n0017_p0354a02"}, {"level": "3", "n": "", "type": "其他", "text": "二八一　般那陀耶迦（葉施）", "head": "N29n0017_p0354a05"}, {"level": "3", "n": "", "type": "其他", "text": "二八二　巴拉達耶迦（果施）", "head": "N29n0017_p0354a12"}, {"level": "3", "n": "", "type": "其他", "text": "二八三　巴秋伽瑪尼耶（迎對）", "head": "N29n0017_p0355a12"}, {"level": "3", "n": "", "type": "其他", "text": "二八四　耶康普毘耶（一花）", "head": "N29n0017_p0356a09"}, {"level": "3", "n": "", "type": "其他", "text": "二八五　瑪伽瓦普毘耶（瑪伽瓦花）", "head": "N29n0017_p0357a02"}, {"level": "3", "n": "", "type": "其他", "text": "二八六　烏巴達耶迦（侍僕）", "head": "N29n0017_p0357a09"}, {"level": "3", "n": "", "type": "其他", "text": "二八七　阿巴達尼耶（譬喻）", "head": "N29n0017_p0358a07"}, {"level": "3", "n": "", "type": "其他", "text": "二八八　薩他哈帕巴吉陀（七日出家）", "head": "N29n0017_p0358a13"}, {"level": "3", "n": "", "type": "其他", "text": "二八九　弗多巴達耶迦（佛侍僕）", "head": "N29n0017_p0359a10"}, {"level": "3", "n": "", "type": "其他", "text": "二九〇　普般伽瑪尼耶（先驅）", "head": "N29n0017_p0360a07"}, {"level": "2", "n": "", "type": "其他", "text": "第三十　質達伽普迦卡品", "head": "N29n0017_p0361a06"}, {"level": "3", "n": "", "type": "其他", "text": "二九一　質達普迦卡（塚供養）", "head": "N29n0017_p0361a09"}, {"level": "3", "n": "", "type": "其他", "text": "二九二　普巴達拉迦（持花）", "head": "N29n0017_p0362a08"}, {"level": "3", "n": "", "type": "其他", "text": "二九三　奢特達耶迦（傘蓋布施）", "head": "N29n0017_p0363a06"}, {"level": "3", "n": "", "type": "其他", "text": "二九四　薩達薩尼耶迦（音想）", "head": "N29n0017_p0364a05"}, {"level": "3", "n": "", "type": "其他", "text": "二九五　庫西薩尼啟巴（牛頭擲）", "head": "N29n0017_p0364a11"}, {"level": "3", "n": "", "type": "其他", "text": "二九六　巴達普迦卡（足供養）", "head": "N29n0017_p0365a10"}, {"level": "3", "n": "", "type": "其他", "text": "二九七　提薩乞提耶（方土讚歎）", "head": "N29n0017_p0366a03"}, {"level": "3", "n": "", "type": "其他", "text": "二九八　薩拉那格瑪尼耶（歸命）", "head": "N29n0017_p0366a11"}, {"level": "3", "n": "", "type": "其他", "text": "二九九　菴婆頻提耶（菴婆片）", "head": "N29n0017_p0367a04"}, {"level": "3", "n": "", "type": "其他", "text": "三〇〇　阿努薩薩瓦迦（灌注）", "head": "N29n0017_p0367a10"}, {"level": "2", "n": "", "type": "其他", "text": "第三十一　鉢頭摩啟薩利耶品", "head": "N29n0017_p0369a01"}, {"level": "3", "n": "", "type": "其他", "text": "三〇一　鉢頭摩啟薩利耶（鉢頭摩花絲）", "head": "N29n0017_p0369a04"}, {"level": "3", "n": "", "type": "其他", "text": "三〇二　薩巴康提耶（一切香）", "head": "N29n0017_p0369a12"}, {"level": "3", "n": "", "type": "其他", "text": "三〇三　婆羅曼那達耶迦（最上食布施）", "head": "N29n0017_p0370a08"}, {"level": "3", "n": "", "type": "其他", "text": "三〇四　達摩薩尼耶迦（法想）", "head": "N29n0017_p0371a02"}, {"level": "3", "n": "", "type": "其他", "text": "三〇五　婆羅達耶迦（果施）", "head": "N29n0017_p0372a02"}, {"level": "3", "n": "", "type": "其他", "text": "三〇六　薩婆薩達迦（清信）", "head": "N29n0017_p0372a12"}, {"level": "3", "n": "", "type": "其他", "text": "三〇七　阿拉瑪達耶迦（苑施）", "head": "N29n0017_p0373a09"}, {"level": "3", "n": "", "type": "其他", "text": "三〇八　阿努雷婆達耶迦（塗膏布施）", "head": "N29n0017_p0374a08"}, {"level": "3", "n": "", "type": "其他", "text": "三〇九　弗陀薩尼耶迦（佛想）", "head": "N29n0017_p0375a02"}, {"level": "3", "n": "", "type": "其他", "text": "三一〇　婆巴拉達耶迦（洞窟布施）", "head": "N29n0017_p0375a09"}, {"level": "2", "n": "", "type": "其他", "text": "第三十二　阿羅伽達耶品", "head": "N29n0017_p0376a10"}, {"level": "3", "n": "", "type": "其他", "text": "三一一　阿羅迦達耶迦（守護布施）", "head": "N29n0017_p0376a13"}, {"level": "3", "n": "", "type": "其他", "text": "三一二　寶伽那達耶伽（食布施）", "head": "N29n0017_p0377a05"}, {"level": "3", "n": "", "type": "其他", "text": "三一三　伽達薩尼耶伽（行想）", "head": "N29n0017_p0378a03"}, {"level": "3", "n": "", "type": "其他", "text": "三一四　薩達婆多密尼耶（七葉蓮華）", "head": "N29n0017_p0378a10"}, {"level": "3", "n": "", "type": "其他", "text": "三一五　普婆薩尼耶（花座）", "head": "N29n0017_p0379a08"}, {"level": "3", "n": "", "type": "其他", "text": "三一六　阿薩那達威迦（座稱讚）", "head": "N29n0017_p0380a04"}, {"level": "3", "n": "", "type": "其他", "text": "三一七　薩達薩尼耶迦（音想）", "head": "N29n0017_p0381a06"}, {"level": "3", "n": "", "type": "其他", "text": "三一八　提蘭西耶（三光）", "head": "N29n0017_p0382a02"}, {"level": "3", "n": "", "type": "其他", "text": "三一九　康達莉普毘耶（康達利花）", "head": "N29n0017_p0383a02"}, {"level": "3", "n": "", "type": "其他", "text": "三二〇　拘物頭瑪利耶（拘物頭花鬘）", "head": "N29n0017_p0383a12"}, {"level": "2", "n": "", "type": "其他", "text": "第三十三　溫瑪普毘耶品", "head": "N29n0017_p0384a09"}, {"level": "3", "n": "", "type": "其他", "text": "三二一　溫瑪普毘耶（亞麻花）", "head": "N29n0017_p0384a12"}, {"level": "3", "n": "", "type": "其他", "text": "三二二　普利那普迦卡（砂布施）", "head": "N29n0017_p0385a10"}, {"level": "3", "n": "", "type": "其他", "text": "三二三　哈薩伽那迦（生笑）", "head": "N29n0017_p0386a05"}, {"level": "3", "n": "", "type": "其他", "text": "三二四　薩尼耶薩密迦（想所持）", "head": "N29n0017_p0386a12"}, {"level": "3", "n": "", "type": "其他", "text": "三二五　尼密達薩尼耶迦（相想）", "head": "N29n0017_p0387a12"}, {"level": "3", "n": "", "type": "其他", "text": "三二六　安那薩薩瓦迦（注食）", "head": "N29n0017_p0388a10"}, {"level": "3", "n": "", "type": "其他", "text": "三二七　尼軍提普毘耶（尼軍提花）", "head": "N29n0017_p0389a04"}, {"level": "3", "n": "", "type": "其他", "text": "三二八　須摩那威利耶（須摩那花環）", "head": "N29n0017_p0391a10"}, {"level": "3", "n": "", "type": "其他", "text": "三二九　普婆佉提耶（花繖蓋）", "head": "N29n0017_p0392a12"}, {"level": "3", "n": "", "type": "其他", "text": "三三〇　薩婆利瓦羅佉陀達耶迦（有隨眾傘蓋布施）", "head": "N29n0017_p0394a02"}, {"level": "2", "n": "", "type": "其他", "text": "第三十四　康度達迦品", "head": "N29n0017_p0396a05"}, {"level": "3", "n": "", "type": "其他", "text": "三三一　康達脫毘耶（香塔）", "head": "N29n0017_p0396a08"}, {"level": "3", "n": "", "type": "其他", "text": "三三二　普西陀康密耶（撒業）", "head": "N29n0017_p0397a06"}, {"level": "3", "n": "", "type": "其他", "text": "三三三　婆般伽羅（光輝者）", "head": "N29n0017_p0398a10"}, {"level": "3", "n": "", "type": "其他", "text": "三三四　提那庫提達耶迦（草房室布施）", "head": "N29n0017_p0400a06"}, {"level": "3", "n": "", "type": "其他", "text": "三三五　烏陀雷耶達耶迦（上衣布施）", "head": "N29n0017_p0401a11"}, {"level": "3", "n": "", "type": "其他", "text": "三三六　達摩薩瓦尼耶（法聽）", "head": "N29n0017_p0403a11"}, {"level": "3", "n": "", "type": "其他", "text": "三三七　烏奇陀婆多密耶（投蓮華）", "head": "N29n0017_p0405a09"}, {"level": "2", "n": "", "type": "其他", "text": "第三十五　耶卡鉢頭密耶品", "head": "N29n0017_p0408a02"}, {"level": "3", "n": "", "type": "其他", "text": "三三八　耶卡鉢頭密耶（一蓮華）", "head": "N29n0017_p0408a05"}, {"level": "3", "n": "", "type": "其他", "text": "三三九　提努鉢羅摩利耶（三優鉢羅華鬘）", "head": "N29n0017_p0409a04"}, {"level": "3", "n": "", "type": "其他", "text": "三四〇　達伽達耶迦（幡布施）", "head": "N29n0017_p0410a03"}, {"level": "3", "n": "", "type": "其他", "text": "三四一　提尼欽伽尼伽普迦卡（三欽伽尼伽供養）", "head": "N29n0017_p0410a13"}, {"level": "3", "n": "", "type": "其他", "text": "三四二　那羅伽利迦（蘆屋）", "head": "N29n0017_p0411a09"}, {"level": "3", "n": "", "type": "其他", "text": "三四三　旃簸迦普毘耶（旃簸迦花）", "head": "N29n0017_p0412a06"}, {"level": "3", "n": "", "type": "其他", "text": "三四四　鉢頭摩普迦卡（鉢頭摩供養）", "head": "N29n0017_p0413a03"}, {"level": "3", "n": "", "type": "其他", "text": "三四五　提那穆提達耶迦（草一握布施）", "head": "N29n0017_p0414a02"}, {"level": "3", "n": "", "type": "其他", "text": "三四六　鎮頭伽波羅達耶迦（鎮頭迦果布施）", "head": "N29n0017_p0415a06"}, {"level": "3", "n": "", "type": "其他", "text": "三四七　耶康迦利耶（一合掌）", "head": "N29n0017_p0416a04"}, {"level": "2", "n": "", "type": "其他", "text": "第三十六　薩達薩尼耶迦品", "head": "N29n0017_p0417a01"}, {"level": "3", "n": "", "type": "其他", "text": "三四八　薩達薩尼耶迦", "head": "N29n0017_p0417a04"}, {"level": "3", "n": "", "type": "其他", "text": "三四九　耶瓦伽羅毘耶（麥束）", "head": "N29n0017_p0417a13"}, {"level": "3", "n": "", "type": "其他", "text": "三五〇　甄叔伽普迦卡（甄叔迦供養）", "head": "N29n0017_p0418a07"}, {"level": "3", "n": "", "type": "其他", "text": "三五一　薩庫達伽庫蘭達達耶迦（持庫蘭達之端布施）", "head": "N29n0017_p0418a13"}, {"level": "3", "n": "", "type": "其他", "text": "三五二　壇達達耶迦（杖布施）", "head": "N29n0017_p0419a06"}, {"level": "3", "n": "", "type": "其他", "text": "三五三　菴婆耶古達耶迦（菴婆乳糜布施）", "head": "N29n0017_p0419a13"}, {"level": "3", "n": "", "type": "其他", "text": "三五四　蘇普陀伽普迦卡（善袋供養）", "head": "N29n0017_p0420a09"}, {"level": "3", "n": "", "type": "其他", "text": "三五五　薩伽達耶迦（銀布施）", "head": "N29n0017_p0421a02"}, {"level": "3", "n": "", "type": "其他", "text": "三五六　沙羅那伽摩尼耶（歸命）", "head": "N29n0017_p0421a09"}, {"level": "3", "n": "", "type": "其他", "text": "三五七　頻達婆提迦（施食）", "head": "N29n0017_p0422a02"}, {"level": "2", "n": "", "type": "其他", "text": "第三十七　曼陀羅普毘耶品", "head": "N29n0017_p0423a01"}, {"level": "3", "n": "", "type": "其他", "text": "三五八　耶康曼陀利耶（一曼陀羅）", "head": "N29n0017_p0423a04"}, {"level": "3", "n": "", "type": "其他", "text": "三五九　克伽魯普毘耶（克伽魯花）", "head": "N29n0017_p0423a12"}, {"level": "3", "n": "", "type": "其他", "text": "三六〇　比沙穆羅羅達耶迦（蓮根蓮莖布施）", "head": "N29n0017_p0424a07"}, {"level": "3", "n": "", "type": "其他", "text": "三六一　克薩羅普毘耶（開薩羅花）", "head": "N29n0017_p0425a02"}, {"level": "3", "n": "", "type": "其他", "text": "三六二　安庫拉普毘耶（安庫拉花）", "head": "N29n0017_p0425a09"}, {"level": "3", "n": "", "type": "其他", "text": "三六三　迦曇婆普毘耶（迦曇婆花）", "head": "N29n0017_p0426a03"}, {"level": "3", "n": "", "type": "其他", "text": "三六四　烏陀羅普毘耶（烏陀羅花）", "head": "N29n0017_p0426a10"}, {"level": "3", "n": "", "type": "其他", "text": "三六五　耶康旃簸迦普庇雅（一旃簸迦花）", "head": "N29n0017_p0427a04"}, {"level": "3", "n": "", "type": "其他", "text": "三六六　提密羅普毘耶（提密羅花）", "head": "N29n0017_p0427a11"}, {"level": "3", "n": "", "type": "其他", "text": "三六七　沙羅羅普毘耶（沙羅羅花）", "head": "N29n0017_p0428a04"}, {"level": "2", "n": "", "type": "其他", "text": "第三十八　菩提萬達迦品", "head": "N29n0017_p0429a03"}, {"level": "3", "n": "", "type": "其他", "text": "三六八　菩提萬達迦（菩提樹禮拜）", "head": "N29n0017_p0429a06"}, {"level": "3", "n": "", "type": "其他", "text": "三六九　波吒釐普毘耶（波吒釐花）", "head": "N29n0017_p0430a02"}, {"level": "3", "n": "", "type": "其他", "text": "三七〇　提努鉢羅摩利耶（三優鉢羅花鬘）", "head": "N29n0017_p0430a13"}, {"level": "3", "n": "", "type": "其他", "text": "三七一　波提普毘耶（葉花）", "head": "N29n0017_p0432a02"}, {"level": "3", "n": "", "type": "其他", "text": "三七二　娑陀般尼耶（七葉樹）", "head": "N29n0017_p0432a11"}, {"level": "3", "n": "", "type": "其他", "text": "三七三　康達穆提耶（香一握）", "head": "N29n0017_p0433a08"}, {"level": "3", "n": "", "type": "其他", "text": "三七四　質陀普伽卡（塚供養）", "head": "N29n0017_p0434a05"}, {"level": "3", "n": "", "type": "其他", "text": "三七五　須摩那陀羅萬提耶（素馨團扇）", "head": "N29n0017_p0434a13"}, {"level": "3", "n": "", "type": "其他", "text": "三七六　須摩那達摩達耶迦（素馨花環布施）", "head": "N29n0017_p0435a07"}, {"level": "3", "n": "", "type": "其他", "text": "三七七　伽斯摩利婆羅達耶迦（伽斯摩拉果布施）", "head": "N29n0017_p0436a02"}, {"level": "2", "n": "", "type": "其他", "text": "第三十九　阿萬陀婆羅品", "head": "N29n0017_p0437a04"}, {"level": "3", "n": "", "type": "其他", "text": "三七八　阿萬陀婆羅達耶迦（阿萬陀果布施）", "head": "N29n0017_p0437a07"}, {"level": "3", "n": "", "type": "其他", "text": "三七九　拉布迦婆羅達耶迦（拉普迦果布施）", "head": "N29n0017_p0438a02"}, {"level": "3", "n": "", "type": "其他", "text": "三八〇　烏曇跋羅婆羅達耶迦（烏曇跋羅果布施）", "head": "N29n0017_p0439a02"}, {"level": "3", "n": "", "type": "其他", "text": "三八一　毘拉伽婆羅達耶迦（無花果布施）", "head": "N29n0017_p0439a11"}, {"level": "3", "n": "", "type": "其他", "text": "三八二　婆魯薩婆羅達耶迦（婆羅薩果布施）", "head": "N29n0017_p0440a05"}, {"level": "3", "n": "", "type": "其他", "text": "三八三　瓦利婆羅達耶迦（蔓草之果布施）", "head": "N29n0017_p0440a13"}, {"level": "3", "n": "", "type": "其他", "text": "三八四　伽達莉婆羅達耶迦（芭蕉）", "head": "N29n0017_p0441a08"}, {"level": "3", "n": "", "type": "其他", "text": "三八五　半娜娑婆羅達耶迦（半娜娑果布施）", "head": "N29n0017_p0442a03"}, {"level": "3", "n": "", "type": "其他", "text": "三八六　室縷拏俱胝頻設（二十億耳）", "head": "N29n0017_p0443a02"}, {"level": "3", "n": "", "type": "其他", "text": "三八七　普婆康摩毘樓提（前業斷片）", "head": "N29n0017_p0444a10"}]