[{"level": "1", "n": "", "type": "其他", "text": "題解", "head": "ZW01n0006_p0101a02"}, {"level": "1", "n": "", "type": "其他", "text": "錄文", "head": "ZW01n0006_p0101a17"}, {"level": "2", "n": "", "type": "序", "text": "序", "head": "ZW01n0006_p0101a22"}, {"level": "2", "n": "", "type": "其他", "text": "上卷　有十二篇　攝於眾務", "head": "ZW01n0006_p0104a03"}, {"level": "3", "n": "", "type": "其他", "text": "標宗顯德篇", "head": "ZW01n0006_p0104a06"}, {"level": "3", "n": "", "type": "其他", "text": "集僧通局篇", "head": "ZW01n0006_p0105a05"}, {"level": "3", "n": "", "type": "其他", "text": "足數眾相篇", "head": "ZW01n0006_p0106a06"}, {"level": "3", "n": "", "type": "其他", "text": "受欲是非篇", "head": "ZW01n0006_p0107a03"}, {"level": "3", "n": "", "type": "其他", "text": "通辨羯磨篇", "head": "ZW01n0006_p0107a18"}, {"level": "3", "n": "", "type": "其他", "text": "結界方法篇", "head": "ZW01n0006_p0110a17"}, {"level": "3", "n": "", "type": "其他", "text": "僧網大綱篇", "head": "ZW01n0006_p0112a19"}, {"level": "3", "n": "", "type": "其他", "text": "受戒緣集篇", "head": "ZW01n0006_p0114a18"}, {"level": "3", "n": "", "type": "其他", "text": "師資相攝篇", "head": "ZW01n0006_p0117a12"}, {"level": "3", "n": "", "type": "其他", "text": "說戒正儀篇", "head": "ZW01n0006_p0118a13"}, {"level": "3", "n": "", "type": "其他", "text": "安居策修篇", "head": "ZW01n0006_p0119a19"}, {"level": "3", "n": "", "type": "其他", "text": "自恣宗要篇", "head": "ZW01n0006_p0122a06"}, {"level": "2", "n": "", "type": "其他", "text": "中卷　有四篇　遵於戒體　持犯立懺", "head": "ZW01n0006_p0123a22"}, {"level": "3", "n": "", "type": "其他", "text": "篇聚名報篇", "head": "ZW01n0006_p0124a01"}, {"level": "3", "n": "", "type": "其他", "text": "隨戒釋相篇", "head": "ZW01n0006_p0124a20"}, {"level": "3", "n": "", "type": "其他", "text": "持犯方軌篇", "head": "ZW01n0006_p0136a02"}, {"level": "3", "n": "", "type": "其他", "text": "懺六聚法篇", "head": "ZW01n0006_p0142a07"}, {"level": "2", "n": "", "type": "其他", "text": "下卷　明隨機要行　有十四篇", "head": "ZW01n0006_p0149a18"}, {"level": "3", "n": "", "type": "其他", "text": "二衣總別篇", "head": "ZW01n0006_p0149a21"}, {"level": "3", "n": "", "type": "其他", "text": "四藥受淨篇", "head": "ZW01n0006_p0156a03"}, {"level": "3", "n": "", "type": "其他", "text": "鉢器制聽篇", "head": "ZW01n0006_p0159a06"}, {"level": "3", "n": "", "type": "其他", "text": "對施興治篇", "head": "ZW01n0006_p0159a20"}, {"level": "3", "n": "", "type": "其他", "text": "頭陀行儀篇", "head": "ZW01n0006_p0160a11"}, {"level": "3", "n": "", "type": "其他", "text": "僧像致敬篇", "head": "ZW01n0006_p0161a12"}, {"level": "3", "n": "", "type": "其他", "text": "訃請設則篇", "head": "ZW01n0006_p0162a10"}, {"level": "3", "n": "", "type": "其他", "text": "道俗化方篇", "head": "ZW01n0006_p0163a09"}, {"level": "3", "n": "", "type": "其他", "text": "主客相待篇", "head": "ZW01n0006_p0164a18"}, {"level": "3", "n": "", "type": "其他", "text": "瞻病送終篇", "head": "ZW01n0006_p0165a06"}, {"level": "3", "n": "", "type": "其他", "text": "諸雜要行篇", "head": "ZW01n0006_p0165a16"}, {"level": "3", "n": "", "type": "其他", "text": "沙彌別行篇", "head": "ZW01n0006_p0166a03"}, {"level": "3", "n": "", "type": "其他", "text": "尼眾別行篇", "head": "ZW01n0006_p0167a03"}, {"level": "3", "n": "", "type": "其他", "text": "諸部別行篇", "head": "ZW01n0006_p0168a11"}]