[{"n": "1", "fun": "open", "head": "GA045n0049_p0023a01", "title": "峨眉山志卷一"}, {"n": "1", "fun": "close", "head": "GA045n0049_p0060a12", "title": "峨眉山志卷一終"}, {"n": "2", "fun": "open", "head": "GA045n0049_p0061a01", "title": "峨眉山志卷二"}, {"n": "2", "fun": "close", "head": "GA045n0049_p0117a12", "title": "峨眉山志卷二終"}, {"n": "3", "fun": "open", "head": "GA045n0049_p0119a01", "title": "峨眉山志卷三"}, {"n": "3", "fun": "close", "head": "GA045n0049_p0173a12", "title": "峨眉山志卷三終"}, {"n": "4", "fun": "open", "head": "GA045n0049_p0175a01", "title": "峨眉山志卷四"}, {"n": "4", "fun": "close", "head": "GA045n0049_p0195a12", "title": "峨眉山志卷四終"}, {"n": "5", "fun": "open", "head": "GA045n0049_p0197a01", "title": "峨眉山志卷五"}, {"n": "5", "fun": "close", "head": "GA045n0049_p0254a12", "title": "峨眉山志卷五終"}, {"n": "6", "fun": "open", "head": "GA045n0049_p0255a01", "title": "峨眉山志卷六"}, {"n": "6", "fun": "close", "head": "GA045n0049_p0296a12", "title": "峨眉山志卷六終"}, {"n": "7", "fun": "open", "head": "GA045n0049_p0297a01", "title": "峨眉山志卷七"}, {"n": "7", "fun": "close", "head": "GA045n0049_p0346a12", "title": "峨眉山志卷七終"}, {"n": "8", "fun": "open", "head": "GA045n0049_p0347a01", "title": "峨眉山志卷八"}, {"n": "8", "fun": "close", "head": "GA045n0049_p0388a12", "title": "峨眉山志卷八終"}]