[{"n": "1", "fun": "open", "head": "GA045n0049_p0023a01"}, {"n": "1", "fun": "close", "head": "GA045n0049_p0060a12"}, {"n": "2", "fun": "open", "head": "GA045n0049_p0061a01"}, {"n": "2", "fun": "close", "head": "GA045n0049_p0117a12"}, {"n": "3", "fun": "open", "head": "GA045n0049_p0119a01"}, {"n": "3", "fun": "close", "head": "GA045n0049_p0173a12"}, {"n": "4", "fun": "open", "head": "GA045n0049_p0175a01"}, {"n": "4", "fun": "close", "head": "GA045n0049_p0195a12"}, {"n": "5", "fun": "open", "head": "GA045n0049_p0197a01"}, {"n": "5", "fun": "close", "head": "GA045n0049_p0254a12"}, {"n": "6", "fun": "open", "head": "GA045n0049_p0255a01"}, {"n": "6", "fun": "close", "head": "GA045n0049_p0296a12"}, {"n": "7", "fun": "open", "head": "GA045n0049_p0297a01"}, {"n": "7", "fun": "close", "head": "GA045n0049_p0346a12"}, {"n": "8", "fun": "open", "head": "GA045n0049_p0347a01"}, {"n": "8", "fun": "close", "head": "GA045n0049_p0388a12"}]