[{"n": "1", "fun": "open", "head": "GA020n0017_pa003a01"}, {"n": "1", "fun": "open", "head": "GA020n0017_pa017a01"}, {"n": "2", "fun": "open", "head": "GA020n0017_pa023a01"}, {"n": "3", "fun": "open", "head": "GA020n0017_pa029a01"}, {"n": "4", "fun": "open", "head": "GA020n0017_pa045a01"}, {"n": "5", "fun": "open", "head": "GA020n0017_pa063a01"}, {"n": "6", "fun": "open", "head": "GA020n0017_pa071a01"}, {"n": "7", "fun": "open", "head": "GA020n0017_pa099a01"}, {"n": "8", "fun": "open", "head": "GA020n0017_pa123a01"}, {"n": "9", "fun": "open", "head": "GA020n0017_pa169a01"}, {"n": "10", "fun": "open", "head": "GA020n0017_pa191a01"}, {"n": "11", "fun": "open", "head": "GA020n0017_pa219a01"}, {"n": "12", "fun": "open", "head": "GA020n0017_pa249a01"}]