[{"n": "1", "fun": "open", "head": "GA020n0017_pa003a01", "title": "慧因寺志卷之首"}, {"n": "1", "fun": "open", "head": "GA020n0017_pa017a01", "title": "慧因寺志卷之一"}, {"n": "2", "fun": "open", "head": "GA020n0017_pa023a01", "title": "慧因寺志卷之二"}, {"n": "3", "fun": "open", "head": "GA020n0017_pa029a01", "title": "慧因寺志卷之三"}, {"n": "4", "fun": "open", "head": "GA020n0017_pa045a01", "title": "慧因寺志卷之四"}, {"n": "5", "fun": "open", "head": "GA020n0017_pa063a01", "title": "慧因寺志卷之五"}, {"n": "6", "fun": "open", "head": "GA020n0017_pa071a01", "title": "慧因寺志卷之六"}, {"n": "7", "fun": "open", "head": "GA020n0017_pa099a01", "title": "慧因寺志卷之七"}, {"n": "8", "fun": "open", "head": "GA020n0017_pa123a01", "title": "慧因寺志卷之八"}, {"n": "9", "fun": "open", "head": "GA020n0017_pa169a01", "title": "慧因寺志卷之九"}, {"n": "10", "fun": "open", "head": "GA020n0017_pa191a01", "title": "慧因寺志卷之十"}, {"n": "11", "fun": "open", "head": "GA020n0017_pa219a01", "title": "慧因寺志卷之十一"}, {"n": "12", "fun": "open", "head": "GA020n0017_pa249a01", "title": "慧因寺志卷之十二"}]