[{"level": "1", "n": "", "type": "序", "text": "序", "head": "T27n1545_p0001a07"}, {"level": "1", "n": "2", "type": "其他", "text": "1 雜蘊", "head": "T27n1545_p0005b08"}, {"level": "2", "n": "", "type": "", "text": "1", "head": "T27n1545_p0005b08"}, {"level": "2", "n": "", "type": "", "text": "2", "head": "T27n1545_p0010c02"}, {"level": "2", "n": "", "type": "", "text": "3", "head": "T27n1545_p0015c02"}, {"level": "2", "n": "", "type": "", "text": "4", "head": "T27n1545_p0020b14"}, {"level": "2", "n": "", "type": "", "text": "5", "head": "T27n1545_p0025c02"}, {"level": "2", "n": "", "type": "", "text": "6", "head": "T27n1545_p0030c20"}, {"level": "2", "n": "", "type": "", "text": "7", "head": "T27n1545_p0036a05"}, {"level": "2", "n": "", "type": "", "text": "8", "head": "T27n1545_p0040c20"}, {"level": "2", "n": "", "type": "", "text": "9", "head": "T27n1545_p0045c19"}, {"level": "2", "n": "", "type": "", "text": "10", "head": "T27n1545_p0051a02"}, {"level": "2", "n": "", "type": "", "text": "11", "head": "T27n1545_p0055c23"}, {"level": "2", "n": "", "type": "", "text": "12", "head": "T27n1545_p0061c02"}, {"level": "2", "n": "", "type": "", "text": "13", "head": "T27n1545_p0066c08"}, {"level": "2", "n": "", "type": "", "text": "14", "head": "T27n1545_p0071c23"}, {"level": "2", "n": "", "type": "", "text": "15", "head": "T27n1545_p0077a17"}, {"level": "2", "n": "", "type": "", "text": "16", "head": "T27n1545_p0082c02"}, {"level": "2", "n": "", "type": "", "text": "17", "head": "T27n1545_p0088a11"}, {"level": "2", "n": "", "type": "", "text": "18", "head": "T27n1545_p0093c06"}, {"level": "2", "n": "", "type": "", "text": "19", "head": "T27n1545_p0099a18"}, {"level": "2", "n": "", "type": "", "text": "20", "head": "T27n1545_p0104c02"}, {"level": "2", "n": "", "type": "", "text": "21", "head": "T27n1545_p0110a02"}, {"level": "2", "n": "", "type": "", "text": "22", "head": "T27n1545_p0115b11"}, {"level": "2", "n": "", "type": "", "text": "23", "head": "T27n1545_p0120c12"}, {"level": "2", "n": "", "type": "", "text": "24", "head": "T27n1545_p0126b02"}, {"level": "2", "n": "", "type": "", "text": "25", "head": "T27n1545_p0132a03"}, {"level": "2", "n": "", "type": "", "text": "26", "head": "T27n1545_p0137a16"}, {"level": "2", "n": "", "type": "", "text": "27", "head": "T27n1545_p0142b12"}, {"level": "2", "n": "", "type": "", "text": "28", "head": "T27n1545_p0147c08"}, {"level": "2", "n": "", "type": "", "text": "29", "head": "T27n1545_p0153a03"}, {"level": "2", "n": "", "type": "", "text": "30", "head": "T27n1545_p0158a15"}, {"level": "2", "n": "", "type": "", "text": "31", "head": "T27n1545_p0163a19"}, {"level": "2", "n": "", "type": "", "text": "32", "head": "T27n1545_p0168c20"}, {"level": "2", "n": "", "type": "", "text": "33", "head": "T27n1545_p0175a03"}, {"level": "2", "n": "", "type": "", "text": "34", "head": "T27n1545_p0180a22"}, {"level": "2", "n": "", "type": "", "text": "35", "head": "T27n1545_p0185a15"}, {"level": "2", "n": "", "type": "", "text": "36", "head": "T27n1545_p0190a03"}, {"level": "2", "n": "", "type": "", "text": "37", "head": "T27n1545_p0194c18"}, {"level": "2", "n": "", "type": "", "text": "38", "head": "T27n1545_p0199c19"}, {"level": "2", "n": "", "type": "", "text": "39", "head": "T27n1545_p0205a03"}, {"level": "2", "n": "", "type": "", "text": "40", "head": "T27n1545_p0210a12"}, {"level": "2", "n": "", "type": "", "text": "41", "head": "T27n1545_p0215b23"}, {"level": "2", "n": "", "type": "", "text": "42", "head": "T27n1545_p0221a02"}, {"level": "2", "n": "", "type": "", "text": "43", "head": "T27n1545_p0226b03"}, {"level": "2", "n": "", "type": "", "text": "44", "head": "T27n1545_p0231b15"}, {"level": "1", "n": "2", "type": "其他", "text": "2 結蘊", "head": "T27n1545_p0236b19"}, {"level": "2", "n": "", "type": "", "text": "1", "head": "T27n1545_p0236b19"}, {"level": "2", "n": "", "type": "", "text": "2", "head": "T27n1545_p0241b19"}, {"level": "2", "n": "", "type": "", "text": "3", "head": "T27n1545_p0247a02"}, {"level": "2", "n": "", "type": "", "text": "4", "head": "T27n1545_p0252a18"}, {"level": "2", "n": "", "type": "", "text": "5", "head": "T27n1545_p0257a13"}, {"level": "2", "n": "", "type": "", "text": "6", "head": "T27n1545_p0263a02"}, {"level": "2", "n": "", "type": "", "text": "7", "head": "T27n1545_p0268a02"}, {"level": "2", "n": "", "type": "", "text": "8", "head": "T27n1545_p0273a02"}, {"level": "2", "n": "", "type": "", "text": "9", "head": "T27n1545_p0278a02"}, {"level": "2", "n": "", "type": "", "text": "10", "head": "T27n1545_p0283a11"}, {"level": "2", "n": "", "type": "", "text": "11", "head": "T27n1545_p0288a02"}, {"level": "2", "n": "", "type": "", "text": "12", "head": "T27n1545_p0293a23"}, {"level": "2", "n": "", "type": "", "text": "13", "head": "T27n1545_p0298b02"}, {"level": "2", "n": "", "type": "", "text": "14", "head": "T27n1545_p0303a15"}, {"level": "2", "n": "", "type": "", "text": "15", "head": "T27n1545_p0308b02"}, {"level": "2", "n": "", "type": "", "text": "16", "head": "T27n1545_p0313b10"}, {"level": "2", "n": "", "type": "", "text": "17", "head": "T27n1545_p0318c16"}, {"level": "2", "n": "", "type": "", "text": "18", "head": "T27n1545_p0324b02"}, {"level": "2", "n": "", "type": "", "text": "19", "head": "T27n1545_p0329c05"}, {"level": "2", "n": "", "type": "", "text": "20", "head": "T27n1545_p0335a23"}, {"level": "2", "n": "", "type": "", "text": "21", "head": "T27n1545_p0340b16"}, {"level": "2", "n": "", "type": "", "text": "22", "head": "T27n1545_p0345b18"}, {"level": "2", "n": "", "type": "", "text": "23", "head": "T27n1545_p0350b10"}, {"level": "2", "n": "", "type": "", "text": "24", "head": "T27n1545_p0355c04"}, {"level": "2", "n": "", "type": "", "text": "25", "head": "T27n1545_p0360c20"}, {"level": "2", "n": "", "type": "", "text": "26", "head": "T27n1545_p0366a05"}, {"level": "2", "n": "", "type": "", "text": "27", "head": "T27n1545_p0371a02"}, {"level": "2", "n": "", "type": "", "text": "28", "head": "T27n1545_p0375c10"}, {"level": "2", "n": "", "type": "", "text": "29", "head": "T27n1545_p0381a11"}, {"level": "2", "n": "", "type": "", "text": "30", "head": "T27n1545_p0386a05"}, {"level": "2", "n": "", "type": "", "text": "31", "head": "T27n1545_p0391a02"}, {"level": "2", "n": "", "type": "", "text": "32", "head": "T27n1545_p0396a07"}, {"level": "2", "n": "", "type": "", "text": "33", "head": "T27n1545_p0401a17"}, {"level": "2", "n": "", "type": "", "text": "34", "head": "T27n1545_p0406b02"}, {"level": "2", "n": "", "type": "", "text": "35", "head": "T27n1545_p0411b07"}, {"level": "2", "n": "", "type": "", "text": "36", "head": "T27n1545_p0416b17"}, {"level": "2", "n": "", "type": "", "text": "37", "head": "T27n1545_p0421c12"}, {"level": "2", "n": "", "type": "", "text": "38", "head": "T27n1545_p0427a02"}, {"level": "2", "n": "", "type": "", "text": "39", "head": "T27n1545_p0432b02"}, {"level": "2", "n": "", "type": "", "text": "40", "head": "T27n1545_p0437c02"}, {"level": "2", "n": "", "type": "", "text": "41", "head": "T27n1545_p0442b21"}, {"level": "2", "n": "", "type": "", "text": "42", "head": "T27n1545_p0447c16"}, {"level": "2", "n": "", "type": "", "text": "43", "head": "T27n1545_p0452b23"}, {"level": "2", "n": "", "type": "", "text": "44", "head": "T27n1545_p0457b07"}, {"level": "2", "n": "", "type": "", "text": "45", "head": "T27n1545_p0462c12"}, {"level": "2", "n": "", "type": "", "text": "46", "head": "T27n1545_p0467c22"}, {"level": "2", "n": "", "type": "", "text": "47", "head": "T27n1545_p0473b07"}, {"level": "1", "n": "3", "type": "其他", "text": "3 智蘊", "head": "T27n1545_p0479a07"}, {"level": "2", "n": "", "type": "", "text": "1", "head": "T27n1545_p0479a07"}, {"level": "2", "n": "", "type": "", "text": "2", "head": "T27n1545_p0484a22"}, {"level": "2", "n": "", "type": "", "text": "3", "head": "T27n1545_p0489b08"}, {"level": "2", "n": "", "type": "", "text": "4", "head": "T27n1545_p0494b15"}, {"level": "2", "n": "", "type": "", "text": "5", "head": "T27n1545_p0499c06"}, {"level": "2", "n": "", "type": "", "text": "6", "head": "T27n1545_p0505a02"}, {"level": "2", "n": "", "type": "", "text": "7", "head": "T27n1545_p0510a10"}, {"level": "2", "n": "", "type": "", "text": "8", "head": "T27n1545_p0515b07"}, {"level": "2", "n": "", "type": "", "text": "9", "head": "T27n1545_p0521a02"}, {"level": "2", "n": "", "type": "", "text": "10", "head": "T27n1545_p0526a13"}, {"level": "2", "n": "", "type": "", "text": "11", "head": "T27n1545_p0531a20"}, {"level": "2", "n": "", "type": "", "text": "12", "head": "T27n1545_p0536c02"}, {"level": "2", "n": "", "type": "", "text": "13", "head": "T27n1545_p0541c19"}, {"level": "2", "n": "", "type": "", "text": "14", "head": "T27n1545_p0546c18"}, {"level": "2", "n": "", "type": "", "text": "15", "head": "T27n1545_p0552a01"}, {"level": "2", "n": "", "type": "", "text": "16", "head": "T27n1545_p0557a09"}, {"level": "2", "n": "", "type": "", "text": "17", "head": "T27n1545_p0562a19"}, {"level": "2", "n": "", "type": "", "text": "18", "head": "T27n1545_p0567b16"}, {"level": "2", "n": "", "type": "", "text": "19", "head": "T27n1545_p0573a02"}, {"level": "1", "n": "4", "type": "其他", "text": "4 業蘊", "head": "T27n1545_p0578a13"}, {"level": "2", "n": "", "type": "", "text": "1", "head": "T27n1545_p0578a13"}, {"level": "2", "n": "", "type": "", "text": "2", "head": "T27n1545_p0583a21"}, {"level": "2", "n": "", "type": "", "text": "3", "head": "T27n1545_p0589c13"}, {"level": "2", "n": "", "type": "", "text": "4", "head": "T27n1545_p0596a14"}, {"level": "2", "n": "", "type": "", "text": "5", "head": "T27n1545_p0601c02"}, {"level": "2", "n": "", "type": "", "text": "6", "head": "T27n1545_p0607a13"}, {"level": "2", "n": "", "type": "", "text": "7", "head": "T27n1545_p0612c02"}, {"level": "2", "n": "", "type": "", "text": "8", "head": "T27n1545_p0618a06"}, {"level": "2", "n": "", "type": "", "text": "9", "head": "T27n1545_p0623b16"}, {"level": "2", "n": "", "type": "", "text": "10", "head": "T27n1545_p0629a07"}, {"level": "2", "n": "", "type": "", "text": "11", "head": "T27n1545_p0634b15"}, {"level": "2", "n": "", "type": "", "text": "12", "head": "T27n1545_p0640b18"}, {"level": "2", "n": "", "type": "", "text": "13", "head": "T27n1545_p0645c16"}, {"level": "2", "n": "", "type": "", "text": "14", "head": "T27n1545_p0650c02"}, {"level": "2", "n": "", "type": "", "text": "15", "head": "T27n1545_p0656a02"}, {"level": "1", "n": "5", "type": "其他", "text": "5 大種蘊", "head": "T27n1545_p0661c09"}, {"level": "2", "n": "", "type": "", "text": "1", "head": "T27n1545_p0661c09"}, {"level": "2", "n": "", "type": "", "text": "2", "head": "T27n1545_p0665c23"}, {"level": "2", "n": "", "type": "", "text": "3", "head": "T27n1545_p0670b07"}, {"level": "2", "n": "", "type": "", "text": "4", "head": "T27n1545_p0674c22"}, {"level": "2", "n": "", "type": "", "text": "5", "head": "T27n1545_p0679a08"}, {"level": "2", "n": "", "type": "", "text": "6", "head": "T27n1545_p0683c02"}, {"level": "2", "n": "", "type": "", "text": "7", "head": "T27n1545_p0688a02"}, {"level": "2", "n": "", "type": "", "text": "8", "head": "T27n1545_p0692b02"}, {"level": "2", "n": "", "type": "", "text": "9", "head": "T27n1545_p0696b18"}, {"level": "2", "n": "", "type": "", "text": "10", "head": "T27n1545_p0701a13"}, {"level": "2", "n": "", "type": "", "text": "11", "head": "T27n1545_p0705c02"}, {"level": "2", "n": "", "type": "", "text": "12", "head": "T27n1545_p0710b07"}, {"level": "2", "n": "", "type": "", "text": "13", "head": "T27n1545_p0714b23"}, {"level": "2", "n": "", "type": "", "text": "14", "head": "T27n1545_p0719b21"}, {"level": "2", "n": "", "type": "", "text": "15", "head": "T27n1545_p0724a02"}, {"level": "1", "n": "6", "type": "其他", "text": "6 根蘊", "head": "T27n1545_p0728c09"}, {"level": "2", "n": "", "type": "", "text": "1", "head": "T27n1545_p0728c09"}, {"level": "2", "n": "", "type": "", "text": "2", "head": "T27n1545_p0733b02"}, {"level": "2", "n": "", "type": "", "text": "3", "head": "T27n1545_p0738a02"}, {"level": "2", "n": "", "type": "", "text": "4", "head": "T27n1545_p0742c20"}, {"level": "2", "n": "", "type": "", "text": "5", "head": "T27n1545_p0747a02"}, {"level": "2", "n": "", "type": "", "text": "6", "head": "T27n1545_p0751b13"}, {"level": "2", "n": "", "type": "", "text": "7", "head": "T27n1545_p0755c10"}, {"level": "2", "n": "", "type": "", "text": "8", "head": "T27n1545_p0760a17"}, {"level": "2", "n": "", "type": "", "text": "9", "head": "T27n1545_p0764a22"}, {"level": "2", "n": "", "type": "", "text": "10", "head": "T27n1545_p0769a02"}, {"level": "2", "n": "", "type": "", "text": "11", "head": "T27n1545_p0773a15"}, {"level": "2", "n": "", "type": "", "text": "12", "head": "T27n1545_p0777c02"}, {"level": "2", "n": "", "type": "", "text": "13", "head": "T27n1545_p0782a19"}, {"level": "2", "n": "", "type": "", "text": "14", "head": "T27n1545_p0786c07"}, {"level": "2", "n": "", "type": "", "text": "15", "head": "T27n1545_p0791b02"}, {"level": "1", "n": "7", "type": "其他", "text": "7 定蘊", "head": "T27n1545_p0796a25"}, {"level": "2", "n": "", "type": "", "text": "1", "head": "T27n1545_p0796a25"}, {"level": "2", "n": "", "type": "", "text": "2", "head": "T27n1545_p0800c17"}, {"level": "2", "n": "", "type": "", "text": "3", "head": "T27n1545_p0805c02"}, {"level": "2", "n": "", "type": "", "text": "4", "head": "T27n1545_p0810a22"}, {"level": "2", "n": "", "type": "", "text": "5", "head": "T27n1545_p0814c14"}, {"level": "2", "n": "", "type": "", "text": "6", "head": "T27n1545_p0819a02"}, {"level": "2", "n": "", "type": "", "text": "7", "head": "T27n1545_p0823c07"}, {"level": "2", "n": "", "type": "", "text": "8", "head": "T27n1545_p0827c09"}, {"level": "2", "n": "", "type": "", "text": "9", "head": "T27n1545_p0832b02"}, {"level": "2", "n": "", "type": "", "text": "10", "head": "T27n1545_p0836c17"}, {"level": "2", "n": "", "type": "", "text": "11", "head": "T27n1545_p0841b15"}, {"level": "2", "n": "", "type": "", "text": "12", "head": "T27n1545_p0845c21"}, {"level": "2", "n": "", "type": "", "text": "13", "head": "T27n1545_p0850b23"}, {"level": "2", "n": "", "type": "", "text": "14", "head": "T27n1545_p0855a12"}, {"level": "2", "n": "", "type": "", "text": "15", "head": "T27n1545_p0859c17"}, {"level": "2", "n": "", "type": "", "text": "16", "head": "T27n1545_p0864b17"}, {"level": "2", "n": "", "type": "", "text": "17", "head": "T27n1545_p0869b15"}, {"level": "2", "n": "", "type": "", "text": "18", "head": "T27n1545_p0873c06"}, {"level": "2", "n": "", "type": "", "text": "19", "head": "T27n1545_p0877c15"}, {"level": "2", "n": "", "type": "", "text": "20", "head": "T27n1545_p0883a03"}, {"level": "2", "n": "", "type": "", "text": "21", "head": "T27n1545_p0887b17"}, {"level": "2", "n": "", "type": "", "text": "22", "head": "T27n1545_p0892a20"}, {"level": "2", "n": "", "type": "", "text": "23", "head": "T27n1545_p0896c04"}, {"level": "2", "n": "", "type": "", "text": "24", "head": "T27n1545_p0901c07"}, {"level": "2", "n": "", "type": "", "text": "25", "head": "T27n1545_p0906c02"}, {"level": "2", "n": "", "type": "", "text": "26", "head": "T27n1545_p0911b06"}, {"level": "2", "n": "", "type": "", "text": "27", "head": "T27n1545_p0915c03"}, {"level": "2", "n": "", "type": "", "text": "28", "head": "T27n1545_p0920c20"}, {"level": "2", "n": "", "type": "", "text": "29", "head": "T27n1545_p0925c02"}, {"level": "2", "n": "", "type": "", "text": "30", "head": "T27n1545_p0930a12"}, {"level": "1", "n": "8", "type": "其他", "text": "8 見蘊", "head": "T27n1545_p0936c07"}, {"level": "2", "n": "", "type": "", "text": "1", "head": "T27n1545_p0936c07"}, {"level": "2", "n": "", "type": "", "text": "2", "head": "T27n1545_p0940c22"}, {"level": "2", "n": "", "type": "", "text": "3", "head": "T27n1545_p0945a05"}, {"level": "2", "n": "", "type": "", "text": "4", "head": "T27n1545_p0949b06"}, {"level": "2", "n": "", "type": "", "text": "5", "head": "T27n1545_p0953b17"}, {"level": "2", "n": "", "type": "", "text": "6", "head": "T27n1545_p0958b06"}, {"level": "2", "n": "", "type": "", "text": "7", "head": "T27n1545_p0963c05"}, {"level": "2", "n": "", "type": "", "text": "8", "head": "T27n1545_p0968c03"}, {"level": "2", "n": "", "type": "", "text": "9", "head": "T27n1545_p0973b02"}, {"level": "2", "n": "", "type": "", "text": "10", "head": "T27n1545_p0978c03"}, {"level": "2", "n": "", "type": "", "text": "11", "head": "T27n1545_p0983a16"}, {"level": "2", "n": "", "type": "", "text": "12", "head": "T27n1545_p0987c05"}, {"level": "2", "n": "", "type": "", "text": "13", "head": "T27n1545_p0993b02"}, {"level": "2", "n": "", "type": "", "text": "14", "head": "T27n1545_p0998c14"}]