[{"level": "1", "n": "", "type": "其他", "text": "第十二篇", "head": "N37n0018_p0001a01"}, {"level": "2", "n": "", "type": "其他", "text": "四六四　小郭公本生譚", "head": "N37n0018_p0001a04"}, {"level": "2", "n": "", "type": "其他", "text": "四六五　跋陀娑羅樹神本生譚", "head": "N37n0018_p0001a08"}, {"level": "3", "n": "", "type": "其他", "text": "序分", "head": "N37n0018_p0001a10"}, {"level": "3", "n": "", "type": "其他", "text": "主分", "head": "N37n0018_p0013a01"}, {"level": "3", "n": "", "type": "其他", "text": "結分", "head": "N37n0018_p0016a11"}, {"level": "2", "n": "", "type": "其他", "text": "四六六　海商本生譚", "head": "N37n0018_p0018a02"}, {"level": "3", "n": "", "type": "其他", "text": "序分", "head": "N37n0018_p0018a04"}, {"level": "3", "n": "", "type": "其他", "text": "主分", "head": "N37n0018_p0020a02"}, {"level": "3", "n": "", "type": "其他", "text": "結分", "head": "N37n0018_p0025a09"}, {"level": "2", "n": "", "type": "其他", "text": "四六七　欲愛本生譚", "head": "N37n0018_p0026a10"}, {"level": "3", "n": "", "type": "其他", "text": "序分", "head": "N37n0018_p0026a12"}, {"level": "3", "n": "", "type": "其他", "text": "主分", "head": "N37n0018_p0028a14"}, {"level": "3", "n": "", "type": "其他", "text": "結分", "head": "N37n0018_p0035a02"}, {"level": "2", "n": "", "type": "其他", "text": "四六八　闍那散陀王本生譚", "head": "N37n0018_p0035a13"}, {"level": "3", "n": "", "type": "其他", "text": "序分", "head": "N37n0018_p0036a01"}, {"level": "3", "n": "", "type": "其他", "text": "主分", "head": "N37n0018_p0036a11"}, {"level": "3", "n": "", "type": "其他", "text": "結分", "head": "N37n0018_p0039a10"}, {"level": "2", "n": "", "type": "其他", "text": "四六九　大黑犬本生譚", "head": "N37n0018_p0040a06"}, {"level": "3", "n": "", "type": "其他", "text": "序分", "head": "N37n0018_p0040a08"}, {"level": "3", "n": "", "type": "其他", "text": "主分", "head": "N37n0018_p0041a10"}, {"level": "3", "n": "", "type": "其他", "text": "結分", "head": "N37n0018_p0046a02"}, {"level": "2", "n": "", "type": "其他", "text": "四七〇　拘私夜長者本生譚", "head": "N37n0018_p0049a02"}, {"level": "2", "n": "", "type": "其他", "text": "四七一　牡羊本生譚", "head": "N37n0018_p0049a05"}, {"level": "2", "n": "", "type": "其他", "text": "四七二　大蓮華王子本生譚", "head": "N37n0018_p0049a08"}, {"level": "3", "n": "", "type": "其他", "text": "序分", "head": "N37n0018_p0049a10"}, {"level": "3", "n": "", "type": "其他", "text": "主分", "head": "N37n0018_p0052a13"}, {"level": "3", "n": "", "type": "其他", "text": "結分", "head": "N37n0018_p0059a05"}, {"level": "2", "n": "", "type": "其他", "text": "四七三　真友非友本生譚", "head": "N37n0018_p0060a02"}, {"level": "3", "n": "", "type": "其他", "text": "序分", "head": "N37n0018_p0060a04"}, {"level": "3", "n": "", "type": "其他", "text": "主分", "head": "N37n0018_p0060a12"}, {"level": "3", "n": "", "type": "其他", "text": "結分", "head": "N37n0018_p0063a03"}, {"level": "1", "n": "", "type": "其他", "text": "第十三篇", "head": "N37n0018_p0064a01"}, {"level": "2", "n": "", "type": "其他", "text": "四七四　菴羅果本生譚", "head": "N37n0018_p0064a04"}, {"level": "3", "n": "", "type": "其他", "text": "序分", "head": "N37n0018_p0064a07"}, {"level": "3", "n": "", "type": "其他", "text": "主分", "head": "N37n0018_p0065a01"}, {"level": "3", "n": "", "type": "其他", "text": "結分", "head": "N37n0018_p0072a04"}, {"level": "2", "n": "", "type": "其他", "text": "四七五　攀達納樹本生譚", "head": "N37n0018_p0072a12"}, {"level": "3", "n": "", "type": "其他", "text": "序分", "head": "N37n0018_p0072a14"}, {"level": "3", "n": "", "type": "其他", "text": "主分", "head": "N37n0018_p0073a03"}, {"level": "3", "n": "", "type": "其他", "text": "結分", "head": "N37n0018_p0076a13"}, {"level": "2", "n": "", "type": "其他", "text": "四七六　敏捷鵞本生譚", "head": "N37n0018_p0078a03"}, {"level": "3", "n": "", "type": "其他", "text": "序分", "head": "N37n0018_p0078a05"}, {"level": "3", "n": "", "type": "其他", "text": "主分", "head": "N37n0018_p0079a06"}, {"level": "3", "n": "", "type": "其他", "text": "結分", "head": "N37n0018_p0085a12"}, {"level": "2", "n": "", "type": "其他", "text": "四七七　小那羅陀苦行者本生譚", "head": "N37n0018_p0086a06"}, {"level": "3", "n": "", "type": "其他", "text": "序分", "head": "N37n0018_p0086a08"}, {"level": "3", "n": "", "type": "其他", "text": "主分", "head": "N37n0018_p0088a06"}, {"level": "3", "n": "", "type": "其他", "text": "結分", "head": "N37n0018_p0092a07"}, {"level": "2", "n": "", "type": "其他", "text": "四七八　使者本生譚", "head": "N37n0018_p0093a02"}, {"level": "3", "n": "", "type": "其他", "text": "序分", "head": "N37n0018_p0093a04"}, {"level": "3", "n": "", "type": "其他", "text": "主分", "head": "N37n0018_p0093a11"}, {"level": "3", "n": "", "type": "其他", "text": "結分", "head": "N37n0018_p0097a05"}, {"level": "2", "n": "", "type": "其他", "text": "四七九　迦陵誐王菩提樹供養本生譚", "head": "N37n0018_p0097a13"}, {"level": "3", "n": "", "type": "其他", "text": "序分", "head": "N37n0018_p0098a01"}, {"level": "3", "n": "", "type": "其他", "text": "主分", "head": "N37n0018_p0100a12"}, {"level": "3", "n": "", "type": "其他", "text": "結分", "head": "N37n0018_p0108a02"}, {"level": "2", "n": "", "type": "其他", "text": "四八〇　阿吉提婆羅門本生譚", "head": "N37n0018_p0109a08"}, {"level": "3", "n": "", "type": "其他", "text": "序分", "head": "N37n0018_p0109a11"}, {"level": "3", "n": "", "type": "其他", "text": "主分", "head": "N37n0018_p0110a05"}, {"level": "3", "n": "", "type": "其他", "text": "結分", "head": "N37n0018_p0117a12"}, {"level": "2", "n": "", "type": "其他", "text": "四八一　陀伽利耶青年本生譚", "head": "N37n0018_p0118a10"}, {"level": "3", "n": "", "type": "其他", "text": "序分", "head": "N37n0018_p0118a12"}, {"level": "3", "n": "", "type": "其他", "text": "主分", "head": "N37n0018_p0122a13"}, {"level": "3", "n": "", "type": "其他", "text": "結分", "head": "N37n0018_p0132a03"}, {"level": "2", "n": "", "type": "其他", "text": "四八二　盧盧鹿本生譚", "head": "N37n0018_p0133a02"}, {"level": "3", "n": "", "type": "其他", "text": "序分", "head": "N37n0018_p0133a04"}, {"level": "3", "n": "", "type": "其他", "text": "主分", "head": "N37n0018_p0133a12"}, {"level": "3", "n": "", "type": "其他", "text": "結分", "head": "N37n0018_p0141a10"}, {"level": "2", "n": "", "type": "其他", "text": "四八三　舍羅婆鹿本生譚", "head": "N37n0018_p0142a08"}, {"level": "3", "n": "", "type": "其他", "text": "序分", "head": "N37n0018_p0142a11"}, {"level": "3", "n": "", "type": "其他", "text": "主分", "head": "N37n0018_p0148a11"}, {"level": "3", "n": "", "type": "其他", "text": "結分", "head": "N37n0018_p0156a01"}, {"level": "1", "n": "", "type": "其他", "text": "第十四篇", "head": "N37n0018_p0158a01"}, {"level": "2", "n": "", "type": "其他", "text": "四八四　稻田本生譚", "head": "N37n0018_p0158a04"}, {"level": "3", "n": "", "type": "其他", "text": "序分", "head": "N37n0018_p0158a07"}, {"level": "3", "n": "", "type": "其他", "text": "主分", "head": "N37n0018_p0158a12"}, {"level": "3", "n": "", "type": "其他", "text": "結分", "head": "N37n0018_p0164a12"}, {"level": "2", "n": "", "type": "其他", "text": "四八五　月緊那羅本生譚", "head": "N37n0018_p0165a12"}, {"level": "3", "n": "", "type": "其他", "text": "序分", "head": "N37n0018_p0165a14"}, {"level": "3", "n": "", "type": "其他", "text": "主分", "head": "N37n0018_p0167a02"}, {"level": "3", "n": "", "type": "其他", "text": "結分", "head": "N37n0018_p0172a14"}, {"level": "2", "n": "", "type": "其他", "text": "四八六　大鶚本生譚", "head": "N37n0018_p0173a07"}, {"level": "3", "n": "", "type": "其他", "text": "序分", "head": "N37n0018_p0173a09"}, {"level": "3", "n": "", "type": "其他", "text": "主分", "head": "N37n0018_p0174a11"}, {"level": "3", "n": "", "type": "其他", "text": "結分", "head": "N37n0018_p0182a01"}, {"level": "2", "n": "", "type": "其他", "text": "四八七　鬱陀羅迦苦行者本生譚", "head": "N37n0018_p0182a13"}, {"level": "3", "n": "", "type": "其他", "text": "序分", "head": "N37n0018_p0183a01"}, {"level": "3", "n": "", "type": "其他", "text": "主分", "head": "N37n0018_p0183a06"}, {"level": "3", "n": "", "type": "其他", "text": "結分", "head": "N37n0018_p0189a13"}, {"level": "2", "n": "", "type": "其他", "text": "四八八　蓮根本生譚", "head": "N37n0018_p0190a10"}, {"level": "3", "n": "", "type": "其他", "text": "序分", "head": "N37n0018_p0190a12"}, {"level": "3", "n": "", "type": "其他", "text": "主分", "head": "N37n0018_p0191a03"}, {"level": "3", "n": "", "type": "其他", "text": "結分", "head": "N37n0018_p0199a01"}, {"level": "2", "n": "", "type": "其他", "text": "四八九　善喜王本生譚", "head": "N37n0018_p0199a12"}, {"level": "3", "n": "", "type": "其他", "text": "序分", "head": "N37n0018_p0199a14"}, {"level": "3", "n": "", "type": "其他", "text": "主分", "head": "N37n0018_p0201a05"}, {"level": "3", "n": "", "type": "其他", "text": "結分", "head": "N37n0018_p0212a05"}, {"level": "2", "n": "", "type": "其他", "text": "四九〇　五者布薩會本生譚", "head": "N37n0018_p0212a09"}, {"level": "3", "n": "", "type": "其他", "text": "序分", "head": "N37n0018_p0212a11"}, {"level": "3", "n": "", "type": "其他", "text": "主分", "head": "N37n0018_p0213a03"}, {"level": "3", "n": "", "type": "其他", "text": "結分", "head": "N37n0018_p0219a12"}, {"level": "2", "n": "", "type": "其他", "text": "四九一　大孔雀王本生譚", "head": "N37n0018_p0220a02"}, {"level": "3", "n": "", "type": "其他", "text": "序分", "head": "N37n0018_p0220a04"}, {"level": "3", "n": "", "type": "其他", "text": "主分", "head": "N37n0018_p0220a09"}, {"level": "3", "n": "", "type": "其他", "text": "結分", "head": "N37n0018_p0229a02"}, {"level": "2", "n": "", "type": "其他", "text": "四九二　木工養豬本生譚", "head": "N37n0018_p0229a10"}, {"level": "3", "n": "", "type": "其他", "text": "序分", "head": "N37n0018_p0229a12"}, {"level": "3", "n": "", "type": "其他", "text": "主分", "head": "N37n0018_p0231a07"}, {"level": "3", "n": "", "type": "其他", "text": "結分", "head": "N37n0018_p0237a09"}, {"level": "2", "n": "", "type": "其他", "text": "四九三　大商人本生譚", "head": "N37n0018_p0238a05"}, {"level": "3", "n": "", "type": "其他", "text": "序分", "head": "N37n0018_p0238a07"}, {"level": "3", "n": "", "type": "其他", "text": "主分", "head": "N37n0018_p0239a07"}, {"level": "3", "n": "", "type": "其他", "text": "結分", "head": "N37n0018_p0243a05"}, {"level": "2", "n": "", "type": "其他", "text": "四九四　娑提那王本生譚", "head": "N37n0018_p0244a02"}, {"level": "3", "n": "", "type": "其他", "text": "序分", "head": "N37n0018_p0244a04"}, {"level": "3", "n": "", "type": "其他", "text": "主分", "head": "N37n0018_p0244a07"}, {"level": "3", "n": "", "type": "其他", "text": "結分", "head": "N37n0018_p0250a07"}, {"level": "2", "n": "", "type": "其他", "text": "四九五　十婆羅門本生譚", "head": "N37n0018_p0250a11"}, {"level": "3", "n": "", "type": "其他", "text": "序分", "head": "N37n0018_p0250a13"}, {"level": "3", "n": "", "type": "其他", "text": "主分", "head": "N37n0018_p0251a06"}, {"level": "3", "n": "", "type": "其他", "text": "結分", "head": "N37n0018_p0260a14"}, {"level": "2", "n": "", "type": "其他", "text": "四九六　次第供養本生譚", "head": "N37n0018_p0261a08"}, {"level": "3", "n": "", "type": "其他", "text": "序分", "head": "N37n0018_p0261a10"}, {"level": "3", "n": "", "type": "其他", "text": "主分", "head": "N37n0018_p0262a14"}, {"level": "3", "n": "", "type": "其他", "text": "結分", "head": "N37n0018_p0267a07"}]