[{"level": "1", "n": "", "type": "其他", "text": "歸敬偈", "head": "N63n0031_p0001a01"}, {"level": "1", "n": "", "type": "其他", "text": "序言", "head": "N63n0031_p0003a02"}, {"level": "1", "n": "", "type": "其他", "text": "原問", "head": "N63n0031_p0038a05"}, {"level": "2", "n": "", "type": "其他", "text": "第一品", "head": "N63n0031_p0038a05"}, {"level": "3", "n": "", "type": "其他", "text": "第一　名之問", "head": "N63n0031_p0038a07"}, {"level": "3", "n": "", "type": "其他", "text": "第二　年齡之問", "head": "N63n0031_p0044a10"}, {"level": "3", "n": "", "type": "其他", "text": "第三　對長老嚴重約束之問", "head": "N63n0031_p0045a07"}, {"level": "3", "n": "", "type": "其他", "text": "第四　安達迦耶之問", "head": "N63n0031_p0047a01"}, {"level": "3", "n": "", "type": "其他", "text": "第五　出家之問", "head": "N63n0031_p0049a14"}, {"level": "3", "n": "", "type": "其他", "text": "第六　結生之問", "head": "N63n0031_p0051a08"}, {"level": "3", "n": "", "type": "其他", "text": "第七　作意之問", "head": "N63n0031_p0052a03"}, {"level": "3", "n": "", "type": "其他", "text": "第八　作意特相之問", "head": "N63n0031_p0052a10"}, {"level": "3", "n": "", "type": "其他", "text": "第九　戒特相之問", "head": "N63n0031_p0053a08"}, {"level": "3", "n": "", "type": "其他", "text": "第十　信特相之問", "head": "N63n0031_p0056a03"}, {"level": "3", "n": "", "type": "其他", "text": "第十一　精進特相之問", "head": "N63n0031_p0058a10"}, {"level": "3", "n": "", "type": "其他", "text": "第十二　念特相之問", "head": "N63n0031_p0059a09"}, {"level": "3", "n": "", "type": "其他", "text": "第十三　定特相之問", "head": "N63n0031_p0061a14"}, {"level": "3", "n": "", "type": "其他", "text": "第十四　慧特相之問", "head": "N63n0031_p0062a13"}, {"level": "3", "n": "", "type": "其他", "text": "第十五　多種為一所作耶之問", "head": "N63n0031_p0063a11"}, {"level": "2", "n": "", "type": "其他", "text": "第二品", "head": "N63n0031_p0064a05"}, {"level": "3", "n": "", "type": "其他", "text": "第一　法相續之問", "head": "N63n0031_p0064a07"}, {"level": "3", "n": "", "type": "其他", "text": "第二　知不結生耶之問", "head": "N63n0031_p0066a13"}, {"level": "3", "n": "", "type": "其他", "text": "第三　慧消滅之問", "head": "N63n0031_p0067a14"}, {"level": "3", "n": "", "type": "其他", "text": "第四　涅槃之問", "head": "N63n0031_p0071a14"}, {"level": "3", "n": "", "type": "其他", "text": "第五　樂受之問", "head": "N63n0031_p0073a08"}, {"level": "3", "n": "", "type": "其他", "text": "第六　名色結生之問", "head": "N63n0031_p0075a03"}, {"level": "3", "n": "", "type": "其他", "text": "第七　再結生之問", "head": "N63n0031_p0079a10"}, {"level": "3", "n": "", "type": "其他", "text": "第八　名色之問", "head": "N63n0031_p0080a09"}, {"level": "3", "n": "", "type": "其他", "text": "第九　長時之問", "head": "N63n0031_p0081a06"}, {"level": "2", "n": "", "type": "其他", "text": "第三品", "head": "N63n0031_p0082a05"}, {"level": "3", "n": "", "type": "其他", "text": "第一　時間之問", "head": "N63n0031_p0082a07"}, {"level": "3", "n": "", "type": "其他", "text": "第二　最初之始〔是不能認識耶〕之問", "head": "N63n0031_p0083a01"}, {"level": "3", "n": "", "type": "其他", "text": "第三　最初始之問", "head": "N63n0031_p0085a06"}, {"level": "3", "n": "", "type": "其他", "text": "第四　諸行生耶之問", "head": "N63n0031_p0086a05"}, {"level": "3", "n": "", "type": "其他", "text": "第五　諸行現存在無有而生耶之問", "head": "N63n0031_p0087a04"}, {"level": "3", "n": "", "type": "其他", "text": "第六　靈之問", "head": "N63n0031_p0090a06"}, {"level": "3", "n": "", "type": "其他", "text": "第七　眼識意識之問", "head": "N63n0031_p0093a12"}, {"level": "3", "n": "", "type": "其他", "text": "第八　觸特相之問", "head": "N63n0031_p0097a11"}, {"level": "3", "n": "", "type": "其他", "text": "第九　受特相之問", "head": "N63n0031_p0098a14"}, {"level": "3", "n": "", "type": "其他", "text": "第十　想特相之問", "head": "N63n0031_p0099a11"}, {"level": "3", "n": "", "type": "其他", "text": "第十一　思特相之問", "head": "N63n0031_p0100a08"}, {"level": "3", "n": "", "type": "其他", "text": "第十二　識特相之問", "head": "N63n0031_p0101a07"}, {"level": "3", "n": "", "type": "其他", "text": "第十三　尋特相之問", "head": "N63n0031_p0102a03"}, {"level": "3", "n": "", "type": "其他", "text": "第十四　伺特相之問", "head": "N63n0031_p0102a11"}, {"level": "2", "n": "", "type": "其他", "text": "第四品", "head": "N63n0031_p0103a06"}, {"level": "3", "n": "", "type": "其他", "text": "第一　作意特相之問", "head": "N63n0031_p0103a07"}, {"level": "3", "n": "", "type": "其他", "text": "第二　〔分解而得〕諸法之合一〔耶〕之問", "head": "N63n0031_p0103a12"}, {"level": "3", "n": "", "type": "其他", "text": "第三　五處業所生之問", "head": "N63n0031_p0106a01"}, {"level": "3", "n": "", "type": "其他", "text": "第四　業別異之問", "head": "N63n0031_p0106a09"}, {"level": "3", "n": "", "type": "其他", "text": "第五　預作精進之問", "head": "N63n0031_p0107a08"}, {"level": "3", "n": "", "type": "其他", "text": "第六　自然火與地獄火熱之問", "head": "N63n0031_p0110a01"}, {"level": "3", "n": "", "type": "其他", "text": "第七　地住立之問", "head": "N63n0031_p0113a01"}, {"level": "3", "n": "", "type": "其他", "text": "第八　滅是涅槃耶之問", "head": "N63n0031_p0113a08"}, {"level": "3", "n": "", "type": "其他", "text": "第九　一切人得涅槃耶之問", "head": "N63n0031_p0114a05"}, {"level": "3", "n": "", "type": "其他", "text": "第十　知涅槃樂耶之問", "head": "N63n0031_p0114a11"}, {"level": "2", "n": "", "type": "其他", "text": "第五品", "head": "N63n0031_p0115a08"}, {"level": "3", "n": "", "type": "其他", "text": "第一　佛是實在耶不實在耶之問", "head": "N63n0031_p0115a10"}, {"level": "3", "n": "", "type": "其他", "text": "第二　佛是無上者耶之問", "head": "N63n0031_p0116a12"}, {"level": "3", "n": "", "type": "其他", "text": "第三　得知佛是無上者耶之問", "head": "N63n0031_p0117a09"}, {"level": "3", "n": "", "type": "其他", "text": "第四　見法耶之問", "head": "N63n0031_p0118a04"}, {"level": "3", "n": "", "type": "其他", "text": "第五　〔身〕不轉移而結生耶之問", "head": "N63n0031_p0118a09"}, {"level": "3", "n": "", "type": "其他", "text": "第六　靈之問", "head": "N63n0031_p0119a09"}, {"level": "3", "n": "", "type": "其他", "text": "第七　由此身轉移他身耶之問", "head": "N63n0031_p0119a14"}, {"level": "3", "n": "", "type": "其他", "text": "第八　業果存在狀態之問", "head": "N63n0031_p0120a13"}, {"level": "3", "n": "", "type": "其他", "text": "第九　知再生者應再生耶之問", "head": "N63n0031_p0121a11"}, {"level": "3", "n": "", "type": "其他", "text": "第十　佛所指示之問", "head": "N63n0031_p0122a06"}, {"level": "2", "n": "", "type": "其他", "text": "第六品", "head": "N63n0031_p0123a05"}, {"level": "3", "n": "", "type": "其他", "text": "第一　身不可愛之問", "head": "N63n0031_p0123a07"}, {"level": "3", "n": "", "type": "其他", "text": "第二　時機到來之問", "head": "N63n0031_p0124a12"}, {"level": "3", "n": "", "type": "其他", "text": "第三　三十二大人相之問", "head": "N63n0031_p0125a10"}, {"level": "3", "n": "", "type": "其他", "text": "第四　佛是梵行者耶之問", "head": "N63n0031_p0127a06"}, {"level": "3", "n": "", "type": "其他", "text": "第五　佛受具足戒耶之問", "head": "N63n0031_p0128a08"}, {"level": "3", "n": "", "type": "其他", "text": "第六　〔兩涕泣者之〕問", "head": "N63n0031_p0132a03"}, {"level": "3", "n": "", "type": "其他", "text": "第七　味覺知之問", "head": "N63n0031_p0132a10"}, {"level": "3", "n": "", "type": "其他", "text": "第八　慧所住之問", "head": "N63n0031_p0133a07"}, {"level": "3", "n": "", "type": "其他", "text": "第九　輪迴之問", "head": "N63n0031_p0134a02"}, {"level": "3", "n": "", "type": "其他", "text": "第十　久遠所作憶念之問", "head": "N63n0031_p0134a13"}, {"level": "3", "n": "", "type": "其他", "text": "第十一　念之問", "head": "N63n0031_p0135a09"}, {"level": "2", "n": "", "type": "其他", "text": "第七品", "head": "N63n0031_p0136a04"}, {"level": "3", "n": "", "type": "其他", "text": "第一　念行相之問", "head": "N63n0031_p0136a06"}, {"level": "3", "n": "", "type": "其他", "text": "第二　作百年非福之問", "head": "N63n0031_p0140a05"}, {"level": "3", "n": "", "type": "其他", "text": "第三　未來之問", "head": "N63n0031_p0141a14"}, {"level": "3", "n": "", "type": "其他", "text": "第四　對梵天界距離之問", "head": "N63n0031_p0145a03"}, {"level": "3", "n": "", "type": "其他", "text": "第五　梵天界與迦濕彌羅之問", "head": "N63n0031_p0146a04"}, {"level": "3", "n": "", "type": "其他", "text": "第六　往他界色之問", "head": "N63n0031_p0148a12"}, {"level": "3", "n": "", "type": "其他", "text": "第七　母胎結生之問", "head": "N63n0031_p0153a03"}, {"level": "3", "n": "", "type": "其他", "text": "第八　七覺支之問", "head": "N63n0031_p0154a04"}, {"level": "3", "n": "", "type": "其他", "text": "第九　惡與福何者為大耶之問", "head": "N63n0031_p0155a03"}, {"level": "3", "n": "", "type": "其他", "text": "第十　知作惡業與不知之問", "head": "N63n0031_p0155a14"}, {"level": "3", "n": "", "type": "其他", "text": "第十一　鬱單越洲之問", "head": "N63n0031_p0156a10"}, {"level": "3", "n": "", "type": "其他", "text": "第十二　長骨之問", "head": "N63n0031_p0157a10"}, {"level": "3", "n": "", "type": "其他", "text": "第十三　止滅出息入息之問", "head": "N63n0031_p0158a04"}, {"level": "3", "n": "", "type": "其他", "text": "第十四　海之問", "head": "N63n0031_p0159a02"}, {"level": "3", "n": "", "type": "其他", "text": "第十五　截斷最微細者之問", "head": "N63n0031_p0159a09"}, {"level": "3", "n": "", "type": "其他", "text": "第十六　慧所住之問", "head": "N63n0031_p0160a03"}, {"level": "3", "n": "", "type": "其他", "text": "第十七　識與慧與命之問", "head": "N63n0031_p0160a12"}, {"level": "3", "n": "", "type": "其他", "text": "第十八　非色法分析之問", "head": "N63n0031_p0161a11"}, {"level": "3", "n": "", "type": "其他", "text": "第十九　〔問答終〕", "head": "N63n0031_p0162a11"}, {"level": "1", "n": "", "type": "其他", "text": "別問", "head": "N63n0031_p0165a01"}, {"level": "2", "n": "", "type": "其他", "text": "瞿曇彌衣布施之問", "head": "N63n0031_p0165a04"}, {"level": "1", "n": "", "type": "其他", "text": "難問一", "head": "N63n0031_p0169a01"}, {"level": "2", "n": "", "type": "其他", "text": "前言", "head": "N63n0031_p0169a02"}, {"level": "2", "n": "", "type": "其他", "text": "第一品", "head": "N63n0031_p0178a01"}, {"level": "3", "n": "", "type": "其他", "text": "第一　般涅槃不望供養如來供養效無效之問", "head": "N63n0031_p0178a03"}, {"level": "3", "n": "", "type": "其他", "text": "第二　佛一切知性之問", "head": "N63n0031_p0187a01"}, {"level": "3", "n": "", "type": "其他", "text": "第三　依大悲一切知智之世尊而提婆達多出家之問", "head": "N63n0031_p0193a04"}, {"level": "3", "n": "", "type": "其他", "text": "第四　大地震動所出現八因八緣之問", "head": "N63n0031_p0200a04"}, {"level": "3", "n": "", "type": "其他", "text": "第五　尸毘王施眼之問", "head": "N63n0031_p0206a10"}, {"level": "3", "n": "", "type": "其他", "text": "第六　入胎之問", "head": "N63n0031_p0211a07"}, {"level": "3", "n": "", "type": "其他", "text": "第七　正法隱沒之問", "head": "N63n0031_p0219a10"}, {"level": "3", "n": "", "type": "其他", "text": "第八　世尊無餘滅盡〔一切〕不善而達一切知性耶之問", "head": "N63n0031_p0223a10"}, {"level": "3", "n": "", "type": "其他", "text": "第九　如來更作彼以上事之問", "head": "N63n0031_p0228a12"}, {"level": "3", "n": "", "type": "其他", "text": "第十　四神足之問", "head": "N63n0031_p0230a14"}, {"level": "2", "n": "", "type": "其他", "text": "第二品", "head": "N63n0031_p0233a01"}, {"level": "3", "n": "", "type": "其他", "text": "第一　小、隨小學處之問", "head": "N63n0031_p0233a03"}, {"level": "3", "n": "", "type": "其他", "text": "第二　問當捨置之問", "head": "N63n0031_p0235a04"}, {"level": "3", "n": "", "type": "其他", "text": "第三　死怖畏之問", "head": "N63n0031_p0236a14"}, {"level": "3", "n": "", "type": "其他", "text": "第四　脫死魔羂縛之問", "head": "N63n0031_p0243a01"}, {"level": "3", "n": "", "type": "其他", "text": "第五　世尊供養障礙之問", "head": "N63n0031_p0248a08"}, {"level": "3", "n": "", "type": "其他", "text": "第六　如來之一切有情饒益行之問", "head": "N63n0031_p0253a07"}, {"level": "3", "n": "", "type": "其他", "text": "第七　最勝法之問", "head": "N63n0031_p0256a13"}, {"level": "3", "n": "", "type": "其他", "text": "第八　如來之眾不分裂之問", "head": "N63n0031_p0259a09"}, {"level": "3", "n": "", "type": "其他", "text": "第九　不知惡行非福之問", "head": "N63n0031_p0260a13"}, {"level": "3", "n": "", "type": "其他", "text": "第十　世尊比丘伽那愛執之問", "head": "N63n0031_p0261a09"}, {"level": "2", "n": "", "type": "其他", "text": "第三品", "head": "N63n0031_p0263a06"}, {"level": "3", "n": "", "type": "其他", "text": "第一　馬陰藏示現之問", "head": "N63n0031_p0263a08"}, {"level": "3", "n": "", "type": "其他", "text": "第二　如來無粗語耶之問", "head": "N63n0031_p0266a12"}, {"level": "3", "n": "", "type": "其他", "text": "第三　樹無思之問", "head": "N63n0031_p0269a04"}, {"level": "3", "n": "", "type": "其他", "text": "第四　二施食大果之問", "head": "N63n0031_p0271a03"}, {"level": "3", "n": "", "type": "其他", "text": "第五　佛〔舍利〕供養之問", "head": "N63n0031_p0274a10"}, {"level": "3", "n": "", "type": "其他", "text": "第六　石片落於世尊足之問", "head": "N63n0031_p0277a05"}, {"level": "3", "n": "", "type": "其他", "text": "第七　唱偈而得食與作施論之問", "head": "N63n0031_p0279a11"}, {"level": "3", "n": "", "type": "其他", "text": "第八　說法休止之問", "head": "N63n0031_p0284a08"}, {"level": "3", "n": "", "type": "其他", "text": "第九　佛師之問", "head": "N63n0031_p0286a14"}, {"level": "3", "n": "", "type": "其他", "text": "第十　沙門之問", "head": "N63n0031_p0289a07"}, {"level": "2", "n": "", "type": "其他", "text": "第四品", "head": "N63n0031_p0291a01"}, {"level": "3", "n": "", "type": "其他", "text": "第一　讚言之問", "head": "N63n0031_p0291a03"}, {"level": "3", "n": "", "type": "其他", "text": "第二　不害與折伏之問", "head": "N63n0031_p0293a07"}, {"level": "3", "n": "", "type": "其他", "text": "第三　比丘退去之問", "head": "N63n0031_p0297a03"}, {"level": "3", "n": "", "type": "其他", "text": "第四　佛一切知者之問", "head": "N63n0031_p0298a12"}, {"level": "3", "n": "", "type": "其他", "text": "第五　無家無屋之問", "head": "N63n0031_p0300a04"}, {"level": "3", "n": "", "type": "其他", "text": "第六　胃自制之問", "head": "N63n0031_p0303a03"}, {"level": "3", "n": "", "type": "其他", "text": "第七　法律隱覆之問", "head": "N63n0031_p0305a08"}, {"level": "3", "n": "", "type": "其他", "text": "第八　妄語輕重之問", "head": "N63n0031_p0308a02"}, {"level": "3", "n": "", "type": "其他", "text": "第九　無上醫師之問", "head": "N63n0031_p0309a09"}]