[{"level": "1", "n": "", "type": "其他", "text": "一集", "head": "N19n0007_p0001a01"}, {"level": "2", "n": "", "type": "其他", "text": "第一　色等品", "head": "N19n0007_p0001a08"}, {"level": "2", "n": "", "type": "其他", "text": "第二　斷蓋品", "head": "N19n0007_p0003a10"}, {"level": "2", "n": "", "type": "其他", "text": "第三　無堪忍品", "head": "N19n0007_p0006a04"}, {"level": "2", "n": "", "type": "其他", "text": "第四　無調品", "head": "N19n0007_p0008a05"}, {"level": "2", "n": "", "type": "其他", "text": "第五　向與隱覆之品", "head": "N19n0007_p0010a02"}, {"level": "2", "n": "", "type": "其他", "text": "第六　彈指品", "head": "N19n0007_p0012a12"}, {"level": "2", "n": "", "type": "其他", "text": "第七　發精進等品", "head": "N19n0007_p0015a02"}, {"level": "2", "n": "", "type": "其他", "text": "第八　善友等品", "head": "N19n0007_p0017a07"}, {"level": "2", "n": "", "type": "其他", "text": "第九　放逸等品", "head": "N19n0007_p0019a11"}, {"level": "2", "n": "", "type": "其他", "text": "第十　非法等品", "head": "N19n0007_p0021a02"}, {"level": "2", "n": "", "type": "其他", "text": "第十一　非法等品", "head": "N19n0007_p0025a02"}, {"level": "2", "n": "", "type": "其他", "text": "第十二　無犯等品", "head": "N19n0007_p0026a06"}, {"level": "2", "n": "", "type": "其他", "text": "第十三　一人品", "head": "N19n0007_p0028a08"}, {"level": "2", "n": "", "type": "其他", "text": "第十四　是第一品", "head": "N19n0007_p0030a09"}, {"level": "2", "n": "", "type": "其他", "text": "第十五　無〔有是〕處品", "head": "N19n0007_p0033a11"}, {"level": "2", "n": "", "type": "其他", "text": "第十六　一法品", "head": "N19n0007_p0038a10"}, {"level": "2", "n": "", "type": "其他", "text": "第十七　種子品", "head": "N19n0007_p0039a08"}, {"level": "2", "n": "", "type": "其他", "text": "第十八　末伽梨品", "head": "N19n0007_p0042a11"}, {"level": "2", "n": "", "type": "其他", "text": "第十九　不放逸品", "head": "N19n0007_p0045a07"}, {"level": "2", "n": "", "type": "其他", "text": "第二十　靜慮品", "head": "N19n0007_p0049a05"}, {"level": "2", "n": "", "type": "其他", "text": "第二十一　靜慮品", "head": "N19n0007_p0058a13"}, {"level": "1", "n": "", "type": "其他", "text": "二集", "head": "N19n0007_p0063a02"}, {"level": "2", "n": "", "type": "其他", "text": "第一之五十經", "head": "N19n0007_p0063a03"}, {"level": "3", "n": "", "type": "其他", "text": "第一　科刑罰品", "head": "N19n0007_p0063a04"}, {"level": "3", "n": "", "type": "其他", "text": "第二　靜論品", "head": "N19n0007_p0069a11"}, {"level": "3", "n": "", "type": "其他", "text": "第三　愚人品", "head": "N19n0007_p0079a07"}, {"level": "3", "n": "", "type": "其他", "text": "第四　等心品", "head": "N19n0007_p0083a04"}, {"level": "3", "n": "", "type": "其他", "text": "第五　會眾品", "head": "N19n0007_p0094a12"}, {"level": "2", "n": "", "type": "其他", "text": "第二之五十經", "head": "N19n0007_p0104a11"}, {"level": "3", "n": "", "type": "其他", "text": "第六　人品", "head": "N19n0007_p0104a12"}, {"level": "3", "n": "", "type": "其他", "text": "第七　樂品", "head": "N19n0007_p0110a08"}, {"level": "3", "n": "", "type": "其他", "text": "第八　有品", "head": "N19n0007_p0114a07"}, {"level": "3", "n": "", "type": "其他", "text": "第九　法品", "head": "N19n0007_p0116a06"}, {"level": "3", "n": "", "type": "其他", "text": "第十　愚者品", "head": "N19n0007_p0117a13"}, {"level": "2", "n": "", "type": "其他", "text": "第三之五十經", "head": "N19n0007_p0124a02"}, {"level": "3", "n": "", "type": "其他", "text": "第十一　希望品", "head": "N19n0007_p0124a03"}, {"level": "3", "n": "", "type": "其他", "text": "第十二　希求品", "head": "N19n0007_p0127a12"}, {"level": "3", "n": "", "type": "其他", "text": "第十三　施品", "head": "N19n0007_p0133a10"}, {"level": "3", "n": "", "type": "其他", "text": "第十四　覆護品", "head": "N19n0007_p0136a05"}, {"level": "3", "n": "", "type": "其他", "text": "第十五　入定品", "head": "N19n0007_p0139a02"}, {"level": "2", "n": "", "type": "其他", "text": "餘經", "head": "N19n0007_p0140a11"}, {"level": "3", "n": "", "type": "其他", "text": "第十六　忿品", "head": "N19n0007_p0140a12"}, {"level": "3", "n": "", "type": "其他", "text": "第十七　品", "head": "N19n0007_p0146a11"}, {"level": "1", "n": "", "type": "其他", "text": "三集", "head": "N19n0007_p0151a07"}, {"level": "2", "n": "", "type": "其他", "text": "第一之五十經", "head": "N19n0007_p0151a08"}, {"level": "3", "n": "", "type": "其他", "text": "第一　愚人品", "head": "N19n0007_p0151a09"}, {"level": "4", "n": "", "type": "其他", "text": "一", "head": "N19n0007_p0151a10"}, {"level": "4", "n": "", "type": "其他", "text": "二", "head": "N19n0007_p0152a10"}, {"level": "4", "n": "", "type": "其他", "text": "三", "head": "N19n0007_p0153a04"}, {"level": "4", "n": "", "type": "其他", "text": "四", "head": "N19n0007_p0154a04"}, {"level": "4", "n": "", "type": "其他", "text": "五", "head": "N19n0007_p0154a11"}, {"level": "4", "n": "", "type": "其他", "text": "六", "head": "N19n0007_p0155a04"}, {"level": "4", "n": "", "type": "其他", "text": "七", "head": "N19n0007_p0155a09"}, {"level": "4", "n": "", "type": "其他", "text": "八", "head": "N19n0007_p0155a14"}, {"level": "4", "n": "", "type": "其他", "text": "九", "head": "N19n0007_p0156a08"}, {"level": "4", "n": "", "type": "其他", "text": "十", "head": "N19n0007_p0157a05"}, {"level": "3", "n": "", "type": "其他", "text": "第二　車匠品", "head": "N19n0007_p0158a05"}, {"level": "4", "n": "", "type": "其他", "text": "十一", "head": "N19n0007_p0158a06"}, {"level": "4", "n": "", "type": "其他", "text": "十二", "head": "N19n0007_p0159a02"}, {"level": "4", "n": "", "type": "其他", "text": "十三", "head": "N19n0007_p0160a02"}, {"level": "4", "n": "", "type": "其他", "text": "十四", "head": "N19n0007_p0162a12"}, {"level": "4", "n": "", "type": "其他", "text": "十五", "head": "N19n0007_p0164a06"}, {"level": "4", "n": "", "type": "其他", "text": "十六", "head": "N19n0007_p0167a05"}, {"level": "4", "n": "", "type": "其他", "text": "十七", "head": "N19n0007_p0168a11"}, {"level": "4", "n": "", "type": "其他", "text": "十八", "head": "N19n0007_p0169a04"}, {"level": "4", "n": "", "type": "其他", "text": "十九", "head": "N19n0007_p0169a11"}, {"level": "4", "n": "", "type": "其他", "text": "二十", "head": "N19n0007_p0170a14"}, {"level": "3", "n": "", "type": "其他", "text": "第三　人品", "head": "N19n0007_p0173a13"}, {"level": "4", "n": "", "type": "其他", "text": "二十一", "head": "N19n0007_p0173a14"}, {"level": "4", "n": "", "type": "其他", "text": "二十二", "head": "N19n0007_p0176a10"}, {"level": "4", "n": "", "type": "其他", "text": "二十三", "head": "N19n0007_p0178a04"}, {"level": "4", "n": "", "type": "其他", "text": "二十四", "head": "N19n0007_p0179a06"}, {"level": "4", "n": "", "type": "其他", "text": "二十五", "head": "N19n0007_p0180a03"}, {"level": "4", "n": "", "type": "其他", "text": "二十六", "head": "N19n0007_p0181a06"}, {"level": "4", "n": "", "type": "其他", "text": "二十七", "head": "N19n0007_p0183a03"}, {"level": "4", "n": "", "type": "其他", "text": "二十八", "head": "N19n0007_p0185a06"}, {"level": "4", "n": "", "type": "其他", "text": "二十九", "head": "N19n0007_p0186a08"}, {"level": "4", "n": "", "type": "其他", "text": "三十", "head": "N19n0007_p0188a04"}, {"level": "3", "n": "", "type": "其他", "text": "第四　天使品", "head": "N19n0007_p0192a07"}, {"level": "4", "n": "", "type": "其他", "text": "三十一", "head": "N19n0007_p0192a08"}, {"level": "4", "n": "", "type": "其他", "text": "三十二", "head": "N19n0007_p0193a07"}, {"level": "4", "n": "", "type": "其他", "text": "三十三", "head": "N19n0007_p0195a14"}, {"level": "4", "n": "", "type": "其他", "text": "三十四", "head": "N19n0007_p0198a05"}, {"level": "4", "n": "", "type": "其他", "text": "三十五", "head": "N19n0007_p0200a08"}, {"level": "4", "n": "", "type": "其他", "text": "三十六", "head": "N19n0007_p0206a04"}, {"level": "4", "n": "", "type": "其他", "text": "三十七", "head": "N19n0007_p0207a07"}, {"level": "4", "n": "", "type": "其他", "text": "三十八", "head": "N19n0007_p0209a05"}, {"level": "4", "n": "", "type": "其他", "text": "三十九", "head": "N19n0007_p0210a12"}, {"level": "4", "n": "", "type": "其他", "text": "四十", "head": "N19n0007_p0212a04"}, {"level": "3", "n": "", "type": "其他", "text": "第五　小品", "head": "N19n0007_p0217a13"}, {"level": "4", "n": "", "type": "其他", "text": "四十一", "head": "N19n0007_p0217a14"}, {"level": "4", "n": "", "type": "其他", "text": "四十二", "head": "N19n0007_p0218a05"}, {"level": "4", "n": "", "type": "其他", "text": "四十三", "head": "N19n0007_p0218a11"}, {"level": "4", "n": "", "type": "其他", "text": "四十四", "head": "N19n0007_p0219a01"}, {"level": "4", "n": "", "type": "其他", "text": "四十五", "head": "N19n0007_p0219a05"}, {"level": "4", "n": "", "type": "其他", "text": "四十六", "head": "N19n0007_p0219a14"}, {"level": "4", "n": "", "type": "其他", "text": "四十七", "head": "N19n0007_p0220a05"}, {"level": "4", "n": "", "type": "其他", "text": "四十八", "head": "N19n0007_p0220a10"}, {"level": "4", "n": "", "type": "其他", "text": "四十九", "head": "N19n0007_p0221a11"}, {"level": "4", "n": "", "type": "其他", "text": "五十", "head": "N19n0007_p0222a04"}, {"level": "2", "n": "", "type": "其他", "text": "第二之五十經", "head": "N19n0007_p0225a01"}, {"level": "3", "n": "", "type": "其他", "text": "第一　婆羅門品", "head": "N19n0007_p0225a02"}, {"level": "4", "n": "", "type": "其他", "text": "五十一", "head": "N19n0007_p0225a03"}, {"level": "4", "n": "", "type": "其他", "text": "五十二", "head": "N19n0007_p0226a04"}, {"level": "4", "n": "", "type": "其他", "text": "五十三", "head": "N19n0007_p0227a06"}, {"level": "4", "n": "", "type": "其他", "text": "五十四", "head": "N19n0007_p0228a08"}, {"level": "4", "n": "", "type": "其他", "text": "五十五", "head": "N19n0007_p0230a01"}, {"level": "4", "n": "", "type": "其他", "text": "五十六", "head": "N19n0007_p0231a04"}, {"level": "4", "n": "", "type": "其他", "text": "五十七", "head": "N19n0007_p0232a10"}, {"level": "4", "n": "", "type": "其他", "text": "五十八", "head": "N19n0007_p0235a11"}, {"level": "4", "n": "", "type": "其他", "text": "五十九", "head": "N19n0007_p0239a12"}, {"level": "4", "n": "", "type": "其他", "text": "六十", "head": "N19n0007_p0240a12"}, {"level": "3", "n": "", "type": "其他", "text": "第二　大品", "head": "N19n0007_p0250a02"}, {"level": "4", "n": "", "type": "其他", "text": "六十一", "head": "N19n0007_p0250a03"}, {"level": "4", "n": "", "type": "其他", "text": "六十二", "head": "N19n0007_p0256a07"}, {"level": "4", "n": "", "type": "其他", "text": "六十三", "head": "N19n0007_p0259a07"}, {"level": "4", "n": "", "type": "其他", "text": "六十四", "head": "N19n0007_p0264a13"}, {"level": "4", "n": "", "type": "其他", "text": "六十五", "head": "N19n0007_p0268a06"}, {"level": "4", "n": "", "type": "其他", "text": "六十六", "head": "N19n0007_p0275a12"}, {"level": "4", "n": "", "type": "其他", "text": "六十七", "head": "N19n0007_p0281a09"}, {"level": "4", "n": "", "type": "其他", "text": "六十八", "head": "N19n0007_p0284a12"}, {"level": "4", "n": "", "type": "其他", "text": "六十九", "head": "N19n0007_p0286a14"}, {"level": "4", "n": "", "type": "其他", "text": "七十", "head": "N19n0007_p0291a09"}, {"level": "3", "n": "", "type": "其他", "text": "第三　阿難品", "head": "N19n0007_p0308a02"}, {"level": "4", "n": "", "type": "其他", "text": "七十一", "head": "N19n0007_p0308a03"}, {"level": "4", "n": "", "type": "其他", "text": "七十二", "head": "N19n0007_p0310a10"}, {"level": "4", "n": "", "type": "其他", "text": "七十三", "head": "N19n0007_p0313a04"}, {"level": "4", "n": "", "type": "其他", "text": "七十四", "head": "N19n0007_p0314a13"}, {"level": "4", "n": "", "type": "其他", "text": "七十五", "head": "N19n0007_p0316a11"}, {"level": "4", "n": "", "type": "其他", "text": "七十六", "head": "N19n0007_p0318a03"}, {"level": "4", "n": "", "type": "其他", "text": "七十七", "head": "N19n0007_p0319a05"}, {"level": "4", "n": "", "type": "其他", "text": "七十八", "head": "N19n0007_p0320a07"}, {"level": "4", "n": "", "type": "其他", "text": "七十九", "head": "N19n0007_p0321a05"}, {"level": "4", "n": "", "type": "其他", "text": "八十", "head": "N19n0007_p0322a12"}, {"level": "3", "n": "", "type": "其他", "text": "第四　沙門品", "head": "N19n0007_p0327a08"}, {"level": "4", "n": "", "type": "其他", "text": "八十一", "head": "N19n0007_p0327a09"}, {"level": "4", "n": "", "type": "其他", "text": "八十二", "head": "N19n0007_p0328a08"}, {"level": "4", "n": "", "type": "其他", "text": "八十三", "head": "N19n0007_p0329a03"}, {"level": "4", "n": "", "type": "其他", "text": "八十四", "head": "N19n0007_p0330a02"}, {"level": "4", "n": "", "type": "其他", "text": "八十五", "head": "N19n0007_p0330a13"}, {"level": "4", "n": "", "type": "其他", "text": "八十六", "head": "N19n0007_p0332a09"}, {"level": "4", "n": "", "type": "其他", "text": "八十七", "head": "N19n0007_p0334a05"}, {"level": "4", "n": "", "type": "其他", "text": "八十八", "head": "N19n0007_p0335a10"}, {"level": "4", "n": "", "type": "其他", "text": "八十九", "head": "N19n0007_p0336a08"}, {"level": "4", "n": "", "type": "其他", "text": "九十", "head": "N19n0007_p0338a02"}, {"level": "3", "n": "", "type": "其他", "text": "第五　掬鹽品", "head": "N19n0007_p0343a12"}, {"level": "4", "n": "", "type": "其他", "text": "九十一", "head": "N19n0007_p0343a13"}, {"level": "4", "n": "", "type": "其他", "text": "九十二", "head": "N19n0007_p0344a14"}, {"level": "4", "n": "", "type": "其他", "text": "九十三", "head": "N19n0007_p0347a04"}, {"level": "4", "n": "", "type": "其他", "text": "九十四", "head": "N19n0007_p0348a14"}, {"level": "4", "n": "", "type": "其他", "text": "九十五", "head": "N19n0007_p0350a04"}, {"level": "4", "n": "", "type": "其他", "text": "九十六", "head": "N19n0007_p0351a07"}, {"level": "4", "n": "", "type": "其他", "text": "九十七", "head": "N19n0007_p0352a11"}, {"level": "4", "n": "", "type": "其他", "text": "九十八", "head": "N19n0007_p0354a02"}, {"level": "4", "n": "", "type": "其他", "text": "九十九", "head": "N19n0007_p0355a09"}, {"level": "4", "n": "", "type": "其他", "text": "一百", "head": "N19n0007_p0361a07"}, {"level": "2", "n": "", "type": "其他", "text": "第三之五十經", "head": "N19n0007_p0370a01"}, {"level": "3", "n": "", "type": "其他", "text": "第一　等覺品", "head": "N19n0007_p0370a02"}, {"level": "4", "n": "", "type": "其他", "text": "百一", "head": "N19n0007_p0370a03"}, {"level": "4", "n": "", "type": "其他", "text": "百二", "head": "N19n0007_p0371a09"}, {"level": "4", "n": "", "type": "其他", "text": "百三", "head": "N19n0007_p0372a13"}, {"level": "4", "n": "", "type": "其他", "text": "百四", "head": "N19n0007_p0373a03"}, {"level": "4", "n": "", "type": "其他", "text": "百五", "head": "N19n0007_p0373a07"}, {"level": "4", "n": "", "type": "其他", "text": "百六", "head": "N19n0007_p0374a11"}, {"level": "4", "n": "", "type": "其他", "text": "百七", "head": "N19n0007_p0375a09"}, {"level": "4", "n": "", "type": "其他", "text": "百八", "head": "N19n0007_p0376a03"}, {"level": "4", "n": "", "type": "其他", "text": "百九", "head": "N19n0007_p0376a11"}, {"level": "4", "n": "", "type": "其他", "text": "百十", "head": "N19n0007_p0377a14"}, {"level": "3", "n": "", "type": "其他", "text": "第二　惡趣品", "head": "N19n0007_p0380a04"}, {"level": "4", "n": "", "type": "其他", "text": "百十一", "head": "N19n0007_p0380a05"}, {"level": "4", "n": "", "type": "其他", "text": "百十二", "head": "N19n0007_p0380a10"}, {"level": "4", "n": "", "type": "其他", "text": "百十三", "head": "N19n0007_p0381a01"}, {"level": "4", "n": "", "type": "其他", "text": "百十四", "head": "N19n0007_p0381a13"}, {"level": "4", "n": "", "type": "其他", "text": "百十五", "head": "N19n0007_p0383a09"}, {"level": "4", "n": "", "type": "其他", "text": "百十六", "head": "N19n0007_p0385a13"}, {"level": "4", "n": "", "type": "其他", "text": "百十七", "head": "N19n0007_p0386a10"}, {"level": "4", "n": "", "type": "其他", "text": "百十八", "head": "N19n0007_p0388a05"}, {"level": "4", "n": "", "type": "其他", "text": "百十九", "head": "N19n0007_p0389a04"}, {"level": "4", "n": "", "type": "其他", "text": "百二十", "head": "N19n0007_p0391a01"}, {"level": "3", "n": "", "type": "其他", "text": "第三　拘尸那揭羅品", "head": "N19n0007_p0393a02"}, {"level": "4", "n": "", "type": "其他", "text": "百二十一", "head": "N19n0007_p0393a03"}, {"level": "4", "n": "", "type": "其他", "text": "百二十二", "head": "N19n0007_p0394a10"}, {"level": "4", "n": "", "type": "其他", "text": "百二十三", "head": "N19n0007_p0396a02"}, {"level": "4", "n": "", "type": "其他", "text": "百二十四", "head": "N19n0007_p0396a11"}, {"level": "4", "n": "", "type": "其他", "text": "百二十五", "head": "N19n0007_p0399a05"}, {"level": "4", "n": "", "type": "其他", "text": "百二十六", "head": "N19n0007_p0400a12"}, {"level": "4", "n": "", "type": "其他", "text": "百二十七", "head": "N19n0007_p0402a10"}, {"level": "4", "n": "", "type": "其他", "text": "百二十八", "head": "N19n0007_p0403a07"}, {"level": "4", "n": "", "type": "其他", "text": "百二十九", "head": "N19n0007_p0404a08"}, {"level": "4", "n": "", "type": "其他", "text": "百三十", "head": "N19n0007_p0405a03"}, {"level": "3", "n": "", "type": "其他", "text": "第四　戰士品", "head": "N19n0007_p0408a04"}, {"level": "4", "n": "", "type": "其他", "text": "百三十一", "head": "N19n0007_p0408a05"}, {"level": "4", "n": "", "type": "其他", "text": "百三十二", "head": "N19n0007_p0410a07"}, {"level": "4", "n": "", "type": "其他", "text": "百三十三", "head": "N19n0007_p0410a11"}, {"level": "4", "n": "", "type": "其他", "text": "百三十四", "head": "N19n0007_p0411a01"}, {"level": "4", "n": "", "type": "其他", "text": "百三十五", "head": "N19n0007_p0411a11"}, {"level": "4", "n": "", "type": "其他", "text": "百三十六", "head": "N19n0007_p0412a10"}, {"level": "4", "n": "", "type": "其他", "text": "百三十七", "head": "N19n0007_p0412a13"}, {"level": "4", "n": "", "type": "其他", "text": "百三十八", "head": "N19n0007_p0413a02"}, {"level": "4", "n": "", "type": "其他", "text": "百三十九", "head": "N19n0007_p0416a14"}, {"level": "4", "n": "", "type": "其他", "text": "百四十", "head": "N19n0007_p0418a01"}, {"level": "3", "n": "", "type": "其他", "text": "第五　吉祥品", "head": "N19n0007_p0420a12"}, {"level": "4", "n": "", "type": "其他", "text": "百四十一", "head": "N19n0007_p0420a13"}, {"level": "4", "n": "", "type": "其他", "text": "百四十二", "head": "N19n0007_p0421a06"}, {"level": "4", "n": "", "type": "其他", "text": "百四十三", "head": "N19n0007_p0421a13"}, {"level": "4", "n": "", "type": "其他", "text": "百四十四", "head": "N19n0007_p0422a03"}, {"level": "4", "n": "", "type": "其他", "text": "百四十五", "head": "N19n0007_p0422a07"}, {"level": "4", "n": "", "type": "其他", "text": "百四十六", "head": "N19n0007_p0423a01"}, {"level": "4", "n": "", "type": "其他", "text": "百四十七", "head": "N19n0007_p0423a04"}, {"level": "4", "n": "", "type": "其他", "text": "百四十八", "head": "N19n0007_p0423a07"}, {"level": "4", "n": "", "type": "其他", "text": "百四十九", "head": "N19n0007_p0423a12"}, {"level": "4", "n": "", "type": "其他", "text": "百五十", "head": "N19n0007_p0424a01"}, {"level": "2", "n": "", "type": "其他", "text": "餘經", "head": "N19n0007_p0425a05"}, {"level": "3", "n": "", "type": "其他", "text": "裸形品", "head": "N19n0007_p0425a06"}, {"level": "4", "n": "", "type": "其他", "text": "百五十一", "head": "N19n0007_p0425a07"}, {"level": "4", "n": "", "type": "其他", "text": "百五十二", "head": "N19n0007_p0427a07"}, {"level": "4", "n": "", "type": "其他", "text": "百五十三", "head": "N19n0007_p0428a10"}, {"level": "4", "n": "", "type": "其他", "text": "百五十四", "head": "N19n0007_p0429a02"}, {"level": "4", "n": "", "type": "其他", "text": "百五十五", "head": "N19n0007_p0429a05"}, {"level": "4", "n": "", "type": "其他", "text": "百五十六", "head": "N19n0007_p0429a08"}, {"level": "4", "n": "", "type": "其他", "text": "百五十七", "head": "N19n0007_p0429a11"}, {"level": "4", "n": "", "type": "其他", "text": "百五十八", "head": "N19n0007_p0429a14"}, {"level": "4", "n": "", "type": "其他", "text": "百五十九", "head": "N19n0007_p0430a03"}, {"level": "4", "n": "", "type": "其他", "text": "百六十", "head": "N19n0007_p0430a06"}, {"level": "4", "n": "", "type": "其他", "text": "百六十一", "head": "N19n0007_p0430a09"}, {"level": "4", "n": "", "type": "其他", "text": "百六十二", "head": "N19n0007_p0430a12"}, {"level": "4", "n": "", "type": "其他", "text": "百六十三", "head": "N19n0007_p0431a02"}, {"level": "3", "n": "", "type": "其他", "text": "攝句", "head": "N19n0007_p0432a07"}, {"level": "4", "n": "", "type": "其他", "text": "一　第一集", "head": "N19n0007_p0432a09"}, {"level": "4", "n": "", "type": "其他", "text": "二　第二集", "head": "N19n0007_p0434a06"}, {"level": "4", "n": "", "type": "其他", "text": "三　第三集", "head": "N19n0007_p0436a03"}]