[{"n": "1", "fun": "open", "head": "GA079n0081_p0015a01"}, {"n": "1", "fun": "close", "head": "GA079n0081_p0039a02"}, {"n": "2", "fun": "open", "head": "GA079n0081_p0041a01"}, {"n": "2", "fun": "close", "head": "GA079n0081_p0093a12"}, {"n": "3", "fun": "open", "head": "GA079n0081_p0095a01"}, {"n": "3", "fun": "close", "head": "GA079n0081_p0176a02"}, {"n": "4", "fun": "open", "head": "GA079n0081_p0177a01"}, {"n": "4", "fun": "close", "head": "GA079n0081_p0204a07"}, {"n": "5", "fun": "open", "head": "GA079n0081_p0205a01"}, {"n": "5", "fun": "close", "head": "GA079n0081_p0235a12"}, {"n": "6", "fun": "open", "head": "GA079n0081_p0237a01"}, {"n": "6", "fun": "close", "head": "GA079n0081_p0265a12"}, {"n": "7", "fun": "open", "head": "GA079n0081_p0267a01"}, {"n": "7", "fun": "close", "head": "GA079n0081_p0294a12"}, {"n": "8", "fun": "open", "head": "GA079n0081_p0295a01"}, {"n": "8", "fun": "close", "head": "GA079n0081_p0325a12"}]