[{"n": "1", "fun": "open", "head": "GA079n0081_p0015a01", "title": "清涼山志卷第一"}, {"n": "1", "fun": "close", "head": "GA079n0081_p0039a02", "title": "清涼山志卷第一終"}, {"n": "2", "fun": "open", "head": "GA079n0081_p0041a01", "title": "清涼山志卷第二"}, {"n": "2", "fun": "close", "head": "GA079n0081_p0093a12", "title": "《清涼山志》卷第二終"}, {"n": "3", "fun": "open", "head": "GA079n0081_p0095a01", "title": "清涼山志卷第三"}, {"n": "3", "fun": "close", "head": "GA079n0081_p0176a02", "title": "清涼山志卷第三終"}, {"n": "4", "fun": "open", "head": "GA079n0081_p0177a01", "title": "清涼山志卷第四"}, {"n": "4", "fun": "close", "head": "GA079n0081_p0204a07", "title": "清涼山志卷第四終"}, {"n": "5", "fun": "open", "head": "GA079n0081_p0205a01", "title": "清涼山志卷第五"}, {"n": "5", "fun": "close", "head": "GA079n0081_p0235a12", "title": "清涼山志卷第五終"}, {"n": "6", "fun": "open", "head": "GA079n0081_p0237a01", "title": "清涼山志卷第六"}, {"n": "6", "fun": "close", "head": "GA079n0081_p0265a12", "title": "清涼山志卷第六終"}, {"n": "7", "fun": "open", "head": "GA079n0081_p0267a01", "title": "清涼山志卷第七"}, {"n": "7", "fun": "close", "head": "GA079n0081_p0294a12", "title": "清涼山志卷第七終"}, {"n": "8", "fun": "open", "head": "GA079n0081_p0295a01", "title": "清涼山志卷第八"}, {"n": "8", "fun": "close", "head": "GA079n0081_p0325a12", "title": "清涼山志卷第八終"}]