[{"level": "1", "n": "", "type": "其他", "text": "題解", "head": "ZW05n0048_p0178a02"}, {"level": "1", "n": "", "type": "其他", "text": "譯文", "head": "ZW05n0048_p0178a25"}, {"level": "2", "n": "", "type": "其他", "text": "弁言", "head": "ZW05n0048_p0178a26"}, {"level": "2", "n": "", "type": "其他", "text": "觀身", "head": "ZW05n0048_p0179a15"}, {"level": "3", "n": "", "type": "其他", "text": "念入出息", "head": "ZW05n0048_p0179a15"}, {"level": "3", "n": "", "type": "其他", "text": "念身姿節", "head": "ZW05n0048_p0180a18"}, {"level": "3", "n": "", "type": "其他", "text": "明覺節", "head": "ZW05n0048_p0181a08"}, {"level": "3", "n": "", "type": "其他", "text": "厭想節", "head": "ZW05n0048_p0181a26"}, {"level": "3", "n": "", "type": "其他", "text": "觀四大節", "head": "ZW05n0048_p0182a22"}, {"level": "3", "n": "", "type": "其他", "text": "墓地觀一", "head": "ZW05n0048_p0183a14"}, {"level": "3", "n": "", "type": "其他", "text": "墓地觀二", "head": "ZW05n0048_p0184a02"}, {"level": "3", "n": "", "type": "其他", "text": "墓地觀三", "head": "ZW05n0048_p0184a16"}, {"level": "3", "n": "", "type": "其他", "text": "墓地觀四", "head": "ZW05n0048_p0185a04"}, {"level": "3", "n": "", "type": "其他", "text": "墓地觀五", "head": "ZW05n0048_p0185a17"}, {"level": "3", "n": "", "type": "其他", "text": "墓地觀六", "head": "ZW05n0048_p0186a05"}, {"level": "3", "n": "", "type": "其他", "text": "墓地觀七", "head": "ZW05n0048_p0186a19"}, {"level": "3", "n": "", "type": "其他", "text": "墓地觀八", "head": "ZW05n0048_p0187a07"}, {"level": "3", "n": "", "type": "其他", "text": "墓地觀九", "head": "ZW05n0048_p0187a20"}, {"level": "2", "n": "", "type": "其他", "text": "觀受", "head": "ZW05n0048_p0188a10"}, {"level": "2", "n": "", "type": "其他", "text": "觀心", "head": "ZW05n0048_p0189a10"}, {"level": "2", "n": "", "type": "其他", "text": "觀法", "head": "ZW05n0048_p0190a10"}, {"level": "3", "n": "", "type": "其他", "text": "五蓋", "head": "ZW05n0048_p0190a10"}, {"level": "3", "n": "", "type": "其他", "text": "五取蘊", "head": "ZW05n0048_p0191a21"}, {"level": "3", "n": "", "type": "其他", "text": "處節", "head": "ZW05n0048_p0192a14"}, {"level": "3", "n": "", "type": "其他", "text": "覺支", "head": "ZW05n0048_p0194a02"}, {"level": "3", "n": "", "type": "其他", "text": "四聖諦", "head": "ZW05n0048_p0195a16"}, {"level": "4", "n": "", "type": "其他", "text": "苦聖諦", "head": "ZW05n0048_p0195a23"}, {"level": "4", "n": "", "type": "其他", "text": "集聖諦", "head": "ZW05n0048_p0197a18"}, {"level": "4", "n": "", "type": "其他", "text": "滅聖諦", "head": "ZW05n0048_p0198a26"}, {"level": "4", "n": "", "type": "其他", "text": "道聖諦", "head": "ZW05n0048_p0200a03"}, {"level": "2", "n": "", "type": "其他", "text": "結語", "head": "ZW05n0048_p0201a18"}]