[{"level": "1", "n": "", "type": "其他", "text": "題解", "head": "ZW05n0047_p0129a02"}, {"level": "1", "n": "", "type": "其他", "text": "譯文", "head": "ZW05n0047_p0129a20"}, {"level": "2", "n": "", "type": "其他", "text": "關於項帶的問題", "head": "ZW05n0047_p0129a22"}, {"level": "2", "n": "", "type": "其他", "text": "關於驢子的問題", "head": "ZW05n0047_p0129a26"}, {"level": "2", "n": "", "type": "其他", "text": "關於變色龍的問題", "head": "ZW05n0047_p0130a04"}, {"level": "2", "n": "", "type": "其他", "text": "關於無情無義人的問題", "head": "ZW05n0047_p0130a11"}, {"level": "2", "n": "", "type": "其他", "text": "關於羊的問題", "head": "ZW05n0047_p0130a18"}, {"level": "2", "n": "", "type": "其他", "text": "關於財富的問題", "head": "ZW05n0047_p0132a16"}, {"level": "2", "n": "", "type": "其他", "text": "關於小路的問題", "head": "ZW05n0047_p0136a22"}, {"level": "2", "n": "", "type": "其他", "text": "關於母子的問題", "head": "ZW05n0047_p0137a03"}, {"level": "2", "n": "", "type": "其他", "text": "關於螢火蟲的問題", "head": "ZW05n0047_p0137a08"}, {"level": "2", "n": "", "type": "其他", "text": "關於秘密的問題", "head": "ZW05n0047_p0140a13"}, {"level": "2", "n": "", "type": "其他", "text": "（婚約）", "head": "ZW05n0047_p0145a15"}, {"level": "2", "n": "", "type": "其他", "text": "關於水妖的問題", "head": "ZW05n0047_p0173a04"}, {"level": "2", "n": "", "type": "其他", "text": "呼應", "head": "ZW05n0047_p0177a17"}]