[{"level": "1", "n": "", "type": "其他", "text": "題解", "head": "ZW05n0046_p0047a02"}, {"level": "1", "n": "", "type": "其他", "text": "譯文", "head": "ZW05n0046_p0047a16"}, {"level": "2", "n": "", "type": "其他", "text": "一、菩提品", "head": "ZW05n0046_p0047a18"}, {"level": "3", "n": "", "type": "其他", "text": "稱誦", "head": "ZW05n0046_p0047a19"}, {"level": "3", "n": "", "type": "其他", "text": "一、菩提經一", "head": "ZW05n0046_p0047a21"}, {"level": "3", "n": "", "type": "其他", "text": "二、菩提經二", "head": "ZW05n0046_p0048a09"}, {"level": "3", "n": "", "type": "其他", "text": "三、菩提經三", "head": "ZW05n0046_p0048a22"}, {"level": "3", "n": "", "type": "其他", "text": "四、尼拘陀經", "head": "ZW05n0046_p0049a15"}, {"level": "3", "n": "", "type": "其他", "text": "五、長老經", "head": "ZW05n0046_p0050a01"}, {"level": "3", "n": "", "type": "其他", "text": "六、迦葉經", "head": "ZW05n0046_p0050a13"}, {"level": "3", "n": "", "type": "其他", "text": "七、巴瓦經", "head": "ZW05n0046_p0051a01"}, {"level": "3", "n": "", "type": "其他", "text": "八、戰勝經", "head": "ZW05n0046_p0051a11"}, {"level": "3", "n": "", "type": "其他", "text": "九、螺髮經", "head": "ZW05n0046_p0052a02"}, {"level": "3", "n": "", "type": "其他", "text": "十、婆希經", "head": "ZW05n0046_p0052a12"}, {"level": "3", "n": "", "type": "其他", "text": "本品總攝", "head": "ZW05n0046_p0054a16"}, {"level": "2", "n": "", "type": "其他", "text": "二、目真鄰陀品", "head": "ZW05n0046_p0054a21"}, {"level": "3", "n": "", "type": "其他", "text": "一、目真鄰陀經", "head": "ZW05n0046_p0054a23"}, {"level": "3", "n": "", "type": "其他", "text": "二、王經", "head": "ZW05n0046_p0055a14"}, {"level": "3", "n": "", "type": "其他", "text": "三、杖經", "head": "ZW05n0046_p0056a10"}, {"level": "3", "n": "", "type": "其他", "text": "四、供養經", "head": "ZW05n0046_p0056a23"}, {"level": "3", "n": "", "type": "其他", "text": "五、居士經", "head": "ZW05n0046_p0057a18"}, {"level": "3", "n": "", "type": "其他", "text": "六、孕婦經", "head": "ZW05n0046_p0058a04"}, {"level": "3", "n": "", "type": "其他", "text": "七、獨子經", "head": "ZW05n0046_p0058a24"}, {"level": "3", "n": "", "type": "其他", "text": "八、蘇波婆沙經", "head": "ZW05n0046_p0059a13"}, {"level": "3", "n": "", "type": "其他", "text": "九、毗舍佉經", "head": "ZW05n0046_p0062a06"}, {"level": "3", "n": "", "type": "其他", "text": "十、跋提耶經", "head": "ZW05n0046_p0062a18"}, {"level": "3", "n": "", "type": "其他", "text": "本品總攝", "head": "ZW05n0046_p0063a25"}, {"level": "2", "n": "", "type": "其他", "text": "三、難陀品", "head": "ZW05n0046_p0064a05"}, {"level": "3", "n": "", "type": "其他", "text": "一、業經", "head": "ZW05n0046_p0064a07"}, {"level": "3", "n": "", "type": "其他", "text": "二、難陀經", "head": "ZW05n0046_p0064a17"}, {"level": "3", "n": "", "type": "其他", "text": "三、耶輸闍經", "head": "ZW05n0046_p0066a24"}, {"level": "3", "n": "", "type": "其他", "text": "四、舍利弗經", "head": "ZW05n0046_p0069a06"}, {"level": "3", "n": "", "type": "其他", "text": "五、拘律陀經", "head": "ZW05n0046_p0069a15"}, {"level": "3", "n": "", "type": "其他", "text": "六、畢陵迦經", "head": "ZW05n0046_p0069a24"}, {"level": "3", "n": "", "type": "其他", "text": "七、迦葉經", "head": "ZW05n0046_p0070a22"}, {"level": "3", "n": "", "type": "其他", "text": "八、托鉢經", "head": "ZW05n0046_p0071a21"}, {"level": "3", "n": "", "type": "其他", "text": "九、技藝經", "head": "ZW05n0046_p0072a21"}, {"level": "3", "n": "", "type": "其他", "text": "十、觀世經", "head": "ZW05n0046_p0073a21"}, {"level": "3", "n": "", "type": "其他", "text": "本品總攝", "head": "ZW05n0046_p0074a24"}, {"level": "2", "n": "", "type": "其他", "text": "四、彌凱耶品", "head": "ZW05n0046_p0075a04"}, {"level": "3", "n": "", "type": "其他", "text": "一、彌凱耶經", "head": "ZW05n0046_p0075a06"}, {"level": "3", "n": "", "type": "其他", "text": "二、高慢經", "head": "ZW05n0046_p0077a09"}, {"level": "3", "n": "", "type": "其他", "text": "三、牧牛人經", "head": "ZW05n0046_p0077a22"}, {"level": "3", "n": "", "type": "其他", "text": "四、月明經", "head": "ZW05n0046_p0078a19"}, {"level": "3", "n": "", "type": "其他", "text": "五、象經", "head": "ZW05n0046_p0080a01"}, {"level": "3", "n": "", "type": "其他", "text": "六、賓頭盧經", "head": "ZW05n0046_p0081a13"}, {"level": "3", "n": "", "type": "其他", "text": "七、舍利弗經", "head": "ZW05n0046_p0082a04"}, {"level": "3", "n": "", "type": "其他", "text": "八、孫陀利經", "head": "ZW05n0046_p0082a15"}, {"level": "3", "n": "", "type": "其他", "text": "九、優波塞那經", "head": "ZW05n0046_p0084a10"}, {"level": "3", "n": "", "type": "其他", "text": "十、舍利弗經", "head": "ZW05n0046_p0084a24"}, {"level": "3", "n": "", "type": "其他", "text": "本品總攝", "head": "ZW05n0046_p0085a08"}, {"level": "2", "n": "", "type": "其他", "text": "五、蘇那長老品", "head": "ZW05n0046_p0085a13"}, {"level": "3", "n": "", "type": "其他", "text": "一、王經", "head": "ZW05n0046_p0085a15"}, {"level": "3", "n": "", "type": "其他", "text": "二、短命經", "head": "ZW05n0046_p0086a10"}, {"level": "3", "n": "", "type": "其他", "text": "三、癩病者經", "head": "ZW05n0046_p0086a22"}, {"level": "3", "n": "", "type": "其他", "text": "四、兒童經", "head": "ZW05n0046_p0088a17"}, {"level": "3", "n": "", "type": "其他", "text": "五、布薩經", "head": "ZW05n0046_p0089a03"}, {"level": "3", "n": "", "type": "其他", "text": "六、蘇那經", "head": "ZW05n0046_p0093a09"}, {"level": "3", "n": "", "type": "其他", "text": "七、離波多經", "head": "ZW05n0046_p0096a01"}, {"level": "3", "n": "", "type": "其他", "text": "八、阿難經", "head": "ZW05n0046_p0096a11"}, {"level": "3", "n": "", "type": "其他", "text": "九、喧嘩經", "head": "ZW05n0046_p0097a01"}, {"level": "3", "n": "", "type": "其他", "text": "十、槃陀經", "head": "ZW05n0046_p0097a09"}, {"level": "3", "n": "", "type": "其他", "text": "本品總攝", "head": "ZW05n0046_p0097a18"}, {"level": "2", "n": "", "type": "其他", "text": "六、生盲品", "head": "ZW05n0046_p0098a01"}, {"level": "3", "n": "", "type": "其他", "text": "一、捨壽經", "head": "ZW05n0046_p0098a03"}, {"level": "3", "n": "", "type": "其他", "text": "二、螺髮外道經", "head": "ZW05n0046_p0100a04"}, {"level": "3", "n": "", "type": "其他", "text": "三、審思經", "head": "ZW05n0046_p0101a10"}, {"level": "3", "n": "", "type": "其他", "text": "四、種種外道經（一）", "head": "ZW05n0046_p0101a19"}, {"level": "3", "n": "", "type": "其他", "text": "五、種種外道經（二）", "head": "ZW05n0046_p0104a11"}, {"level": "3", "n": "", "type": "其他", "text": "六、種種外道經（三）", "head": "ZW05n0046_p0106a13"}, {"level": "3", "n": "", "type": "其他", "text": "七、須菩提經", "head": "ZW05n0046_p0108a19"}, {"level": "3", "n": "", "type": "其他", "text": "八、妓女經", "head": "ZW05n0046_p0109a04"}, {"level": "3", "n": "", "type": "其他", "text": "九、極度經", "head": "ZW05n0046_p0109a23"}, {"level": "3", "n": "", "type": "其他", "text": "十、如來現世經", "head": "ZW05n0046_p0110a08"}, {"level": "3", "n": "", "type": "其他", "text": "本品總攝", "head": "ZW05n0046_p0111a05"}, {"level": "2", "n": "", "type": "其他", "text": "七、小品", "head": "ZW05n0046_p0111a11"}, {"level": "3", "n": "", "type": "其他", "text": "一、跋提經（一）", "head": "ZW05n0046_p0111a13"}, {"level": "3", "n": "", "type": "其他", "text": "二、跋提經（二）", "head": "ZW05n0046_p0111a23"}, {"level": "3", "n": "", "type": "其他", "text": "三、貪慾經（一）", "head": "ZW05n0046_p0112a09"}, {"level": "3", "n": "", "type": "其他", "text": "四、貪慾經（二）", "head": "ZW05n0046_p0112a20"}, {"level": "3", "n": "", "type": "其他", "text": "五、跋提經（三）", "head": "ZW05n0046_p0113a05"}, {"level": "3", "n": "", "type": "其他", "text": "六、滅愛經", "head": "ZW05n0046_p0113a20"}, {"level": "3", "n": "", "type": "其他", "text": "七、滅戲論經", "head": "ZW05n0046_p0114a06"}, {"level": "3", "n": "", "type": "其他", "text": "八、迦旃延經", "head": "ZW05n0046_p0114a14"}, {"level": "3", "n": "", "type": "其他", "text": "九、井水經", "head": "ZW05n0046_p0114a24"}, {"level": "3", "n": "", "type": "其他", "text": "十、優填經", "head": "ZW05n0046_p0115a21"}, {"level": "3", "n": "", "type": "其他", "text": "本品總攝", "head": "ZW05n0046_p0116a13"}, {"level": "2", "n": "", "type": "其他", "text": "八、波吒離村人品", "head": "ZW05n0046_p0116a18"}, {"level": "3", "n": "", "type": "其他", "text": "一、涅槃經（一）", "head": "ZW05n0046_p0116a20"}, {"level": "3", "n": "", "type": "其他", "text": "二、涅槃經（二）", "head": "ZW05n0046_p0117a05"}, {"level": "3", "n": "", "type": "其他", "text": "三、涅槃經（三）", "head": "ZW05n0046_p0117a14"}, {"level": "3", "n": "", "type": "其他", "text": "四、涅槃經（四）", "head": "ZW05n0046_p0117a24"}, {"level": "3", "n": "", "type": "其他", "text": "五、純陀經", "head": "ZW05n0046_p0118a10"}, {"level": "3", "n": "", "type": "其他", "text": "六、波吒離村人經", "head": "ZW05n0046_p0121a18"}, {"level": "3", "n": "", "type": "其他", "text": "七、歧路經", "head": "ZW05n0046_p0125a01"}, {"level": "3", "n": "", "type": "其他", "text": "八、毗捨佉經", "head": "ZW05n0046_p0125a21"}, {"level": "3", "n": "", "type": "其他", "text": "九、陀驃經（一）", "head": "ZW05n0046_p0127a06"}, {"level": "3", "n": "", "type": "其他", "text": "十、陀驃經（二）", "head": "ZW05n0046_p0127a20"}, {"level": "3", "n": "", "type": "其他", "text": "本品總攝", "head": "ZW05n0046_p0128a07"}]