[{"level": "1", "n": "", "type": "其他", "text": "前言", "head": "ZW05n0050_p0397a04"}, {"level": "1", "n": "", "type": "其他", "text": "一、隋代入藏考辨", "head": "ZW05n0050_p0397a16"}, {"level": "1", "n": "", "type": "其他", "text": "二、天聖入藏考辨", "head": "ZW05n0050_p0401a19"}, {"level": "2", "n": "", "type": "其他", "text": "１、入藏時間", "head": "ZW05n0050_p0401a20"}, {"level": "2", "n": "", "type": "其他", "text": "２、所繫帙號", "head": "ZW05n0050_p0402a21"}, {"level": "2", "n": "", "type": "其他", "text": "３、從《天聖釋教總錄》看天台教典的入藏及帙號", "head": "ZW05n0050_p0403a11"}, {"level": "2", "n": "", "type": "其他", "text": "４、問題的提出", "head": "ZW05n0050_p0405a20"}, {"level": "2", "n": "", "type": "其他", "text": "５、《開寶藏》的流通形態", "head": "ZW05n0050_p0407a17"}, {"level": "2", "n": "", "type": "其他", "text": "６、問題的癥結", "head": "ZW05n0050_p0409a13"}, {"level": "2", "n": "", "type": "其他", "text": "７、結論", "head": "ZW05n0050_p0412a07"}, {"level": "2", "n": "", "type": "其他", "text": "８、餘論", "head": "ZW05n0050_p0412a22"}]