[{"n": "1", "fun": "open", "head": "GA081n0084_p0071a01", "title": "雞足山志卷之一"}, {"n": "1", "fun": "close", "head": "GA081n0084_p0095a09", "title": "卷之一終"}, {"n": "2", "fun": "open", "head": "GA081n0084_p0097a01", "title": "雞足山志卷之二"}, {"n": "2", "fun": "close", "head": "GA081n0084_p0193a09", "title": "二卷終"}, {"n": "3", "fun": "open", "head": "GA081n0084_p0195a01", "title": "雞足山志卷之三"}, {"n": "4", "fun": "open", "head": "GA081n0084_p0253a01", "title": "鷄足山志卷之四"}, {"n": "4", "fun": "close", "head": "GA081n0084_p0318a09", "title": "卷四終"}, {"n": "5", "fun": "open", "head": "GA081n0084_p0321a01", "title": "鷄足山志卷之五"}, {"n": "6", "fun": "open", "head": "GA081n0084_p0381a01", "title": "鷄足山志卷之六"}]