[{"n": "1", "fun": "open", "head": "GA081n0084_p0071a01"}, {"n": "1", "fun": "close", "head": "GA081n0084_p0095a09"}, {"n": "2", "fun": "open", "head": "GA081n0084_p0097a01"}, {"n": "2", "fun": "close", "head": "GA081n0084_p0193a09"}, {"n": "3", "fun": "open", "head": "GA081n0084_p0195a01"}, {"n": "4", "fun": "open", "head": "GA081n0084_p0253a01"}, {"n": "4", "fun": "close", "head": "GA081n0084_p0318a09"}, {"n": "5", "fun": "open", "head": "GA081n0084_p0321a01"}, {"n": "6", "fun": "open", "head": "GA081n0084_p0381a01"}]