[{"n": "1", "fun": "open", "head": "ZW04n0033_p0036a19", "title": "入菩薩行論廣解卷一"}, {"n": "2", "fun": "open", "head": "ZW04n0033_p0052a15", "title": "入菩薩行論廣解卷二"}, {"n": "3", "fun": "open", "head": "ZW04n0033_p0069a06", "title": "入菩薩行論廣解卷三"}, {"n": "4", "fun": "open", "head": "ZW04n0033_p0078a09", "title": "入菩薩行論廣解卷四"}, {"n": "5", "fun": "open", "head": "ZW04n0033_p0092a09", "title": "入菩薩行論廣解卷五"}, {"n": "6", "fun": "open", "head": "ZW04n0033_p0121a07", "title": "入菩薩行論廣解卷六"}, {"n": "7", "fun": "open", "head": "ZW04n0033_p0156a01", "title": "入菩薩行論廣解卷七"}, {"n": "8", "fun": "open", "head": "ZW04n0033_p0177a01", "title": "入菩薩行論廣解卷八"}, {"n": "9", "fun": "open", "head": "ZW04n0033_p0220a12", "title": "入菩薩行論廣解卷九"}, {"n": "10", "fun": "open", "head": "ZW04n0033_p0272a14", "title": "入菩薩行論廣解卷十"}]