[{"n": "1", "fun": "open", "head": "ZW04n0033_p0036a19"}, {"n": "2", "fun": "open", "head": "ZW04n0033_p0052a15"}, {"n": "3", "fun": "open", "head": "ZW04n0033_p0069a06"}, {"n": "4", "fun": "open", "head": "ZW04n0033_p0078a09"}, {"n": "5", "fun": "open", "head": "ZW04n0033_p0092a09"}, {"n": "6", "fun": "open", "head": "ZW04n0033_p0121a07"}, {"n": "7", "fun": "open", "head": "ZW04n0033_p0156a01"}, {"n": "8", "fun": "open", "head": "ZW04n0033_p0177a01"}, {"n": "9", "fun": "open", "head": "ZW04n0033_p0220a12"}, {"n": "10", "fun": "open", "head": "ZW04n0033_p0272a14"}]