[{"n": "001", "fun": "open", "head": "T27n1545_p0001a03"}, {"n": "001", "fun": "close", "head": "T27n1545_p0004c18"}, {"n": "002", "fun": "open", "head": "T27n1545_p0005b04"}, {"n": "002", "fun": "close", "head": "T27n1545_p0010b23"}, {"n": "003", "fun": "open", "head": "T27n1545_p0010c02"}, {"n": "003", "fun": "close", "head": "T27n1545_p0015b27"}, {"n": "004", "fun": "open", "head": "T27n1545_p0015c02"}, {"n": "004", "fun": "close", "head": "T27n1545_p0020b11"}, {"n": "005", "fun": "open", "head": "T27n1545_p0020b14"}, {"n": "005", "fun": "close", "head": "T27n1545_p0025b23"}, {"n": "006", "fun": "open", "head": "T27n1545_p0025c02"}, {"n": "006", "fun": "close", "head": "T27n1545_p0030c17"}, {"n": "007", "fun": "open", "head": "T27n1545_p0030c20"}, {"n": "007", "fun": "close", "head": "T27n1545_p0036a02"}, {"n": "008", "fun": "open", "head": "T27n1545_p0036a05"}, {"n": "008", "fun": "close", "head": "T27n1545_p0040c17"}, {"n": "009", "fun": "open", "head": "T27n1545_p0040c20"}, {"n": "009", "fun": "close", "head": "T27n1545_p0045c16"}, {"n": "010", "fun": "open", "head": "T27n1545_p0045c19"}, {"n": "010", "fun": "close", "head": "T27n1545_p0050c27"}, {"n": "011", "fun": "open", "head": "T27n1545_p0051a02"}, {"n": "011", "fun": "close", "head": "T27n1545_p0055c20"}, {"n": "012", "fun": "open", "head": "T27n1545_p0055c23"}, {"n": "012", "fun": "close", "head": "T27n1545_p0061b28"}, {"n": "013", "fun": "open", "head": "T27n1545_p0061c02"}, {"n": "013", "fun": "close", "head": "T27n1545_p0066c05"}, {"n": "014", "fun": "open", "head": "T27n1545_p0066c08"}, {"n": "014", "fun": "close", "head": "T27n1545_p0071c16"}, {"n": "015", "fun": "open", "head": "T27n1545_p0071c23"}, {"n": "015", "fun": "close", "head": "T27n1545_p0077a13"}, {"n": "016", "fun": "open", "head": "T27n1545_p0077a17"}, {"n": "016", "fun": "close", "head": "T27n1545_p0082b24"}, {"n": "017", "fun": "open", "head": "T27n1545_p0082c02"}, {"n": "017", "fun": "close", "head": "T27n1545_p0088a07"}, {"n": "018", "fun": "open", "head": "T27n1545_p0088a11"}, {"n": "018", "fun": "close", "head": "T27n1545_p0093c03"}, {"n": "019", "fun": "open", "head": "T27n1545_p0093c06"}, {"n": "019", "fun": "close", "head": "T27n1545_p0099a15"}, {"n": "020", "fun": "open", "head": "T27n1545_p0099a18"}, {"n": "020", "fun": "close", "head": "T27n1545_p0104b24"}, {"n": "021", "fun": "open", "head": "T27n1545_p0104c02"}, {"n": "021", "fun": "close", "head": "T27n1545_p0109c26"}, {"n": "022", "fun": "open", "head": "T27n1545_p0110a02"}, {"n": "022", "fun": "close", "head": "T27n1545_p0115b07"}, {"n": "023", "fun": "open", "head": "T27n1545_p0115b11"}, {"n": "023", "fun": "close", "head": "T27n1545_p0120c09"}, {"n": "024", "fun": "open", "head": "T27n1545_p0120c12"}, {"n": "024", "fun": "close", "head": "T27n1545_p0126a22"}, {"n": "025", "fun": "open", "head": "T27n1545_p0126b02"}, {"n": "025", "fun": "close", "head": "T27n1545_p0131b24"}, {"n": "026", "fun": "open", "head": "T27n1545_p0132a03"}, {"n": "026", "fun": "close", "head": "T27n1545_p0137a13"}, {"n": "027", "fun": "open", "head": "T27n1545_p0137a16"}, {"n": "027", "fun": "close", "head": "T27n1545_p0142b10"}, {"n": "028", "fun": "open", "head": "T27n1545_p0142b12"}, {"n": "028", "fun": "close", "head": "T27n1545_p0147c05"}, {"n": "029", "fun": "open", "head": "T27n1545_p0147c08"}, {"n": "029", "fun": "close", "head": "T27n1545_p0152c28"}, {"n": "030", "fun": "open", "head": "T27n1545_p0153a03"}, {"n": "030", "fun": "close", "head": "T27n1545_p0158a12"}, {"n": "031", "fun": "open", "head": "T27n1545_p0158a15"}, {"n": "031", "fun": "close", "head": "T27n1545_p0163a16"}, {"n": "032", "fun": "open", "head": "T27n1545_p0163a19"}, {"n": "032", "fun": "close", "head": "T27n1545_p0168c02"}, {"n": "033", "fun": "open", "head": "T27n1545_p0168c20"}, {"n": "033", "fun": "close", "head": "T27n1545_p0174c23"}, {"n": "034", "fun": "open", "head": "T27n1545_p0175a03"}, {"n": "034", "fun": "close", "head": "T27n1545_p0180a19"}, {"n": "035", "fun": "open", "head": "T27n1545_p0180a22"}, {"n": "035", "fun": "close", "head": "T27n1545_p0185a13"}, {"n": "036", "fun": "open", "head": "T27n1545_p0185a15"}, {"n": "036", "fun": "close", "head": "T27n1545_p0189c29"}, {"n": "037", "fun": "open", "head": "T27n1545_p0190a03"}, {"n": "037", "fun": "close", "head": "T27n1545_p0194c16"}, {"n": "038", "fun": "open", "head": "T27n1545_p0194c18"}, {"n": "038", "fun": "close", "head": "T27n1545_p0199c16"}, {"n": "039", "fun": "open", "head": "T27n1545_p0199c19"}, {"n": "039", "fun": "close", "head": "T27n1545_p0204c28"}, {"n": "040", "fun": "open", "head": "T27n1545_p0205a03"}, {"n": "040", "fun": "close", "head": "T27n1545_p0210a09"}, {"n": "041", "fun": "open", "head": "T27n1545_p0210a12"}, {"n": "041", "fun": "close", "head": "T27n1545_p0215b22"}, {"n": "042", "fun": "open", "head": "T27n1545_p0215b23"}, {"n": "042", "fun": "close", "head": "T27n1545_p0220c24"}, {"n": "043", "fun": "open", "head": "T27n1545_p0221a02"}, {"n": "043", "fun": "close", "head": "T27n1545_p0226a28"}, {"n": "044", "fun": "open", "head": "T27n1545_p0226b03"}, {"n": "044", "fun": "close", "head": "T27n1545_p0231b13"}, {"n": "045", "fun": "open", "head": "T27n1545_p0231b15"}, {"n": "045", "fun": "close", "head": "T27n1545_p0236b12"}, {"n": "046", "fun": "open", "head": "T27n1545_p0236b14"}, {"n": "046", "fun": "close", "head": "T27n1545_p0241b17"}, {"n": "047", "fun": "open", "head": "T27n1545_p0241b19"}, {"n": "047", "fun": "close", "head": "T27n1545_p0246c26"}, {"n": "048", "fun": "open", "head": "T27n1545_p0247a02"}, {"n": "048", "fun": "close", "head": "T27n1545_p0252a15"}, {"n": "049", "fun": "open", "head": "T27n1545_p0252a18"}, {"n": "049", "fun": "close", "head": "T27n1545_p0257a10"}, {"n": "050", "fun": "open", "head": "T27n1545_p0257a13"}, {"n": "050", "fun": "close", "head": "T27n1545_p0262a03"}, {"n": "051", "fun": "open", "head": "T27n1545_p0263a02"}, {"n": "051", "fun": "close", "head": "T27n1545_p0267c29"}, {"n": "052", "fun": "open", "head": "T27n1545_p0268a02"}, {"n": "052", "fun": "close", "head": "T27n1545_p0272c20"}, {"n": "053", "fun": "open", "head": "T27n1545_p0273a02"}, {"n": "053", "fun": "close", "head": "T27n1545_p0277c22"}, {"n": "054", "fun": "open", "head": "T27n1545_p0278a02"}, {"n": "054", "fun": "close", "head": "T27n1545_p0283a08"}, {"n": "055", "fun": "open", "head": "T27n1545_p0283a11"}, {"n": "055", "fun": "close", "head": "T27n1545_p0287c28"}, {"n": "056", "fun": "open", "head": "T27n1545_p0288a02"}, {"n": "056", "fun": "close", "head": "T27n1545_p0293a20"}, {"n": "057", "fun": "open", "head": "T27n1545_p0293a23"}, {"n": "057", "fun": "close", "head": "T27n1545_p0298a29"}, {"n": "058", "fun": "open", "head": "T27n1545_p0298b02"}, {"n": "058", "fun": "close", "head": "T27n1545_p0303a09"}, {"n": "059", "fun": "open", "head": "T27n1545_p0303a15"}, {"n": "059", "fun": "close", "head": "T27n1545_p0308a29"}, {"n": "060", "fun": "open", "head": "T27n1545_p0308b02"}, {"n": "060", "fun": "close", "head": "T27n1545_p0313b07"}, {"n": "061", "fun": "open", "head": "T27n1545_p0313b10"}, {"n": "061", "fun": "close", "head": "T27n1545_p0318c13"}, {"n": "062", "fun": "open", "head": "T27n1545_p0318c16"}, {"n": "062", "fun": "close", "head": "T27n1545_p0324a21"}, {"n": "063", "fun": "open", "head": "T27n1545_p0324b02"}, {"n": "063", "fun": "close", "head": "T27n1545_p0329c02"}, {"n": "064", "fun": "open", "head": "T27n1545_p0329c05"}, {"n": "064", "fun": "close", "head": "T27n1545_p0335a20"}, {"n": "065", "fun": "open", "head": "T27n1545_p0335a23"}, {"n": "065", "fun": "close", "head": "T27n1545_p0340b13"}, {"n": "066", "fun": "open", "head": "T27n1545_p0340b16"}, {"n": "066", "fun": "close", "head": "T27n1545_p0345b14"}, {"n": "067", "fun": "open", "head": "T27n1545_p0345b18"}, {"n": "067", "fun": "close", "head": "T27n1545_p0350b07"}, {"n": "068", "fun": "open", "head": "T27n1545_p0350b10"}, {"n": "068", "fun": "close", "head": "T27n1545_p0355c01"}, {"n": "069", "fun": "open", "head": "T27n1545_p0355c04"}, {"n": "069", "fun": "close", "head": "T27n1545_p0360c17"}, {"n": "070", "fun": "open", "head": "T27n1545_p0360c20"}, {"n": "070", "fun": "close", "head": "T27n1545_p0366a02"}, {"n": "071", "fun": "open", "head": "T27n1545_p0366a05"}, {"n": "071", "fun": "close", "head": "T27n1545_p0370c29"}, {"n": "072", "fun": "open", "head": "T27n1545_p0371a02"}, {"n": "072", "fun": "close", "head": "T27n1545_p0375c07"}, {"n": "073", "fun": "open", "head": "T27n1545_p0375c10"}, {"n": "073", "fun": "close", "head": "T27n1545_p0381a08"}, {"n": "074", "fun": "open", "head": "T27n1545_p0381a11"}, {"n": "074", "fun": "close", "head": "T27n1545_p0386a02"}, {"n": "075", "fun": "open", "head": "T27n1545_p0386a05"}, {"n": "075", "fun": "close", "head": "T27n1545_p0390c27"}, {"n": "076", "fun": "open", "head": "T27n1545_p0391a02"}, {"n": "076", "fun": "close", "head": "T27n1545_p0396a04"}, {"n": "077", "fun": "open", "head": "T27n1545_p0396a07"}, {"n": "077", "fun": "close", "head": "T27n1545_p0401a14"}, {"n": "078", "fun": "open", "head": "T27n1545_p0401a17"}, {"n": "078", "fun": "close", "head": "T27n1545_p0406a29"}, {"n": "079", "fun": "open", "head": "T27n1545_p0406b02"}, {"n": "079", "fun": "close", "head": "T27n1545_p0411b04"}, {"n": "080", "fun": "open", "head": "T27n1545_p0411b07"}, {"n": "080", "fun": "close", "head": "T27n1545_p0416b14"}, {"n": "081", "fun": "open", "head": "T27n1545_p0416b17"}, {"n": "081", "fun": "close", "head": "T27n1545_p0421c09"}, {"n": "082", "fun": "open", "head": "T27n1545_p0421c12"}, {"n": "082", "fun": "close", "head": "T27n1545_p0426c28"}, {"n": "083", "fun": "open", "head": "T27n1545_p0427a02"}, {"n": "083", "fun": "close", "head": "T27n1545_p0432a27"}, {"n": "084", "fun": "open", "head": "T27n1545_p0432b02"}, {"n": "084", "fun": "close", "head": "T27n1545_p0437b23"}, {"n": "085", "fun": "open", "head": "T27n1545_p0437c02"}, {"n": "085", "fun": "close", "head": "T27n1545_p0442b18"}, {"n": "086", "fun": "open", "head": "T27n1545_p0442b21"}, {"n": "086", "fun": "close", "head": "T27n1545_p0447c13"}, {"n": "087", "fun": "open", "head": "T27n1545_p0447c16"}, {"n": "087", "fun": "close", "head": "T27n1545_p0452b20"}, {"n": "088", "fun": "open", "head": "T27n1545_p0452b23"}, {"n": "088", "fun": "close", "head": "T27n1545_p0457b04"}, {"n": "089", "fun": "open", "head": "T27n1545_p0457b07"}, {"n": "089", "fun": "close", "head": "T27n1545_p0462c09"}, {"n": "090", "fun": "open", "head": "T27n1545_p0462c12"}, {"n": "090", "fun": "close", "head": "T27n1545_p0467c19"}, {"n": "091", "fun": "open", "head": "T27n1545_p0467c22"}, {"n": "091", "fun": "close", "head": "T27n1545_p0473b04"}, {"n": "092", "fun": "open", "head": "T27n1545_p0473b07"}, {"n": "092", "fun": "close", "head": "T27n1545_p0478c21"}, {"n": "093", "fun": "open", "head": "T27n1545_p0479a02"}, {"n": "093", "fun": "close", "head": "T27n1545_p0484a19"}, {"n": "094", "fun": "open", "head": "T27n1545_p0484a22"}, {"n": "094", "fun": "close", "head": "T27n1545_p0489b05"}, {"n": "095", "fun": "open", "head": "T27n1545_p0489b08"}, {"n": "095", "fun": "close", "head": "T27n1545_p0494b12"}, {"n": "096", "fun": "open", "head": "T27n1545_p0494b15"}, {"n": "096", "fun": "close", "head": "T27n1545_p0499c03"}, {"n": "097", "fun": "open", "head": "T27n1545_p0499c06"}, {"n": "097", "fun": "close", "head": "T27n1545_p0504c27"}, {"n": "098", "fun": "open", "head": "T27n1545_p0505a02"}, {"n": "098", "fun": "close", "head": "T27n1545_p0510a07"}, {"n": "099", "fun": "open", "head": "T27n1545_p0510a10"}, {"n": "099", "fun": "close", "head": "T27n1545_p0515b04"}, {"n": "100", "fun": "open", "head": "T27n1545_p0515b07"}, {"n": "100", "fun": "close", "head": "T27n1545_p0520b24"}, {"n": "101", "fun": "open", "head": "T27n1545_p0521a02"}, {"n": "101", "fun": "close", "head": "T27n1545_p0526a10"}, {"n": "102", "fun": "open", "head": "T27n1545_p0526a13"}, {"n": "102", "fun": "close", "head": "T27n1545_p0531a16"}, {"n": "103", "fun": "open", "head": "T27n1545_p0531a20"}, {"n": "103", "fun": "close", "head": "T27n1545_p0536b26"}, {"n": "104", "fun": "open", "head": "T27n1545_p0536c02"}, {"n": "104", "fun": "close", "head": "T27n1545_p0541c16"}, {"n": "105", "fun": "open", "head": "T27n1545_p0541c19"}, {"n": "105", "fun": "close", "head": "T27n1545_p0546c14"}, {"n": "106", "fun": "open", "head": "T27n1545_p0546c18"}, {"n": "106", "fun": "close", "head": "T27n1545_p0551c23"}, {"n": "107", "fun": "open", "head": "T27n1545_p0552a01"}, {"n": "107", "fun": "close", "head": "T27n1545_p0557a06"}, {"n": "108", "fun": "open", "head": "T27n1545_p0557a09"}, {"n": "108", "fun": "close", "head": "T27n1545_p0562a16"}, {"n": "109", "fun": "open", "head": "T27n1545_p0562a19"}, {"n": "109", "fun": "close", "head": "T27n1545_p0567b13"}, {"n": "110", "fun": "open", "head": "T27n1545_p0567b16"}, {"n": "110", "fun": "close", "head": "T27n1545_p0572c28"}, {"n": "111", "fun": "open", "head": "T27n1545_p0573a02"}, {"n": "111", "fun": "close", "head": "T27n1545_p0578a05"}, {"n": "112", "fun": "open", "head": "T27n1545_p0578a08"}, {"n": "112", "fun": "close", "head": "T27n1545_p0583a17"}, {"n": "113", "fun": "open", "head": "T27n1545_p0583a21"}, {"n": "113", "fun": "close", "head": "T27n1545_p0589c09"}, {"n": "114", "fun": "open", "head": "T27n1545_p0589c13"}, {"n": "114", "fun": "close", "head": "T27n1545_p0596a10"}, {"n": "115", "fun": "open", "head": "T27n1545_p0596a14"}, {"n": "115", "fun": "close", "head": "T27n1545_p0601b28"}, {"n": "116", "fun": "open", "head": "T27n1545_p0601c02"}, {"n": "116", "fun": "close", "head": "T27n1545_p0607a09"}, {"n": "117", "fun": "open", "head": "T27n1545_p0607a13"}, {"n": "117", "fun": "close", "head": "T27n1545_p0612b22"}, {"n": "118", "fun": "open", "head": "T27n1545_p0612c02"}, {"n": "118", "fun": "close", "head": "T27n1545_p0618a01"}, {"n": "119", "fun": "open", "head": "T27n1545_p0618a06"}, {"n": "119", "fun": "close", "head": "T27n1545_p0623b12"}, {"n": "120", "fun": "open", "head": "T27n1545_p0623b16"}, {"n": "120", "fun": "close", "head": "T27n1545_p0629a03"}, {"n": "121", "fun": "open", "head": "T27n1545_p0629a07"}, {"n": "121", "fun": "close", "head": "T27n1545_p0634b11"}, {"n": "122", "fun": "open", "head": "T27n1545_p0634b15"}, {"n": "122", "fun": "close", "head": "T27n1545_p0640b14"}, {"n": "123", "fun": "open", "head": "T27n1545_p0640b18"}, {"n": "123", "fun": "close", "head": "T27n1545_p0645c12"}, {"n": "124", "fun": "open", "head": "T27n1545_p0645c16"}, {"n": "124", "fun": "close", "head": "T27n1545_p0650b26"}, {"n": "125", "fun": "open", "head": "T27n1545_p0650c02"}, {"n": "125", "fun": "close", "head": "T27n1545_p0655c09"}, {"n": "126", "fun": "open", "head": "T27n1545_p0656a02"}, {"n": "126", "fun": "close", "head": "T27n1545_p0661b29"}, {"n": "127", "fun": "open", "head": "T27n1545_p0661c04"}, {"n": "127", "fun": "close", "head": "T27n1545_p0665c19"}, {"n": "128", "fun": "open", "head": "T27n1545_p0665c23"}, {"n": "128", "fun": "close", "head": "T27n1545_p0670b04"}, {"n": "129", "fun": "open", "head": "T27n1545_p0670b07"}, {"n": "129", "fun": "close", "head": "T27n1545_p0674c18"}, {"n": "130", "fun": "open", "head": "T27n1545_p0674c22"}, {"n": "130", "fun": "close", "head": "T27n1545_p0679a04"}, {"n": "131", "fun": "open", "head": "T27n1545_p0679a08"}, {"n": "131", "fun": "close", "head": "T27n1545_p0683b26"}, {"n": "132", "fun": "open", "head": "T27n1545_p0683c02"}, {"n": "132", "fun": "close", "head": "T27n1545_p0687c25"}, {"n": "133", "fun": "open", "head": "T27n1545_p0688a02"}, {"n": "133", "fun": "close", "head": "T27n1545_p0692a24"}, {"n": "134", "fun": "open", "head": "T27n1545_p0692b02"}, {"n": "134", "fun": "close", "head": "T27n1545_p0696b14"}, {"n": "135", "fun": "open", "head": "T27n1545_p0696b18"}, {"n": "135", "fun": "close", "head": "T27n1545_p0701a09"}, {"n": "136", "fun": "open", "head": "T27n1545_p0701a13"}, {"n": "136", "fun": "close", "head": "T27n1545_p0705b24"}, {"n": "137", "fun": "open", "head": "T27n1545_p0705c02"}, {"n": "137", "fun": "close", "head": "T27n1545_p0710b03"}, {"n": "138", "fun": "open", "head": "T27n1545_p0710b07"}, {"n": "138", "fun": "close", "head": "T27n1545_p0714b19"}, {"n": "139", "fun": "open", "head": "T27n1545_p0714b23"}, {"n": "139", "fun": "close", "head": "T27n1545_p0719b17"}, {"n": "140", "fun": "open", "head": "T27n1545_p0719b21"}, {"n": "140", "fun": "close", "head": "T27n1545_p0723c22"}, {"n": "141", "fun": "open", "head": "T27n1545_p0724a02"}, {"n": "141", "fun": "close", "head": "T27n1545_p0728b29"}, {"n": "142", "fun": "open", "head": "T27n1545_p0728c04"}, {"n": "142", "fun": "close", "head": "T27n1545_p0733a22"}, {"n": "143", "fun": "open", "head": "T27n1545_p0733b02"}, {"n": "143", "fun": "close", "head": "T27n1545_p0737c22"}, {"n": "144", "fun": "open", "head": "T27n1545_p0738a02"}, {"n": "144", "fun": "close", "head": "T27n1545_p0742c16"}, {"n": "145", "fun": "open", "head": "T27n1545_p0742c20"}, {"n": "145", "fun": "close", "head": "T27n1545_p0746c24"}, {"n": "146", "fun": "open", "head": "T27n1545_p0747a02"}, {"n": "146", "fun": "close", "head": "T27n1545_p0751b09"}, {"n": "147", "fun": "open", "head": "T27n1545_p0751b13"}, {"n": "147", "fun": "close", "head": "T27n1545_p0755c06"}, {"n": "148", "fun": "open", "head": "T27n1545_p0755c10"}, {"n": "148", "fun": "close", "head": "T27n1545_p0760a13"}, {"n": "149", "fun": "open", "head": "T27n1545_p0760a17"}, {"n": "149", "fun": "close", "head": "T27n1545_p0764a18"}, {"n": "150", "fun": "open", "head": "T27n1545_p0764a22"}, {"n": "150", "fun": "close", "head": "T27n1545_p0768b18"}, {"n": "151", "fun": "open", "head": "T27n1545_p0769a02"}, {"n": "151", "fun": "close", "head": "T27n1545_p0773a11"}, {"n": "152", "fun": "open", "head": "T27n1545_p0773a15"}, {"n": "152", "fun": "close", "head": "T27n1545_p0777b27"}, {"n": "153", "fun": "open", "head": "T27n1545_p0777c02"}, {"n": "153", "fun": "close", "head": "T27n1545_p0782a15"}, {"n": "154", "fun": "open", "head": "T27n1545_p0782a19"}, {"n": "154", "fun": "close", "head": "T27n1545_p0786c03"}, {"n": "155", "fun": "open", "head": "T27n1545_p0786c07"}, {"n": "155", "fun": "close", "head": "T27n1545_p0791a25"}, {"n": "156", "fun": "open", "head": "T27n1545_p0791b02"}, {"n": "156", "fun": "close", "head": "T27n1545_p0796a16"}, {"n": "157", "fun": "open", "head": "T27n1545_p0796a20"}, {"n": "157", "fun": "close", "head": "T27n1545_p0800c13"}, {"n": "158", "fun": "open", "head": "T27n1545_p0800c17"}, {"n": "158", "fun": "close", "head": "T27n1545_p0805b25"}, {"n": "159", "fun": "open", "head": "T27n1545_p0805c02"}, {"n": "159", "fun": "close", "head": "T27n1545_p0810a18"}, {"n": "160", "fun": "open", "head": "T27n1545_p0810a22"}, {"n": "160", "fun": "close", "head": "T27n1545_p0814c10"}, {"n": "161", "fun": "open", "head": "T27n1545_p0814c14"}, {"n": "161", "fun": "close", "head": "T27n1545_p0818c24"}, {"n": "162", "fun": "open", "head": "T27n1545_p0819a02"}, {"n": "162", "fun": "close", "head": "T27n1545_p0823c03"}, {"n": "163", "fun": "open", "head": "T27n1545_p0823c07"}, {"n": "163", "fun": "close", "head": "T27n1545_p0827c05"}, {"n": "164", "fun": "open", "head": "T27n1545_p0827c09"}, {"n": "164", "fun": "close", "head": "T27n1545_p0832a25"}, {"n": "165", "fun": "open", "head": "T27n1545_p0832b02"}, {"n": "165", "fun": "close", "head": "T27n1545_p0836c13"}, {"n": "166", "fun": "open", "head": "T27n1545_p0836c17"}, {"n": "166", "fun": "close", "head": "T27n1545_p0841b11"}, {"n": "167", "fun": "open", "head": "T27n1545_p0841b15"}, {"n": "167", "fun": "close", "head": "T27n1545_p0845c17"}, {"n": "168", "fun": "open", "head": "T27n1545_p0845c21"}, {"n": "168", "fun": "close", "head": "T27n1545_p0850b19"}, {"n": "169", "fun": "open", "head": "T27n1545_p0850b23"}, {"n": "169", "fun": "close", "head": "T27n1545_p0855a08"}, {"n": "170", "fun": "open", "head": "T27n1545_p0855a12"}, {"n": "170", "fun": "close", "head": "T27n1545_p0859c13"}, {"n": "171", "fun": "open", "head": "T27n1545_p0859c17"}, {"n": "171", "fun": "close", "head": "T27n1545_p0864b13"}, {"n": "172", "fun": "open", "head": "T27n1545_p0864b17"}, {"n": "172", "fun": "close", "head": "T27n1545_p0869b11"}, {"n": "173", "fun": "open", "head": "T27n1545_p0869b15"}, {"n": "173", "fun": "close", "head": "T27n1545_p0873c02"}, {"n": "174", "fun": "open", "head": "T27n1545_p0873c06"}, {"n": "174", "fun": "close", "head": "T27n1545_p0877c11"}, {"n": "175", "fun": "open", "head": "T27n1545_p0877c15"}, {"n": "175", "fun": "close", "head": "T27n1545_p0882a18"}, {"n": "176", "fun": "open", "head": "T27n1545_p0883a03"}, {"n": "176", "fun": "close", "head": "T27n1545_p0887b13"}, {"n": "177", "fun": "open", "head": "T27n1545_p0887b17"}, {"n": "177", "fun": "close", "head": "T27n1545_p0892a17"}, {"n": "178", "fun": "open", "head": "T27n1545_p0892a20"}, {"n": "178", "fun": "close", "head": "T27n1545_p0896c01"}, {"n": "179", "fun": "open", "head": "T27n1545_p0896c04"}, {"n": "179", "fun": "close", "head": "T27n1545_p0901c04"}, {"n": "180", "fun": "open", "head": "T27n1545_p0901c07"}, {"n": "180", "fun": "close", "head": "T27n1545_p0906b27"}, {"n": "181", "fun": "open", "head": "T27n1545_p0906c02"}, {"n": "181", "fun": "close", "head": "T27n1545_p0911b03"}, {"n": "182", "fun": "open", "head": "T27n1545_p0911b06"}, {"n": "182", "fun": "close", "head": "T27n1545_p0915b29"}, {"n": "183", "fun": "open", "head": "T27n1545_p0915c03"}, {"n": "183", "fun": "close", "head": "T27n1545_p0920c17"}, {"n": "184", "fun": "open", "head": "T27n1545_p0920c20"}, {"n": "184", "fun": "close", "head": "T27n1545_p0925b28"}, {"n": "185", "fun": "open", "head": "T27n1545_p0925c02"}, {"n": "185", "fun": "close", "head": "T27n1545_p0930a09"}, {"n": "186", "fun": "open", "head": "T27n1545_p0930a12"}, {"n": "186", "fun": "close", "head": "T27n1545_p0936b27"}, {"n": "187", "fun": "open", "head": "T27n1545_p0936c02"}, {"n": "187", "fun": "close", "head": "T27n1545_p0940c18"}, {"n": "188", "fun": "open", "head": "T27n1545_p0940c22"}, {"n": "188", "fun": "close", "head": "T27n1545_p0945a01"}, {"n": "189", "fun": "open", "head": "T27n1545_p0945a05"}, {"n": "189", "fun": "close", "head": "T27n1545_p0949b02"}, {"n": "190", "fun": "open", "head": "T27n1545_p0949b06"}, {"n": "190", "fun": "close", "head": "T27n1545_p0953b13"}, {"n": "191", "fun": "open", "head": "T27n1545_p0953b17"}, {"n": "191", "fun": "close", "head": "T27n1545_p0958b02"}, {"n": "192", "fun": "open", "head": "T27n1545_p0958b06"}, {"n": "192", "fun": "close", "head": "T27n1545_p0963c01"}, {"n": "193", "fun": "open", "head": "T27n1545_p0963c05"}, {"n": "193", "fun": "close", "head": "T27n1545_p0968b26"}, {"n": "194", "fun": "open", "head": "T27n1545_p0968c03"}, {"n": "194", "fun": "close", "head": "T27n1545_p0973a21"}, {"n": "195", "fun": "open", "head": "T27n1545_p0973b02"}, {"n": "195", "fun": "close", "head": "T27n1545_p0978b22"}, {"n": "196", "fun": "open", "head": "T27n1545_p0978c03"}, {"n": "196", "fun": "close", "head": "T27n1545_p0983a12"}, {"n": "197", "fun": "open", "head": "T27n1545_p0983a16"}, {"n": "197", "fun": "close", "head": "T27n1545_p0987c01"}, {"n": "198", "fun": "open", "head": "T27n1545_p0987c05"}, {"n": "198", "fun": "close", "head": "T27n1545_p0993a21"}, {"n": "199", "fun": "open", "head": "T27n1545_p0993b02"}, {"n": "199", "fun": "close", "head": "T27n1545_p0998b27"}, {"n": "200", "fun": "open", "head": "T27n1545_p0998c14"}, {"n": "200", "fun": "close", "head": "T27n1545_p1004a09"}]