[{"level": "1", "n": "", "type": "其他", "text": "塔銘", "head": "GA032n0032_p0527a04"}, {"level": "2", "n": "", "type": "其他", "text": "大慧普覺禪師塔銘", "head": "GA032n0032_p0527a05"}, {"level": "2", "n": "", "type": "其他", "text": "元叟端禪師塔銘", "head": "GA032n0032_p0535a05"}, {"level": "2", "n": "", "type": "其他", "text": "古,銘禪師塔銘", "head": "GA032n0032_p0543a07"}, {"level": "2", "n": "", "type": "其他", "text": "癡絕禪師行狀", "head": "GA032n0032_p0551a02"}, {"level": "2", "n": "", "type": "其他", "text": "竺遠源公塔銘", "head": "GA032n0032_p0560a02"}, {"level": "2", "n": "", "type": "其他", "text": "明辯正宗廣慧禪師徑山和尚及公塔銘", "head": "GA032n0032_p0564a03"}, {"level": "2", "n": "", "type": "其他", "text": "月江淨師圓照塔銘", "head": "GA032n0032_p0572a05"}, {"level": "2", "n": "", "type": "其他", "text": "雙徑林禪師塔銘", "head": "GA032n0032_p0577a05"}, {"level": "2", "n": "", "type": "其他", "text": "月亭得法師塔銘", "head": "GA032n0032_p0581a04"}, {"level": "2", "n": "", "type": "其他", "text": "幻予上人塔銘", "head": "GA032n0032_p0589a04"}, {"level": "2", "n": "", "type": "其他", "text": "紫栢大師塔銘", "head": "GA032n0032_p0593a07"}, {"level": "2", "n": "", "type": "其他", "text": "補遺：晦機熈禪師塔銘", "head": "GA032n0032_p0615a01"}, {"level": "1", "n": "", "type": "其他", "text": "碑記", "head": "GA032n0032_p0627a04"}, {"level": "2", "n": "", "type": "其他", "text": "徑山興聖萬壽禪寺記", "head": "GA032n0032_p0627a05"}, {"level": "2", "n": "", "type": "其他", "text": "徑山禪寺重建記", "head": "GA032n0032_p0635a06"}, {"level": "2", "n": "", "type": "其他", "text": "千僧閣記", "head": "GA032n0032_p0642a06"}, {"level": "2", "n": "", "type": "其他", "text": "圓覺閣記", "head": "GA032n0032_p0644a04"}, {"level": "2", "n": "", "type": "其他", "text": "雙溪化城接待寺記", "head": "GA032n0032_p0647a04"}, {"level": "2", "n": "", "type": "其他", "text": "徑山興聖萬壽禪寺重建碑", "head": "GA032n0032_p0650a03"}, {"level": "2", "n": "", "type": "其他", "text": "增修徑山興聖萬壽禪寺記", "head": "GA032n0032_p0656a03"}, {"level": "2", "n": "", "type": "其他", "text": "太平萬壽禪院元住持元傳法賜紫等覺大師慧源庄田記", "head": "GA032n0032_p0659a04"}, {"level": "2", "n": "", "type": "其他", "text": "清復徑山下院太平萬壽禪寺庄田碑記", "head": "GA032n0032_p0662a01"}, {"level": "2", "n": "", "type": "其他", "text": "重復雙溪化城接待寺碑記", "head": "GA032n0032_p0665a02"}, {"level": "2", "n": "", "type": "其他", "text": "凌霄峰記", "head": "GA032n0032_p0669a04"}, {"level": "2", "n": "", "type": "其他", "text": "瓶窑重建真寂禪院記", "head": "GA032n0032_p0670a09"}, {"level": "2", "n": "", "type": "其他", "text": "普慶福田寺記", "head": "GA032n0032_p0674a08"}, {"level": "2", "n": "", "type": "其他", "text": "寒翠樓記", "head": "GA032n0032_p0677a02"}, {"level": "2", "n": "", "type": "其他", "text": "種樹記", "head": "GA032n0032_p0679a03"}, {"level": "2", "n": "", "type": "其他", "text": "種樹記", "head": "GA032n0032_p0681a05"}, {"level": "1", "n": "", "type": "其他", "text": "游記", "head": "GA032n0032_p0685a01"}, {"level": "2", "n": "", "type": "其他", "text": "記徑山之游", "head": "GA032n0032_p0685a02"}, {"level": "2", "n": "", "type": "其他", "text": "游徑山記", "head": "GA032n0032_p0689a01"}, {"level": "2", "n": "", "type": "其他", "text": "游徑山記", "head": "GA032n0032_p0694a04"}, {"level": "2", "n": "", "type": "其他", "text": "游徑山記", "head": "GA032n0032_p0700a04"}, {"level": "2", "n": "", "type": "其他", "text": "徑山紀游", "head": "GA032n0032_p0704a04"}, {"level": "2", "n": "", "type": "其他", "text": "游徑山記", "head": "GA032n0032_p0715a02"}, {"level": "2", "n": "", "type": "其他", "text": "徑山游記", "head": "GA032n0032_p0723a03"}, {"level": "2", "n": "", "type": "其他", "text": "游大安寺記", "head": "GA032n0032_p0728a05"}, {"level": "2", "n": "", "type": "其他", "text": "游徑山記", "head": "GA032n0032_p0729a09"}, {"level": "1", "n": "", "type": "其他", "text": "書啓", "head": "GA032n0032_p0741a04"}, {"level": "2", "n": "", "type": "其他", "text": "答曾侍郎天游略", "head": "GA032n0032_p0741a05"}, {"level": "2", "n": "", "type": "其他", "text": "又", "head": "GA032n0032_p0745a05"}, {"level": "2", "n": "", "type": "其他", "text": "答李叅政漢老略", "head": "GA032n0032_p0746a06"}, {"level": "2", "n": "", "type": "其他", "text": "又", "head": "GA032n0032_p0748a05"}, {"level": "2", "n": "", "type": "其他", "text": "答江給事少明畧", "head": "GA032n0032_p0750a04"}, {"level": "2", "n": "", "type": "其他", "text": "答李參政別", "head": "GA032n0032_p0751a09"}, {"level": "2", "n": "", "type": "其他", "text": "答陳少卿季仕略", "head": "GA032n0032_p0753a02"}, {"level": "2", "n": "", "type": "其他", "text": "答許司理壽源", "head": "GA032n0032_p0755a03"}, {"level": "2", "n": "", "type": "其他", "text": "答劉寶學彥修略", "head": "GA032n0032_p0757a06"}, {"level": "2", "n": "", "type": "其他", "text": "答張丞相德遠", "head": "GA032n0032_p0758a06"}, {"level": "2", "n": "", "type": "其他", "text": "答張提刑暘叔略", "head": "GA032n0032_p0760a01"}, {"level": "2", "n": "", "type": "其他", "text": "答汪內翰彥章", "head": "GA032n0032_p0766a01"}, {"level": "2", "n": "", "type": "其他", "text": "答呂郎中隆禮略", "head": "GA032n0032_p0768a02"}, {"level": "2", "n": "", "type": "其他", "text": "答李叅政泰發", "head": "GA032n0032_p0770a09"}, {"level": "2", "n": "", "type": "其他", "text": "答大慧禪師書", "head": "GA032n0032_p0772a04"}, {"level": "2", "n": "", "type": "其他", "text": "上大慧禪師", "head": "GA032n0032_p0772a08"}, {"level": "2", "n": "", "type": "其他", "text": "又", "head": "GA032n0032_p0773a03"}, {"level": "2", "n": "", "type": "其他", "text": "上大慧禪師", "head": "GA032n0032_p0773a07"}, {"level": "2", "n": "", "type": "其他", "text": "召友人書", "head": "GA032n0032_p0774a04"}, {"level": "2", "n": "", "type": "其他", "text": "答寶月禪師", "head": "GA032n0032_p0775a01"}, {"level": "2", "n": "", "type": "其他", "text": "又", "head": "GA032n0032_p0776a03"}, {"level": "2", "n": "", "type": "其他", "text": "又", "head": "GA032n0032_p0776a09"}, {"level": "2", "n": "", "type": "其他", "text": "與徑山無畏惟琳禪師", "head": "GA032n0032_p0777a05"}, {"level": "2", "n": "", "type": "其他", "text": "又", "head": "GA032n0032_p0778a02"}, {"level": "2", "n": "", "type": "其他", "text": "又", "head": "GA032n0032_p0778a06"}, {"level": "2", "n": "", "type": "其他", "text": "請月江和尚住徑山啓", "head": "GA032n0032_p0779a02"}, {"level": "2", "n": "", "type": "其他", "text": "請月江和尚住徑山啓", "head": "GA032n0032_p0780a03"}, {"level": "2", "n": "", "type": "其他", "text": "請月江和尚住徑山", "head": "GA032n0032_p0781a04"}, {"level": "2", "n": "", "type": "其他", "text": "送一清天禪師住徑山", "head": "GA032n0032_p0782a03"}, {"level": "2", "n": "", "type": "其他", "text": "賀月林鏡禪師住持徑山啓", "head": "GA032n0032_p0783a04"}, {"level": "2", "n": "", "type": "其他", "text": "復仲淳、藏公支檀三法子憨郎書", "head": "GA032n0032_p0784a04"}, {"level": "2", "n": "", "type": "其他", "text": "請幻予、密藏二上人住徑山啓", "head": "GA032n0032_p0787a07"}, {"level": "2", "n": "", "type": "其他", "text": "請廓庵觀公住持徑山大,啓", "head": "GA032n0032_p0790a07"}, {"level": "2", "n": "", "type": "其他", "text": "請自光師住寂照書", "head": "GA032n0032_p0792a02"}, {"level": "2", "n": "", "type": "其他", "text": "請,居鎧公主刻藏", "head": "GA032n0032_p0793a06"}, {"level": "2", "n": "", "type": "其他", "text": "與鎧公", "head": "GA032n0032_p0794a06"}, {"level": "2", "n": "", "type": "其他", "text": "與鎧公", "head": "GA032n0032_p0795a02"}, {"level": "2", "n": "", "type": "其他", "text": "與鎧公", "head": "GA032n0032_p0795a07"}, {"level": "2", "n": "", "type": "其他", "text": "與鎧公", "head": "GA032n0032_p0796a05"}, {"level": "2", "n": "", "type": "其他", "text": "請徑山朗月泉住持龍居書", "head": "GA032n0032_p0797a07"}, {"level": "2", "n": "", "type": "其他", "text": "請徑山朗月泉書", "head": "GA032n0032_p0799a03"}, {"level": "2", "n": "", "type": "其他", "text": "請朗月泉住持龍居書", "head": "GA032n0032_p0800a05"}, {"level": "2", "n": "", "type": "其他", "text": "請慈門主化城", "head": "GA032n0032_p0802a01"}, {"level": "2", "n": "", "type": "其他", "text": "答錢太史", "head": "GA032n0032_p0803a03"}, {"level": "2", "n": "", "type": "其他", "text": "寄慈門師", "head": "GA032n0032_p0804a09"}, {"level": "2", "n": "", "type": "其他", "text": "答宋元實", "head": "GA032n0032_p0806a07"}, {"level": "2", "n": "", "type": "其他", "text": "與宋元實", "head": "GA032n0032_p0807a04"}, {"level": "2", "n": "", "type": "其他", "text": "與無從禪師", "head": "GA032n0032_p0808a08"}, {"level": "2", "n": "", "type": "其他", "text": "寄宋元實", "head": "GA032n0032_p0809a06"}, {"level": "2", "n": "", "type": "其他", "text": "答李孟芳居士", "head": "GA032n0032_p0810a05"}, {"level": "1", "n": "", "type": "其他", "text": "偈詠", "head": "GA032n0032_p0817a04"}, {"level": "2", "n": "", "type": "其他", "text": "契嵩一首", "head": "GA032n0032_p0817a05"}, {"level": "3", "n": "", "type": "其他", "text": "題徑山寺", "head": "GA032n0032_p0817a06"}, {"level": "2", "n": "", "type": "其他", "text": "道潜一首", "head": "GA032n0032_p0817a09"}, {"level": "3", "n": "", "type": "其他", "text": "游徑山懷司馬才仲", "head": "GA032n0032_p0818a01"}, {"level": "2", "n": "", "type": "其他", "text": "宗杲一首", "head": "GA032n0032_p0818a05"}, {"level": "3", "n": "", "type": "其他", "text": "寄無垢居士", "head": "GA032n0032_p0818a06"}, {"level": "2", "n": "", "type": "其他", "text": "東山空二首", "head": "GA032n0032_p0818a09"}, {"level": "3", "n": "", "type": "其他", "text": "送僧上徑山柬妙喜老子", "head": "GA032n0032_p0819a01"}, {"level": "2", "n": "", "type": "其他", "text": "道冲一首", "head": "GA032n0032_p0819a06"}, {"level": "3", "n": "", "type": "其他", "text": "朱居士化薑芋以實齋庖，因示之以偈", "head": "GA032n0032_p0819a07"}, {"level": "2", "n": "", "type": "其他", "text": "原肇六首", "head": "GA032n0032_p0820a06"}, {"level": "3", "n": "", "type": "其他", "text": "徑山天開圖畵", "head": "GA032n0032_p0820a07"}, {"level": "3", "n": "", "type": "其他", "text": "徑山冬日", "head": "GA032n0032_p0821a01"}, {"level": "3", "n": "", "type": "其他", "text": "喝石巖", "head": "GA032n0032_p0821a04"}, {"level": "3", "n": "", "type": "其他", "text": "菖蒲田", "head": "GA032n0032_p0821a08"}, {"level": "3", "n": "", "type": "其他", "text": "樹王", "head": "GA032n0032_p0822a03"}, {"level": "3", "n": "", "type": "其他", "text": "上淛翁和尚", "head": "GA032n0032_p0822a07"}, {"level": "2", "n": "", "type": "其他", "text": "行端三首", "head": "GA032n0032_p0823a02"}, {"level": "3", "n": "", "type": "其他", "text": "題徑山（二首）", "head": "GA032n0032_p0823a03"}, {"level": "3", "n": "", "type": "其他", "text": "趙、李、倪三居士建凌霄會求贈", "head": "GA032n0032_p0823a09"}, {"level": "2", "n": "", "type": "其他", "text": "砥平石一首", "head": "GA032n0032_p0825a04"}, {"level": "3", "n": "", "type": "其他", "text": "送藴藏主省徑山元叟和尚", "head": "GA032n0032_p0825a05"}, {"level": "2", "n": "", "type": "其他", "text": "祖銘七首", "head": "GA032n0032_p0825a09"}, {"level": "3", "n": "", "type": "其他", "text": "宿徑山娑羅林（二首）", "head": "GA032n0032_p0826a01"}, {"level": "4", "n": "", "type": "其他", "text": "其一", "head": "GA032n0032_p0826a02"}, {"level": "4", "n": "", "type": "其他", "text": "其二", "head": "GA032n0032_p0826a05"}, {"level": "3", "n": "", "type": "其他", "text": "堆珠峰", "head": "GA032n0032_p0826a09"}, {"level": "3", "n": "", "type": "其他", "text": "大人峰", "head": "GA032n0032_p0827a03"}, {"level": "3", "n": "", "type": "其他", "text": "鵬搏峰", "head": "GA032n0032_p0827a06"}, {"level": "3", "n": "", "type": "其他", "text": "宴坐峰", "head": "GA032n0032_p0827a09"}, {"level": "3", "n": "", "type": "其他", "text": "朝陽峰", "head": "GA032n0032_p0828a03"}, {"level": "2", "n": "", "type": "其他", "text": "智及一首", "head": "GA032n0032_p0828a06"}, {"level": "3", "n": "", "type": "其他", "text": "次韵賀象原禪師遷徑塢", "head": "GA032n0032_p0828a07"}, {"level": "2", "n": "", "type": "其他", "text": "僧聲二首", "head": "GA032n0032_p0829a02"}, {"level": "3", "n": "", "type": "其他", "text": "次韵寄徑山以中和尚", "head": "GA032n0032_p0829a03"}, {"level": "3", "n": "", "type": "其他", "text": "其一", "head": "GA032n0032_p0829a04"}, {"level": "3", "n": "", "type": "其他", "text": "其二", "head": "GA032n0032_p0829a07"}, {"level": "2", "n": "", "type": "其他", "text": "宗泐六首", "head": "GA032n0032_p0830a02"}, {"level": "3", "n": "", "type": "其他", "text": "曉晴流止亭看巖下眠雲", "head": "GA032n0032_p0830a03"}, {"level": "3", "n": "", "type": "其他", "text": "法華寺山房為曇公賦", "head": "GA032n0032_p0830a07"}, {"level": "3", "n": "", "type": "其他", "text": "長偈送印無相還徑山重蓋國一祖師塔院，兼簡海印老叔和尚", "head": "GA032n0032_p0831a02"}, {"level": "3", "n": "", "type": "其他", "text": "寄徑山南石禪師退居大安", "head": "GA032n0032_p0832a03"}, {"level": "4", "n": "", "type": "其他", "text": "其一", "head": "GA032n0032_p0832a04"}, {"level": "4", "n": "", "type": "其他", "text": "其二", "head": "GA032n0032_p0832a06"}, {"level": "4", "n": "", "type": "其他", "text": "其三", "head": "GA032n0032_p0832a08"}, {"level": "2", "n": "", "type": "其他", "text": "明本四首", "head": "GA032n0032_p0833a01"}, {"level": "3", "n": "", "type": "其他", "text": "密庵禪師", "head": "GA032n0032_p0833a03"}, {"level": "3", "n": "", "type": "其他", "text": "無準佛鑑禪師", "head": "GA032n0032_p0833a06"}, {"level": "3", "n": "", "type": "其他", "text": "晦機熈禪師", "head": "GA032n0032_p0833a09"}, {"level": "3", "n": "", "type": "其他", "text": "虛谷陵禪師", "head": "GA032n0032_p0834a05"}, {"level": "2", "n": "", "type": "其他", "text": "仁行中一首", "head": "GA032n0032_p0835a01"}, {"level": "3", "n": "", "type": "其他", "text": "次韵象原懷徑山", "head": "GA032n0032_p0835a02"}, {"level": "2", "n": "", "type": "其他", "text": "梵,七首", "head": "GA032n0032_p0835a06"}, {"level": "3", "n": "", "type": "其他", "text": "送徑山空維那", "head": "GA032n0032_p0835a07"}, {"level": "3", "n": "", "type": "其他", "text": "題徑山", "head": "GA032n0032_p0836a03"}, {"level": "3", "n": "", "type": "其他", "text": "送弘藏主還徑山兼柬西白首座", "head": "GA032n0032_p0836a07"}, {"level": "3", "n": "", "type": "其他", "text": "送明禪人往叅徑山兼簡古鼎和尚", "head": "GA032n0032_p0837a04"}, {"level": "3", "n": "", "type": "其他", "text": "送徑山英首座歸鄞", "head": "GA032n0032_p0837a09"}, {"level": "3", "n": "", "type": "其他", "text": "送徑山一藏主", "head": "GA032n0032_p0838a06"}, {"level": "3", "n": "", "type": "其他", "text": "賀徑山永首座", "head": "GA032n0032_p0839a02"}, {"level": "2", "n": "", "type": "其他", "text": "栯堂益一首", "head": "GA032n0032_p0839a06"}, {"level": "3", "n": "", "type": "其他", "text": "題徑山", "head": "GA032n0032_p0839a07"}, {"level": "2", "n": "", "type": "其他", "text": "僧祥一首", "head": "GA032n0032_p0840a02"}, {"level": "3", "n": "", "type": "其他", "text": "題雨篷", "head": "GA032n0032_p0840a03"}, {"level": "2", "n": "", "type": "其他", "text": "普莊五首", "head": "GA032n0032_p0840a07"}, {"level": "3", "n": "", "type": "其他", "text": "龍河遇敬,禪師，出示塗毒和尚真跡，用韵為贈", "head": "GA032n0032_p0840a08"}, {"level": "3", "n": "", "type": "其他", "text": "其一", "head": "GA032n0032_p0840a09"}, {"level": "3", "n": "", "type": "其他", "text": "其二", "head": "GA032n0032_p0841a02"}, {"level": "3", "n": "", "type": "其他", "text": "其三", "head": "GA032n0032_p0841a04"}, {"level": "3", "n": "", "type": "其他", "text": "其四", "head": "GA032n0032_p0841a06"}, {"level": "3", "n": "", "type": "其他", "text": "其五", "head": "GA032n0032_p0841a08"}, {"level": "2", "n": "", "type": "其他", "text": "文琇一首", "head": "GA032n0032_p0842a01"}, {"level": "3", "n": "", "type": "其他", "text": "敬菴禪師見訪北山松院敘舊次韵", "head": "GA032n0032_p0842a02"}, {"level": "2", "n": "", "type": "其他", "text": "宗淨二首", "head": "GA032n0032_p0842a06"}, {"level": "3", "n": "", "type": "其他", "text": "京師問徑山之勝，老子倦荅示之以偈", "head": "GA032n0032_p0842a07"}, {"level": "3", "n": "", "type": "其他", "text": "退居東堂偈", "head": "GA032n0032_p0843a01"}, {"level": "2", "n": "", "type": "其他", "text": "僧頃一首", "head": "GA032n0032_p0843a04"}, {"level": "3", "n": "", "type": "其他", "text": "住徑山作", "head": "GA032n0032_p0843a05"}, {"level": "2", "n": "", "type": "其他", "text": "道衍一首", "head": "GA032n0032_p0843a09"}, {"level": "3", "n": "", "type": "其他", "text": "琇公禪師新命住持徑山，無以為贈，賦詩以駕之", "head": "GA032n0032_p0844a01"}, {"level": "2", "n": "", "type": "其他", "text": "曇讃一首", "head": "GA032n0032_p0845a01"}, {"level": "3", "n": "", "type": "其他", "text": "讃月江和尚", "head": "GA032n0032_p0845a02"}, {"level": "2", "n": "", "type": "其他", "text": "僧珉二首", "head": "GA032n0032_p0845a07"}, {"level": "3", "n": "", "type": "其他", "text": "題大安東谿草堂", "head": "GA032n0032_p0845a08"}, {"level": "3", "n": "", "type": "其他", "text": "讃達磨祖師", "head": "GA032n0032_p0846a03"}, {"level": "2", "n": "", "type": "其他", "text": "僧鏡一首", "head": "GA032n0032_p0846a07"}, {"level": "3", "n": "", "type": "其他", "text": "贈琳座元職滿解回嘉禾漏澤寺住持", "head": "GA032n0032_p0846a08"}, {"level": "2", "n": "", "type": "其他", "text": "來復一首", "head": "GA032n0032_p0847a04"}, {"level": "3", "n": "", "type": "其他", "text": "宿徑山天瑞院次虞伯生韵", "head": "GA032n0032_p0847a05"}, {"level": "2", "n": "", "type": "其他", "text": "景隆一首", "head": "GA032n0032_p0847a08"}, {"level": "3", "n": "", "type": "其他", "text": "送僧歸徑山", "head": "GA032n0032_p0847a09"}, {"level": "2", "n": "", "type": "其他", "text": "祖福一首", "head": "GA032n0032_p0848a04"}, {"level": "3", "n": "", "type": "其他", "text": "禮佛日大師塔", "head": "GA032n0032_p0848a05"}, {"level": "2", "n": "", "type": "其他", "text": "真可二首", "head": "GA032n0032_p0848a09"}, {"level": "3", "n": "", "type": "其他", "text": "登徑山作", "head": "GA032n0032_p0849a01"}, {"level": "3", "n": "", "type": "其他", "text": "弔千松得法師", "head": "GA032n0032_p0852a09"}, {"level": "2", "n": "", "type": "其他", "text": "如空一首", "head": "GA032n0032_p0853a03"}, {"level": "3", "n": "", "type": "其他", "text": "徑山竹箆子", "head": "GA032n0032_p0853a04"}, {"level": "2", "n": "", "type": "其他", "text": "性冲二首", "head": "GA032n0032_p0853a07"}, {"level": "3", "n": "", "type": "其他", "text": "題徑山植樹行者", "head": "GA032n0032_p0853a08"}, {"level": "3", "n": "", "type": "其他", "text": "徑山回至圓明禪院關居", "head": "GA032n0032_p0854a08"}, {"level": "2", "n": "", "type": "其他", "text": "龍大淵三首", "head": "GA032n0032_p0855a02"}, {"level": "3", "n": "", "type": "其他", "text": "明月堂", "head": "GA032n0032_p0855a03"}, {"level": "3", "n": "", "type": "其他", "text": "含暉亭", "head": "GA032n0032_p0855a07"}, {"level": "3", "n": "", "type": "其他", "text": "凌霄閣", "head": "GA032n0032_p0856a02"}, {"level": "2", "n": "", "type": "其他", "text": "廣詢二首", "head": "GA032n0032_p0856a06"}, {"level": "3", "n": "", "type": "其他", "text": "登徑山次蘇長公韵", "head": "GA032n0032_p0856a07"}, {"level": "3", "n": "", "type": "其他", "text": "徑山看竹", "head": "GA032n0032_p0857a03"}, {"level": "2", "n": "", "type": "其他", "text": "玄讃二首", "head": "GA032n0032_p0857a07"}, {"level": "3", "n": "", "type": "其他", "text": "贈梅菴", "head": "GA032n0032_p0857a08"}, {"level": "3", "n": "", "type": "其他", "text": "贈玉峰", "head": "GA032n0032_p0858a03"}, {"level": "2", "n": "", "type": "其他", "text": "介軒雝一首", "head": "GA032n0032_p0859a02"}, {"level": "3", "n": "", "type": "其他", "text": "題徑山", "head": "GA032n0032_p0859a03"}, {"level": "2", "n": "", "type": "其他", "text": "德清四首", "head": "GA032n0032_p0859a07"}, {"level": "3", "n": "", "type": "其他", "text": "登凌霄峰", "head": "GA032n0032_p0859a08"}, {"level": "3", "n": "", "type": "其他", "text": "示徑山靜主", "head": "GA032n0032_p0860a03"}, {"level": "3", "n": "", "type": "其他", "text": "示若野禪人從黃梅走南嶽復叅雙徑", "head": "GA032n0032_p0860a06"}, {"level": "3", "n": "", "type": "其他", "text": "寄徑山廓菴堂主", "head": "GA032n0032_p0860a09"}, {"level": "2", "n": "", "type": "其他", "text": "月珠一首", "head": "GA032n0032_p0861a03"}, {"level": "3", "n": "", "type": "其他", "text": "贈隱翠禪師", "head": "GA032n0032_p0861a04"}, {"level": "2", "n": "", "type": "其他", "text": "法乗四首", "head": "GA032n0032_p0861a08"}, {"level": "3", "n": "", "type": "其他", "text": "贈澹居弟", "head": "GA032n0032_p0861a09"}, {"level": "3", "n": "", "type": "其他", "text": "化城", "head": "GA032n0032_p0862a04"}, {"level": "3", "n": "", "type": "其他", "text": "大佛殿", "head": "GA032n0032_p0862a08"}, {"level": "3", "n": "", "type": "其他", "text": "徑山招等慈師", "head": "GA032n0032_p0863a03"}, {"level": "2", "n": "", "type": "其他", "text": "法鎧四首", "head": "GA032n0032_p0863a08"}, {"level": "3", "n": "", "type": "其他", "text": "山居", "head": "GA032n0032_p0863a09"}, {"level": "4", "n": "", "type": "其他", "text": "其一", "head": "GA032n0032_p0864a01"}, {"level": "4", "n": "", "type": "其他", "text": "其二", "head": "GA032n0032_p0864a03"}, {"level": "4", "n": "", "type": "其他", "text": "其三", "head": "GA032n0032_p0864a05"}, {"level": "3", "n": "", "type": "其他", "text": "訪自光法姪", "head": "GA032n0032_p0864a07"}, {"level": "2", "n": "", "type": "其他", "text": "圓澄一首", "head": "GA032n0032_p0865a01"}, {"level": "3", "n": "", "type": "其他", "text": "和憨山老人為紫栢尊者秉炬偈", "head": "GA032n0032_p0865a02"}, {"level": "2", "n": "", "type": "其他", "text": "廣化一首", "head": "GA032n0032_p0866a02"}, {"level": "3", "n": "", "type": "其他", "text": "江上懷化儀師寓徑山", "head": "GA032n0032_p0866a03"}, {"level": "2", "n": "", "type": "其他", "text": "廣印十一首", "head": "GA032n0032_p0866a06"}, {"level": "3", "n": "", "type": "其他", "text": "和牧牛圖十頌", "head": "GA032n0032_p0867a01"}, {"level": "4", "n": "", "type": "其他", "text": "未牧", "head": "GA032n0032_p0867a02"}, {"level": "4", "n": "", "type": "其他", "text": "初調", "head": "GA032n0032_p0867a05"}, {"level": "4", "n": "", "type": "其他", "text": "受制", "head": "GA032n0032_p0867a08"}, {"level": "4", "n": "", "type": "其他", "text": "回首", "head": "GA032n0032_p0868a02"}, {"level": "4", "n": "", "type": "其他", "text": "馴伏", "head": "GA032n0032_p0868a05"}, {"level": "4", "n": "", "type": "其他", "text": "無礙", "head": "GA032n0032_p0868a08"}, {"level": "4", "n": "", "type": "其他", "text": "任運", "head": "GA032n0032_p0869a02"}, {"level": "4", "n": "", "type": "其他", "text": "相忘", "head": "GA032n0032_p0869a05"}, {"level": "4", "n": "", "type": "其他", "text": "獨照", "head": "GA032n0032_p0869a08"}, {"level": "4", "n": "", "type": "其他", "text": "雙冺", "head": "GA032n0032_p0870a02"}, {"level": "3", "n": "", "type": "其他", "text": "登高明寺簡無盡法師", "head": "GA032n0032_p0870a05"}, {"level": "2", "n": "", "type": "其他", "text": "廣來七首", "head": "GA032n0032_p0870a08"}, {"level": "3", "n": "", "type": "其他", "text": "徑山感懷次韵", "head": "GA032n0032_p0870a09"}, {"level": "3", "n": "", "type": "其他", "text": "開山影堂", "head": "GA032n0032_p0871a04"}, {"level": "3", "n": "", "type": "其他", "text": "禮大慧塔", "head": "GA032n0032_p0871a08"}, {"level": "3", "n": "", "type": "其他", "text": "馬大師緘書徑山", "head": "GA032n0032_p0872a03"}, {"level": "3", "n": "", "type": "其他", "text": "禮紫栢塔", "head": "GA032n0032_p0872a06"}, {"level": "4", "n": "", "type": "其他", "text": "其一", "head": "GA032n0032_p0872a07"}, {"level": "4", "n": "", "type": "其他", "text": "其二", "head": "GA032n0032_p0872a09"}, {"level": "4", "n": "", "type": "其他", "text": "其三", "head": "GA032n0032_p0873a02"}, {"level": "2", "n": "", "type": "其他", "text": "圓信一首", "head": "GA032n0032_p0873a04"}, {"level": "3", "n": "", "type": "其他", "text": "徑山作", "head": "GA032n0032_p0873a05"}, {"level": "2", "n": "", "type": "其他", "text": "超宗三首", "head": "GA032n0032_p0873a08"}, {"level": "3", "n": "", "type": "其他", "text": "贈野萍住白雲窩", "head": "GA032n0032_p0873a09"}, {"level": "3", "n": "", "type": "其他", "text": "喝石", "head": "GA032n0032_p0874a04"}, {"level": "3", "n": "", "type": "其他", "text": "盤陀石", "head": "GA032n0032_p0874a07"}, {"level": "2", "n": "", "type": "其他", "text": "大淑一首", "head": "GA032n0032_p0875a01"}, {"level": "3", "n": "", "type": "其他", "text": "禮大慧塔", "head": "GA032n0032_p0875a02"}, {"level": "2", "n": "", "type": "其他", "text": "照初二首", "head": "GA032n0032_p0875a06"}, {"level": "3", "n": "", "type": "其他", "text": "餘杭董性之招遊雙徑", "head": "GA032n0032_p0875a07"}, {"level": "3", "n": "", "type": "其他", "text": "將遊徑山喜值復如師、宋元實、張叔維、李孟芳", "head": "GA032n0032_p0876a01"}, {"level": "2", "n": "", "type": "其他", "text": "大惺一首", "head": "GA032n0032_p0876a04"}, {"level": "3", "n": "", "type": "其他", "text": "送孟芳居士再遊徑山", "head": "GA032n0032_p0876a05"}, {"level": "2", "n": "", "type": "其他", "text": "自彥一首", "head": "GA032n0032_p0876a08"}, {"level": "3", "n": "", "type": "其他", "text": "遊徑山", "head": "GA032n0032_p0876a09"}, {"level": "2", "n": "", "type": "其他", "text": "道衡一首", "head": "GA032n0032_p0877a03"}, {"level": "3", "n": "", "type": "其他", "text": "徑山偈", "head": "GA032n0032_p0877a04"}, {"level": "2", "n": "", "type": "其他", "text": "廣澈一首", "head": "GA032n0032_p0877a07"}, {"level": "3", "n": "", "type": "其他", "text": "早春同無從道兄、馮文玉、錢澈原、李蕚西三居士登徑山叅憨山和尚", "head": "GA032n0032_p0877a08"}, {"level": "2", "n": "", "type": "其他", "text": "廣燈一首", "head": "GA032n0032_p0878a04"}, {"level": "3", "n": "", "type": "其他", "text": "登徑山", "head": "GA032n0032_p0878a05"}, {"level": "2", "n": "", "type": "其他", "text": "大壑一首", "head": "GA032n0032_p0878a07"}, {"level": "3", "n": "", "type": "其他", "text": "丙辰冬入徑塢謁紫栢尊塔院", "head": "GA032n0032_p0878a08"}, {"level": "1", "n": "", "type": "其他", "text": "名什", "head": "GA032n0032_p0887a04"}, {"level": "2", "n": "", "type": "其他", "text": "張祜一首", "head": "GA032n0032_p0887a05"}, {"level": "3", "n": "", "type": "其他", "text": "題徑山大覺禪師影堂", "head": "GA032n0032_p0887a06"}, {"level": "2", "n": "", "type": "其他", "text": "蘓軾八首", "head": "GA032n0032_p0887a09"}, {"level": "3", "n": "", "type": "其他", "text": "游徑山", "head": "GA032n0032_p0888a01"}, {"level": "3", "n": "", "type": "其他", "text": "再游徑山", "head": "GA032n0032_p0889a03"}, {"level": "3", "n": "", "type": "其他", "text": "寄澄慧大師", "head": "GA032n0032_p0890a05"}, {"level": "3", "n": "", "type": "其他", "text": "初自徑山歸述古召飲介亭以病先起", "head": "GA032n0032_p0891a01"}, {"level": "3", "n": "", "type": "其他", "text": "次韵和楊次公惠徑山龍井水", "head": "GA032n0032_p0891a05"}, {"level": "3", "n": "", "type": "其他", "text": "與周長官、李秀才游徑山（二首）", "head": "GA032n0032_p0891a09"}, {"level": "3", "n": "", "type": "其他", "text": "其一", "head": "GA032n0032_p0892a01"}, {"level": "3", "n": "", "type": "其他", "text": "其二", "head": "GA032n0032_p0892a05"}, {"level": "3", "n": "", "type": "其他", "text": "徑山道中次韵答周長官兼贈蘓寺丞", "head": "GA032n0032_p0893a01"}, {"level": "2", "n": "", "type": "其他", "text": "蘓轍一首", "head": "GA032n0032_p0894a06"}, {"level": "3", "n": "", "type": "其他", "text": "游徑山和東坡韻", "head": "GA032n0032_p0894a07"}, {"level": "2", "n": "", "type": "其他", "text": "范仲淹一首", "head": "GA032n0032_p0895a09"}, {"level": "3", "n": "", "type": "其他", "text": "送圓悟粹禪師入徑山", "head": "GA032n0032_p0896a01"}, {"level": "2", "n": "", "type": "其他", "text": "晁補之一首", "head": "GA032n0032_p0897a06"}, {"level": "3", "n": "", "type": "其他", "text": "遊徑山", "head": "GA032n0032_p0897a07"}, {"level": "2", "n": "", "type": "其他", "text": "陸游二首", "head": "GA032n0032_p0899a05"}, {"level": "3", "n": "", "type": "其他", "text": "呈松源禪師", "head": "GA032n0032_p0899a06"}, {"level": "3", "n": "", "type": "其他", "text": "哭塗毒禪師", "head": "GA032n0032_p0899a09"}, {"level": "2", "n": "", "type": "其他", "text": "范至能三首", "head": "GA032n0032_p0900a04"}, {"level": "3", "n": "", "type": "其他", "text": "凌霄庵", "head": "GA032n0032_p0900a05"}, {"level": "3", "n": "", "type": "其他", "text": "題徑山寺樓", "head": "GA032n0032_p0900a09"}, {"level": "3", "n": "", "type": "其他", "text": "傾蓋亭", "head": "GA032n0032_p0901a03"}, {"level": "2", "n": "", "type": "其他", "text": "徐敏一首", "head": "GA032n0032_p0901a06"}, {"level": "3", "n": "", "type": "其他", "text": "贈癡絕禪師", "head": "GA032n0032_p0901a07"}, {"level": "2", "n": "", "type": "其他", "text": "張翥一首", "head": "GA032n0032_p0902a07"}, {"level": "3", "n": "", "type": "其他", "text": "題大慧禪師塔", "head": "GA032n0032_p0902a08"}, {"level": "2", "n": "", "type": "其他", "text": "趙緯一首", "head": "GA032n0032_p0903a02"}, {"level": "3", "n": "", "type": "其他", "text": "贈敬庵禪師", "head": "GA032n0032_p0903a03"}, {"level": "2", "n": "", "type": "其他", "text": "行素生一首", "head": "GA032n0032_p0903a08"}, {"level": "3", "n": "", "type": "其他", "text": "嘉禾天寧遇敬菴禪師", "head": "GA032n0032_p0903a09"}, {"level": "2", "n": "", "type": "其他", "text": "朱全一首", "head": "GA032n0032_p0904a04"}, {"level": "3", "n": "", "type": "其他", "text": "金溪重逢敬庵禪師遽別", "head": "GA032n0032_p0904a05"}, {"level": "2", "n": "", "type": "其他", "text": "虞集一首", "head": "GA032n0032_p0904a09"}, {"level": "3", "n": "", "type": "其他", "text": "送見心上人之徑山", "head": "GA032n0032_p0905a01"}, {"level": "2", "n": "", "type": "其他", "text": "高啟一首", "head": "GA032n0032_p0905a05"}, {"level": "3", "n": "", "type": "其他", "text": "和復見心簡季潭泐公", "head": "GA032n0032_p0905a06"}, {"level": "2", "n": "", "type": "其他", "text": "張羽一首", "head": "GA032n0032_p0906a01"}, {"level": "3", "n": "", "type": "其他", "text": "徑山夜坐聞鐘", "head": "GA032n0032_p0906a02"}, {"level": "2", "n": "", "type": "其他", "text": "習懷清一首", "head": "GA032n0032_p0906a05"}, {"level": "3", "n": "", "type": "其他", "text": "贈月江禪師", "head": "GA032n0032_p0906a06"}, {"level": "2", "n": "", "type": "其他", "text": "侯復一首", "head": "GA032n0032_p0907a01"}, {"level": "3", "n": "", "type": "其他", "text": "上月江師", "head": "GA032n0032_p0907a02"}, {"level": "2", "n": "", "type": "其他", "text": "陳道亨一首", "head": "GA032n0032_p0907a06"}, {"level": "3", "n": "", "type": "其他", "text": "登凌霄峰", "head": "GA032n0032_p0907a07"}, {"level": "2", "n": "", "type": "其他", "text": "邵經邦一首", "head": "GA032n0032_p0908a02"}, {"level": "3", "n": "", "type": "其他", "text": "游徑山", "head": "GA032n0032_p0908a03"}, {"level": "2", "n": "", "type": "其他", "text": "邵經濟一首", "head": "GA032n0032_p0910a02"}, {"level": "3", "n": "", "type": "其他", "text": "游徑山", "head": "GA032n0032_p0910a03"}, {"level": "2", "n": "", "type": "其他", "text": "張復陽一首", "head": "GA032n0032_p0913a02"}, {"level": "3", "n": "", "type": "其他", "text": "題徑山", "head": "GA032n0032_p0913a03"}, {"level": "2", "n": "", "type": "其他", "text": "徐渭一首", "head": "GA032n0032_p0913a07"}, {"level": "3", "n": "", "type": "其他", "text": "化城寺", "head": "GA032n0032_p0913a08"}, {"level": "2", "n": "", "type": "其他", "text": "王洪等聯句", "head": "GA032n0032_p0914a02"}, {"level": "3", "n": "", "type": "其他", "text": "夜坐徑山松源樓聯句", "head": "GA032n0032_p0914a03"}, {"level": "2", "n": "", "type": "其他", "text": "方九叙一首", "head": "GA032n0032_p0914a07"}, {"level": "3", "n": "", "type": "其他", "text": "遊徑山", "head": "GA032n0032_p0914a08"}, {"level": "2", "n": "", "type": "其他", "text": "方相卿一首", "head": "GA032n0032_p0915a03"}, {"level": "3", "n": "", "type": "其他", "text": "游徑山", "head": "GA032n0032_p0915a04"}, {"level": "2", "n": "", "type": "其他", "text": "周忱一首", "head": "GA032n0032_p0915a07"}, {"level": "3", "n": "", "type": "其他", "text": "徑山寺觀梅", "head": "GA032n0032_p0915a08"}, {"level": "2", "n": "", "type": "其他", "text": "徐銳二首", "head": "GA032n0032_p0916a02"}, {"level": "3", "n": "", "type": "其他", "text": "徑山雪霽", "head": "GA032n0032_p0916a03"}, {"level": "3", "n": "", "type": "其他", "text": "其一", "head": "GA032n0032_p0916a04"}, {"level": "3", "n": "", "type": "其他", "text": "其二", "head": "GA032n0032_p0916a07"}, {"level": "2", "n": "", "type": "其他", "text": "俞景寅二首", "head": "GA032n0032_p0917a02"}, {"level": "3", "n": "", "type": "其他", "text": "游徑山十四韻", "head": "GA032n0032_p0917a03"}, {"level": "3", "n": "", "type": "其他", "text": "登凌霄峰", "head": "GA032n0032_p0918a02"}, {"level": "2", "n": "", "type": "其他", "text": "王澤一首", "head": "GA032n0032_p0918a06"}, {"level": "3", "n": "", "type": "其他", "text": "寄季潭禪師", "head": "GA032n0032_p0918a07"}, {"level": "2", "n": "", "type": "其他", "text": "王守仁一首", "head": "GA032n0032_p0919a02"}, {"level": "3", "n": "", "type": "其他", "text": "題化城", "head": "GA032n0032_p0919a03"}, {"level": "2", "n": "", "type": "其他", "text": "吳擴四首", "head": "GA032n0032_p0919a06"}, {"level": "3", "n": "", "type": "其他", "text": "游徑山", "head": "GA032n0032_p0919a07"}, {"level": "3", "n": "", "type": "其他", "text": "其一", "head": "GA032n0032_p0919a08"}, {"level": "3", "n": "", "type": "其他", "text": "其二", "head": "GA032n0032_p0920a01"}, {"level": "3", "n": "", "type": "其他", "text": "其三", "head": "GA032n0032_p0920a04"}, {"level": "3", "n": "", "type": "其他", "text": "其四", "head": "GA032n0032_p0920a07"}, {"level": "2", "n": "", "type": "其他", "text": "高得暘八首", "head": "GA032n0032_p0921a01"}, {"level": "3", "n": "", "type": "其他", "text": "天掌峰", "head": "GA032n0032_p0921a02"}, {"level": "3", "n": "", "type": "其他", "text": "驪珠峰", "head": "GA032n0032_p0921a06"}, {"level": "3", "n": "", "type": "其他", "text": "浣雲池", "head": "GA032n0032_p0922a01"}, {"level": "3", "n": "", "type": "其他", "text": "玉巖", "head": "GA032n0032_p0922a05"}, {"level": "3", "n": "", "type": "其他", "text": "雲筆峰", "head": "GA032n0032_p0922a09"}, {"level": "3", "n": "", "type": "其他", "text": "娥,峰", "head": "GA032n0032_p0923a04"}, {"level": "3", "n": "", "type": "其他", "text": "雙桂林", "head": "GA032n0032_p0923a08"}, {"level": "3", "n": "", "type": "其他", "text": "萬菊軒", "head": "GA032n0032_p0924a03"}, {"level": "2", "n": "", "type": "其他", "text": "王蒙亨一首", "head": "GA032n0032_p0924a07"}, {"level": "3", "n": "", "type": "其他", "text": "捨田入化城寺系之以偈", "head": "GA032n0032_p0924a08"}, {"level": "2", "n": "", "type": "其他", "text": "明谷山人一首", "head": "GA032n0032_p0925a01"}, {"level": "3", "n": "", "type": "其他", "text": "留別眾僧", "head": "GA032n0032_p0925a02"}, {"level": "2", "n": "", "type": "其他", "text": "胡朝一首", "head": "GA032n0032_p0925a05"}, {"level": "3", "n": "", "type": "其他", "text": "游徑山", "head": "GA032n0032_p0925a06"}, {"level": "2", "n": "", "type": "其他", "text": "良縉一首", "head": "GA032n0032_p0925a09"}, {"level": "3", "n": "", "type": "其他", "text": "贈淨庵", "head": "GA032n0032_p0926a01"}, {"level": "2", "n": "", "type": "其他", "text": "陸樹聲一首", "head": "GA032n0032_p0926a04"}, {"level": "3", "n": "", "type": "其他", "text": "書徑山禪師卷", "head": "GA032n0032_p0926a05"}, {"level": "2", "n": "", "type": "其他", "text": "嚴大紀一首", "head": "GA032n0032_p0926a08"}, {"level": "3", "n": "", "type": "其他", "text": "徑山靜室信宿", "head": "GA032n0032_p0926a09"}, {"level": "2", "n": "", "type": "其他", "text": "沈季文一首", "head": "GA032n0032_p0927a04"}, {"level": "3", "n": "", "type": "其他", "text": "過寂照庵", "head": "GA032n0032_p0927a05"}, {"level": "2", "n": "", "type": "其他", "text": "沈瓉五首", "head": "GA032n0032_p0927a08"}, {"level": "3", "n": "", "type": "其他", "text": "游徑山訪鎧公", "head": "GA032n0032_p0927a09"}, {"level": "4", "n": "", "type": "其他", "text": "其一", "head": "GA032n0032_p0928a01"}, {"level": "4", "n": "", "type": "其他", "text": "其二", "head": "GA032n0032_p0928a03"}, {"level": "3", "n": "", "type": "其他", "text": "游徑山長歌", "head": "GA032n0032_p0928a06"}, {"level": "3", "n": "", "type": "其他", "text": "佛,上梁赴禮拜晚至有述", "head": "GA032n0032_p0930a05"}, {"level": "3", "n": "", "type": "其他", "text": "莫春偕周子介、金太初通公自雙溪步至徑山", "head": "GA032n0032_p0930a09"}, {"level": "2", "n": "", "type": "其他", "text": "吳用先二首", "head": "GA032n0032_p0931a07"}, {"level": "3", "n": "", "type": "其他", "text": "潤州舟中送鎧公之徑山", "head": "GA032n0032_p0931a08"}, {"level": "3", "n": "", "type": "其他", "text": "蜀中送,居還徑山", "head": "GA032n0032_p0932a03"}, {"level": "2", "n": "", "type": "其他", "text": "陸光祖二首", "head": "GA032n0032_p0932a07"}, {"level": "3", "n": "", "type": "其他", "text": "游徑山", "head": "GA032n0032_p0932a08"}, {"level": "3", "n": "", "type": "其他", "text": "族子堯家度為僧住徑山易出性悟說偈以送之", "head": "GA032n0032_p0933a03"}, {"level": "2", "n": "", "type": "其他", "text": "馮夢禎一首", "head": "GA032n0032_p0933a06"}, {"level": "3", "n": "", "type": "其他", "text": "題徑山松源樓", "head": "GA032n0032_p0933a07"}, {"level": "2", "n": "", "type": "其他", "text": "傅光宅一首", "head": "GA032n0032_p0934a02"}, {"level": "3", "n": "", "type": "其他", "text": "吊傳衣庵千松禪師", "head": "GA032n0032_p0934a03"}, {"level": "2", "n": "", "type": "其他", "text": "徐夢華一首", "head": "GA032n0032_p0934a06"}, {"level": "3", "n": "", "type": "其他", "text": "徑山雪霽", "head": "GA032n0032_p0934a07"}, {"level": "2", "n": "", "type": "其他", "text": "徐,升三首", "head": "GA032n0032_p0934a09"}, {"level": "3", "n": "", "type": "其他", "text": "贈梵懷上人", "head": "GA032n0032_p0935a01"}, {"level": "3", "n": "", "type": "其他", "text": "喝石巖", "head": "GA032n0032_p0935a05"}, {"level": "3", "n": "", "type": "其他", "text": "重游徑山和蘓長公韻", "head": "GA032n0032_p0935a07"}, {"level": "2", "n": "", "type": "其他", "text": "顧起元一首", "head": "GA032n0032_p0936a03"}, {"level": "3", "n": "", "type": "其他", "text": "登徑山", "head": "GA032n0032_p0936a04"}, {"level": "2", "n": "", "type": "其他", "text": "張瓉一首", "head": "GA032n0032_p0936a07"}, {"level": "3", "n": "", "type": "其他", "text": "遊徑山", "head": "GA032n0032_p0936a08"}, {"level": "2", "n": "", "type": "其他", "text": "夏原吉一首", "head": "GA032n0032_p0937a02"}, {"level": "3", "n": "", "type": "其他", "text": "游徑山", "head": "GA032n0032_p0937a03"}, {"level": "2", "n": "", "type": "其他", "text": "潘淑一首", "head": "GA032n0032_p0937a07"}, {"level": "3", "n": "", "type": "其他", "text": "徑山贈靜主", "head": "GA032n0032_p0937a08"}, {"level": "2", "n": "", "type": "其他", "text": "陸彥章一首", "head": "GA032n0032_p0938a02"}, {"level": "3", "n": "", "type": "其他", "text": "寄徑山舊衲", "head": "GA032n0032_p0938a03"}, {"level": "2", "n": "", "type": "其他", "text": "吳光裕二首", "head": "GA032n0032_p0938a07"}, {"level": "3", "n": "", "type": "其他", "text": "寄,居禪師徑山", "head": "GA032n0032_p0938a08"}, {"level": "3", "n": "", "type": "其他", "text": "其一", "head": "GA032n0032_p0938a09"}, {"level": "3", "n": "", "type": "其他", "text": "其二", "head": "GA032n0032_p0939a02"}, {"level": "2", "n": "", "type": "其他", "text": "王在晉二首", "head": "GA032n0032_p0939a05"}, {"level": "3", "n": "", "type": "其他", "text": "游徑山", "head": "GA032n0032_p0939a06"}, {"level": "3", "n": "", "type": "其他", "text": "其一", "head": "GA032n0032_p0939a07"}, {"level": "3", "n": "", "type": "其他", "text": "其二", "head": "GA032n0032_p0940a01"}, {"level": "2", "n": "", "type": "其他", "text": "黃汝亨四首", "head": "GA032n0032_p0940a05"}, {"level": "3", "n": "", "type": "其他", "text": "游徑山和東坡韻", "head": "GA032n0032_p0940a06"}, {"level": "3", "n": "", "type": "其他", "text": "題靈雞塚", "head": "GA032n0032_p0941a03"}, {"level": "3", "n": "", "type": "其他", "text": "題喝石巖", "head": "GA032n0032_p0941a05"}, {"level": "3", "n": "", "type": "其他", "text": "徑山看竹", "head": "GA032n0032_p0941a07"}, {"level": "2", "n": "", "type": "其他", "text": "湯賔尹三首", "head": "GA032n0032_p0942a01"}, {"level": "3", "n": "", "type": "其他", "text": "游徑山訪鎧師", "head": "GA032n0032_p0942a02"}, {"level": "3", "n": "", "type": "其他", "text": "其一", "head": "GA032n0032_p0942a03"}, {"level": "3", "n": "", "type": "其他", "text": "其二", "head": "GA032n0032_p0942a05"}, {"level": "3", "n": "", "type": "其他", "text": "其三", "head": "GA032n0032_p0942a08"}, {"level": "2", "n": "", "type": "其他", "text": "周祇一首", "head": "GA032n0032_p0943a02"}, {"level": "3", "n": "", "type": "其他", "text": "游徑山", "head": "GA032n0032_p0943a03"}, {"level": "2", "n": "", "type": "其他", "text": "繆希雍一首", "head": "GA032n0032_p0943a06"}, {"level": "3", "n": "", "type": "其他", "text": "秋日雙徑尋幽", "head": "GA032n0032_p0943a07"}, {"level": "2", "n": "", "type": "其他", "text": "戴日强一首", "head": "GA032n0032_p0944a01"}, {"level": "3", "n": "", "type": "其他", "text": "登凌霄峰", "head": "GA032n0032_p0944a02"}, {"level": "2", "n": "", "type": "其他", "text": "姚可尚一首", "head": "GA032n0032_p0944a06"}, {"level": "3", "n": "", "type": "其他", "text": "登凌霄峰", "head": "GA032n0032_p0944a07"}, {"level": "2", "n": "", "type": "其他", "text": "李長庚一首", "head": "GA032n0032_p0945a04"}, {"level": "3", "n": "", "type": "其他", "text": "遊徑山", "head": "GA032n0032_p0945a05"}, {"level": "2", "n": "", "type": "其他", "text": "李長房一首", "head": "GA032n0032_p0945a09"}, {"level": "3", "n": "", "type": "其他", "text": "徑山觀雪", "head": "GA032n0032_p0946a01"}, {"level": "2", "n": "", "type": "其他", "text": "洪都一首", "head": "GA032n0032_p0946a05"}, {"level": "3", "n": "", "type": "其他", "text": "同蘇更生宿徑山煮茶", "head": "GA032n0032_p0946a06"}, {"level": "2", "n": "", "type": "其他", "text": "王在公三首", "head": "GA032n0032_p0946a09"}, {"level": "3", "n": "", "type": "其他", "text": "徑山初夏", "head": "GA032n0032_p0947a01"}, {"level": "3", "n": "", "type": "其他", "text": "貝林禪師高行,宿也居天目有魔難作此招之", "head": "GA032n0032_p0947a04"}, {"level": "3", "n": "", "type": "其他", "text": "題傳衣庵", "head": "GA032n0032_p0947a08"}, {"level": "2", "n": "", "type": "其他", "text": "朱鷺一首", "head": "GA032n0032_p0948a03"}, {"level": "3", "n": "", "type": "其他", "text": "中秋步月徑山", "head": "GA032n0032_p0948a04"}, {"level": "2", "n": "", "type": "其他", "text": "胡開文一首", "head": "GA032n0032_p0948a07"}, {"level": "3", "n": "", "type": "其他", "text": "寄懷雙徑大安無從禪師", "head": "GA032n0032_p0948a08"}, {"level": "2", "n": "", "type": "其他", "text": "陳調,一首", "head": "GA032n0032_p0949a03"}, {"level": "3", "n": "", "type": "其他", "text": "題徑山", "head": "GA032n0032_p0949a04"}, {"level": "2", "n": "", "type": "其他", "text": "吳之鯨二首", "head": "GA032n0032_p0949a08"}, {"level": "3", "n": "", "type": "其他", "text": "妙喜庵", "head": "GA032n0032_p0949a09"}, {"level": "3", "n": "", "type": "其他", "text": "訪聞谷禪師于觀音,修不語期", "head": "GA032n0032_p0950a03"}, {"level": "2", "n": "", "type": "其他", "text": "吳伯與二首", "head": "GA032n0032_p0950a07"}, {"level": "3", "n": "", "type": "其他", "text": "登徑山次蘇長公韵", "head": "GA032n0032_p0950a08"}, {"level": "3", "n": "", "type": "其他", "text": "晚上徑山", "head": "GA032n0032_p0951a05"}, {"level": "2", "n": "", "type": "其他", "text": "龔立本一首", "head": "GA032n0032_p0951a08"}, {"level": "3", "n": "", "type": "其他", "text": "宋元實以徑山詩見寄奉答兼柬李孟芳", "head": "GA032n0032_p0951a09"}, {"level": "2", "n": "", "type": "其他", "text": "李縠四首", "head": "GA032n0032_p0952a04"}, {"level": "3", "n": "", "type": "其他", "text": "徑山大安寺訪無從禪師", "head": "GA032n0032_p0952a05"}, {"level": "3", "n": "", "type": "其他", "text": "曇衍法主枉詩見約，次韻奉答", "head": "GA032n0032_p0952a08"}, {"level": "3", "n": "", "type": "其他", "text": "登凌霄峰贈梵懷上人", "head": "GA032n0032_p0953a03"}, {"level": "3", "n": "", "type": "其他", "text": "徑山次蘇長公韻", "head": "GA032n0032_p0953a09"}, {"level": "2", "n": "", "type": "其他", "text": "張維一首", "head": "GA032n0032_p0954a05"}, {"level": "3", "n": "", "type": "其他", "text": "登徑山", "head": "GA032n0032_p0954a06"}, {"level": "2", "n": "", "type": "其他", "text": "李燁然一首", "head": "GA032n0032_p0955a01"}, {"level": "3", "n": "", "type": "其他", "text": "次蘓長公游徑山韵", "head": "GA032n0032_p0955a02"}, {"level": "2", "n": "", "type": "其他", "text": "徐文龍一首", "head": "GA032n0032_p0955a07"}, {"level": "3", "n": "", "type": "其他", "text": "登徑山", "head": "GA032n0032_p0955a08"}, {"level": "2", "n": "", "type": "其他", "text": "陳,德一首", "head": "GA032n0032_p0956a03"}, {"level": "3", "n": "", "type": "其他", "text": "懷徑山", "head": "GA032n0032_p0956a04"}, {"level": "2", "n": "", "type": "其他", "text": "周光祚一首", "head": "GA032n0032_p0956a08"}, {"level": "3", "n": "", "type": "其他", "text": "讀凌霄詩寄宋元實", "head": "GA032n0032_p0956a09"}, {"level": "2", "n": "", "type": "其他", "text": "宋奎光五首", "head": "GA032n0032_p0957a03"}, {"level": "3", "n": "", "type": "其他", "text": "宿化城同孟芳賦贈慈門禪師", "head": "GA032n0032_p0957a04"}, {"level": "3", "n": "", "type": "其他", "text": "徑山登凌霄峰有述", "head": "GA032n0032_p0957a08"}, {"level": "3", "n": "", "type": "其他", "text": "無從禪師重開大安古剎有贈", "head": "GA032n0032_p0958a05"}, {"level": "3", "n": "", "type": "其他", "text": "龍井樹下與曇衍禪師", "head": "GA032n0032_p0958a09"}, {"level": "3", "n": "", "type": "其他", "text": "同馬令公訪上水池明空上人有贈", "head": "GA032n0032_p0959a03"}, {"level": "2", "n": "", "type": "其他", "text": "張之采一首", "head": "GA032n0032_p0959a07"}, {"level": "3", "n": "", "type": "其他", "text": "題徑山禪堂", "head": "GA032n0032_p0959a08"}, {"level": "2", "n": "", "type": "其他", "text": "沈煥然一首", "head": "GA032n0032_p0960a02"}, {"level": "3", "n": "", "type": "其他", "text": "登寂照庵有感", "head": "GA032n0032_p0960a03"}, {"level": "2", "n": "", "type": "其他", "text": "徐,翓三首", "head": "GA032n0032_p0960a07"}, {"level": "3", "n": "", "type": "其他", "text": "徑山次蘓長公韻", "head": "GA032n0032_p0960a08"}, {"level": "3", "n": "", "type": "其他", "text": "彈巖", "head": "GA032n0032_p0961a04"}, {"level": "3", "n": "", "type": "其他", "text": "望徑山積雪", "head": "GA032n0032_p0961a07"}, {"level": "2", "n": "", "type": "其他", "text": "徐,翹三首", "head": "GA032n0032_p0962a03"}, {"level": "3", "n": "", "type": "其他", "text": "徑山次韵", "head": "GA032n0032_p0962a04"}, {"level": "3", "n": "", "type": "其他", "text": "靈雞塚", "head": "GA032n0032_p0962a09"}, {"level": "3", "n": "", "type": "其他", "text": "彈巖", "head": "GA032n0032_p0963a02"}, {"level": "2", "n": "", "type": "其他", "text": "徐,翀二首", "head": "GA032n0032_p0963a04"}, {"level": "3", "n": "", "type": "其他", "text": "彈巖", "head": "GA032n0032_p0963a05"}, {"level": "3", "n": "", "type": "其他", "text": "東磵橋", "head": "GA032n0032_p0963a07"}, {"level": "2", "n": "", "type": "其他", "text": "李玉虬一首", "head": "GA032n0032_p0963a09"}, {"level": "3", "n": "", "type": "其他", "text": "再游徑山登凌霄峰", "head": "GA032n0032_p0964a01"}, {"level": "2", "n": "", "type": "其他", "text": "王祺一首", "head": "GA032n0032_p0964a04"}, {"level": "3", "n": "", "type": "其他", "text": "夏日同姪子嚴登徑山", "head": "GA032n0032_p0964a05"}, {"level": "2", "n": "", "type": "其他", "text": "王福貞一首", "head": "GA032n0032_p0964a08"}, {"level": "3", "n": "", "type": "其他", "text": "登徑山奉和叔韻", "head": "GA032n0032_p0964a09"}, {"level": "2", "n": "", "type": "其他", "text": "馮維坤一首", "head": "GA032n0032_p0965a03"}, {"level": "3", "n": "", "type": "其他", "text": "訪諸靜室", "head": "GA032n0032_p0965a04"}, {"level": "2", "n": "", "type": "其他", "text": "戈汕一首", "head": "GA032n0032_p0965a07"}, {"level": "3", "n": "", "type": "其他", "text": "徑山作", "head": "GA032n0032_p0965a08"}, {"level": "2", "n": "", "type": "其他", "text": "陳繼儒一首", "head": "GA032n0032_p0966a02"}, {"level": "3", "n": "", "type": "其他", "text": "寄無從禪師", "head": "GA032n0032_p0966a03"}, {"level": "2", "n": "", "type": "其他", "text": "王之傑一首", "head": "GA032n0032_p0966a06"}, {"level": "3", "n": "", "type": "其他", "text": "送曇衍禪師還徑山", "head": "GA032n0032_p0966a07"}, {"level": "1", "n": "", "type": "其他", "text": "外護", "head": "GA032n0032_p0973a04"}, {"level": "2", "n": "", "type": "其他", "text": "唐代宗", "head": "GA032n0032_p0973a05"}, {"level": "2", "n": "", "type": "其他", "text": "宋高宗", "head": "GA032n0032_p0973a07"}, {"level": "2", "n": "", "type": "其他", "text": "孝宗", "head": "GA032n0032_p0974a01"}, {"level": "2", "n": "", "type": "其他", "text": "錢鏐", "head": "GA032n0032_p0974a08"}, {"level": "2", "n": "", "type": "其他", "text": "張浚", "head": "GA032n0032_p0975a06"}, {"level": "2", "n": "", "type": "其他", "text": "張九成", "head": "GA032n0032_p0976a03"}, {"level": "2", "n": "", "type": "其他", "text": "呂本中", "head": "GA032n0032_p0976a09"}, {"level": "2", "n": "", "type": "其他", "text": "曾開", "head": "GA032n0032_p0977a07"}, {"level": "2", "n": "", "type": "其他", "text": "李光", "head": "GA032n0032_p0978a08"}, {"level": "2", "n": "", "type": "其他", "text": "李邴", "head": "GA032n0032_p0979a06"}, {"level": "2", "n": "", "type": "其他", "text": "馮楫", "head": "GA032n0032_p0980a06"}, {"level": "2", "n": "", "type": "其他", "text": "陸游", "head": "GA032n0032_p0982a01"}, {"level": "2", "n": "", "type": "其他", "text": "李華", "head": "GA032n0032_p0982a07"}, {"level": "2", "n": "", "type": "其他", "text": "張商英", "head": "GA032n0032_p0982a09"}, {"level": "2", "n": "", "type": "其他", "text": "蘓軾", "head": "GA032n0032_p0983a08"}, {"level": "2", "n": "", "type": "其他", "text": "蔡襄", "head": "GA032n0032_p0984a02"}, {"level": "2", "n": "", "type": "其他", "text": "孫覿", "head": "GA032n0032_p0984a03"}, {"level": "2", "n": "", "type": "其他", "text": "吳潜", "head": "GA032n0032_p0984a04"}, {"level": "2", "n": "", "type": "其他", "text": "元世祖", "head": "GA032n0032_p0984a08"}, {"level": "2", "n": "", "type": "其他", "text": "太祖高皇帝", "head": "GA032n0032_p0985a03"}, {"level": "2", "n": "", "type": "其他", "text": "成祖文皇帝", "head": "GA032n0032_p0985a06"}, {"level": "2", "n": "", "type": "其他", "text": "神宗顯皇帝", "head": "GA032n0032_p0985a08"}, {"level": "2", "n": "", "type": "其他", "text": "虞集", "head": "GA032n0032_p0986a01"}, {"level": "2", "n": "", "type": "其他", "text": "吳偉明", "head": "GA032n0032_p0988a07"}, {"level": "2", "n": "", "type": "其他", "text": "林希逸", "head": "GA032n0032_p0989a02"}, {"level": "2", "n": "", "type": "其他", "text": "宋濂", "head": "GA032n0032_p0989a04"}, {"level": "2", "n": "", "type": "其他", "text": "沈季文", "head": "GA032n0032_p0989a09"}, {"level": "2", "n": "", "type": "其他", "text": "陸光祖", "head": "GA032n0032_p0990a02"}, {"level": "2", "n": "", "type": "其他", "text": "馮夢禎", "head": "GA032n0032_p0990a05"}, {"level": "2", "n": "", "type": "其他", "text": "王肻堂", "head": "GA032n0032_p0990a07"}, {"level": "2", "n": "", "type": "其他", "text": "于玉立", "head": "GA032n0032_p0990a09"}, {"level": "2", "n": "", "type": "其他", "text": "瞿汝稷", "head": "GA032n0032_p0991a02"}, {"level": "2", "n": "", "type": "其他", "text": "陳瓉", "head": "GA032n0032_p0991a04"}, {"level": "2", "n": "", "type": "其他", "text": "王世貞", "head": "GA032n0032_p0991a06"}, {"level": "2", "n": "", "type": "其他", "text": "繆希雍", "head": "GA032n0032_p0991a08"}, {"level": "2", "n": "", "type": "其他", "text": "朱國禎", "head": "GA032n0032_p0992a02"}, {"level": "2", "n": "", "type": "其他", "text": "朱國祚", "head": "GA032n0032_p0992a04"}, {"level": "2", "n": "", "type": "其他", "text": "吳用先", "head": "GA032n0032_p0992a06"}, {"level": "2", "n": "", "type": "其他", "text": "陳懿典", "head": "GA032n0032_p0992a08"}, {"level": "2", "n": "", "type": "其他", "text": "竇子偁", "head": "GA032n0032_p0992a09"}, {"level": "2", "n": "", "type": "其他", "text": "王在晉", "head": "GA032n0032_p0993a02"}, {"level": "2", "n": "", "type": "其他", "text": "虞淳熈", "head": "GA032n0032_p0993a04"}, {"level": "2", "n": "", "type": "其他", "text": "翁汝進", "head": "GA032n0032_p0993a05"}, {"level": "2", "n": "", "type": "其他", "text": "黃汝亨", "head": "GA032n0032_p0993a06"}, {"level": "2", "n": "", "type": "其他", "text": "洪瞻祖", "head": "GA032n0032_p0993a08"}, {"level": "2", "n": "", "type": "其他", "text": "沈珫", "head": "GA032n0032_p0993a09"}, {"level": "2", "n": "", "type": "其他", "text": "李事道", "head": "GA032n0032_p0994a03"}, {"level": "2", "n": "", "type": "其他", "text": "朱大啟", "head": "GA032n0032_p0994a04"}, {"level": "2", "n": "", "type": "其他", "text": "周宗建", "head": "GA032n0032_p0994a06"}, {"level": "2", "n": "", "type": "其他", "text": "賀烺", "head": "GA032n0032_p0994a07"}, {"level": "2", "n": "", "type": "其他", "text": "姚思仁", "head": "GA032n0032_p0995a01"}, {"level": "2", "n": "", "type": "其他", "text": "王志堅", "head": "GA032n0032_p0995a02"}, {"level": "2", "n": "", "type": "其他", "text": "周祗", "head": "GA032n0032_p0995a05"}, {"level": "2", "n": "", "type": "其他", "text": "周延光", "head": "GA032n0032_p0995a07"}, {"level": "2", "n": "", "type": "其他", "text": "吳伯與", "head": "GA032n0032_p0995a09"}, {"level": "2", "n": "", "type": "其他", "text": "王在公", "head": "GA032n0032_p0997a02"}, {"level": "2", "n": "", "type": "其他", "text": "方應祥", "head": "GA032n0032_p0997a05"}, {"level": "2", "n": "", "type": "其他", "text": "吳之鯨", "head": "GA032n0032_p0997a09"}, {"level": "2", "n": "", "type": "其他", "text": "鄭圭平", "head": "GA032n0032_p0998a02"}, {"level": "2", "n": "", "type": "其他", "text": "馬用錫", "head": "GA032n0032_p0998a04"}, {"level": "2", "n": "", "type": "其他", "text": "王宇春", "head": "GA032n0032_p0998a05"}, {"level": "2", "n": "", "type": "其他", "text": "顧大章", "head": "GA032n0032_p0998a07"}, {"level": "2", "n": "", "type": "其他", "text": "顧大韶", "head": "GA032n0032_p0998a09"}, {"level": "2", "n": "", "type": "其他", "text": "錢謙益", "head": "GA032n0032_p0999a01"}, {"level": "2", "n": "", "type": "其他", "text": "李縠", "head": "GA032n0032_p0999a03"}, {"level": "2", "n": "", "type": "其他", "text": "瞿式耜", "head": "GA032n0032_p0999a04"}, {"level": "2", "n": "", "type": "其他", "text": "王蒙亨", "head": "GA032n0032_p0999a06"}, {"level": "2", "n": "", "type": "其他", "text": "沈煥然", "head": "GA032n0032_p0999a08"}, {"level": "2", "n": "", "type": "其他", "text": "聞啟祥", "head": "GA032n0032_p1000a01"}, {"level": "2", "n": "", "type": "其他", "text": "時載杲", "head": "GA032n0032_p1000a03"}, {"level": "2", "n": "", "type": "其他", "text": "嚴調御", "head": "GA032n0032_p1000a04"}, {"level": "2", "n": "", "type": "其他", "text": "嚴武順", "head": "GA032n0032_p1000a06"}, {"level": "2", "n": "", "type": "其他", "text": "王祺", "head": "GA032n0032_p1000a07"}, {"level": "2", "n": "", "type": "其他", "text": "鄒之嶧", "head": "GA032n0032_p1000a08"}, {"level": "2", "n": "", "type": "其他", "text": "許國", "head": "GA032n0032_p1000a09"}, {"level": "2", "n": "", "type": "其他", "text": "徐楩", "head": "GA032n0032_p1001a01"}, {"level": "2", "n": "", "type": "其他", "text": "許應", "head": "GA032n0032_p1001a02"}, {"level": "2", "n": "", "type": "其他", "text": "嚴敕", "head": "GA032n0032_p1001a03"}, {"level": "1", "n": "", "type": "其他", "text": "宇", "head": "GA032n0032_p1003a04"}, {"level": "2", "n": "", "type": "其他", "text": "徑山興聖萬壽禪寺", "head": "GA032n0032_p1003a05"}, {"level": "2", "n": "", "type": "其他", "text": "大雄", "head": "GA032n0032_p1005a08"}, {"level": "2", "n": "", "type": "其他", "text": "大藏閣", "head": "GA032n0032_p1006a04"}, {"level": "2", "n": "", "type": "其他", "text": "靈澤", "head": "GA032n0032_p1006a08"}, {"level": "2", "n": "", "type": "其他", "text": "祖師", "head": "GA032n0032_p1007a01"}, {"level": "2", "n": "", "type": "其他", "text": "禪堂", "head": "GA032n0032_p1007a02"}, {"level": "2", "n": "", "type": "其他", "text": "齋樓", "head": "GA032n0032_p1007a03"}, {"level": "2", "n": "", "type": "其他", "text": "雲", "head": "GA032n0032_p1007a04"}, {"level": "2", "n": "", "type": "其他", "text": "奇樹樓", "head": "GA032n0032_p1007a05"}, {"level": "2", "n": "", "type": "其他", "text": "養老堂", "head": "GA032n0032_p1007a06"}, {"level": "2", "n": "", "type": "其他", "text": "寒翠樓", "head": "GA032n0032_p1007a07"}, {"level": "2", "n": "", "type": "其他", "text": "般若軒", "head": "GA032n0032_p1007a08"}, {"level": "2", "n": "", "type": "其他", "text": "寶積居", "head": "GA032n0032_p1008a01"}, {"level": "2", "n": "", "type": "其他", "text": "閱藏堂", "head": "GA032n0032_p1008a02"}, {"level": "2", "n": "", "type": "其他", "text": "十方堂", "head": "GA032n0032_p1008a03"}, {"level": "2", "n": "", "type": "其他", "text": "三門", "head": "GA032n0032_p1008a04"}, {"level": "2", "n": "", "type": "其他", "text": "南塔", "head": "GA032n0032_p1008a05"}, {"level": "2", "n": "", "type": "其他", "text": "鐘樓", "head": "GA032n0032_p1008a06"}, {"level": "2", "n": "", "type": "其他", "text": "鼓樓", "head": "GA032n0032_p1008a07"}, {"level": "2", "n": "", "type": "其他", "text": "千僧閣", "head": "GA032n0032_p1008a08"}, {"level": "2", "n": "", "type": "其他", "text": "圓覺閣", "head": "GA032n0032_p1009a01"}, {"level": "2", "n": "", "type": "其他", "text": "龍游閣", "head": "GA032n0032_p1009a03"}, {"level": "2", "n": "", "type": "其他", "text": "妙莊嚴閣", "head": "GA032n0032_p1009a04"}, {"level": "2", "n": "", "type": "其他", "text": "凌霄閣", "head": "GA032n0032_p1009a05"}, {"level": "2", "n": "", "type": "其他", "text": "萬佛閣", "head": "GA032n0032_p1009a06"}, {"level": "2", "n": "", "type": "其他", "text": "五鳳樓", "head": "GA032n0032_p1009a07"}, {"level": "2", "n": "", "type": "其他", "text": "宸翰閣", "head": "GA032n0032_p1009a09"}, {"level": "2", "n": "", "type": "其他", "text": "天慧堂", "head": "GA032n0032_p1010a01"}, {"level": "2", "n": "", "type": "其他", "text": "版亭", "head": "GA032n0032_p1010a02"}, {"level": "2", "n": "", "type": "其他", "text": "四寮", "head": "GA032n0032_p1010a03"}, {"level": "2", "n": "", "type": "其他", "text": "庫司", "head": "GA032n0032_p1010a04"}, {"level": "2", "n": "", "type": "其他", "text": "香水海", "head": "GA032n0032_p1010a05"}, {"level": "2", "n": "", "type": "其他", "text": "古懺堂", "head": "GA032n0032_p1010a06"}, {"level": "2", "n": "", "type": "其他", "text": "含暉亭", "head": "GA032n0032_p1010a07"}, {"level": "2", "n": "", "type": "其他", "text": "流止亭", "head": "GA032n0032_p1010a09"}, {"level": "2", "n": "", "type": "其他", "text": "天王", "head": "GA032n0032_p1011a02"}, {"level": "2", "n": "", "type": "其他", "text": "妙喜庵", "head": "GA032n0032_p1011a04"}, {"level": "2", "n": "", "type": "其他", "text": "洗心亭", "head": "GA032n0032_p1011a05"}, {"level": "2", "n": "", "type": "其他", "text": "聖碑亭", "head": "GA032n0032_p1011a06"}, {"level": "2", "n": "", "type": "其他", "text": "傾蓋亭", "head": "GA032n0032_p1011a07"}, {"level": "2", "n": "", "type": "其他", "text": "靈谷庵", "head": "GA032n0032_p1011a08"}, {"level": "2", "n": "", "type": "其他", "text": "逢徑庵", "head": "GA032n0032_p1011a09"}, {"level": "2", "n": "", "type": "其他", "text": "天開閣", "head": "GA032n0032_p1012a01"}, {"level": "2", "n": "", "type": "其他", "text": "不動軒", "head": "GA032n0032_p1012a02"}, {"level": "2", "n": "", "type": "其他", "text": "無垢軒", "head": "GA032n0032_p1012a04"}, {"level": "2", "n": "", "type": "其他", "text": "死心亭", "head": "GA032n0032_p1012a06"}, {"level": "2", "n": "", "type": "其他", "text": "娑羅林", "head": "GA032n0032_p1012a07"}, {"level": "2", "n": "", "type": "其他", "text": "半山亭", "head": "GA032n0032_p1012a08"}, {"level": "2", "n": "", "type": "其他", "text": "松源房", "head": "GA032n0032_p1013a01"}, {"level": "2", "n": "", "type": "其他", "text": "梅谷房", "head": "GA032n0032_p1013a03"}, {"level": "2", "n": "", "type": "其他", "text": "中峰南院", "head": "GA032n0032_p1013a05"}, {"level": "2", "n": "", "type": "其他", "text": "宣照房", "head": "GA032n0032_p1013a08"}, {"level": "2", "n": "", "type": "其他", "text": "大慧房", "head": "GA032n0032_p1013a09"}, {"level": "2", "n": "", "type": "其他", "text": "圓照房", "head": "GA032n0032_p1014a01"}, {"level": "2", "n": "", "type": "其他", "text": "天然房", "head": "GA032n0032_p1014a02"}, {"level": "2", "n": "", "type": "其他", "text": "開山", "head": "GA032n0032_p1014a03"}, {"level": "2", "n": "", "type": "其他", "text": "妙香庵", "head": "GA032n0032_p1014a05"}, {"level": "2", "n": "", "type": "其他", "text": "寂照菴", "head": "GA032n0032_p1014a06"}, {"level": "2", "n": "", "type": "其他", "text": "幻室", "head": "GA032n0032_p1014a07"}, {"level": "2", "n": "", "type": "其他", "text": "妙明房", "head": "GA032n0032_p1014a08"}, {"level": "2", "n": "", "type": "其他", "text": "南塔房", "head": "GA032n0032_p1014a09"}, {"level": "2", "n": "", "type": "其他", "text": "如意房", "head": "GA032n0032_p1015a01"}, {"level": "2", "n": "", "type": "其他", "text": "惠泉東房", "head": "GA032n0032_p1015a02"}, {"level": "2", "n": "", "type": "其他", "text": "惠泉西房", "head": "GA032n0032_p1015a03"}, {"level": "2", "n": "", "type": "其他", "text": "安隱房", "head": "GA032n0032_p1015a04"}, {"level": "1", "n": "", "type": "其他", "text": "靜室", "head": "GA032n0032_p1017a01"}, {"level": "2", "n": "", "type": "其他", "text": "般若軒", "head": "GA032n0032_p1017a02"}, {"level": "2", "n": "", "type": "其他", "text": "寶積居", "head": "GA032n0032_p1017a04"}, {"level": "2", "n": "", "type": "其他", "text": "空生室", "head": "GA032n0032_p1017a05"}, {"level": "2", "n": "", "type": "其他", "text": "鐘樓", "head": "GA032n0032_p1017a06"}, {"level": "2", "n": "", "type": "其他", "text": "量虚室", "head": "GA032n0032_p1017a07"}, {"level": "2", "n": "", "type": "其他", "text": "行童庵", "head": "GA032n0032_p1017a08"}, {"level": "2", "n": "", "type": "其他", "text": "童真室", "head": "GA032n0032_p1017a09"}, {"level": "2", "n": "", "type": "其他", "text": "妙喜庵", "head": "GA032n0032_p1018a01"}, {"level": "2", "n": "", "type": "其他", "text": "大慧塔", "head": "GA032n0032_p1018a03"}, {"level": "2", "n": "", "type": "其他", "text": "紫栢塔", "head": "GA032n0032_p1018a04"}, {"level": "2", "n": "", "type": "其他", "text": "妙香庵", "head": "GA032n0032_p1018a05"}, {"level": "2", "n": "", "type": "其他", "text": "喝石庵", "head": "GA032n0032_p1018a06"}, {"level": "2", "n": "", "type": "其他", "text": "寂照庵", "head": "GA032n0032_p1018a07"}, {"level": "2", "n": "", "type": "其他", "text": "湛寂庵", "head": "GA032n0032_p1019a03"}, {"level": "2", "n": "", "type": "其他", "text": "見如室", "head": "GA032n0032_p1019a04"}, {"level": "2", "n": "", "type": "其他", "text": "顯密室", "head": "GA032n0032_p1019a05"}, {"level": "2", "n": "", "type": "其他", "text": "修竹室", "head": "GA032n0032_p1019a06"}, {"level": "2", "n": "", "type": "其他", "text": "惟一室", "head": "GA032n0032_p1019a07"}, {"level": "2", "n": "", "type": "其他", "text": "白雲窩", "head": "GA032n0032_p1019a08"}, {"level": "2", "n": "", "type": "其他", "text": "獅子巖", "head": "GA032n0032_p1019a09"}, {"level": "2", "n": "", "type": "其他", "text": "了實室", "head": "GA032n0032_p1020a01"}, {"level": "2", "n": "", "type": "其他", "text": "指歸室", "head": "GA032n0032_p1020a02"}, {"level": "2", "n": "", "type": "其他", "text": "白雲居", "head": "GA032n0032_p1020a03"}, {"level": "2", "n": "", "type": "其他", "text": "妙空塔", "head": "GA032n0032_p1020a04"}, {"level": "2", "n": "", "type": "其他", "text": "白雲室", "head": "GA032n0032_p1020a05"}, {"level": "2", "n": "", "type": "其他", "text": "法雲庵", "head": "GA032n0032_p1020a06"}, {"level": "2", "n": "", "type": "其他", "text": "來月齋", "head": "GA032n0032_p1020a07"}, {"level": "2", "n": "", "type": "其他", "text": "海雲庵", "head": "GA032n0032_p1020a08"}, {"level": "2", "n": "", "type": "其他", "text": "秀峰室", "head": "GA032n0032_p1020a09"}, {"level": "2", "n": "", "type": "其他", "text": "三一室", "head": "GA032n0032_p1021a01"}, {"level": "2", "n": "", "type": "其他", "text": "連珠庵", "head": "GA032n0032_p1021a02"}, {"level": "2", "n": "", "type": "其他", "text": "陶冶室", "head": "GA032n0032_p1021a03"}, {"level": "2", "n": "", "type": "其他", "text": "妙高庵", "head": "GA032n0032_p1021a04"}, {"level": "2", "n": "", "type": "其他", "text": "慧芳室", "head": "GA032n0032_p1021a05"}, {"level": "2", "n": "", "type": "其他", "text": "天然室", "head": "GA032n0032_p1021a06"}, {"level": "2", "n": "", "type": "其他", "text": "清香庵", "head": "GA032n0032_p1021a07"}, {"level": "2", "n": "", "type": "其他", "text": "貝葉庵", "head": "GA032n0032_p1021a08"}, {"level": "2", "n": "", "type": "其他", "text": "青霄庵", "head": "GA032n0032_p1021a09"}, {"level": "2", "n": "", "type": "其他", "text": "栽種居", "head": "GA032n0032_p1022a01"}, {"level": "2", "n": "", "type": "其他", "text": "湧蓮室", "head": "GA032n0032_p1022a02"}, {"level": "2", "n": "", "type": "其他", "text": "西林庵", "head": "GA032n0032_p1022a03"}, {"level": "2", "n": "", "type": "其他", "text": "襍華庵", "head": "GA032n0032_p1022a04"}, {"level": "2", "n": "", "type": "其他", "text": "藏石庵", "head": "GA032n0032_p1022a05"}, {"level": "2", "n": "", "type": "其他", "text": "藏雲庵", "head": "GA032n0032_p1022a06"}, {"level": "2", "n": "", "type": "其他", "text": "聖隣居", "head": "GA032n0032_p1022a07"}, {"level": "2", "n": "", "type": "其他", "text": "秀石室", "head": "GA032n0032_p1022a08"}, {"level": "2", "n": "", "type": "其他", "text": "守一室", "head": "GA032n0032_p1022a09"}, {"level": "2", "n": "", "type": "其他", "text": "無,室", "head": "GA032n0032_p1023a01"}, {"level": "2", "n": "", "type": "其他", "text": "宗印室", "head": "GA032n0032_p1023a02"}, {"level": "2", "n": "", "type": "其他", "text": "安養居", "head": "GA032n0032_p1023a03"}, {"level": "2", "n": "", "type": "其他", "text": "解續坪", "head": "GA032n0032_p1023a04"}, {"level": "2", "n": "", "type": "其他", "text": "伏虎庵", "head": "GA032n0032_p1023a05"}, {"level": "2", "n": "", "type": "其他", "text": "豹子嶺", "head": "GA032n0032_p1023a06"}, {"level": "2", "n": "", "type": "其他", "text": "淨行庵", "head": "GA032n0032_p1023a07"}, {"level": "2", "n": "", "type": "其他", "text": "默容室", "head": "GA032n0032_p1023a08"}, {"level": "2", "n": "", "type": "其他", "text": "善住庵", "head": "GA032n0032_p1023a09"}, {"level": "2", "n": "", "type": "其他", "text": "道淵室", "head": "GA032n0032_p1024a01"}, {"level": "2", "n": "", "type": "其他", "text": "崛山室", "head": "GA032n0032_p1024a02"}, {"level": "2", "n": "", "type": "其他", "text": "曰業室", "head": "GA032n0032_p1024a03"}, {"level": "2", "n": "", "type": "其他", "text": "石語室", "head": "GA032n0032_p1024a04"}, {"level": "2", "n": "", "type": "其他", "text": "卉木居", "head": "GA032n0032_p1024a05"}, {"level": "2", "n": "", "type": "其他", "text": "東土庵", "head": "GA032n0032_p1024a06"}, {"level": "2", "n": "", "type": "其他", "text": "德空室", "head": "GA032n0032_p1024a07"}, {"level": "2", "n": "", "type": "其他", "text": "棲雲谷", "head": "GA032n0032_p1024a08"}, {"level": "2", "n": "", "type": "其他", "text": "華嚴蘭若", "head": "GA032n0032_p1024a09"}, {"level": "2", "n": "", "type": "其他", "text": "子潜室", "head": "GA032n0032_p1025a01"}, {"level": "2", "n": "", "type": "其他", "text": "朗如室", "head": "GA032n0032_p1025a02"}, {"level": "2", "n": "", "type": "其他", "text": "松隱居", "head": "GA032n0032_p1025a03"}, {"level": "2", "n": "", "type": "其他", "text": "慧明室", "head": "GA032n0032_p1025a04"}, {"level": "2", "n": "", "type": "其他", "text": "源石庵", "head": "GA032n0032_p1025a05"}, {"level": "2", "n": "", "type": "其他", "text": "月堂室", "head": "GA032n0032_p1025a06"}, {"level": "2", "n": "", "type": "其他", "text": "玉記庵", "head": "GA032n0032_p1025a07"}, {"level": "2", "n": "", "type": "其他", "text": "體空室", "head": "GA032n0032_p1025a08"}, {"level": "2", "n": "", "type": "其他", "text": "別岸庵", "head": "GA032n0032_p1025a09"}, {"level": "2", "n": "", "type": "其他", "text": "清泰庵", "head": "GA032n0032_p1026a01"}, {"level": "2", "n": "", "type": "其他", "text": "敬心室", "head": "GA032n0032_p1026a02"}, {"level": "2", "n": "", "type": "其他", "text": "圓通庵", "head": "GA032n0032_p1026a03"}, {"level": "2", "n": "", "type": "其他", "text": "玉芝庵", "head": "GA032n0032_p1026a04"}, {"level": "2", "n": "", "type": "其他", "text": "娑竭庵", "head": "GA032n0032_p1026a05"}, {"level": "2", "n": "", "type": "其他", "text": "獅子林", "head": "GA032n0032_p1026a06"}, {"level": "2", "n": "", "type": "其他", "text": "無相室", "head": "GA032n0032_p1026a07"}, {"level": "2", "n": "", "type": "其他", "text": "棲鳳山", "head": "GA032n0032_p1026a08"}, {"level": "2", "n": "", "type": "其他", "text": "淨土庵", "head": "GA032n0032_p1026a09"}, {"level": "2", "n": "", "type": "其他", "text": "定然室", "head": "GA032n0032_p1027a01"}, {"level": "2", "n": "", "type": "其他", "text": "崑山室", "head": "GA032n0032_p1027a02"}, {"level": "2", "n": "", "type": "其他", "text": "近真室", "head": "GA032n0032_p1027a03"}, {"level": "2", "n": "", "type": "其他", "text": "傳衣庵", "head": "GA032n0032_p1027a04"}, {"level": "2", "n": "", "type": "其他", "text": "甘露庵", "head": "GA032n0032_p1027a07"}, {"level": "2", "n": "", "type": "其他", "text": "清涼庵", "head": "GA032n0032_p1027a08"}, {"level": "2", "n": "", "type": "其他", "text": "大乗庵", "head": "GA032n0032_p1027a09"}, {"level": "2", "n": "", "type": "其他", "text": "凌霄峰", "head": "GA032n0032_p1028a01"}, {"level": "2", "n": "", "type": "其他", "text": "蓮花庵", "head": "GA032n0032_p1028a05"}, {"level": "2", "n": "", "type": "其他", "text": "濯翠庵", "head": "GA032n0032_p1028a06"}, {"level": "2", "n": "", "type": "其他", "text": "彌陀庵", "head": "GA032n0032_p1028a07"}, {"level": "2", "n": "", "type": "其他", "text": "慶蓮居", "head": "GA032n0032_p1028a08"}, {"level": "2", "n": "", "type": "其他", "text": "大山室", "head": "GA032n0032_p1028a09"}, {"level": "2", "n": "", "type": "其他", "text": "龍潭頭", "head": "GA032n0032_p1029a01"}, {"level": "2", "n": "", "type": "其他", "text": "徑塢室", "head": "GA032n0032_p1029a02"}, {"level": "2", "n": "", "type": "其他", "text": "不昧室", "head": "GA032n0032_p1029a03"}, {"level": "2", "n": "", "type": "其他", "text": "湛之室", "head": "GA032n0032_p1029a04"}, {"level": "2", "n": "", "type": "其他", "text": "楊家山", "head": "GA032n0032_p1029a05"}, {"level": "2", "n": "", "type": "其他", "text": "淨業庵", "head": "GA032n0032_p1029a06"}, {"level": "2", "n": "", "type": "其他", "text": "自空室", "head": "GA032n0032_p1029a07"}, {"level": "2", "n": "", "type": "其他", "text": "妙智室", "head": "GA032n0032_p1029a08"}, {"level": "2", "n": "", "type": "其他", "text": "朝陽庵", "head": "GA032n0032_p1029a09"}, {"level": "2", "n": "", "type": "其他", "text": "留雲庵", "head": "GA032n0032_p1030a01"}, {"level": "2", "n": "", "type": "其他", "text": "大覺庵", "head": "GA032n0032_p1030a02"}, {"level": "2", "n": "", "type": "其他", "text": "密究齋", "head": "GA032n0032_p1030a03"}, {"level": "2", "n": "", "type": "其他", "text": "盤石庵", "head": "GA032n0032_p1030a04"}, {"level": "2", "n": "", "type": "其他", "text": "雲居庵", "head": "GA032n0032_p1030a05"}, {"level": "2", "n": "", "type": "其他", "text": "南塔", "head": "GA032n0032_p1030a06"}, {"level": "2", "n": "", "type": "其他", "text": "碑亭", "head": "GA032n0032_p1030a07"}, {"level": "2", "n": "", "type": "其他", "text": "千指庵", "head": "GA032n0032_p1030a08"}, {"level": "2", "n": "", "type": "其他", "text": "吉祥庵", "head": "GA032n0032_p1030a09"}, {"level": "2", "n": "", "type": "其他", "text": "佛聖庵", "head": "GA032n0032_p1031a01"}, {"level": "2", "n": "", "type": "其他", "text": "普香庵", "head": "GA032n0032_p1031a02"}, {"level": "2", "n": "", "type": "其他", "text": "風居庵", "head": "GA032n0032_p1031a03"}, {"level": "2", "n": "", "type": "其他", "text": "普慶寺", "head": "GA032n0032_p1031a04"}, {"level": "2", "n": "", "type": "其他", "text": "竹林庵", "head": "GA032n0032_p1031a05"}, {"level": "2", "n": "", "type": "其他", "text": "御愛峰", "head": "GA032n0032_p1031a06"}, {"level": "2", "n": "", "type": "其他", "text": "半山亭", "head": "GA032n0032_p1031a07"}, {"level": "2", "n": "", "type": "其他", "text": "洞橋庵", "head": "GA032n0032_p1031a08"}, {"level": "2", "n": "", "type": "其他", "text": "直嶺上", "head": "GA032n0032_p1031a09"}, {"level": "2", "n": "", "type": "其他", "text": "天然茶亭", "head": "GA032n0032_p1032a01"}, {"level": "2", "n": "", "type": "其他", "text": "栴檀室", "head": "GA032n0032_p1032a02"}, {"level": "2", "n": "", "type": "其他", "text": "大安寺", "head": "GA032n0032_p1032a03"}, {"level": "2", "n": "", "type": "其他", "text": "香象庵", "head": "GA032n0032_p1032a04"}, {"level": "2", "n": "", "type": "其他", "text": "青居庵", "head": "GA032n0032_p1032a05"}, {"level": "2", "n": "", "type": "其他", "text": "養智室", "head": "GA032n0032_p1032a06"}, {"level": "2", "n": "", "type": "其他", "text": "化城寺", "head": "GA032n0032_p1032a07"}, {"level": "2", "n": "", "type": "其他", "text": "觀音堂", "head": "GA032n0032_p1032a08"}, {"level": "2", "n": "", "type": "其他", "text": "西徑峰", "head": "GA032n0032_p1032a09"}, {"level": "1", "n": "", "type": "其他", "text": "名勝", "head": "GA032n0032_p1033a04"}, {"level": "2", "n": "", "type": "其他", "text": "大人峰", "head": "GA032n0032_p1033a05"}, {"level": "2", "n": "", "type": "其他", "text": "宴坐峰", "head": "GA032n0032_p1033a06"}, {"level": "2", "n": "", "type": "其他", "text": "鵬搏峰", "head": "GA032n0032_p1033a07"}, {"level": "2", "n": "", "type": "其他", "text": "朝陽峰", "head": "GA032n0032_p1033a08"}, {"level": "2", "n": "", "type": "其他", "text": "堆珠峰", "head": "GA032n0032_p1033a09"}, {"level": "2", "n": "", "type": "其他", "text": "凌霄峰", "head": "GA032n0032_p1034a01"}, {"level": "2", "n": "", "type": "其他", "text": "御愛峰", "head": "GA032n0032_p1034a03"}, {"level": "2", "n": "", "type": "其他", "text": "攀雲峰", "head": "GA032n0032_p1034a05"}, {"level": "2", "n": "", "type": "其他", "text": "雞籠峰", "head": "GA032n0032_p1034a06"}, {"level": "2", "n": "", "type": "其他", "text": "寶珠峰", "head": "GA032n0032_p1034a07"}, {"level": "2", "n": "", "type": "其他", "text": "別峰", "head": "GA032n0032_p1034a08"}, {"level": "2", "n": "", "type": "其他", "text": "白雲山", "head": "GA032n0032_p1034a09"}, {"level": "2", "n": "", "type": "其他", "text": "古龍湫", "head": "GA032n0032_p1035a02"}, {"level": "2", "n": "", "type": "其他", "text": "龍鼻水", "head": "GA032n0032_p1035a04"}, {"level": "2", "n": "", "type": "其他", "text": "過川", "head": "GA032n0032_p1035a06"}, {"level": "2", "n": "", "type": "其他", "text": "豹子嶺", "head": "GA032n0032_p1035a07"}, {"level": "2", "n": "", "type": "其他", "text": "獅子嶺", "head": "GA032n0032_p1035a08"}, {"level": "2", "n": "", "type": "其他", "text": "象鼻峰", "head": "GA032n0032_p1035a09"}, {"level": "2", "n": "", "type": "其他", "text": "螞螘窠", "head": "GA032n0032_p1036a01"}, {"level": "2", "n": "", "type": "其他", "text": "橫清嶺", "head": "GA032n0032_p1036a02"}, {"level": "2", "n": "", "type": "其他", "text": "風嘯嶺", "head": "GA032n0032_p1036a03"}, {"level": "2", "n": "", "type": "其他", "text": "水嶺", "head": "GA032n0032_p1036a04"}, {"level": "2", "n": "", "type": "其他", "text": "泥,嶺", "head": "GA032n0032_p1036a05"}, {"level": "2", "n": "", "type": "其他", "text": "彈嶺", "head": "GA032n0032_p1036a06"}, {"level": "2", "n": "", "type": "其他", "text": "翠屏石", "head": "GA032n0032_p1036a07"}, {"level": "2", "n": "", "type": "其他", "text": "千丈坑", "head": "GA032n0032_p1036a08"}, {"level": "2", "n": "", "type": "其他", "text": "林階坑", "head": "GA032n0032_p1036a09"}, {"level": "2", "n": "", "type": "其他", "text": "雪坑", "head": "GA032n0032_p1037a01"}, {"level": "2", "n": "", "type": "其他", "text": "徑塢", "head": "GA032n0032_p1037a02"}, {"level": "2", "n": "", "type": "其他", "text": "鷹窠石", "head": "GA032n0032_p1037a03"}, {"level": "2", "n": "", "type": "其他", "text": "瀑布", "head": "GA032n0032_p1037a04"}, {"level": "2", "n": "", "type": "其他", "text": "秀才巖", "head": "GA032n0032_p1037a06"}, {"level": "2", "n": "", "type": "其他", "text": "向巖", "head": "GA032n0032_p1037a07"}, {"level": "2", "n": "", "type": "其他", "text": "石塌塢", "head": "GA032n0032_p1037a08"}, {"level": "2", "n": "", "type": "其他", "text": "糞箕塢", "head": "GA032n0032_p1037a09"}, {"level": "2", "n": "", "type": "其他", "text": "廻龍橋", "head": "GA032n0032_p1038a01"}, {"level": "2", "n": "", "type": "其他", "text": "野人塢", "head": "GA032n0032_p1038a02"}, {"level": "2", "n": "", "type": "其他", "text": "牛,塢", "head": "GA032n0032_p1038a03"}, {"level": "2", "n": "", "type": "其他", "text": "孟家", "head": "GA032n0032_p1038a04"}, {"level": "2", "n": "", "type": "其他", "text": "茄秧塢", "head": "GA032n0032_p1038a05"}, {"level": "2", "n": "", "type": "其他", "text": "楓樹灣", "head": "GA032n0032_p1038a06"}, {"level": "2", "n": "", "type": "其他", "text": "罳塢", "head": "GA032n0032_p1038a07"}, {"level": "2", "n": "", "type": "其他", "text": "蜀葵灣", "head": "GA032n0032_p1038a08"}, {"level": "2", "n": "", "type": "其他", "text": "茶園", "head": "GA032n0032_p1038a09"}, {"level": "2", "n": "", "type": "其他", "text": "檀樹灣", "head": "GA032n0032_p1039a01"}, {"level": "2", "n": "", "type": "其他", "text": "令凡塢", "head": "GA032n0032_p1039a02"}, {"level": "2", "n": "", "type": "其他", "text": "風洞", "head": "GA032n0032_p1039a03"}, {"level": "2", "n": "", "type": "其他", "text": "晒陽山", "head": "GA032n0032_p1039a04"}, {"level": "2", "n": "", "type": "其他", "text": "火衖", "head": "GA032n0032_p1039a05"}, {"level": "2", "n": "", "type": "其他", "text": "骨花池", "head": "GA032n0032_p1039a06"}, {"level": "2", "n": "", "type": "其他", "text": "仰天灣", "head": "GA032n0032_p1039a08"}, {"level": "2", "n": "", "type": "其他", "text": "楊棧頭", "head": "GA032n0032_p1039a09"}, {"level": "2", "n": "", "type": "其他", "text": "黃沙灘", "head": "GA032n0032_p1040a01"}, {"level": "2", "n": "", "type": "其他", "text": "三塔", "head": "GA032n0032_p1040a02"}, {"level": "2", "n": "", "type": "其他", "text": "四顧坪", "head": "GA032n0032_p1040a03"}, {"level": "2", "n": "", "type": "其他", "text": "石壁塢", "head": "GA032n0032_p1040a04"}, {"level": "2", "n": "", "type": "其他", "text": "樓房塢", "head": "GA032n0032_p1040a05"}, {"level": "2", "n": "", "type": "其他", "text": "橫山", "head": "GA032n0032_p1040a06"}, {"level": "2", "n": "", "type": "其他", "text": "橫嶺", "head": "GA032n0032_p1040a07"}, {"level": "2", "n": "", "type": "其他", "text": "廣積池", "head": "GA032n0032_p1040a08"}, {"level": "2", "n": "", "type": "其他", "text": "惠泉池", "head": "GA032n0032_p1040a09"}, {"level": "2", "n": "", "type": "其他", "text": "雙見橋", "head": "GA032n0032_p1041a01"}, {"level": "2", "n": "", "type": "其他", "text": "朱家塢", "head": "GA032n0032_p1041a02"}, {"level": "2", "n": "", "type": "其他", "text": "漆樹塢", "head": "GA032n0032_p1041a03"}, {"level": "2", "n": "", "type": "其他", "text": "大山", "head": "GA032n0032_p1041a04"}, {"level": "2", "n": "", "type": "其他", "text": "蘿蔔坪", "head": "GA032n0032_p1041a05"}, {"level": "2", "n": "", "type": "其他", "text": "種樹山", "head": "GA032n0032_p1041a06"}, {"level": "2", "n": "", "type": "其他", "text": "百步坎", "head": "GA032n0032_p1041a08"}, {"level": "2", "n": "", "type": "其他", "text": "椒園", "head": "GA032n0032_p1041a09"}, {"level": "2", "n": "", "type": "其他", "text": "擂牛宕", "head": "GA032n0032_p1042a01"}, {"level": "2", "n": "", "type": "其他", "text": "查洲", "head": "GA032n0032_p1042a02"}, {"level": "2", "n": "", "type": "其他", "text": "將軍潭", "head": "GA032n0032_p1042a03"}, {"level": "2", "n": "", "type": "其他", "text": "深潭灣", "head": "GA032n0032_p1042a04"}, {"level": "2", "n": "", "type": "其他", "text": "富家塢", "head": "GA032n0032_p1042a05"}, {"level": "2", "n": "", "type": "其他", "text": "菜園", "head": "GA032n0032_p1042a06"}, {"level": "2", "n": "", "type": "其他", "text": "直嶺", "head": "GA032n0032_p1042a07"}, {"level": "2", "n": "", "type": "其他", "text": "天澤塢", "head": "GA032n0032_p1042a08"}, {"level": "2", "n": "", "type": "其他", "text": "通徑橋", "head": "GA032n0032_p1042a09"}, {"level": "2", "n": "", "type": "其他", "text": "吉祥峰", "head": "GA032n0032_p1043a02"}, {"level": "2", "n": "", "type": "其他", "text": "將軍峰", "head": "GA032n0032_p1043a03"}, {"level": "2", "n": "", "type": "其他", "text": "雙溪", "head": "GA032n0032_p1043a04"}, {"level": "2", "n": "", "type": "其他", "text": "吳山", "head": "GA032n0032_p1043a05"}, {"level": "2", "n": "", "type": "其他", "text": "徑山港口", "head": "GA032n0032_p1043a06"}, {"level": "1", "n": "", "type": "其他", "text": "下院", "head": "GA032n0032_p1045a01"}, {"level": "2", "n": "", "type": "其他", "text": "雙溪化城接待寺", "head": "GA032n0032_p1045a02"}, {"level": "2", "n": "", "type": "其他", "text": "大安禪寺", "head": "GA032n0032_p1045a09"}, {"level": "2", "n": "", "type": "其他", "text": "小徑山萬壽禪寺", "head": "GA032n0032_p1046a09"}, {"level": "2", "n": "", "type": "其他", "text": "西徑山寺", "head": "GA032n0032_p1047a02"}, {"level": "2", "n": "", "type": "其他", "text": "真寂禪院", "head": "GA032n0032_p1047a04"}, {"level": "2", "n": "", "type": "其他", "text": "安樂寺", "head": "GA032n0032_p1047a07"}, {"level": "2", "n": "", "type": "其他", "text": "安眾寺", "head": "GA032n0032_p1048a04"}, {"level": "2", "n": "", "type": "其他", "text": "法華寺", "head": "GA032n0032_p1048a07"}, {"level": "2", "n": "", "type": "其他", "text": "萬壽正續寺", "head": "GA032n0032_p1049a02"}, {"level": "2", "n": "", "type": "其他", "text": "廣化禪寺", "head": "GA032n0032_p1049a05"}, {"level": "2", "n": "", "type": "其他", "text": "順慶禪寺", "head": "GA032n0032_p1049a07"}, {"level": "2", "n": "", "type": "其他", "text": "實際禪寺", "head": "GA032n0032_p1049a09"}, {"level": "2", "n": "", "type": "其他", "text": "妙濟禪寺", "head": "GA032n0032_p1050a02"}, {"level": "2", "n": "", "type": "其他", "text": "雲福禪院", "head": "GA032n0032_p1050a04"}, {"level": "2", "n": "", "type": "其他", "text": "圓覺庵", "head": "GA032n0032_p1050a06"}, {"level": "2", "n": "", "type": "其他", "text": "圓修庵", "head": "GA032n0032_p1050a08"}, {"level": "2", "n": "", "type": "其他", "text": "普慶禪寺", "head": "GA032n0032_p1051a01"}, {"level": "2", "n": "", "type": "其他", "text": "接待寺", "head": "GA032n0032_p1051a03"}, {"level": "2", "n": "", "type": "其他", "text": "圓覺禪寺", "head": "GA032n0032_p1051a04"}, {"level": "2", "n": "", "type": "其他", "text": "石壁寺", "head": "GA032n0032_p1051a05"}, {"level": "2", "n": "", "type": "其他", "text": "廣際禪寺", "head": "GA032n0032_p1051a07"}, {"level": "2", "n": "", "type": "其他", "text": "慶恩院", "head": "GA032n0032_p1051a08"}, {"level": "2", "n": "", "type": "其他", "text": "西堂庵", "head": "GA032n0032_p1051a09"}, {"level": "2", "n": "", "type": "其他", "text": "壇石寺", "head": "GA032n0032_p1052a01"}, {"level": "2", "n": "", "type": "其他", "text": "寂照禪寺", "head": "GA032n0032_p1052a03"}, {"level": "2", "n": "", "type": "其他", "text": "迎恩院", "head": "GA032n0032_p1052a04"}, {"level": "2", "n": "", "type": "其他", "text": "萬壽山", "head": "GA032n0032_p1052a05"}, {"level": "2", "n": "", "type": "其他", "text": "水西寺", "head": "GA032n0032_p1052a06"}, {"level": "2", "n": "", "type": "其他", "text": "祥符寺", "head": "GA032n0032_p1052a07"}, {"level": "2", "n": "", "type": "其他", "text": "東禪寺", "head": "GA032n0032_p1052a08"}, {"level": "2", "n": "", "type": "其他", "text": "南湖地藏", "head": "GA032n0032_p1053a01"}, {"level": "1", "n": "", "type": "其他", "text": "古跡", "head": "GA032n0032_p1055a04"}, {"level": "2", "n": "", "type": "其他", "text": "開山", "head": "GA032n0032_p1055a05"}, {"level": "2", "n": "", "type": "其他", "text": "喝石", "head": "GA032n0032_p1055a06"}, {"level": "2", "n": "", "type": "其他", "text": "龍井", "head": "GA032n0032_p1055a08"}, {"level": "2", "n": "", "type": "其他", "text": "龍洞", "head": "GA032n0032_p1055a09"}, {"level": "2", "n": "", "type": "其他", "text": "鉢盂池", "head": "GA032n0032_p1056a02"}, {"level": "2", "n": "", "type": "其他", "text": "明月池", "head": "GA032n0032_p1056a03"}, {"level": "2", "n": "", "type": "其他", "text": "洗硯池", "head": "GA032n0032_p1056a05"}, {"level": "2", "n": "", "type": "其他", "text": "放生池", "head": "GA032n0032_p1056a07"}, {"level": "2", "n": "", "type": "其他", "text": "佛聖水", "head": "GA032n0032_p1057a01"}, {"level": "2", "n": "", "type": "其他", "text": "錢王井", "head": "GA032n0032_p1057a02"}, {"level": "2", "n": "", "type": "其他", "text": "上水池", "head": "GA032n0032_p1057a03"}, {"level": "2", "n": "", "type": "其他", "text": "下水池", "head": "GA032n0032_p1057a04"}, {"level": "2", "n": "", "type": "其他", "text": "棊盤石", "head": "GA032n0032_p1057a05"}, {"level": "2", "n": "", "type": "其他", "text": "玉芝巖", "head": "GA032n0032_p1057a06"}, {"level": "2", "n": "", "type": "其他", "text": "羅漢石", "head": "GA032n0032_p1057a08"}, {"level": "2", "n": "", "type": "其他", "text": "雲居石", "head": "GA032n0032_p1058a01"}, {"level": "2", "n": "", "type": "其他", "text": "行童坑", "head": "GA032n0032_p1058a02"}, {"level": "2", "n": "", "type": "其他", "text": "子潜坑", "head": "GA032n0032_p1058a04"}, {"level": "2", "n": "", "type": "其他", "text": "南塔", "head": "GA032n0032_p1058a05"}, {"level": "2", "n": "", "type": "其他", "text": "麪臺石", "head": "GA032n0032_p1058a06"}, {"level": "2", "n": "", "type": "其他", "text": "垃塔坑", "head": "GA032n0032_p1058a08"}, {"level": "2", "n": "", "type": "其他", "text": "龍潭", "head": "GA032n0032_p1058a09"}, {"level": "2", "n": "", "type": "其他", "text": "梅樹灣", "head": "GA032n0032_p1059a01"}, {"level": "2", "n": "", "type": "其他", "text": "水磨塢", "head": "GA032n0032_p1059a02"}, {"level": "2", "n": "", "type": "其他", "text": "少卿塢", "head": "GA032n0032_p1059a03"}, {"level": "2", "n": "", "type": "其他", "text": "陳大塢", "head": "GA032n0032_p1059a05"}, {"level": "2", "n": "", "type": "其他", "text": "文殊臺", "head": "GA032n0032_p1059a06"}, {"level": "2", "n": "", "type": "其他", "text": "普賢臺", "head": "GA032n0032_p1059a07"}, {"level": "2", "n": "", "type": "其他", "text": "碑牌灣", "head": "GA032n0032_p1059a08"}, {"level": "2", "n": "", "type": "其他", "text": "香水海", "head": "GA032n0032_p1059a09"}, {"level": "2", "n": "", "type": "其他", "text": "金雞泉", "head": "GA032n0032_p1060a02"}, {"level": "2", "n": "", "type": "其他", "text": "靈雞塚", "head": "GA032n0032_p1060a04"}, {"level": "2", "n": "", "type": "其他", "text": "白兎塚", "head": "GA032n0032_p1060a05"}, {"level": "2", "n": "", "type": "其他", "text": "菖蒲田", "head": "GA032n0032_p1060a06"}, {"level": "2", "n": "", "type": "其他", "text": "蠟衲嶺", "head": "GA032n0032_p1060a07"}, {"level": "2", "n": "", "type": "其他", "text": "月清橋", "head": "GA032n0032_p1060a09"}, {"level": "2", "n": "", "type": "其他", "text": "船橋", "head": "GA032n0032_p1061a01"}, {"level": "2", "n": "", "type": "其他", "text": "鯽魚池", "head": "GA032n0032_p1061a02"}, {"level": "2", "n": "", "type": "其他", "text": "栗園", "head": "GA032n0032_p1061a03"}, {"level": "2", "n": "", "type": "其他", "text": "茭苩池", "head": "GA032n0032_p1061a04"}, {"level": "2", "n": "", "type": "其他", "text": "花果園", "head": "GA032n0032_p1061a05"}, {"level": "2", "n": "", "type": "其他", "text": "禮拜石", "head": "GA032n0032_p1061a07"}, {"level": "2", "n": "", "type": "其他", "text": "古樅", "head": "GA032n0032_p1062a01"}, {"level": "2", "n": "", "type": "其他", "text": "古銀杏", "head": "GA032n0032_p1062a02"}, {"level": "2", "n": "", "type": "其他", "text": "金蓮花", "head": "GA032n0032_p1062a03"}, {"level": "2", "n": "", "type": "其他", "text": "佛聖水", "head": "GA032n0032_p1062a04"}, {"level": "1", "n": "", "type": "其他", "text": "寺產", "head": "GA032n0032_p1063a01"}, {"level": "2", "n": "", "type": "其他", "text": "徑山", "head": "GA032n0032_p1063a02"}, {"level": "2", "n": "", "type": "其他", "text": "蘓州徑山庄", "head": "GA032n0032_p1063a06"}, {"level": "2", "n": "", "type": "其他", "text": "湖州庄", "head": "GA032n0032_p1063a09"}, {"level": "2", "n": "", "type": "其他", "text": "崑山庄", "head": "GA032n0032_p1064a01"}, {"level": "2", "n": "", "type": "其他", "text": "嘉興庄", "head": "GA032n0032_p1064a03"}, {"level": "2", "n": "", "type": "其他", "text": "仁和庄", "head": "GA032n0032_p1064a04"}, {"level": "2", "n": "", "type": "其他", "text": "草蕩三千畒", "head": "GA032n0032_p1064a05"}, {"level": "2", "n": "", "type": "其他", "text": "梅谷庄", "head": "GA032n0032_p1064a06"}, {"level": "2", "n": "", "type": "其他", "text": "臨安庄", "head": "GA032n0032_p1064a07"}, {"level": "2", "n": "", "type": "其他", "text": "傳衣庄", "head": "GA032n0032_p1064a09"}, {"level": "2", "n": "", "type": "其他", "text": "大,常住", "head": "GA032n0032_p1065a02"}, {"level": "2", "n": "", "type": "其他", "text": "觀音,常住", "head": "GA032n0032_p1066a02"}, {"level": "2", "n": "", "type": "其他", "text": "大安寺", "head": "GA032n0032_p1066a05"}, {"level": "2", "n": "", "type": "其他", "text": "真寂院", "head": "GA032n0032_p1066a08"}, {"level": "2", "n": "", "type": "其他", "text": "南湖地藏", "head": "GA032n0032_p1067a06"}, {"level": "2", "n": "", "type": "其他", "text": "化城寺", "head": "GA032n0032_p1068a01"}, {"level": "2", "n": "", "type": "其他", "text": "安樂寺", "head": "GA032n0032_p1068a05"}, {"level": "2", "n": "", "type": "其他", "text": "寂照", "head": "GA032n0032_p1068a07"}, {"level": "1", "n": "", "type": "其他", "text": "紀事", "head": "GA032n0032_p1069a01"}, {"level": "2", "n": "", "type": "其他", "text": "古鼎圓鏡", "head": "GA032n0032_p1069a02"}, {"level": "2", "n": "", "type": "其他", "text": "惠洲業報", "head": "GA032n0032_p1069a09"}, {"level": "2", "n": "", "type": "其他", "text": "淨業見報", "head": "GA032n0032_p1070a08"}, {"level": "2", "n": "", "type": "其他", "text": "寳上座", "head": "GA032n0032_p1071a07"}, {"level": "2", "n": "", "type": "其他", "text": "西巖和尚", "head": "GA032n0032_p1072a07"}, {"level": "2", "n": "", "type": "其他", "text": "佛性不得道有無", "head": "GA032n0032_p1073a05"}, {"level": "2", "n": "", "type": "其他", "text": "神龍", "head": "GA032n0032_p1074a04"}, {"level": "2", "n": "", "type": "其他", "text": "喝石", "head": "GA032n0032_p1074a08"}, {"level": "2", "n": "", "type": "其他", "text": "神冶鐘", "head": "GA032n0032_p1075a03"}, {"level": "2", "n": "", "type": "其他", "text": "無尾螺", "head": "GA032n0032_p1075a09"}, {"level": "2", "n": "", "type": "其他", "text": "靈雞", "head": "GA032n0032_p1076a05"}, {"level": "2", "n": "", "type": "其他", "text": "白兎", "head": "GA032n0032_p1076a08"}, {"level": "2", "n": "", "type": "其他", "text": "南塔", "head": "GA032n0032_p1077a01"}]