[{"level": "1", "n": "", "type": "其他", "text": "題解", "head": "ZW04n0033_p0035a02"}, {"level": "1", "n": "", "type": "序", "text": "漢譯入菩薩行論廣解序", "head": "ZW04n0033_p0035a24"}, {"level": "1", "n": "", "type": "其他", "text": "譯文", "head": "ZW04n0033_p0036a17"}, {"level": "2", "n": "", "type": "其他", "text": "一、讚菩提心功德品", "head": "ZW04n0033_p0036a18"}, {"level": "2", "n": "", "type": "其他", "text": "二、懺悔品", "head": "ZW04n0033_p0052a15"}, {"level": "2", "n": "", "type": "其他", "text": "三、受持菩提心品", "head": "ZW04n0033_p0069a06"}, {"level": "2", "n": "", "type": "其他", "text": "四、不放逸品", "head": "ZW04n0033_p0078a09"}, {"level": "2", "n": "", "type": "其他", "text": "五、守護正知品", "head": "ZW04n0033_p0092a09"}, {"level": "2", "n": "", "type": "其他", "text": "六、忍辱品", "head": "ZW04n0033_p0121a07"}, {"level": "2", "n": "", "type": "其他", "text": "七、精進品", "head": "ZW04n0033_p0156a01"}, {"level": "2", "n": "", "type": "其他", "text": "八、禪定品", "head": "ZW04n0033_p0177a01"}, {"level": "2", "n": "", "type": "其他", "text": "九、般若波羅蜜多品", "head": "ZW04n0033_p0220a12"}, {"level": "2", "n": "", "type": "其他", "text": "十、普皆迴向品", "head": "ZW04n0033_p0272a14"}, {"level": "1", "n": "", "type": "其他", "text": "漢譯入菩薩行論廣解後記", "head": "ZW04n0033_p0287a10"}]