[{"level": "1", "n": "", "type": "其他", "text": "題解", "head": "ZW04n0039_p0310a02"}, {"level": "1", "n": "", "type": "其他", "text": "錄文一：大藏《佛說觀無量壽佛經》", "head": "ZW04n0039_p0310a14"}, {"level": "2", "n": "", "type": "其他", "text": "三福", "head": "ZW04n0039_p0310a17"}, {"level": "2", "n": "", "type": "其他", "text": "九品", "head": "ZW04n0039_p0311a05"}, {"level": "3", "n": "", "type": "其他", "text": "上品中生", "head": "ZW04n0039_p0311a16"}, {"level": "3", "n": "", "type": "其他", "text": "上品下生", "head": "ZW04n0039_p0312a06"}, {"level": "3", "n": "", "type": "其他", "text": "中品上生", "head": "ZW04n0039_p0312a15"}, {"level": "3", "n": "", "type": "其他", "text": "中品中生", "head": "ZW04n0039_p0313a01"}, {"level": "3", "n": "", "type": "其他", "text": "中品下生", "head": "ZW04n0039_p0313a10"}, {"level": "3", "n": "", "type": "其他", "text": "下品上生", "head": "ZW04n0039_p0313a17"}, {"level": "3", "n": "", "type": "其他", "text": "下品中生", "head": "ZW04n0039_p0314a04"}, {"level": "3", "n": "", "type": "其他", "text": "下品下生", "head": "ZW04n0039_p0314a14"}, {"level": "2", "n": "", "type": "其他", "text": "十六觀", "head": "ZW04n0039_p0314a24"}, {"level": "3", "n": "", "type": "其他", "text": "日觀", "head": "ZW04n0039_p0314a25"}, {"level": "3", "n": "", "type": "其他", "text": "水觀", "head": "ZW04n0039_p0315a03"}, {"level": "3", "n": "", "type": "其他", "text": "地觀", "head": "ZW04n0039_p0315a06"}, {"level": "3", "n": "", "type": "其他", "text": "樹觀", "head": "ZW04n0039_p0315a09"}, {"level": "3", "n": "", "type": "其他", "text": "池觀", "head": "ZW04n0039_p0315a12"}, {"level": "3", "n": "", "type": "其他", "text": "總觀", "head": "ZW04n0039_p0315a15"}, {"level": "3", "n": "", "type": "其他", "text": "寶像觀", "head": "ZW04n0039_p0315a18"}, {"level": "3", "n": "", "type": "其他", "text": "華座觀", "head": "ZW04n0039_p0315a21"}, {"level": "3", "n": "", "type": "其他", "text": "法身觀", "head": "ZW04n0039_p0315a23"}, {"level": "3", "n": "", "type": "其他", "text": "觀世音觀", "head": "ZW04n0039_p0316a01"}, {"level": "3", "n": "", "type": "其他", "text": "大勢至觀", "head": "ZW04n0039_p0316a04"}, {"level": "3", "n": "", "type": "其他", "text": "普觀", "head": "ZW04n0039_p0316a07"}, {"level": "3", "n": "", "type": "其他", "text": "丈六金身觀", "head": "ZW04n0039_p0316a10"}, {"level": "3", "n": "", "type": "其他", "text": "上品觀", "head": "ZW04n0039_p0316a13"}, {"level": "3", "n": "", "type": "其他", "text": "中品觀", "head": "ZW04n0039_p0316a16"}, {"level": "3", "n": "", "type": "其他", "text": "下品觀", "head": "ZW04n0039_p0316a19"}, {"level": "1", "n": "", "type": "其他", "text": "錄文二：普勸持念阿彌陀佛", "head": "ZW04n0039_p0317a01"}, {"level": "1", "n": "", "type": "其他", "text": "錄文三：再三相勸念彌陀", "head": "ZW04n0039_p0318a17"}]