[{"level": "1", "n": "", "type": "其他", "text": "題解", "head": "ZW04n0040_p0321a02"}, {"level": "1", "n": "", "type": "其他", "text": "錄文一", "head": "ZW04n0040_p0321a10"}, {"level": "2", "n": "", "type": "其他", "text": "現報司", "head": "ZW04n0040_p0321a14"}, {"level": "2", "n": "", "type": "其他", "text": "秦廣大王", "head": "ZW04n0040_p0321a18"}, {"level": "2", "n": "", "type": "其他", "text": "初江大王", "head": "ZW04n0040_p0321a22"}, {"level": "2", "n": "", "type": "其他", "text": "宋帝大王", "head": "ZW04n0040_p0321a26"}, {"level": "2", "n": "", "type": "其他", "text": "五官大王", "head": "ZW04n0040_p0322a04"}, {"level": "2", "n": "", "type": "其他", "text": "閻羅天子", "head": "ZW04n0040_p0322a08"}, {"level": "2", "n": "", "type": "其他", "text": "變成大王", "head": "ZW04n0040_p0322a12"}, {"level": "2", "n": "", "type": "其他", "text": "太山大王", "head": "ZW04n0040_p0322a16"}, {"level": "2", "n": "", "type": "其他", "text": "平正大王", "head": "ZW04n0040_p0322a20"}, {"level": "2", "n": "", "type": "其他", "text": "都市大王", "head": "ZW04n0040_p0322a24"}, {"level": "2", "n": "", "type": "其他", "text": "轉輪聖王", "head": "ZW04n0040_p0323a03"}, {"level": "2", "n": "", "type": "其他", "text": "速報司官", "head": "ZW04n0040_p0323a07"}, {"level": "1", "n": "", "type": "其他", "text": "錄文二", "head": "ZW04n0040_p0323a13"}, {"level": "2", "n": "", "type": "其他", "text": "刀山地獄", "head": "ZW04n0040_p0323a15"}, {"level": "2", "n": "", "type": "其他", "text": "鑊湯地獄", "head": "ZW04n0040_p0323a20"}, {"level": "2", "n": "", "type": "其他", "text": "寒冰地獄", "head": "ZW04n0040_p0323a25"}, {"level": "2", "n": "", "type": "其他", "text": "劍樹地獄", "head": "ZW04n0040_p0324a04"}, {"level": "2", "n": "", "type": "其他", "text": "拔舌、毒蛇地獄", "head": "ZW04n0040_p0324a09"}, {"level": "2", "n": "", "type": "其他", "text": "挫碓地獄", "head": "ZW04n0040_p0324a21"}, {"level": "2", "n": "", "type": "其他", "text": "鋸解、鐵床地獄", "head": "ZW04n0040_p0325a09"}, {"level": "2", "n": "", "type": "其他", "text": "黑暗地獄", "head": "ZW04n0040_p0325a18"}, {"level": "2", "n": "", "type": "其他", "text": "截膝地獄", "head": "ZW04n0040_p0325a23"}, {"level": "2", "n": "", "type": "其他", "text": "鐵圍山阿鼻地獄", "head": "ZW04n0040_p0327a01"}, {"level": "2", "n": "", "type": "其他", "text": "餓鬼地獄", "head": "ZW04n0040_p0327a12"}, {"level": "2", "n": "", "type": "其他", "text": "鐵輪地獄", "head": "ZW04n0040_p0327a20"}, {"level": "2", "n": "", "type": "其他", "text": "刀船地獄", "head": "ZW04n0040_p0328a03"}, {"level": "2", "n": "", "type": "其他", "text": "鑊湯地獄", "head": "ZW04n0040_p0328a15"}, {"level": "2", "n": "", "type": "其他", "text": "鐵輪地獄", "head": "ZW04n0040_p0328a20"}, {"level": "2", "n": "", "type": "其他", "text": "糞穢地獄", "head": "ZW04n0040_p0329a06"}, {"level": "1", "n": "", "type": "附文", "text": "附：藏外石刻文獻——書在整理大足寶頂山石刻經文偈頌之後", "head": "ZW04n0040_p0331a01"}]