[{"level": "1", "n": "", "type": "其他", "text": "題解", "head": "ZW04n0038_p0308a02"}, {"level": "1", "n": "", "type": "其他", "text": "錄文", "head": "ZW04n0038_p0308a17"}, {"level": "1", "n": "", "type": "其他", "text": "太宗至仁應道神功聖德文武睿烈大明廣孝皇帝頌", "head": "ZW04n0038_p0308a21"}, {"level": "1", "n": "", "type": "其他", "text": "真宗膺符稽古成功讓德文明武定章聖元孝皇帝偈", "head": "ZW04n0038_p0309a03"}, {"level": "1", "n": "", "type": "其他", "text": "仁宗體天法道極功全德神文聖武睿哲明孝皇帝讚", "head": "ZW04n0038_p0309a09"}]