[{"level": "1", "n": "", "type": "其他", "text": "題解", "head": "ZW04n0036_p0292a02"}, {"level": "1", "n": "", "type": "其他", "text": "錄文", "head": "ZW04n0036_p0292a19"}, {"level": "2", "n": "", "type": "其他", "text": "投佛祈求嗣息", "head": "ZW04n0036_p0292a21"}, {"level": "2", "n": "", "type": "其他", "text": "懷胎守護恩", "head": "ZW04n0036_p0293a09"}, {"level": "2", "n": "", "type": "其他", "text": "臨產受苦恩", "head": "ZW04n0036_p0293a14"}, {"level": "2", "n": "", "type": "其他", "text": "生子忘憂恩", "head": "ZW04n0036_p0293a21"}, {"level": "2", "n": "", "type": "其他", "text": "咽苦吐甘恩", "head": "ZW04n0036_p0294a03"}, {"level": "2", "n": "", "type": "其他", "text": "推乾就濕恩", "head": "ZW04n0036_p0294a08"}, {"level": "2", "n": "", "type": "其他", "text": "乳哺養育恩", "head": "ZW04n0036_p0294a13"}, {"level": "2", "n": "", "type": "其他", "text": "洗濯不淨恩", "head": "ZW04n0036_p0294a18"}, {"level": "2", "n": "", "type": "其他", "text": "為造惡業恩", "head": "ZW04n0036_p0295a04"}, {"level": "2", "n": "", "type": "其他", "text": "遠行憶念恩", "head": "ZW04n0036_p0295a09"}, {"level": "2", "n": "", "type": "其他", "text": "究竟憐憫恩", "head": "ZW04n0036_p0295a16"}, {"level": "2", "n": "", "type": "其他", "text": "大藏報父母恩德經", "head": "ZW04n0036_p0295a21"}, {"level": "2", "n": "", "type": "其他", "text": "大藏佛言為於父母供養三寶", "head": "ZW04n0036_p0296a07"}, {"level": "2", "n": "", "type": "其他", "text": "大藏佛言為於父母□悔罪德", "head": "ZW04n0036_p0296a14"}, {"level": "2", "n": "", "type": "其他", "text": "大藏佛言三千條律令不孝罪為先", "head": "ZW04n0036_p0297a01"}, {"level": "2", "n": "", "type": "其他", "text": "刑法", "head": "ZW04n0036_p0297a13"}, {"level": "2", "n": "", "type": "其他", "text": "佛告阿難不孝之人墮阿毗獄", "head": "ZW04n0036_p0297a16"}, {"level": "2", "n": "", "type": "其他", "text": "佛戒語", "head": "ZW04n0036_p0298a03"}, {"level": "2", "n": "", "type": "其他", "text": "佛偈戒語", "head": "ZW04n0036_p0298a06"}]