[{"n": "1", "fun": "open", "head": "GA027n0025_p0029a01"}, {"n": "1", "fun": "close", "head": "GA027n0025_p0066a10"}, {"n": "2", "fun": "open", "head": "GA027n0025_p0067a01"}, {"n": "2", "fun": "close", "head": "GA027n0025_p0100a10"}, {"n": "3", "fun": "open", "head": "GA027n0025_p0101a01"}, {"n": "3", "fun": "close", "head": "GA027n0025_p0134a10"}, {"n": "4", "fun": "open", "head": "GA027n0025_p0135a01"}, {"n": "4", "fun": "close", "head": "GA027n0025_p0190a10"}, {"n": "5", "fun": "open", "head": "GA027n0025_p0191a01"}, {"n": "5", "fun": "close", "head": "GA027n0025_p0218a10"}, {"n": "6", "fun": "open", "head": "GA027n0025_p0219a01"}, {"n": "6", "fun": "close", "head": "GA027n0025_p0260a10"}]