[{"level": "1", "n": "1", "type": "品", "text": "1 道引品", "head": "T10n0309_p0966a08"}, {"level": "1", "n": "2", "type": "品", "text": "2 留化品", "head": "T10n0309_p0968a12"}, {"level": "1", "n": "3", "type": "品", "text": "3 空觀品", "head": "T10n0309_p0969a19"}, {"level": "1", "n": "4", "type": "品", "text": "4 色入品", "head": "T10n0309_p0970c28"}, {"level": "1", "n": "5", "type": "品", "text": "5 了空品", "head": "T10n0309_p0973a09"}, {"level": "1", "n": "6", "type": "品", "text": "6 根門品", "head": "T10n0309_p0975b24"}, {"level": "1", "n": "7", "type": "品", "text": "7 廣受品", "head": "T10n0309_p0978a04"}, {"level": "1", "n": "8", "type": "品", "text": "8 童真品", "head": "T10n0309_p0981a22"}, {"level": "1", "n": "9", "type": "品", "text": "9 定意品", "head": "T10n0309_p0985b08"}, {"level": "1", "n": "10", "type": "品", "text": "10 成道品", "head": "T10n0309_p0989c28"}, {"level": "1", "n": "11", "type": "品", "text": "11 滅心品", "head": "T10n0309_p0994a21"}, {"level": "1", "n": "12", "type": "品", "text": "12 神足品", "head": "T10n0309_p0998a18"}, {"level": "1", "n": "13", "type": "品", "text": "13 恭敬品", "head": "T10n0309_p0999c15"}, {"level": "1", "n": "14", "type": "品", "text": "14 勇猛品", "head": "T10n0309_p1002a02"}, {"level": "1", "n": "15", "type": "品", "text": "15 碎身品", "head": "T10n0309_p1007a11"}, {"level": "1", "n": "16", "type": "品", "text": "16 身入品", "head": "T10n0309_p1009a28"}, {"level": "1", "n": "17", "type": "品", "text": "17 辯才品", "head": "T10n0309_p1010c08"}, {"level": "1", "n": "18", "type": "品", "text": "18 權智品", "head": "T10n0309_p1013a02"}, {"level": "1", "n": "19", "type": "品", "text": "19 化眾生品", "head": "T10n0309_p1015a10"}, {"level": "1", "n": "20", "type": "品", "text": "20 三道滅度品", "head": "T10n0309_p1019a13"}, {"level": "1", "n": "21", "type": "品", "text": "21 乘無相品", "head": "T10n0309_p1021b08"}, {"level": "1", "n": "22", "type": "品", "text": "22 等慈品", "head": "T10n0309_p1023c06"}, {"level": "1", "n": "23", "type": "品", "text": "23 法界品", "head": "T10n0309_p1027b26"}, {"level": "1", "n": "24", "type": "品", "text": "24 道智品", "head": "T10n0309_p1031b24"}, {"level": "1", "n": "25", "type": "品", "text": "25 身口意品", "head": "T10n0309_p1036b08"}, {"level": "1", "n": "26", "type": "品", "text": "26 夢中成道品", "head": "T10n0309_p1039b06"}, {"level": "1", "n": "27", "type": "品", "text": "27 菩薩證品", "head": "T10n0309_p1041c28"}, {"level": "1", "n": "28", "type": "品", "text": "28 解慧品", "head": "T10n0309_p1043c07"}, {"level": "1", "n": "29", "type": "品", "text": "29 三毒品", "head": "T10n0309_p1044b21"}, {"level": "1", "n": "30", "type": "品", "text": "30 問泥洹品", "head": "T10n0309_p1045b19"}, {"level": "1", "n": "31", "type": "品", "text": "31 四梵堂品", "head": "T10n0309_p1046b26"}, {"level": "1", "n": "32", "type": "品", "text": "32 梵天請品", "head": "T10n0309_p1046c22"}, {"level": "1", "n": "33", "type": "品", "text": "33 梵天囑累品", "head": "T10n0309_p1047a09"}]