[{"level": "1", "n": "1", "type": "品", "text": "1 菩薩極喜地", "head": "T10n0287_p0535a28"}, {"level": "1", "n": "3", "type": "品", "text": "2 菩薩離垢地", "head": "T10n0287_p0542b12"}, {"level": "1", "n": "4", "type": "品", "text": "3 菩薩發光地", "head": "T10n0287_p0545a06"}, {"level": "1", "n": "5", "type": "品", "text": "4 菩薩焰慧地", "head": "T10n0287_p0547c03"}, {"level": "1", "n": "6", "type": "品", "text": "5 菩薩難勝地", "head": "T10n0287_p0549c21"}, {"level": "1", "n": "7", "type": "品", "text": "6 菩薩現前地", "head": "T10n0287_p0552b06"}, {"level": "1", "n": "9", "type": "品", "text": "7 菩薩遠行地", "head": "T10n0287_p0555c03"}, {"level": "1", "n": "10", "type": "品", "text": "8 菩薩不動地", "head": "T10n0287_p0559a06"}, {"level": "1", "n": "11", "type": "品", "text": "9 菩薩善慧地", "head": "T10n0287_p0563a14"}, {"level": "1", "n": "12", "type": "品", "text": "10 菩薩法雲地", "head": "T10n0287_p0567a10"}]