[{"level": "1", "n": "1", "type": "品", "text": "1 大感動品", "head": "T10n0288_p0574c23"}, {"level": "1", "n": "2", "type": "品", "text": "2 等目菩薩說行定品", "head": "T10n0288_p0576b29"}, {"level": "1", "n": "3", "type": "品", "text": "3 等目菩薩神變品", "head": "T10n0288_p0577c23"}, {"level": "1", "n": "4", "type": "品", "text": "4 等目菩薩幻事品", "head": "T10n0288_p0578a25"}, {"level": "1", "n": "5", "type": "品", "text": "5 菩薩樂定品", "head": "T10n0288_p0578c25"}, {"level": "1", "n": "6", "type": "品", "text": "6 等目菩薩大權慧定品", "head": "T10n0288_p0579a23"}, {"level": "1", "n": "7", "type": "品", "text": "7 等目菩薩無量如品", "head": "T10n0288_p0579b28"}, {"level": "1", "n": "8", "type": "品", "text": "8 權慧清淨品", "head": "T10n0288_p0580a08"}, {"level": "1", "n": "9", "type": "品", "text": "9 等目菩薩興顯品", "head": "T10n0288_p0581a14"}, {"level": "1", "n": "10", "type": "品", "text": "10 外身現化品", "head": "T10n0288_p0582c25"}, {"level": "1", "n": "11", "type": "品", "text": "11 分別身行大慧空品", "head": "T10n0288_p0585a09"}, {"level": "1", "n": "12", "type": "品", "text": "12 等目菩薩大權慧品", "head": "T10n0288_p0588b01"}, {"level": "1", "n": "13", "type": "品", "text": "13 等目菩薩悅樂龍王品", "head": "T10n0288_p0590b17"}]