[{"level": "1", "n": "", "type": "其他", "text": "卷首", "head": "GA022n0020_p0003a01"}, {"level": "2", "n": "", "type": "其他", "text": "御製詩", "head": "GA022n0020_p0003a01"}, {"level": "2", "n": "", "type": "其他", "text": "圖說", "head": "GA022n0020_p0009a01"}, {"level": "2", "n": "", "type": "其他", "text": "徵引書目", "head": "GA022n0020_p0013a01"}, {"level": "2", "n": "", "type": "其他", "text": "凡例", "head": "GA022n0020_p0033a01"}, {"level": "2", "n": "", "type": "其他", "text": "卷目", "head": "GA022n0020_p0039a01"}, {"level": "1", "n": "", "type": "其他", "text": "山水", "head": "GA022n0020_p0055a03"}, {"level": "2", "n": "", "type": "其他", "text": "總敘", "head": "GA022n0020_p0055a04"}, {"level": "2", "n": "", "type": "其他", "text": "山脈", "head": "GA022n0020_p0057a03"}, {"level": "3", "n": "", "type": "其他", "text": "天目山", "head": "GA022n0020_p0057a04"}, {"level": "2", "n": "", "type": "其他", "text": "主山", "head": "GA022n0020_p0058a06"}, {"level": "3", "n": "", "type": "其他", "text": "風篁嶺", "head": "GA022n0020_p0058a07"}, {"level": "2", "n": "", "type": "其他", "text": "近嶺諸山", "head": "GA022n0020_p0060a02"}, {"level": "3", "n": "", "type": "其他", "text": "雞籠山", "head": "GA022n0020_p0060a03"}, {"level": "3", "n": "", "type": "其他", "text": "沙盆塢", "head": "GA022n0020_p0061a01"}, {"level": "3", "n": "", "type": "其他", "text": "碧螺峯", "head": "GA022n0020_p0061a06"}, {"level": "3", "n": "", "type": "其他", "text": "鵶雞峯", "head": "GA022n0020_p0062a03"}, {"level": "3", "n": "", "type": "其他", "text": "金鐘峯", "head": "GA022n0020_p0062a07"}, {"level": "3", "n": "", "type": "其他", "text": "獅子峯", "head": "GA022n0020_p0063a02"}, {"level": "3", "n": "", "type": "其他", "text": "楊梅塢", "head": "GA022n0020_p0065a01"}, {"level": "3", "n": "", "type": "其他", "text": "南山禪關", "head": "GA022n0020_p0066a01"}, {"level": "3", "n": "", "type": "其他", "text": "片雲石", "head": "GA022n0020_p0066a03"}, {"level": "3", "n": "", "type": "其他", "text": "片雲亭", "head": "GA022n0020_p0067a02"}, {"level": "3", "n": "", "type": "其他", "text": "神運石", "head": "GA022n0020_p0067a07"}, {"level": "2", "n": "", "type": "其他", "text": "風篁嶺四至", "head": "GA022n0020_p0069a02"}, {"level": "2", "n": "", "type": "其他", "text": "水源", "head": "GA022n0020_p0072a06"}, {"level": "3", "n": "", "type": "其他", "text": "老龍井", "head": "GA022n0020_p0072a07"}, {"level": "3", "n": "", "type": "其他", "text": "龍井", "head": "GA022n0020_p0074a02"}, {"level": "4", "n": "", "type": "其他", "text": "井旁惠濟祠", "head": "GA022n0020_p0077a02"}, {"level": "4", "n": "", "type": "其他", "text": "龍井一名龍泓", "head": "GA022n0020_p0078a05"}, {"level": "4", "n": "", "type": "其他", "text": "龍井一名龍泉", "head": "GA022n0020_p0079a01"}, {"level": "2", "n": "", "type": "其他", "text": "近井諸水", "head": "GA022n0020_p0081a04"}, {"level": "3", "n": "", "type": "其他", "text": "沖泉", "head": "GA022n0020_p0081a05"}, {"level": "3", "n": "", "type": "其他", "text": "玉鉤澗", "head": "GA022n0020_p0081a07"}, {"level": "3", "n": "", "type": "其他", "text": "金沙泉", "head": "GA022n0020_p0082a05"}, {"level": "3", "n": "", "type": "其他", "text": "插劒池", "head": "GA022n0020_p0083a07"}, {"level": "3", "n": "", "type": "其他", "text": "浣花池", "head": "GA022n0020_p0083a08"}, {"level": "3", "n": "", "type": "其他", "text": "浴麟池", "head": "GA022n0020_p0084a01"}, {"level": "3", "n": "", "type": "其他", "text": "鉢池", "head": "GA022n0020_p0084a04"}, {"level": "2", "n": "", "type": "其他", "text": "雜地名", "head": "GA022n0020_p0085a07"}, {"level": "3", "n": "", "type": "其他", "text": "善安橋", "head": "GA022n0020_p0085a08"}, {"level": "3", "n": "", "type": "其他", "text": "永安橋", "head": "GA022n0020_p0086a01"}, {"level": "3", "n": "", "type": "其他", "text": "永福橋", "head": "GA022n0020_p0086a02"}, {"level": "3", "n": "", "type": "其他", "text": "飲馬橋", "head": "GA022n0020_p0086a04"}, {"level": "3", "n": "", "type": "其他", "text": "孝義橋", "head": "GA022n0020_p0087a02"}, {"level": "3", "n": "", "type": "其他", "text": "新河橋", "head": "GA022n0020_p0087a04"}, {"level": "3", "n": "", "type": "其他", "text": "小水樂", "head": "GA022n0020_p0087a06"}, {"level": "3", "n": "", "type": "其他", "text": "褚家坎", "head": "GA022n0020_p0088a01"}, {"level": "3", "n": "", "type": "其他", "text": "褚莊", "head": "GA022n0020_p0088a04"}, {"level": "3", "n": "", "type": "其他", "text": "步司左軍寨", "head": "GA022n0020_p0089a01"}, {"level": "3", "n": "", "type": "其他", "text": "放馬場", "head": "GA022n0020_p0089a04"}, {"level": "3", "n": "", "type": "其他", "text": "履泰鄉", "head": "GA022n0020_p0089a08"}, {"level": "2", "n": "", "type": "其他", "text": "題後", "head": "GA022n0020_p0090a04"}, {"level": "1", "n": "", "type": "其他", "text": "寺內外古蹟", "head": "GA022n0020_p0093a03"}, {"level": "2", "n": "", "type": "其他", "text": "歴代興建", "head": "GA022n0020_p0093a04"}, {"level": "3", "n": "", "type": "其他", "text": "龍井寺", "head": "GA022n0020_p0093a05"}, {"level": "4", "n": "", "type": "其他", "text": "（附）寺址所在", "head": "GA022n0020_p0098a01"}, {"level": "3", "n": "", "type": "其他", "text": "古蹟見《咸淳臨安志》者十七", "head": "GA022n0020_p0099a04"}, {"level": "3", "n": "", "type": "其他", "text": "歸隱橋", "head": "GA022n0020_p0099a05"}, {"level": "3", "n": "", "type": "其他", "text": "過谿亭", "head": "GA022n0020_p0100a04"}, {"level": "3", "n": "", "type": "其他", "text": "德威亭", "head": "GA022n0020_p0101a01"}, {"level": "3", "n": "", "type": "其他", "text": "方圓庵", "head": "GA022n0020_p0101a06"}, {"level": "3", "n": "", "type": "其他", "text": "寂室", "head": "GA022n0020_p0104a03"}, {"level": "3", "n": "", "type": "其他", "text": "照閣", "head": "GA022n0020_p0104a05"}, {"level": "3", "n": "", "type": "其他", "text": "閒堂", "head": "GA022n0020_p0104a08"}, {"level": "3", "n": "", "type": "其他", "text": "訥齋", "head": "GA022n0020_p0105a04"}, {"level": "3", "n": "", "type": "其他", "text": "潮音堂", "head": "GA022n0020_p0107a03"}, {"level": "3", "n": "", "type": "其他", "text": "滌心沼", "head": "GA022n0020_p0107a05"}, {"level": "3", "n": "", "type": "其他", "text": "薩埵石", "head": "GA022n0020_p0107a06"}, {"level": "3", "n": "", "type": "其他", "text": "月林堂", "head": "GA022n0020_p0108a02"}, {"level": "3", "n": "", "type": "其他", "text": "巖齋", "head": "GA022n0020_p0108a03"}, {"level": "3", "n": "", "type": "其他", "text": "風玉軒", "head": "GA022n0020_p0108a04"}, {"level": "3", "n": "", "type": "其他", "text": "龍井亭", "head": "GA022n0020_p0108a07"}, {"level": "3", "n": "", "type": "其他", "text": "沖泉", "head": "GA022n0020_p0109a01"}, {"level": "3", "n": "", "type": "其他", "text": "龍泓亭", "head": "GA022n0020_p0109a07"}, {"level": "2", "n": "", "type": "其他", "text": "古蹟雜見傳記者十二", "head": "GA022n0020_p0110a04"}, {"level": "3", "n": "", "type": "其他", "text": "鐘鼓閣", "head": "GA022n0020_p0110a05"}, {"level": "3", "n": "", "type": "其他", "text": "鐘樓", "head": "GA022n0020_p0110a07"}, {"level": "3", "n": "", "type": "其他", "text": "藏經閣", "head": "GA022n0020_p0111a02"}, {"level": "3", "n": "", "type": "其他", "text": "聽泉軒", "head": "GA022n0020_p0112a02"}, {"level": "3", "n": "", "type": "其他", "text": "鏡清堂", "head": "GA022n0020_p0112a05"}, {"level": "3", "n": "", "type": "其他", "text": "諸天閣", "head": "GA022n0020_p0112a06"}, {"level": "3", "n": "", "type": "其他", "text": "觀音殿", "head": "GA022n0020_p0112a08"}, {"level": "3", "n": "", "type": "其他", "text": "與偕亭", "head": "GA022n0020_p0113a04"}, {"level": "3", "n": "", "type": "其他", "text": "與眾亭", "head": "GA022n0020_p0113a06"}, {"level": "3", "n": "", "type": "其他", "text": "秋月堂", "head": "GA022n0020_p0114a01"}, {"level": "3", "n": "", "type": "其他", "text": "與時亭", "head": "GA022n0020_p0114a02"}, {"level": "2", "n": "", "type": "其他", "text": "古蹟不屬僧寺者三", "head": "GA022n0020_p0114a08"}, {"level": "3", "n": "", "type": "其他", "text": "霖雨閣", "head": "GA022n0020_p0115a01"}, {"level": "3", "n": "", "type": "其他", "text": "龍井山齋", "head": "GA022n0020_p0115a05"}, {"level": "3", "n": "", "type": "其他", "text": "蓀壁山房", "head": "GA022n0020_p0116a01"}, {"level": "2", "n": "", "type": "其他", "text": "地志諸書所未詳者二", "head": "GA022n0020_p0116a07"}, {"level": "3", "n": "", "type": "其他", "text": "凖提庵", "head": "GA022n0020_p0116a08"}, {"level": "3", "n": "", "type": "其他", "text": "雲共庵", "head": "GA022n0020_p0117a03"}, {"level": "2", "n": "", "type": "其他", "text": "題後", "head": "GA022n0020_p0117a06"}, {"level": "1", "n": "", "type": "其他", "text": "名僧", "head": "GA022n0020_p0119a03"}, {"level": "2", "n": "", "type": "其他", "text": "開山僧", "head": "GA022n0020_p0119a04"}, {"level": "3", "n": "", "type": "其他", "text": "隋", "head": "GA022n0020_p0119a05"}, {"level": "4", "n": "", "type": "其他", "text": "真觀法師", "head": "GA022n0020_p0119a06"}, {"level": "4", "n": "", "type": "其他", "text": "道安禪師", "head": "GA022n0020_p0119a07"}, {"level": "4", "n": "", "type": "其他", "text": "頭陀石室", "head": "GA022n0020_p0119a08"}, {"level": "2", "n": "", "type": "其他", "text": "說法僧", "head": "GA022n0020_p0122a03"}, {"level": "3", "n": "", "type": "其他", "text": "唐", "head": "GA022n0020_p0122a04"}, {"level": "4", "n": "", "type": "其他", "text": "通禪師", "head": "GA022n0020_p0122a05"}, {"level": "4", "n": "", "type": "其他", "text": "處棲上座", "head": "GA022n0020_p0122a06"}, {"level": "2", "n": "", "type": "其他", "text": "住山僧", "head": "GA022n0020_p0123a08"}, {"level": "3", "n": "", "type": "其他", "text": "宋", "head": "GA022n0020_p0124a01"}, {"level": "4", "n": "", "type": "其他", "text": "元淨法師", "head": "GA022n0020_p0124a02"}, {"level": "4", "n": "", "type": "其他", "text": "弟子懷楚", "head": "GA022n0020_p0128a02"}, {"level": "4", "n": "", "type": "其他", "text": "逵上人", "head": "GA022n0020_p0128a05"}, {"level": "4", "n": "", "type": "其他", "text": "徒弟懷益", "head": "GA022n0020_p0128a08"}, {"level": "4", "n": "", "type": "其他", "text": "散老", "head": "GA022n0020_p0129a03"}, {"level": "4", "n": "", "type": "其他", "text": "居簡禪師", "head": "GA022n0020_p0129a08"}, {"level": "4", "n": "", "type": "其他", "text": "住山宗炳", "head": "GA022n0020_p0130a07"}, {"level": "4", "n": "", "type": "其他", "text": "僧全", "head": "GA022n0020_p0131a01"}, {"level": "4", "n": "", "type": "其他", "text": "聰師", "head": "GA022n0020_p0132a05"}, {"level": "4", "n": "", "type": "其他", "text": "依公", "head": "GA022n0020_p0133a06"}, {"level": "3", "n": "", "type": "其他", "text": "元", "head": "GA022n0020_p0134a05"}, {"level": "4", "n": "", "type": "其他", "text": "澄公", "head": "GA022n0020_p0134a06"}, {"level": "4", "n": "", "type": "其他", "text": "僧蒙潤", "head": "GA022n0020_p0135a06"}, {"level": "4", "n": "", "type": "其他", "text": "智法師", "head": "GA022n0020_p0136a05"}, {"level": "4", "n": "", "type": "其他", "text": "德祐", "head": "GA022n0020_p0136a07"}, {"level": "4", "n": "", "type": "其他", "text": "居弈", "head": "GA022n0020_p0136a08"}, {"level": "4", "n": "", "type": "其他", "text": "時演", "head": "GA022n0020_p0137a01"}, {"level": "4", "n": "", "type": "其他", "text": "時集", "head": "GA022n0020_p0137a02"}, {"level": "4", "n": "", "type": "其他", "text": "居億", "head": "GA022n0020_p0137a03"}, {"level": "4", "n": "", "type": "其他", "text": "住山德泉", "head": "GA022n0020_p0137a04"}, {"level": "3", "n": "", "type": "其他", "text": "明", "head": "GA022n0020_p0137a07"}, {"level": "4", "n": "", "type": "其他", "text": "大彰", "head": "GA022n0020_p0137a08"}, {"level": "4", "n": "", "type": "其他", "text": "天巖", "head": "GA022n0020_p0138a04"}, {"level": "4", "n": "", "type": "其他", "text": "曦南仲上人", "head": "GA022n0020_p0138a07"}, {"level": "4", "n": "", "type": "其他", "text": "以仁", "head": "GA022n0020_p0139a03"}, {"level": "4", "n": "", "type": "其他", "text": "僧真志", "head": "GA022n0020_p0139a05"}, {"level": "4", "n": "", "type": "其他", "text": "僧真果", "head": "GA022n0020_p0139a07"}, {"level": "3", "n": "", "type": "其他", "text": "國朝", "head": "GA022n0020_p0140a03"}, {"level": "4", "n": "", "type": "其他", "text": "僧一泓", "head": "GA022n0020_p0140a04"}, {"level": "4", "n": "", "type": "其他", "text": "僧慧輅", "head": "GA022n0020_p0140a07"}, {"level": "2", "n": "", "type": "其他", "text": "僧塔可考者", "head": "GA022n0020_p0141a05"}, {"level": "3", "n": "", "type": "其他", "text": "宋", "head": "GA022n0020_p0141a06"}, {"level": "4", "n": "", "type": "其他", "text": "僧贊寧", "head": "GA022n0020_p0141a07"}, {"level": "4", "n": "", "type": "其他", "text": "僧元淨", "head": "GA022n0020_p0143a01"}, {"level": "3", "n": "", "type": "其他", "text": "明", "head": "GA022n0020_p0143a05"}, {"level": "4", "n": "", "type": "其他", "text": "僧原璞", "head": "GA022n0020_p0143a06"}, {"level": "2", "n": "", "type": "其他", "text": "題後", "head": "GA022n0020_p0144a03"}, {"level": "1", "n": "", "type": "其他", "text": "鄉寓人物", "head": "GA022n0020_p0147a03"}, {"level": "2", "n": "", "type": "其他", "text": "人物以山水、以寺著者", "head": "GA022n0020_p0147a04"}, {"level": "3", "n": "", "type": "其他", "text": "晉", "head": "GA022n0020_p0147a05"}, {"level": "4", "n": "", "type": "其他", "text": "葛洪", "head": "GA022n0020_p0147a06"}, {"level": "3", "n": "", "type": "其他", "text": "隋", "head": "GA022n0020_p0149a04"}, {"level": "4", "n": "", "type": "其他", "text": "檀越陳仲寶", "head": "GA022n0020_p0149a05"}, {"level": "3", "n": "", "type": "其他", "text": "五代", "head": "GA022n0020_p0149a07"}, {"level": "4", "n": "", "type": "其他", "text": "吳越王錢俶", "head": "GA022n0020_p0149a08"}, {"level": "4", "n": "", "type": "其他", "text": "居民淩霄", "head": "GA022n0020_p0151a02"}, {"level": "3", "n": "", "type": "其他", "text": "元", "head": "GA022n0020_p0151a04"}, {"level": "4", "n": "", "type": "其他", "text": "金應桂", "head": "GA022n0020_p0151a05"}, {"level": "4", "n": "", "type": "其他", "text": "周仁榮", "head": "GA022n0020_p0152a01"}, {"level": "4", "n": "", "type": "其他", "text": "周仔肩", "head": "GA022n0020_p0152a03"}, {"level": "4", "n": "", "type": "其他", "text": "達溥化", "head": "GA022n0020_p0152a05"}, {"level": "3", "n": "", "type": "其他", "text": "明", "head": "GA022n0020_p0153a01"}, {"level": "4", "n": "", "type": "其他", "text": "聞啟祥", "head": "GA022n0020_p0153a02"}, {"level": "2", "n": "", "type": "其他", "text": "人物以氏著者", "head": "GA022n0020_p0155a03"}, {"level": "3", "n": "", "type": "其他", "text": "吳", "head": "GA022n0020_p0155a04"}, {"level": "4", "n": "", "type": "其他", "text": "褚泰", "head": "GA022n0020_p0155a05"}, {"level": "3", "n": "", "type": "其他", "text": "晉", "head": "GA022n0020_p0155a06"}, {"level": "4", "n": "", "type": "其他", "text": "褚陶", "head": "GA022n0020_p0155a07"}, {"level": "3", "n": "", "type": "其他", "text": "宋", "head": "GA022n0020_p0155a08"}, {"level": "4", "n": "", "type": "其他", "text": "褚含", "head": "GA022n0020_p0156a01"}, {"level": "3", "n": "", "type": "其他", "text": "齊", "head": "GA022n0020_p0156a02"}, {"level": "4", "n": "", "type": "其他", "text": "褚伯玉", "head": "GA022n0020_p0156a03"}, {"level": "3", "n": "", "type": "其他", "text": "梁", "head": "GA022n0020_p0156a05"}, {"level": "4", "n": "", "type": "其他", "text": "褚仲都", "head": "GA022n0020_p0156a06"}, {"level": "4", "n": "", "type": "其他", "text": "褚修", "head": "GA022n0020_p0156a07"}, {"level": "2", "n": "", "type": "其他", "text": "人物以文著者", "head": "GA022n0020_p0157a06"}, {"level": "3", "n": "", "type": "其他", "text": "宋", "head": "GA022n0020_p0157a07"}, {"level": "4", "n": "", "type": "其他", "text": "趙抃", "head": "GA022n0020_p0157a08"}, {"level": "4", "n": "", "type": "其他", "text": "錢勰", "head": "GA022n0020_p0159a06"}, {"level": "4", "n": "", "type": "其他", "text": "蘇軾", "head": "GA022n0020_p0160a02"}, {"level": "4", "n": "", "type": "其他", "text": "蘇轍", "head": "GA022n0020_p0160a06"}, {"level": "4", "n": "", "type": "其他", "text": "楊傑", "head": "GA022n0020_p0161a01"}, {"level": "4", "n": "", "type": "其他", "text": "秦觀", "head": "GA022n0020_p0162a01"}, {"level": "4", "n": "", "type": "其他", "text": "米芾", "head": "GA022n0020_p0162a05"}, {"level": "4", "n": "", "type": "其他", "text": "程珌", "head": "GA022n0020_p0163a01"}, {"level": "4", "n": "", "type": "其他", "text": "鄭清之", "head": "GA022n0020_p0163a06"}, {"level": "4", "n": "", "type": "其他", "text": "趙立夫", "head": "GA022n0020_p0164a04"}, {"level": "3", "n": "", "type": "其他", "text": "元", "head": "GA022n0020_p0164a08"}, {"level": "4", "n": "", "type": "其他", "text": "鄧文原", "head": "GA022n0020_p0165a01"}, {"level": "3", "n": "", "type": "其他", "text": "明", "head": "GA022n0020_p0165a05"}, {"level": "4", "n": "", "type": "其他", "text": "林右", "head": "GA022n0020_p0165a06"}, {"level": "4", "n": "", "type": "其他", "text": "馮夢禎", "head": "GA022n0020_p0166a03"}, {"level": "2", "n": "", "type": "其他", "text": "人物以祠著者", "head": "GA022n0020_p0166a07"}, {"level": "3", "n": "", "type": "其他", "text": "宋", "head": "GA022n0020_p0166a08"}, {"level": "4", "n": "", "type": "其他", "text": "胡則", "head": "GA022n0020_p0167a01"}, {"level": "4", "n": "", "type": "其他", "text": "趙抃、蘇軾、釋元淨", "head": "GA022n0020_p0171a02"}, {"level": "2", "n": "", "type": "其他", "text": "人物以墓著者", "head": "GA022n0020_p0171a06"}, {"level": "3", "n": "", "type": "其他", "text": "宋", "head": "GA022n0020_p0171a07"}, {"level": "4", "n": "", "type": "其他", "text": "胡則", "head": "GA022n0020_p0171a08"}, {"level": "4", "n": "", "type": "其他", "text": "陳剛中", "head": "GA022n0020_p0172a02"}, {"level": "4", "n": "", "type": "其他", "text": "楊翱", "head": "GA022n0020_p0173a06"}, {"level": "4", "n": "", "type": "其他", "text": "吳天秩", "head": "GA022n0020_p0173a08"}, {"level": "3", "n": "", "type": "其他", "text": "元", "head": "GA022n0020_p0174a05"}, {"level": "4", "n": "", "type": "其他", "text": "方茂榮", "head": "GA022n0020_p0174a06"}, {"level": "3", "n": "", "type": "其他", "text": "明", "head": "GA022n0020_p0174a08"}, {"level": "4", "n": "", "type": "其他", "text": "陳贄", "head": "GA022n0020_p0175a01"}, {"level": "4", "n": "", "type": "其他", "text": "吳誠", "head": "GA022n0020_p0176a02"}, {"level": "4", "n": "", "type": "其他", "text": "李昂", "head": "GA022n0020_p0176a07"}, {"level": "4", "n": "", "type": "其他", "text": "汪諧", "head": "GA022n0020_p0177a03"}, {"level": "4", "n": "", "type": "其他", "text": "沈銳", "head": "GA022n0020_p0177a06"}, {"level": "4", "n": "", "type": "其他", "text": "陳珂", "head": "GA022n0020_p0178a01"}, {"level": "4", "n": "", "type": "其他", "text": "許嶽", "head": "GA022n0020_p0178a05"}, {"level": "4", "n": "", "type": "其他", "text": "沈瑞臨", "head": "GA022n0020_p0178a08"}, {"level": "4", "n": "", "type": "其他", "text": "錢夢龍", "head": "GA022n0020_p0179a06"}, {"level": "4", "n": "", "type": "其他", "text": "費鏞", "head": "GA022n0020_p0179a08"}, {"level": "4", "n": "", "type": "其他", "text": "張伯元", "head": "GA022n0020_p0180a02"}, {"level": "3", "n": "", "type": "其他", "text": "國朝", "head": "GA022n0020_p0180a06"}, {"level": "4", "n": "", "type": "其他", "text": "沈堯章", "head": "GA022n0020_p0180a07"}, {"level": "4", "n": "", "type": "其他", "text": "關大生", "head": "GA022n0020_p0181a04"}, {"level": "4", "n": "", "type": "其他", "text": "王一奇", "head": "GA022n0020_p0181a06"}, {"level": "4", "n": "", "type": "其他", "text": "夏德昌", "head": "GA022n0020_p0181a08"}, {"level": "4", "n": "", "type": "其他", "text": "王起彪", "head": "GA022n0020_p0182a03"}, {"level": "2", "n": "", "type": "其他", "text": "題後", "head": "GA022n0020_p0183a03"}, {"level": "1", "n": "", "type": "其他", "text": "物產", "head": "GA022n0020_p0185a03"}, {"level": "2", "n": "", "type": "其他", "text": "泉品二", "head": "GA022n0020_p0185a04"}, {"level": "3", "n": "", "type": "其他", "text": "龍井水", "head": "GA022n0020_p0185a05"}, {"level": "3", "n": "", "type": "其他", "text": "老龍井水", "head": "GA022n0020_p0186a01"}, {"level": "2", "n": "", "type": "其他", "text": "竹品一", "head": "GA022n0020_p0187a01"}, {"level": "3", "n": "", "type": "其他", "text": "風篁嶺竹", "head": "GA022n0020_p0187a02"}, {"level": "2", "n": "", "type": "其他", "text": "花品二", "head": "GA022n0020_p0187a08"}, {"level": "3", "n": "", "type": "其他", "text": "風篁嶺梅", "head": "GA022n0020_p0188a01"}, {"level": "3", "n": "", "type": "其他", "text": "老龍井素蘭", "head": "GA022n0020_p0188a05"}, {"level": "2", "n": "", "type": "其他", "text": "茶品一", "head": "GA022n0020_p0188a08"}, {"level": "3", "n": "", "type": "其他", "text": "老龍井茶", "head": "GA022n0020_p0189a01"}, {"level": "3", "n": "", "type": "其他", "text": "（附）茶真贋優劣", "head": "GA022n0020_p0190a06"}, {"level": "2", "n": "", "type": "其他", "text": "果品一", "head": "GA022n0020_p0195a06"}, {"level": "3", "n": "", "type": "其他", "text": "龍井楊梅", "head": "GA022n0020_p0195a07"}, {"level": "2", "n": "", "type": "其他", "text": "藥品二", "head": "GA022n0020_p0198a02"}, {"level": "3", "n": "", "type": "其他", "text": "龍井貫眾", "head": "GA022n0020_p0198a03"}, {"level": "3", "n": "", "type": "其他", "text": "龍井益母草", "head": "GA022n0020_p0198a05"}, {"level": "2", "n": "", "type": "其他", "text": "鱗屬一", "head": "GA022n0020_p0198a08"}, {"level": "3", "n": "", "type": "其他", "text": "龍井魚", "head": "GA022n0020_p0199a01"}, {"level": "2", "n": "", "type": "其他", "text": "題後", "head": "GA022n0020_p0200a01"}, {"level": "1", "n": "", "type": "其他", "text": "碑刻書畫", "head": "GA022n0020_p0201a03"}, {"level": "2", "n": "", "type": "其他", "text": "碑之重刻者三", "head": "GA022n0020_p0201a04"}, {"level": "3", "n": "", "type": "其他", "text": "宋", "head": "GA022n0020_p0201a05"}, {"level": "4", "n": "", "type": "其他", "text": "秦觀〈遊龍井記〉", "head": "GA022n0020_p0201a06"}, {"level": "4", "n": "", "type": "其他", "text": "又〈遊龍井記〉橫碑", "head": "GA022n0020_p0205a05"}, {"level": "4", "n": "", "type": "其他", "text": "釋守一〈方圓庵記〉", "head": "GA022n0020_p0205a07"}, {"level": "2", "n": "", "type": "其他", "text": "原碑存者十一", "head": "GA022n0020_p0209a07"}, {"level": "3", "n": "", "type": "其他", "text": "明", "head": "GA022n0020_p0209a08"}, {"level": "4", "n": "", "type": "其他", "text": "謝輔〈龍井感應碑記〉", "head": "GA022n0020_p0210a01"}, {"level": "4", "n": "", "type": "其他", "text": "王守仁〈風篁山龍井記〉", "head": "GA022n0020_p0212a05"}, {"level": "4", "n": "", "type": "其他", "text": "黃克纘、李承勳倡和詩", "head": "GA022n0020_p0212a07"}, {"level": "5", "n": "", "type": "其他", "text": "龍井二首", "head": "GA022n0020_p0212a07"}, {"level": "5", "n": "", "type": "其他", "text": "又：六言二首", "head": "GA022n0020_p0213a01"}, {"level": "5", "n": "", "type": "其他", "text": "奉和黃大司馬韻", "head": "GA022n0020_p0213a02"}, {"level": "4", "n": "", "type": "其他", "text": "朱卿如〈遊龍井詩〉", "head": "GA022n0020_p0213a08"}, {"level": "5", "n": "", "type": "其他", "text": "遊龍井", "head": "GA022n0020_p0213a08"}, {"level": "4", "n": "", "type": "其他", "text": "屠隆〈龍井茶歌〉", "head": "GA022n0020_p0214a03"}, {"level": "4", "n": "", "type": "其他", "text": "神運石題字", "head": "GA022n0020_p0215a02"}, {"level": "3", "n": "", "type": "其他", "text": "國朝", "head": "GA022n0020_p0216a07"}, {"level": "4", "n": "", "type": "其他", "text": "谷應泰〈遊龍井詩〉", "head": "GA022n0020_p0216a08"}, {"level": "5", "n": "", "type": "其他", "text": "春日同諸公遊龍井寺二首", "head": "GA022n0020_p0216a08"}, {"level": "4", "n": "", "type": "其他", "text": "盧高〈遊龍井詩〉", "head": "GA022n0020_p0217a03"}, {"level": "4", "n": "", "type": "其他", "text": "張縉彥：五言古詩", "head": "GA022n0020_p0217a06"}, {"level": "4", "n": "", "type": "其他", "text": "又：七律二首", "head": "GA022n0020_p0218a01"}, {"level": "5", "n": "", "type": "其他", "text": "題龍井寺", "head": "GA022n0020_p0218a01"}, {"level": "5", "n": "", "type": "其他", "text": "方圓庵", "head": "GA022n0020_p0218a02"}, {"level": "4", "n": "", "type": "其他", "text": "張士偉〈禱雨記〉", "head": "GA022n0020_p0218a06"}, {"level": "2", "n": "", "type": "其他", "text": "碑文見《咸淳臨安志》者八", "head": "GA022n0020_p0219a02"}, {"level": "3", "n": "", "type": "其他", "text": "國朝", "head": "GA022n0020_p0219a03"}, {"level": "4", "n": "", "type": "其他", "text": "釋元淨〈龍井十題詩〉并秦觀跋", "head": "GA022n0020_p0219a03"}, {"level": "4", "n": "", "type": "其他", "text": "趙抃〈辯才法師真贊〉", "head": "GA022n0020_p0219a04"}, {"level": "4", "n": "", "type": "其他", "text": "蘇軾題名", "head": "GA022n0020_p0219a07"}, {"level": "4", "n": "", "type": "其他", "text": "又", "head": "GA022n0020_p0219a08"}, {"level": "4", "n": "", "type": "其他", "text": "秦觀題名", "head": "GA022n0020_p0220a02"}, {"level": "4", "n": "", "type": "其他", "text": "鄭清之〈跋秦觀題名〉", "head": "GA022n0020_p0220a04"}, {"level": "4", "n": "", "type": "其他", "text": "賈似道題名", "head": "GA022n0020_p0220a06"}, {"level": "4", "n": "", "type": "其他", "text": "又", "head": "GA022n0020_p0220a07"}, {"level": "2", "n": "", "type": "其他", "text": "碑文見《西湖志》者二", "head": "GA022n0020_p0221a02"}, {"level": "3", "n": "", "type": "其他", "text": "國朝", "head": "GA022n0020_p0221a03"}, {"level": "4", "n": "", "type": "其他", "text": "葛采詩", "head": "GA022n0020_p0221a03"}, {"level": "4", "n": "", "type": "其他", "text": "乾道題名", "head": "GA022n0020_p0221a06"}, {"level": "2", "n": "", "type": "其他", "text": "碑文見《東坡集》者一", "head": "GA022n0020_p0222a01"}, {"level": "3", "n": "", "type": "其他", "text": "國朝", "head": "GA022n0020_p0222a02"}, {"level": "4", "n": "", "type": "其他", "text": "蘇軾〈辯才法師真贊〉", "head": "GA022n0020_p0222a02"}, {"level": "2", "n": "", "type": "其他", "text": "碑文見《快雪堂集》者一", "head": "GA022n0020_p0222a03"}, {"level": "3", "n": "", "type": "其他", "text": "國朝", "head": "GA022n0020_p0222a04"}, {"level": "4", "n": "", "type": "其他", "text": "馮夢禎〈龍井寺復先朝賜田記〉", "head": "GA022n0020_p0222a04"}, {"level": "2", "n": "", "type": "其他", "text": "碑見文獻集文缺者一", "head": "GA022n0020_p0222a06"}, {"level": "3", "n": "", "type": "其他", "text": "國朝", "head": "GA022n0020_p0222a07"}, {"level": "4", "n": "", "type": "其他", "text": "趙子昂題名", "head": "GA022n0020_p0222a07"}, {"level": "2", "n": "", "type": "其他", "text": "碑見府志文缺者二", "head": "GA022n0020_p0223a01"}, {"level": "3", "n": "", "type": "其他", "text": "國朝", "head": "GA022n0020_p0223a02"}, {"level": "4", "n": "", "type": "其他", "text": "蘇轍〈辯才法師行業記〉", "head": "GA022n0020_p0223a02"}, {"level": "4", "n": "", "type": "其他", "text": "楊傑〈壽聖院訥齋記〉", "head": "GA022n0020_p0223a06"}, {"level": "2", "n": "", "type": "其他", "text": "碑見縣志文缺者一", "head": "GA022n0020_p0224a02"}, {"level": "3", "n": "", "type": "其他", "text": "國朝", "head": "GA022n0020_p0224a03"}, {"level": "4", "n": "", "type": "其他", "text": "孫沔〈龍井普澤院仁法師行業贊〉", "head": "GA022n0020_p0224a03"}, {"level": "2", "n": "", "type": "其他", "text": "書之可考者十一", "head": "GA022n0020_p0224a07"}, {"level": "3", "n": "", "type": "其他", "text": "國朝", "head": "GA022n0020_p0224a08"}, {"level": "4", "n": "", "type": "其他", "text": "南唐草書四紙", "head": "GA022n0020_p0224a08"}, {"level": "4", "n": "", "type": "其他", "text": "宋仁宗飛白四大字", "head": "GA022n0020_p0225a01"}, {"level": "4", "n": "", "type": "其他", "text": "寧宗「歲寒亭」三字", "head": "GA022n0020_p0225a04"}, {"level": "4", "n": "", "type": "其他", "text": "「養性」二字", "head": "GA022n0020_p0225a05"}, {"level": "4", "n": "", "type": "其他", "text": "蘇軾書壽聖院額", "head": "GA022n0020_p0226a01"}, {"level": "4", "n": "", "type": "其他", "text": "〈跋舊與辯才書〉", "head": "GA022n0020_p0226a04"}, {"level": "4", "n": "", "type": "其他", "text": "楚逵〈二上人書經跋〉", "head": "GA022n0020_p0226a05"}, {"level": "4", "n": "", "type": "其他", "text": "〈靜坐帖〉", "head": "GA022n0020_p0226a06"}, {"level": "4", "n": "", "type": "其他", "text": "釋元淨〈心師銘〉", "head": "GA022n0020_p0226a08"}, {"level": "4", "n": "", "type": "其他", "text": "周必大等題字", "head": "GA022n0020_p0227a02"}, {"level": "4", "n": "", "type": "其他", "text": "郭祥正題名", "head": "GA022n0020_p0227a05"}, {"level": "2", "n": "", "type": "其他", "text": "畫之可考者五", "head": "GA022n0020_p0227a07"}, {"level": "3", "n": "", "type": "其他", "text": "國朝", "head": "GA022n0020_p0227a08"}, {"level": "4", "n": "", "type": "其他", "text": "蘇軾竹石畫壁", "head": "GA022n0020_p0227a08"}, {"level": "4", "n": "", "type": "其他", "text": "范仲淹、蘇軾、蘇轍、釋道潛、元淨遺像", "head": "GA022n0020_p0228a02"}, {"level": "4", "n": "", "type": "其他", "text": "五賢二開士像", "head": "GA022n0020_p0228a04"}, {"level": "4", "n": "", "type": "其他", "text": "水墨羅漢八軸", "head": "GA022n0020_p0228a08"}, {"level": "4", "n": "", "type": "其他", "text": "廉布枯木畫壁", "head": "GA022n0020_p0229a02"}, {"level": "2", "n": "", "type": "其他", "text": "題後", "head": "GA022n0020_p0230a02"}, {"level": "1", "n": "", "type": "其他", "text": "古今體詩", "head": "GA022n0020_p0231a03"}, {"level": "2", "n": "", "type": "其他", "text": "名僧詩", "head": "GA022n0020_p0231a04"}, {"level": "3", "n": "", "type": "其他", "text": "宋", "head": "GA022n0020_p0231a05"}, {"level": "4", "n": "", "type": "其他", "text": "釋元淨", "head": "GA022n0020_p0231a06"}, {"level": "5", "n": "", "type": "其他", "text": "龍井新亭初成，詩呈府帥蘇翰林", "head": "GA022n0020_p0231a07"}, {"level": "5", "n": "", "type": "其他", "text": "和蘇子由", "head": "GA022n0020_p0232a05"}, {"level": "5", "n": "", "type": "其他", "text": "次韻參寥，四照閣夜坐，懷秦少游學士七律", "head": "GA022n0020_p0232a08"}, {"level": "5", "n": "", "type": "其他", "text": "和佛印", "head": "GA022n0020_p0233a04"}, {"level": "4", "n": "", "type": "其他", "text": "釋道潛", "head": "GA022n0020_p0233a08"}, {"level": "5", "n": "", "type": "其他", "text": "夏日龍井書事呈辯才法師兼寄吳興蘇太守并秦少游四首", "head": "GA022n0020_p0234a01"}, {"level": "5", "n": "", "type": "其他", "text": "龍井辯才法師新亭初成，有詩呈府帥蘇翰林，俾余繼和，輒次原韻", "head": "GA022n0020_p0235a07"}, {"level": "5", "n": "", "type": "其他", "text": "寄龍井辯才法師", "head": "GA022n0020_p0236a06"}, {"level": "5", "n": "", "type": "其他", "text": "四照閣奉陪辯才師夜坐，懷少游學士", "head": "GA022n0020_p0237a06"}, {"level": "5", "n": "", "type": "其他", "text": "辯才生日", "head": "GA022n0020_p0238a02"}, {"level": "5", "n": "", "type": "其他", "text": "次韻文饒同，自龍井出資國寺，汎舟以歸北山", "head": "GA022n0020_p0238a06"}, {"level": "4", "n": "", "type": "其他", "text": "釋了元", "head": "GA022n0020_p0239a02"}, {"level": "5", "n": "", "type": "其他", "text": "七律", "head": "GA022n0020_p0239a03"}, {"level": "3", "n": "", "type": "其他", "text": "元", "head": "GA022n0020_p0239a07"}, {"level": "4", "n": "", "type": "其他", "text": "釋圓至", "head": "GA022n0020_p0239a08"}, {"level": "5", "n": "", "type": "其他", "text": "寄思以仁", "head": "GA022n0020_p0240a01"}, {"level": "4", "n": "", "type": "其他", "text": "釋善住", "head": "GA022n0020_p0240a04"}, {"level": "5", "n": "", "type": "其他", "text": "遊龍井", "head": "GA022n0020_p0240a05"}, {"level": "2", "n": "", "type": "其他", "text": "名賢詩", "head": "GA022n0020_p0240a08"}, {"level": "3", "n": "", "type": "其他", "text": "宋", "head": "GA022n0020_p0241a01"}, {"level": "4", "n": "", "type": "其他", "text": "蘇軾", "head": "GA022n0020_p0241a02"}, {"level": "5", "n": "", "type": "其他", "text": "次辯才法師韻", "head": "GA022n0020_p0241a03"}, {"level": "5", "n": "", "type": "其他", "text": "贈上竺辯才師", "head": "GA022n0020_p0242a05"}, {"level": "5", "n": "", "type": "其他", "text": "偶於龍井辯才處得歙硯，奇作小詩", "head": "GA022n0020_p0243a05"}, {"level": "4", "n": "", "type": "其他", "text": "蘇轍", "head": "GA022n0020_p0243a08"}, {"level": "5", "n": "", "type": "其他", "text": "寄龍井辯才法師三絕", "head": "GA022n0020_p0244a01"}, {"level": "4", "n": "", "type": "其他", "text": "錢勰", "head": "GA022n0020_p0245a05"}, {"level": "5", "n": "", "type": "其他", "text": "和辯才", "head": "GA022n0020_p0245a06"}, {"level": "5", "n": "", "type": "其他", "text": "龍泓亭贈辯才", "head": "GA022n0020_p0246a04"}, {"level": "4", "n": "", "type": "其他", "text": "米芾", "head": "GA022n0020_p0246a08"}, {"level": "5", "n": "", "type": "其他", "text": "五絕", "head": "GA022n0020_p0247a01"}, {"level": "4", "n": "", "type": "其他", "text": "秦觀", "head": "GA022n0020_p0247a03"}, {"level": "5", "n": "", "type": "其他", "text": "辯才法師嘗以詩見寄，繼聞示寂，追次其韻", "head": "GA022n0020_p0247a04"}, {"level": "4", "n": "", "type": "其他", "text": "郭祥正", "head": "GA022n0020_p0247a08"}, {"level": "5", "n": "", "type": "其他", "text": "和公擇，遊壽聖院，啜茶題名", "head": "GA022n0020_p0248a01"}, {"level": "4", "n": "", "type": "其他", "text": "葉紹翁", "head": "GA022n0020_p0248a05"}, {"level": "5", "n": "", "type": "其他", "text": "秋日遊龍井詩", "head": "GA022n0020_p0248a06"}, {"level": "5", "n": "", "type": "其他", "text": "訪龍井山中村叟", "head": "GA022n0020_p0249a01"}, {"level": "4", "n": "", "type": "其他", "text": "周文璞", "head": "GA022n0020_p0249a04"}, {"level": "5", "n": "", "type": "其他", "text": "憶辯才", "head": "GA022n0020_p0249a05"}, {"level": "4", "n": "", "type": "其他", "text": "鄭清之", "head": "GA022n0020_p0250a02"}, {"level": "5", "n": "", "type": "其他", "text": "到龍井寺", "head": "GA022n0020_p0250a03"}, {"level": "4", "n": "", "type": "其他", "text": "樓鑰", "head": "GA022n0020_p0252a01"}, {"level": "5", "n": "", "type": "其他", "text": "頃遊龍井，得一聯「王伯齊同兒輩遊」，因足成之", "head": "GA022n0020_p0252a02"}, {"level": "4", "n": "", "type": "其他", "text": "周弼", "head": "GA022n0020_p0252a06"}, {"level": "5", "n": "", "type": "其他", "text": "龍井道中雜記", "head": "GA022n0020_p0252a07"}, {"level": "4", "n": "", "type": "其他", "text": "謝翱", "head": "GA022n0020_p0253a04"}, {"level": "5", "n": "", "type": "其他", "text": "中秋龍井翫月", "head": "GA022n0020_p0253a05"}, {"level": "4", "n": "", "type": "其他", "text": "葛天民", "head": "GA022n0020_p0253a08"}, {"level": "5", "n": "", "type": "其他", "text": "龍井", "head": "GA022n0020_p0254a01"}, {"level": "4", "n": "", "type": "其他", "text": "董嗣杲", "head": "GA022n0020_p0254a04"}, {"level": "5", "n": "", "type": "其他", "text": "龍井", "head": "GA022n0020_p0254a05"}, {"level": "3", "n": "", "type": "其他", "text": "元", "head": "GA022n0020_p0255a01"}, {"level": "4", "n": "", "type": "其他", "text": "虞集", "head": "GA022n0020_p0255a02"}, {"level": "5", "n": "", "type": "其他", "text": "寄澄湛堂法師", "head": "GA022n0020_p0255a03"}, {"level": "4", "n": "", "type": "其他", "text": "柳貫", "head": "GA022n0020_p0255a07"}, {"level": "5", "n": "", "type": "其他", "text": "送南竺澄講主校經後卻還杭州", "head": "GA022n0020_p0255a08"}, {"level": "4", "n": "", "type": "其他", "text": "王惲", "head": "GA022n0020_p0258a05"}, {"level": "5", "n": "", "type": "其他", "text": "題西湖圖", "head": "GA022n0020_p0258a06"}, {"level": "4", "n": "", "type": "其他", "text": "張雨", "head": "GA022n0020_p0259a01"}, {"level": "5", "n": "", "type": "其他", "text": "遊龍井方圓庵，閱「宋五賢二開士像」詩", "head": "GA022n0020_p0259a02"}, {"level": "4", "n": "", "type": "其他", "text": "成廷珪", "head": "GA022n0020_p0260a05"}, {"level": "5", "n": "", "type": "其他", "text": "遊龍井，過天竺，登二老亭", "head": "GA022n0020_p0260a06"}, {"level": "4", "n": "", "type": "其他", "text": "張翥", "head": "GA022n0020_p0261a01"}, {"level": "5", "n": "", "type": "其他", "text": "南山蓮社偕韓友直、伯清昆季遊龍井寺", "head": "GA022n0020_p0261a02"}, {"level": "5", "n": "", "type": "其他", "text": "陪劉侍中遊風篁嶺", "head": "GA022n0020_p0261a06"}, {"level": "4", "n": "", "type": "其他", "text": "馬臻", "head": "GA022n0020_p0263a02"}, {"level": "5", "n": "", "type": "其他", "text": "陪葛元白、仇仁近訪南竺詩僧，分韻得影字", "head": "GA022n0020_p0263a03"}, {"level": "3", "n": "", "type": "其他", "text": "明", "head": "GA022n0020_p0263a07"}, {"level": "4", "n": "", "type": "其他", "text": "唐之淳", "head": "GA022n0020_p0263a08"}, {"level": "5", "n": "", "type": "其他", "text": "感龍井懷講師以仁", "head": "GA022n0020_p0264a01"}, {"level": "4", "n": "", "type": "其他", "text": "方九敘", "head": "GA022n0020_p0264a04"}, {"level": "5", "n": "", "type": "其他", "text": "衍慶院試茶", "head": "GA022n0020_p0264a05"}, {"level": "4", "n": "", "type": "其他", "text": "孫一元", "head": "GA022n0020_p0264a08"}, {"level": "5", "n": "", "type": "其他", "text": "飲龍井", "head": "GA022n0020_p0265a01"}, {"level": "4", "n": "", "type": "其他", "text": "馮夢禎", "head": "GA022n0020_p0265a04"}, {"level": "5", "n": "", "type": "其他", "text": "遊湖攬勝", "head": "GA022n0020_p0265a05"}, {"level": "4", "n": "", "type": "其他", "text": "夏錫祚", "head": "GA022n0020_p0266a04"}, {"level": "5", "n": "", "type": "其他", "text": "度風篁嶺至龍井", "head": "GA022n0020_p0266a05"}, {"level": "4", "n": "", "type": "其他", "text": "賀燦然", "head": "GA022n0020_p0267a04"}, {"level": "5", "n": "", "type": "其他", "text": "遊衍慶寺", "head": "GA022n0020_p0267a05"}, {"level": "4", "n": "", "type": "其他", "text": "屠隆", "head": "GA022n0020_p0268a01"}, {"level": "5", "n": "", "type": "其他", "text": "遊龍井寺", "head": "GA022n0020_p0268a02"}, {"level": "4", "n": "", "type": "其他", "text": "傅巖", "head": "GA022n0020_p0268a06"}, {"level": "5", "n": "", "type": "其他", "text": "龍井寺", "head": "GA022n0020_p0268a07"}, {"level": "4", "n": "", "type": "其他", "text": "姚綬", "head": "GA022n0020_p0269a03"}, {"level": "5", "n": "", "type": "其他", "text": "龍井", "head": "GA022n0020_p0269a04"}, {"level": "4", "n": "", "type": "其他", "text": "王穉登", "head": "GA022n0020_p0269a08"}, {"level": "5", "n": "", "type": "其他", "text": "龍井", "head": "GA022n0020_p0270a01"}, {"level": "3", "n": "", "type": "其他", "text": "國朝", "head": "GA022n0020_p0270a04"}, {"level": "4", "n": "", "type": "其他", "text": "朱彝尊", "head": "GA022n0020_p0270a05"}, {"level": "5", "n": "", "type": "其他", "text": "南山雜詠", "head": "GA022n0020_p0270a06"}, {"level": "4", "n": "", "type": "其他", "text": "嚴繩孫", "head": "GA022n0020_p0272a01"}, {"level": "5", "n": "", "type": "其他", "text": "竹枝詞", "head": "GA022n0020_p0272a02"}, {"level": "4", "n": "", "type": "其他", "text": "汪光被", "head": "GA022n0020_p0272a05"}, {"level": "5", "n": "", "type": "其他", "text": "竹枝詞", "head": "GA022n0020_p0272a06"}, {"level": "4", "n": "", "type": "其他", "text": "查慎行", "head": "GA022n0020_p0273a01"}, {"level": "5", "n": "", "type": "其他", "text": "與靈上人餉龍井雨前茶二首", "head": "GA022n0020_p0273a02"}, {"level": "4", "n": "", "type": "其他", "text": "魏", "head": "GA022n0020_p0273a07"}, {"level": "5", "n": "", "type": "其他", "text": "沖泉", "head": "GA022n0020_p0273a08"}, {"level": "4", "n": "", "type": "其他", "text": "厲鶚", "head": "GA022n0020_p0274a03"}, {"level": "5", "n": "", "type": "其他", "text": "遊龍井", "head": "GA022n0020_p0274a04"}, {"level": "5", "n": "", "type": "其他", "text": "聖幾餉龍井新茗一器", "head": "GA022n0020_p0275a08"}, {"level": "4", "n": "", "type": "其他", "text": "吳巖茂", "head": "GA022n0020_p0276a03"}, {"level": "5", "n": "", "type": "其他", "text": "龍井", "head": "GA022n0020_p0276a04"}, {"level": "2", "n": "", "type": "其他", "text": "題後", "head": "GA022n0020_p0276a08"}, {"level": "1", "n": "", "type": "其他", "text": "文", "head": "GA022n0020_p0279a03"}, {"level": "2", "n": "", "type": "其他", "text": "名僧文", "head": "GA022n0020_p0279a04"}, {"level": "3", "n": "", "type": "其他", "text": "宋", "head": "GA022n0020_p0279a05"}, {"level": "4", "n": "", "type": "其他", "text": "釋元淨", "head": "GA022n0020_p0279a06"}, {"level": "5", "n": "", "type": "其他", "text": "心師銘", "head": "GA022n0020_p0279a07"}, {"level": "4", "n": "", "type": "其他", "text": "釋居簡", "head": "GA022n0020_p0280a07"}, {"level": "5", "n": "", "type": "其他", "text": "龍井法堂榜", "head": "GA022n0020_p0280a08"}, {"level": "2", "n": "", "type": "其他", "text": "名賢文", "head": "GA022n0020_p0281a07"}, {"level": "3", "n": "", "type": "其他", "text": "宋", "head": "GA022n0020_p0281a08"}, {"level": "4", "n": "", "type": "其他", "text": "蘇軾", "head": "GA022n0020_p0282a01"}, {"level": "5", "n": "", "type": "其他", "text": "跋楚逵二上人書經", "head": "GA022n0020_p0282a02"}, {"level": "5", "n": "", "type": "其他", "text": "靜坐帖", "head": "GA022n0020_p0283a03"}, {"level": "4", "n": "", "type": "其他", "text": "蘇轍", "head": "GA022n0020_p0283a08"}, {"level": "5", "n": "", "type": "其他", "text": "辯才法師塔碑", "head": "GA022n0020_p0284a01"}, {"level": "4", "n": "", "type": "其他", "text": "范仲淹", "head": "GA022n0020_p0294a02"}, {"level": "5", "n": "", "type": "其他", "text": "兵部侍郎致仕胡公志銘", "head": "GA022n0020_p0294a03"}, {"level": "4", "n": "", "type": "其他", "text": "韋驤", "head": "GA022n0020_p0305a04"}, {"level": "5", "n": "", "type": "其他", "text": "吳平甫志銘", "head": "GA022n0020_p0305a05"}, {"level": "4", "n": "", "type": "其他", "text": "秦觀", "head": "GA022n0020_p0308a08"}, {"level": "5", "n": "", "type": "其他", "text": "龍井題名", "head": "GA022n0020_p0309a01"}, {"level": "5", "n": "", "type": "其他", "text": "跋元淨十題詩", "head": "GA022n0020_p0310a04"}, {"level": "4", "n": "", "type": "其他", "text": "鄭清之", "head": "GA022n0020_p0311a01"}, {"level": "5", "n": "", "type": "其他", "text": "跋秦少游龍井題名", "head": "GA022n0020_p0311a02"}, {"level": "4", "n": "", "type": "其他", "text": "程珌", "head": "GA022n0020_p0313a02"}, {"level": "5", "n": "", "type": "其他", "text": "遊龍井記", "head": "GA022n0020_p0313a03"}, {"level": "3", "n": "", "type": "其他", "text": "元", "head": "GA022n0020_p0315a01"}, {"level": "4", "n": "", "type": "其他", "text": "黃溍", "head": "GA022n0020_p0315a02"}, {"level": "5", "n": "", "type": "其他", "text": "南山題名記", "head": "GA022n0020_p0315a03"}, {"level": "5", "n": "", "type": "其他", "text": "跋東坡書秦少游〈龍井題名〉", "head": "GA022n0020_p0317a04"}, {"level": "4", "n": "", "type": "其他", "text": "王逢", "head": "GA022n0020_p0318a04"}, {"level": "5", "n": "", "type": "其他", "text": "題〈遊龍井卷〉", "head": "GA022n0020_p0318a05"}, {"level": "3", "n": "", "type": "其他", "text": "明", "head": "GA022n0020_p0319a08"}, {"level": "4", "n": "", "type": "其他", "text": "林右", "head": "GA022n0020_p0320a01"}, {"level": "5", "n": "", "type": "其他", "text": "龍井志敘", "head": "GA022n0020_p0320a02"}, {"level": "4", "n": "", "type": "其他", "text": "宋濂", "head": "GA022n0020_p0324a02"}, {"level": "5", "n": "", "type": "其他", "text": "杭州集慶教寺原璞法師璋公圓碑銘", "head": "GA022n0020_p0324a03"}, {"level": "4", "n": "", "type": "其他", "text": "馮夢禎", "head": "GA022n0020_p0335a02"}, {"level": "5", "n": "", "type": "其他", "text": "龍井寺復先朝賜田記", "head": "GA022n0020_p0335a03"}, {"level": "5", "n": "", "type": "其他", "text": "送果上人住玄同敘", "head": "GA022n0020_p0338a04"}, {"level": "5", "n": "", "type": "其他", "text": "龍井寺新建白衣觀音殿勸緣述", "head": "GA022n0020_p0339a06"}, {"level": "3", "n": "", "type": "其他", "text": "國朝", "head": "GA022n0020_p0342a04"}, {"level": "4", "n": "", "type": "其他", "text": "張彙", "head": "GA022n0020_p0342a05"}, {"level": "5", "n": "", "type": "其他", "text": "諦暉和尚塔銘", "head": "GA022n0020_p0342a06"}, {"level": "2", "n": "", "type": "其他", "text": "題後", "head": "GA022n0020_p0347a01"}, {"level": "1", "n": "", "type": "其他", "text": "軼聞", "head": "GA022n0020_p0349a03"}, {"level": "2", "n": "", "type": "其他", "text": "孝宗行幸", "head": "GA022n0020_p0349a04"}, {"level": "2", "n": "", "type": "其他", "text": "咸澤機鋒", "head": "GA022n0020_p0350a01"}, {"level": "2", "n": "", "type": "其他", "text": "元淨、道潛優劣", "head": "GA022n0020_p0350a07"}, {"level": "2", "n": "", "type": "其他", "text": "兩參寥、兩辯才", "head": "GA022n0020_p0352a03"}, {"level": "2", "n": "", "type": "其他", "text": "智月", "head": "GA022n0020_p0352a07"}, {"level": "2", "n": "", "type": "其他", "text": "文捷", "head": "GA022n0020_p0353a03"}, {"level": "2", "n": "", "type": "其他", "text": "胡則", "head": "GA022n0020_p0357a06"}, {"level": "2", "n": "", "type": "其他", "text": "胡則永康方巖廟記", "head": "GA022n0020_p0359a01"}, {"level": "2", "n": "", "type": "其他", "text": "虞集題陳述古詩", "head": "GA022n0020_p0365a04"}, {"level": "2", "n": "", "type": "其他", "text": "三賢堂", "head": "GA022n0020_p0366a08"}, {"level": "2", "n": "", "type": "其他", "text": "碁盤石", "head": "GA022n0020_p0368a02"}, {"level": "2", "n": "", "type": "其他", "text": "暎山", "head": "GA022n0020_p0369a02"}, {"level": "2", "n": "", "type": "其他", "text": "片雲石", "head": "GA022n0020_p0369a06"}, {"level": "2", "n": "", "type": "其他", "text": "龍口瀉水", "head": "GA022n0020_p0370a03"}, {"level": "2", "n": "", "type": "其他", "text": "徐村翁家山", "head": "GA022n0020_p0371a03"}, {"level": "2", "n": "", "type": "其他", "text": "葛井水與龍井伯仲", "head": "GA022n0020_p0372a01"}, {"level": "2", "n": "", "type": "其他", "text": "記西湖登覽", "head": "GA022n0020_p0372a05"}, {"level": "2", "n": "", "type": "其他", "text": "南山遊約", "head": "GA022n0020_p0374a04"}, {"level": "2", "n": "", "type": "其他", "text": "遊龍井烹茶", "head": "GA022n0020_p0375a03"}, {"level": "2", "n": "", "type": "其他", "text": "遊老龍井得茶", "head": "GA022n0020_p0376a07"}, {"level": "2", "n": "", "type": "其他", "text": "玉岑詩社", "head": "GA022n0020_p0377a04"}, {"level": "2", "n": "", "type": "其他", "text": "水漲", "head": "GA022n0020_p0377a08"}, {"level": "2", "n": "", "type": "其他", "text": "陳剛中", "head": "GA022n0020_p0378a06"}, {"level": "2", "n": "", "type": "其他", "text": "張伯雨", "head": "GA022n0020_p0379a02"}, {"level": "2", "n": "", "type": "其他", "text": "瑞芝", "head": "GA022n0020_p0380a06"}, {"level": "2", "n": "", "type": "其他", "text": "孫隆施捨", "head": "GA022n0020_p0381a06"}, {"level": "2", "n": "", "type": "其他", "text": "演福寺", "head": "GA022n0020_p0383a05"}, {"level": "2", "n": "", "type": "其他", "text": "馮夢得〈寺記〉", "head": "GA022n0020_p0386a03"}, {"level": "2", "n": "", "type": "其他", "text": "黃溍〈寺記〉", "head": "GA022n0020_p0387a05"}, {"level": "2", "n": "", "type": "其他", "text": "徐一夔〈夕佳樓記〉", "head": "GA022n0020_p0389a05"}, {"level": "2", "n": "", "type": "其他", "text": "題後", "head": "GA022n0020_p0390a03"}, {"level": "1", "n": "", "type": "其他", "text": "餘論", "head": "GA022n0020_p0391a03"}, {"level": "2", "n": "", "type": "其他", "text": "南天竺當屬龍井一路", "head": "GA022n0020_p0391a04"}, {"level": "2", "n": "", "type": "其他", "text": "宋時寺在嶺背，今老龍井即當日龍井", "head": "GA022n0020_p0395a01"}, {"level": "2", "n": "", "type": "其他", "text": "小龍井", "head": "GA022n0020_p0397a06"}, {"level": "2", "n": "", "type": "其他", "text": "徑山龍井", "head": "GA022n0020_p0398a03"}, {"level": "2", "n": "", "type": "其他", "text": "浙江龍井不一", "head": "GA022n0020_p0398a08"}, {"level": "2", "n": "", "type": "其他", "text": "葛洪鍊丹處不足信", "head": "GA022n0020_p0401a05"}, {"level": "2", "n": "", "type": "其他", "text": "封篁", "head": "GA022n0020_p0404a04"}, {"level": "2", "n": "", "type": "其他", "text": "與龍井聯屬諸山水、寺院", "head": "GA022n0020_p0404a07"}, {"level": "2", "n": "", "type": "其他", "text": "九谿、十八澗通江，不滙龍井", "head": "GA022n0020_p0408a02"}, {"level": "2", "n": "", "type": "其他", "text": "三獅子峯複一", "head": "GA022n0020_p0409a03"}, {"level": "2", "n": "", "type": "其他", "text": "三茯苓泉誤", "head": "GA022n0020_p0410a02"}, {"level": "2", "n": "", "type": "其他", "text": "兩君子泉", "head": "GA022n0020_p0411a08"}, {"level": "2", "n": "", "type": "其他", "text": "兩噴月泉", "head": "GA022n0020_p0412a06"}, {"level": "2", "n": "", "type": "其他", "text": "一地兩名", "head": "GA022n0020_p0413a01"}, {"level": "2", "n": "", "type": "其他", "text": "寺名先後重出", "head": "GA022n0020_p0414a06"}, {"level": "2", "n": "", "type": "其他", "text": "龍井、演福為一", "head": "GA022n0020_p0415a05"}, {"level": "2", "n": "", "type": "其他", "text": "他寺併歸演福亦稱龍井", "head": "GA022n0020_p0417a05"}, {"level": "2", "n": "", "type": "其他", "text": "普澤院", "head": "GA022n0020_p0420a07"}, {"level": "2", "n": "", "type": "其他", "text": "演福僧", "head": "GA022n0020_p0421a06"}, {"level": "2", "n": "", "type": "其他", "text": "禪教互易", "head": "GA022n0020_p0423a04"}, {"level": "2", "n": "", "type": "其他", "text": "魏,《錢塘縣志》舛複", "head": "GA022n0020_p0424a01"}, {"level": "2", "n": "", "type": "其他", "text": "夢粱錄因襲", "head": "GA022n0020_p0425a06"}, {"level": "2", "n": "", "type": "其他", "text": "詩文編錄之誤", "head": "GA022n0020_p0426a08"}, {"level": "2", "n": "", "type": "其他", "text": "趙抃詩不見本集", "head": "GA022n0020_p0428a06"}, {"level": "2", "n": "", "type": "其他", "text": "元淨著述", "head": "GA022n0020_p0429a02"}, {"level": "2", "n": "", "type": "其他", "text": "元淨詩入蘇軾集", "head": "GA022n0020_p0430a04"}, {"level": "2", "n": "", "type": "其他", "text": "元淨詩誤入蘇軾集", "head": "GA022n0020_p0432a07"}, {"level": "2", "n": "", "type": "其他", "text": "名媛詩", "head": "GA022n0020_p0433a04"}, {"level": "2", "n": "", "type": "其他", "text": "婦人、中官附著", "head": "GA022n0020_p0435a01"}, {"level": "2", "n": "", "type": "其他", "text": "三賢祠塑像", "head": "GA022n0020_p0436a08"}, {"level": "2", "n": "", "type": "其他", "text": "海棠", "head": "GA022n0020_p0437a06"}, {"level": "2", "n": "", "type": "其他", "text": "顯應廟有二", "head": "GA022n0020_p0438a02"}, {"level": "2", "n": "", "type": "其他", "text": "於潛三賢祠", "head": "GA022n0020_p0438a05"}, {"level": "2", "n": "", "type": "其他", "text": "兩元淨", "head": "GA022n0020_p0439a05"}, {"level": "2", "n": "", "type": "其他", "text": "四辯才", "head": "GA022n0020_p0439a08"}, {"level": "2", "n": "", "type": "其他", "text": "蘇軾戲問辯才師墨蹟", "head": "GA022n0020_p0441a03"}, {"level": "2", "n": "", "type": "其他", "text": "辟塵爐不藏龍井", "head": "GA022n0020_p0441a07"}, {"level": "2", "n": "", "type": "其他", "text": "入山之路", "head": "GA022n0020_p0442a04"}, {"level": "2", "n": "", "type": "其他", "text": "題後", "head": "GA022n0020_p0448a01"}, {"level": "1", "n": "", "type": "其他", "text": "跋", "head": "GA022n0020_p0449a01"}, {"level": "1", "n": "", "type": "附文", "text": "附：宋僧元淨外傳", "head": "GA022n0020_p0453a01"}, {"level": "2", "n": "", "type": "附文", "text": "卷目", "head": "GA022n0020_p0455a01"}, {"level": "2", "n": "", "type": "附文", "text": "於潛出家之所", "head": "GA022n0020_p0461a04"}, {"level": "3", "n": "", "type": "附文", "text": "於潛縣西菩山明智寺", "head": "GA022n0020_p0461a05"}, {"level": "2", "n": "", "type": "附文", "text": "杭州曾經住持之所", "head": "GA022n0020_p0465a07"}, {"level": "3", "n": "", "type": "附文", "text": "上天竺靈感觀音院", "head": "GA022n0020_p0465a08"}, {"level": "3", "n": "", "type": "附文", "text": "大悲寶閣院", "head": "GA022n0020_p0469a04"}, {"level": "3", "n": "", "type": "附文", "text": "下天竺", "head": "GA022n0020_p0469a06"}, {"level": "3", "n": "", "type": "附文", "text": "南屏興教寺", "head": "GA022n0020_p0470a03"}, {"level": "2", "n": "", "type": "附文", "text": "流寓", "head": "GA022n0020_p0470a08"}, {"level": "3", "n": "", "type": "附文", "text": "秀州真如寺", "head": "GA022n0020_p0471a01"}, {"level": "2", "n": "", "type": "附文", "text": "教祖", "head": "GA022n0020_p0471a04"}, {"level": "3", "n": "", "type": "附文", "text": "天台智者大師", "head": "GA022n0020_p0471a05"}, {"level": "2", "n": "", "type": "附文", "text": "本師", "head": "GA022n0020_p0474a01"}, {"level": "3", "n": "", "type": "附文", "text": "法雨", "head": "GA022n0020_p0474a02"}, {"level": "3", "n": "", "type": "附文", "text": "遵式", "head": "GA022n0020_p0474a04"}, {"level": "3", "n": "", "type": "附文", "text": "祖韶", "head": "GA022n0020_p0478a07"}, {"level": "2", "n": "", "type": "附文", "text": "禪友", "head": "GA022n0020_p0480a06"}, {"level": "3", "n": "", "type": "附文", "text": "道潛", "head": "GA022n0020_p0480a07"}, {"level": "3", "n": "", "type": "附文", "text": "了元", "head": "GA022n0020_p0481a05"}, {"level": "3", "n": "", "type": "附文", "text": "惠辯", "head": "GA022n0020_p0481a08"}, {"level": "3", "n": "", "type": "附文", "text": "元素", "head": "GA022n0020_p0483a02"}, {"level": "3", "n": "", "type": "附文", "text": "熙仲", "head": "GA022n0020_p0483a04"}, {"level": "3", "n": "", "type": "附文", "text": "高麗僧統", "head": "GA022n0020_p0483a06"}, {"level": "2", "n": "", "type": "附文", "text": "弟子", "head": "GA022n0020_p0484a03"}, {"level": "3", "n": "", "type": "附文", "text": "懷楚", "head": "GA022n0020_p0484a04"}, {"level": "3", "n": "", "type": "附文", "text": "逵上人", "head": "GA022n0020_p0484a05"}, {"level": "3", "n": "", "type": "附文", "text": "懷益", "head": "GA022n0020_p0484a06"}, {"level": "3", "n": "", "type": "附文", "text": "散老", "head": "GA022n0020_p0484a07"}, {"level": "3", "n": "", "type": "附文", "text": "雙峯", "head": "GA022n0020_p0485a01"}, {"level": "2", "n": "", "type": "附文", "text": "繼起之僧", "head": "GA022n0020_p0485a03"}, {"level": "3", "n": "", "type": "附文", "text": "圓照", "head": "GA022n0020_p0485a04"}, {"level": "2", "n": "", "type": "附文", "text": "龍井法嗣", "head": "GA022n0020_p0486a02"}, {"level": "3", "n": "", "type": "附文", "text": "聰自聞", "head": "GA022n0020_p0486a03"}, {"level": "2", "n": "", "type": "附文", "text": "上天竺法嗣", "head": "GA022n0020_p0486a06"}, {"level": "3", "n": "", "type": "附文", "text": "慧日", "head": "GA022n0020_p0486a07"}, {"level": "2", "n": "", "type": "附文", "text": "真贊", "head": "GA022n0020_p0489a04"}, {"level": "2", "n": "", "type": "附文", "text": "東坡集．尺牘", "head": "GA022n0020_p0490a06"}, {"level": "2", "n": "", "type": "附文", "text": "道俗依仰", "head": "GA022n0020_p0494a07"}, {"level": "2", "n": "", "type": "附文", "text": "辯博", "head": "GA022n0020_p0495a06"}, {"level": "2", "n": "", "type": "附文", "text": "誦咒祛邪", "head": "GA022n0020_p0496a02"}, {"level": "2", "n": "", "type": "附文", "text": "書拒左道", "head": "GA022n0020_p0499a06"}, {"level": "2", "n": "", "type": "附文", "text": "緣契", "head": "GA022n0020_p0501a06"}, {"level": "2", "n": "", "type": "附文", "text": "問答", "head": "GA022n0020_p0502a04"}, {"level": "2", "n": "", "type": "附文", "text": "寄題〈龍井題名〉", "head": "GA022n0020_p0503a06"}, {"level": "2", "n": "", "type": "附文", "text": "元淨詩", "head": "GA022n0020_p0505a01"}, {"level": "2", "n": "", "type": "附文", "text": "著文", "head": "GA022n0020_p0506a01"}, {"level": "2", "n": "", "type": "附文", "text": "塔銘未刻石", "head": "GA022n0020_p0506a05"}, {"level": "2", "n": "", "type": "附文", "text": "復書〈龍井題名〉後", "head": "GA022n0020_p0507a03"}, {"level": "2", "n": "", "type": "附文", "text": "題名書後不入石", "head": "GA022n0020_p0509a01"}, {"level": "2", "n": "", "type": "附文", "text": "蘇軾乞塔銘", "head": "GA022n0020_p0509a08"}, {"level": "2", "n": "", "type": "附文", "text": "蘇軾致茶果", "head": "GA022n0020_p0512a08"}, {"level": "2", "n": "", "type": "附文", "text": "蘇軾紀夢", "head": "GA022n0020_p0514a06"}, {"level": "2", "n": "", "type": "附文", "text": "遺像", "head": "GA022n0020_p0517a07"}, {"level": "2", "n": "", "type": "附文", "text": "郡紳平塔", "head": "GA022n0020_p0518a07"}, {"level": "2", "n": "", "type": "附文", "text": "龍井得歙硯", "head": "GA022n0020_p0519a02"}, {"level": "2", "n": "", "type": "附文", "text": "手植山茶", "head": "GA022n0020_p0520a04"}, {"level": "2", "n": "", "type": "附文", "text": "嶺塢皆名蘇子", "head": "GA022n0020_p0520a08"}, {"level": "2", "n": "", "type": "附文", "text": "跋", "head": "GA022n0020_p0523a01"}]