[{"level": "1", "n": "", "type": "其他", "text": "卷首", "head": "GA016n0015_p0003a01"}, {"level": "2", "n": "", "type": "序", "text": "原序", "head": "GA016n0015_p0003a01"}, {"level": "2", "n": "", "type": "序", "text": "重刻序", "head": "GA016n0015_p0005a01"}, {"level": "2", "n": "", "type": "其他", "text": "寺圖", "head": "GA016n0015_p0007a01"}, {"level": "2", "n": "", "type": "其他", "text": "總目", "head": "GA016n0015_p0011a01"}, {"level": "1", "n": "", "type": "其他", "text": "盛典", "head": "GA016n0015_p0015a02"}, {"level": "1", "n": "", "type": "其他", "text": "興建上", "head": "GA016n0015_p0023a01"}, {"level": "2", "n": "", "type": "其他", "text": "概述", "head": "GA016n0015_p0023a02"}, {"level": "2", "n": "", "type": "其他", "text": "賜藏經勅諭", "head": "GA016n0015_p0029a01"}, {"level": "2", "n": "", "type": "其他", "text": "金璐重修萬善橋記", "head": "GA016n0015_p0030a08"}, {"level": "2", "n": "", "type": "其他", "text": "胡宗憲昭慶寺碑", "head": "GA016n0015_p0035a06"}, {"level": "2", "n": "", "type": "其他", "text": "汪道昆募建山門石牌坊", "head": "GA016n0015_p0041a01"}, {"level": "2", "n": "", "type": "其他", "text": "釋方澤勸修戒壇文", "head": "GA016n0015_p0042a04"}, {"level": "2", "n": "", "type": "其他", "text": "屠隆碑記", "head": "GA016n0015_p0045a10"}, {"level": "2", "n": "", "type": "其他", "text": "張瀚碑記", "head": "GA016n0015_p0049a09"}, {"level": "1", "n": "", "type": "其他", "text": "興建下", "head": "GA016n0015_p0053a02"}, {"level": "2", "n": "", "type": "其他", "text": "概述", "head": "GA016n0015_p0053a03"}, {"level": "2", "n": "", "type": "其他", "text": "賜藏經勅諭", "head": "GA016n0015_p0053a06"}, {"level": "2", "n": "", "type": "其他", "text": "董其昌募易朽蠢疏", "head": "GA016n0015_p0054a06"}, {"level": "2", "n": "", "type": "其他", "text": "朱國祚碑記", "head": "GA016n0015_p0056a03"}, {"level": "2", "n": "", "type": "其他", "text": "賀萬祚重修山門坊橋疏", "head": "GA016n0015_p0058a01"}, {"level": "2", "n": "", "type": "其他", "text": "臧炅如募鑄鼎疏", "head": "GA016n0015_p0058a07"}, {"level": "2", "n": "", "type": "其他", "text": "黃端伯勸建戒壇記", "head": "GA016n0015_p0059a10"}, {"level": "2", "n": "", "type": "其他", "text": "沈珩募重葺昭慶寺緣引", "head": "GA016n0015_p0062a03"}, {"level": "2", "n": "", "type": "其他", "text": "沈虬募葺緣引", "head": "GA016n0015_p0063a02"}, {"level": "2", "n": "", "type": "其他", "text": "陸光旭募建禪堂緣啟", "head": "GA016n0015_p0064a01"}, {"level": "2", "n": "", "type": "其他", "text": "尤侗戒壇記", "head": "GA016n0015_p0066a04"}, {"level": "2", "n": "", "type": "序", "text": "杜臻募序", "head": "GA016n0015_p0068a07"}, {"level": "2", "n": "", "type": "其他", "text": "徐嘉炎勸修記", "head": "GA016n0015_p0070a09"}, {"level": "2", "n": "", "type": "其他", "text": "現前建置", "head": "GA016n0015_p0075a10"}, {"level": "3", "n": "", "type": "其他", "text": "大雄寶殿", "head": "GA016n0015_p0075a10"}, {"level": "3", "n": "", "type": "其他", "text": "定觀堂", "head": "GA016n0015_p0076a04"}, {"level": "3", "n": "", "type": "其他", "text": "萬壽戒壇", "head": "GA016n0015_p0076a07"}, {"level": "3", "n": "", "type": "其他", "text": "大士過海像", "head": "GA016n0015_p0076a08"}, {"level": "3", "n": "", "type": "序", "text": "丁敬昭慶寺畫壁詩并序", "head": "GA016n0015_p0077a02"}, {"level": "3", "n": "", "type": "其他", "text": "翟瀚白衣大士畫壁詩", "head": "GA016n0015_p0077a09"}, {"level": "3", "n": "", "type": "其他", "text": "天王殿　放生池　萬善橋", "head": "GA016n0015_p0079a02"}, {"level": "3", "n": "", "type": "其他", "text": "歸錦橋　涵勝橋", "head": "GA016n0015_p0080a06"}, {"level": "3", "n": "", "type": "其他", "text": "伽藍殿　祖師殿", "head": "GA016n0015_p0080a09"}, {"level": "3", "n": "", "type": "其他", "text": "雲水堂", "head": "GA016n0015_p0081a01"}, {"level": "3", "n": "", "type": "其他", "text": "藏經閣", "head": "GA016n0015_p0081a03"}, {"level": "3", "n": "", "type": "其他", "text": "文覺禪師體困睡眠圖歌偈", "head": "GA016n0015_p0081a05"}, {"level": "3", "n": "", "type": "其他", "text": "客樓", "head": "GA016n0015_p0082a07"}, {"level": "3", "n": "", "type": "其他", "text": "大悲閣", "head": "GA016n0015_p0082a09"}, {"level": "3", "n": "", "type": "其他", "text": "延賓閣", "head": "GA016n0015_p0083a02"}, {"level": "3", "n": "", "type": "其他", "text": "二堂樓", "head": "GA016n0015_p0083a04"}, {"level": "3", "n": "", "type": "其他", "text": "水陸堂", "head": "GA016n0015_p0083a06"}, {"level": "3", "n": "", "type": "其他", "text": "跋王道焜書金剛經石刻", "head": "GA016n0015_p0084a02"}, {"level": "3", "n": "", "type": "其他", "text": "庫樓　廚房　普賢堂　圊房", "head": "GA016n0015_p0085a01"}, {"level": "3", "n": "", "type": "其他", "text": "雨花室", "head": "GA016n0015_p0085a05"}, {"level": "3", "n": "", "type": "其他", "text": "鐘板堂", "head": "GA016n0015_p0085a07"}, {"level": "3", "n": "", "type": "其他", "text": "于敏中重立鐘板堂記", "head": "GA016n0015_p0086a01"}, {"level": "3", "n": "", "type": "其他", "text": "釋篆玉千佛閣避暑詩", "head": "GA016n0015_p0086a10"}, {"level": "3", "n": "", "type": "其他", "text": "祖堂　忍慧塔　宜公塔　澄公塔", "head": "GA016n0015_p0087a02"}, {"level": "3", "n": "", "type": "其他", "text": "王圖炳宜潔律師塔銘", "head": "GA016n0015_p0087a04"}, {"level": "3", "n": "", "type": "其他", "text": "十方賢聖塔", "head": "GA016n0015_p0090a07"}, {"level": "3", "n": "", "type": "其他", "text": "三會菴", "head": "GA016n0015_p0091a01"}, {"level": "3", "n": "", "type": "其他", "text": "齋田", "head": "GA016n0015_p0091a03"}, {"level": "3", "n": "", "type": "其他", "text": "釋明中飯僧田記", "head": "GA016n0015_p0091a05"}, {"level": "2", "n": "", "type": "其他", "text": "吳樹虛昭慶律寺施置飯僧田產碑記", "head": "GA016n0015_p0092a07"}, {"level": "1", "n": "", "type": "其他", "text": "舊蹟上", "head": "GA016n0015_p0097a02"}, {"level": "2", "n": "", "type": "其他", "text": "菩提院", "head": "GA016n0015_p0097a03"}, {"level": "2", "n": "", "type": "其他", "text": "千手觀音像", "head": "GA016n0015_p0098a10"}, {"level": "2", "n": "", "type": "其他", "text": "南漪堂　迎熏堂　澄心軒　涵碧軒　,毺軒　玉壺軒　披顥軒", "head": "GA016n0015_p0099a07"}, {"level": "3", "n": "", "type": "其他", "text": "概述", "head": "GA016n0015_p0099a07"}, {"level": "3", "n": "", "type": "其他", "text": "蘇軾菩提南漪堂看杜鵑詩", "head": "GA016n0015_p0099a10"}, {"level": "3", "n": "", "type": "其他", "text": "沈與求南漪堂詩", "head": "GA016n0015_p0100a03"}, {"level": "2", "n": "", "type": "其他", "text": "玉壺園", "head": "GA016n0015_p0100a08"}, {"level": "3", "n": "", "type": "其他", "text": "概述", "head": "GA016n0015_p0100a08"}, {"level": "3", "n": "", "type": "其他", "text": "杜範趙山甫居玉壺盡得湖山之勝醉和其韻詩", "head": "GA016n0015_p0101a07"}, {"level": "3", "n": "", "type": "其他", "text": "楊萬里泛舟賞荷詩", "head": "GA016n0015_p0101a10"}, {"level": "3", "n": "", "type": "其他", "text": "黃文雷玉壺即事", "head": "GA016n0015_p0102a04"}, {"level": "3", "n": "", "type": "其他", "text": "張輿訪王葯圃於玉壺園", "head": "GA016n0015_p0103a01"}, {"level": "3", "n": "", "type": "其他", "text": "可閒老人約訪王葯圃書此詩先之", "head": "GA016n0015_p0103a04"}, {"level": "3", "n": "", "type": "其他", "text": "周紫芝菩提軒驟雨初晴", "head": "GA016n0015_p0103a08"}, {"level": "3", "n": "", "type": "其他", "text": "周弼菩提廢寺", "head": "GA016n0015_p0104a01"}, {"level": "3", "n": "", "type": "其他", "text": "羅公升菩提寺", "head": "GA016n0015_p0104a04"}, {"level": "2", "n": "", "type": "其他", "text": "千佛閣", "head": "GA016n0015_p0105a02"}, {"level": "2", "n": "", "type": "其他", "text": "望湖樓", "head": "GA016n0015_p0106a09"}, {"level": "3", "n": "", "type": "其他", "text": "概述", "head": "GA016n0015_p0106a09"}, {"level": "3", "n": "", "type": "其他", "text": "潘閬望湖樓詩", "head": "GA016n0015_p0107a07"}, {"level": "3", "n": "", "type": "其他", "text": "蘇頌次韻奉酬通判姚郎中宴望湖樓過昭慶院暮歸偶作", "head": "GA016n0015_p0107a09"}, {"level": "3", "n": "", "type": "其他", "text": "趙抃望湖樓", "head": "GA016n0015_p0108a04"}, {"level": "3", "n": "", "type": "其他", "text": "王安石杭州望湖樓回馬上作呈玉汝樂道", "head": "GA016n0015_p0108a05"}, {"level": "3", "n": "", "type": "其他", "text": "蘇軾六月二十七日望湖樓醉書", "head": "GA016n0015_p0108a08"}, {"level": "3", "n": "", "type": "其他", "text": "蘇軾宿望湖樓和李察推", "head": "GA016n0015_p0109a07"}, {"level": "3", "n": "", "type": "其他", "text": "蘇轍次韻子瞻望湖樓上五絕句", "head": "GA016n0015_p0110a02"}, {"level": "3", "n": "", "type": "其他", "text": "郭祥正看經樓", "head": "GA016n0015_p0110a10"}, {"level": "3", "n": "", "type": "其他", "text": "楊時望湖樓", "head": "GA016n0015_p0111a01"}, {"level": "3", "n": "", "type": "其他", "text": "朱繼芳昭慶寺前望湖樓", "head": "GA016n0015_p0111a05"}, {"level": "3", "n": "", "type": "其他", "text": "黃裳泛舟錢唐西湖", "head": "GA016n0015_p0111a07"}, {"level": "2", "n": "", "type": "其他", "text": "樓鑰水月園", "head": "GA016n0015_p0111a09"}, {"level": "3", "n": "", "type": "其他", "text": "楊維禎嬉春體", "head": "GA016n0015_p0112a03"}, {"level": "3", "n": "", "type": "其他", "text": "邵長蘅西湖雜興", "head": "GA016n0015_p0112a06"}, {"level": "2", "n": "", "type": "其他", "text": "桃園（錢唐尉司署）", "head": "GA016n0015_p0113a07"}, {"level": "3", "n": "", "type": "其他", "text": "概述", "head": "GA016n0015_p0113a07"}, {"level": "3", "n": "", "type": "其他", "text": "華庚錢唐尉司記", "head": "GA016n0015_p0113a08"}, {"level": "3", "n": "", "type": "其他", "text": "林逋錢唐仙尉謝君詠物樓成寄題二韻", "head": "GA016n0015_p0115a10"}, {"level": "3", "n": "", "type": "其他", "text": "孤山雪中寫望寄呈景山謝尉", "head": "GA016n0015_p0116a02"}, {"level": "3", "n": "", "type": "其他", "text": "和謝尉病起", "head": "GA016n0015_p0116a04"}, {"level": "3", "n": "", "type": "其他", "text": "答謝尉得替", "head": "GA016n0015_p0116a06"}, {"level": "3", "n": "", "type": "其他", "text": "陳師道宿錢唐尉廨", "head": "GA016n0015_p0116a08"}, {"level": "2", "n": "", "type": "其他", "text": "先得樓　新園　雲洞園", "head": "GA016n0015_p0117a01"}, {"level": "3", "n": "", "type": "其他", "text": "概述", "head": "GA016n0015_p0117a01"}, {"level": "3", "n": "", "type": "其他", "text": "陳允平湖上詩", "head": "GA016n0015_p0119a04"}, {"level": "2", "n": "", "type": "其他", "text": "九曲昭慶寺橋", "head": "GA016n0015_p0119a07"}, {"level": "3", "n": "", "type": "其他", "text": "概述", "head": "GA016n0015_p0119a07"}, {"level": "3", "n": "", "type": "其他", "text": "戚令畹募修西湖聖堂橋小引", "head": "GA016n0015_p0122a04"}, {"level": "3", "n": "", "type": "其他", "text": "顧豹文募修聖堂橋小引", "head": "GA016n0015_p0124a08"}, {"level": "2", "n": "", "type": "其他", "text": "昭慶灣　謝府園", "head": "GA016n0015_p0127a05"}, {"level": "2", "n": "", "type": "其他", "text": "昭慶山門", "head": "GA016n0015_p0128a10"}, {"level": "2", "n": "", "type": "其他", "text": "玉蓮堂　來鵲樓", "head": "GA016n0015_p0129a04"}, {"level": "3", "n": "", "type": "其他", "text": "概述", "head": "GA016n0015_p0129a04"}, {"level": "3", "n": "", "type": "其他", "text": "黃公紹競渡櫂歌", "head": "GA016n0015_p0130a10"}, {"level": "3", "n": "", "type": "其他", "text": "馬臻西湖春日壯遊即事", "head": "GA016n0015_p0131a02"}, {"level": "3", "n": "", "type": "其他", "text": "李元昭西湖社成集來鵲樓詩", "head": "GA016n0015_p0131a07"}, {"level": "2", "n": "", "type": "其他", "text": "九曲城", "head": "GA016n0015_p0132a02"}, {"level": "2", "n": "", "type": "其他", "text": "五聖廟　楊和王水閣　上船亭", "head": "GA016n0015_p0132a09"}, {"level": "2", "n": "", "type": "其他", "text": "擇勝園　隱秀園", "head": "GA016n0015_p0133a08"}, {"level": "2", "n": "", "type": "其他", "text": "九曲下湖", "head": "GA016n0015_p0134a04"}, {"level": "3", "n": "", "type": "其他", "text": "概述", "head": "GA016n0015_p0134a04"}, {"level": "3", "n": "", "type": "其他", "text": "林逋上湖閑泛檥舟石函因過下湖小墅詩", "head": "GA016n0015_p0136a05"}, {"level": "3", "n": "", "type": "其他", "text": "參寥子下湖晚歸", "head": "GA016n0015_p0136a08"}, {"level": "1", "n": "", "type": "其他", "text": "舊蹟下", "head": "GA016n0015_p0139a02"}, {"level": "2", "n": "", "type": "其他", "text": "石函橋", "head": "GA016n0015_p0139a03"}, {"level": "3", "n": "", "type": "其他", "text": "概述", "head": "GA016n0015_p0139a03"}, {"level": "3", "n": "", "type": "其他", "text": "白居易錢唐湖石記", "head": "GA016n0015_p0139a07"}, {"level": "3", "n": "", "type": "其他", "text": "白公去郡別州民詩", "head": "GA016n0015_p0143a01"}, {"level": "3", "n": "", "type": "其他", "text": "郭祥正石函橋", "head": "GA016n0015_p0143a03"}, {"level": "3", "n": "", "type": "其他", "text": "馬臻西湖春日壯遊即事", "head": "GA016n0015_p0143a05"}, {"level": "3", "n": "", "type": "其他", "text": "章詔石函橋", "head": "GA016n0015_p0143a07"}, {"level": "3", "n": "", "type": "其他", "text": "張文宿西湖歌", "head": "GA016n0015_p0143a09"}, {"level": "3", "n": "", "type": "其他", "text": "沈德潛西湖嬉春", "head": "GA016n0015_p0144a01"}, {"level": "2", "n": "", "type": "其他", "text": "桃花港　忍慧塔", "head": "GA016n0015_p0145a02"}, {"level": "3", "n": "", "type": "其他", "text": "概述", "head": "GA016n0015_p0145a02"}, {"level": "3", "n": "", "type": "其他", "text": "張遂辰春游詞", "head": "GA016n0015_p0145a07"}, {"level": "2", "n": "", "type": "其他", "text": "放生碑", "head": "GA016n0015_p0146a02"}, {"level": "3", "n": "", "type": "其他", "text": "概述", "head": "GA016n0015_p0146a02"}, {"level": "3", "n": "", "type": "其他", "text": "王隨西湖放生池記", "head": "GA016n0015_p0146a09"}, {"level": "2", "n": "", "type": "其他", "text": "德生堂　放生碑亭　泳飛亭", "head": "GA016n0015_p0148a10"}, {"level": "3", "n": "", "type": "其他", "text": "概述", "head": "GA016n0015_p0148a10"}, {"level": "3", "n": "", "type": "其他", "text": "宋理宗戒烹宰文", "head": "GA016n0015_p0149a09"}, {"level": "3", "n": "", "type": "其他", "text": "蔡襄四月八日西湖觀民放生詩", "head": "GA016n0015_p0151a07"}, {"level": "3", "n": "", "type": "其他", "text": "周弼四聖觀", "head": "GA016n0015_p0151a10"}, {"level": "2", "n": "", "type": "其他", "text": "洞明庵", "head": "GA016n0015_p0152a03"}, {"level": "2", "n": "", "type": "其他", "text": "捍湖隄", "head": "GA016n0015_p0152a06"}, {"level": "2", "n": "", "type": "其他", "text": "柳林", "head": "GA016n0015_p0153a04"}, {"level": "2", "n": "", "type": "其他", "text": "水磨頭", "head": "GA016n0015_p0154a04"}, {"level": "3", "n": "", "type": "其他", "text": "概述", "head": "GA016n0015_p0154a04"}, {"level": "3", "n": "", "type": "其他", "text": "吳文英賦姜石帚漁隱調寄三部樂", "head": "GA016n0015_p0155a01"}, {"level": "3", "n": "", "type": "其他", "text": "姜蘷湖上寓居雜詠", "head": "GA016n0015_p0155a08"}, {"level": "2", "n": "", "type": "其他", "text": "秦樓（漱石居）", "head": "GA016n0015_p0157a10"}, {"level": "3", "n": "", "type": "其他", "text": "概述", "head": "GA016n0015_p0157a10"}, {"level": "3", "n": "", "type": "其他", "text": "張遂辰訪梁公迪斷橋秦樓詩", "head": "GA016n0015_p0158a05"}, {"level": "2", "n": "", "type": "其他", "text": "夢春橋　蓮花橋　溜水橋", "head": "GA016n0015_p0158a09"}, {"level": "2", "n": "", "type": "其他", "text": "九曲法濟院　觀音井　羊坊橋", "head": "GA016n0015_p0159a07"}, {"level": "2", "n": "", "type": "其他", "text": "慶忌塔", "head": "GA016n0015_p0161a02"}, {"level": "2", "n": "", "type": "其他", "text": "真覺院　妙因院　普潤寺", "head": "GA016n0015_p0166a09"}, {"level": "2", "n": "", "type": "其他", "text": "演法堂　慈濟菴　淨業堂", "head": "GA016n0015_p0167a04"}, {"level": "2", "n": "", "type": "其他", "text": "卧牛石", "head": "GA016n0015_p0167a08"}, {"level": "3", "n": "", "type": "其他", "text": "概述", "head": "GA016n0015_p0167a08"}, {"level": "3", "n": "", "type": "其他", "text": "顧岱浣溪紗詞", "head": "GA016n0015_p0168a02"}, {"level": "2", "n": "", "type": "其他", "text": "羊角埂", "head": "GA016n0015_p0168a05"}, {"level": "1", "n": "", "type": "其他", "text": "淨社", "head": "GA016n0015_p0171a02"}, {"level": "2", "n": "", "type": "其他", "text": "概述", "head": "GA016n0015_p0171a03"}, {"level": "2", "n": "", "type": "其他", "text": "十八高賢", "head": "GA016n0015_p0171a10"}, {"level": "3", "n": "", "type": "其他", "text": "概述", "head": "GA016n0015_p0171a10"}, {"level": "3", "n": "", "type": "其他", "text": "淨行社主省常", "head": "GA016n0015_p0172a02"}, {"level": "3", "n": "", "type": "其他", "text": "同知樞密院事河內向敏中", "head": "GA016n0015_p0177a09"}, {"level": "3", "n": "", "type": "其他", "text": "同知樞密院事長城錢若水", "head": "GA016n0015_p0178a08"}, {"level": "3", "n": "", "type": "其他", "text": "右正言知制誥太原王旦", "head": "GA016n0015_p0179a04"}, {"level": "3", "n": "", "type": "其他", "text": "直昭文館知制誥東平呂祐之", "head": "GA016n0015_p0180a02"}, {"level": "3", "n": "", "type": "其他", "text": "三司河南東道判官潁川陳堯叟", "head": "GA016n0015_p0180a07"}, {"level": "3", "n": "", "type": "其他", "text": "三司關西道判官安定梁灝", "head": "GA016n0015_p0181a03"}, {"level": "3", "n": "", "type": "其他", "text": "右贊善大夫知杭州瑯琊王化基", "head": "GA016n0015_p0181a09"}, {"level": "3", "n": "", "type": "其他", "text": "給事中知杭州清河張去華", "head": "GA016n0015_p0182a04"}, {"level": "3", "n": "", "type": "其他", "text": "左諫議大夫東平呂文仲", "head": "GA016n0015_p0182a09"}, {"level": "3", "n": "", "type": "其他", "text": "翰林學士沛國朱昂", "head": "GA016n0015_p0183a04"}, {"level": "3", "n": "", "type": "其他", "text": "太子中允始平馮元", "head": "GA016n0015_p0183a09"}, {"level": "3", "n": "", "type": "其他", "text": "集賢校理同修起居注趙郡李宗諤", "head": "GA016n0015_p0184a06"}, {"level": "3", "n": "", "type": "其他", "text": "著作佐郎安定梁鼎", "head": "GA016n0015_p0185a01"}, {"level": "3", "n": "", "type": "其他", "text": "右補闕史館修撰宏農梁周翰", "head": "GA016n0015_p0185a06"}, {"level": "3", "n": "", "type": "其他", "text": "禮部侍郎直秘閣學士隴西李至", "head": "GA016n0015_p0186a01"}, {"level": "3", "n": "", "type": "其他", "text": "翰林學士廣平宋湜", "head": "GA016n0015_p0186a06"}, {"level": "3", "n": "", "type": "其他", "text": "王部郎中知揚州太原王禹偁", "head": "GA016n0015_p0187a01"}, {"level": "2", "n": "", "type": "其他", "text": "又四賢", "head": "GA016n0015_p0187a08"}, {"level": "3", "n": "", "type": "其他", "text": "翰林學士承旨宋白", "head": "GA016n0015_p0187a08"}, {"level": "3", "n": "", "type": "其他", "text": "翰林學士蘇易簡", "head": "GA016n0015_p0188a03"}, {"level": "3", "n": "", "type": "其他", "text": "峽路運使丁謂", "head": "GA016n0015_p0188a08"}, {"level": "3", "n": "", "type": "其他", "text": "兩浙運副使孫何", "head": "GA016n0015_p0189a05"}, {"level": "2", "n": "", "type": "其他", "text": "孫何白蓮堂記", "head": "GA016n0015_p0192a07"}, {"level": "2", "n": "", "type": "其他", "text": "王禹偁入社詩", "head": "GA016n0015_p0198a02"}, {"level": "2", "n": "", "type": "其他", "text": "放生社", "head": "GA016n0015_p0200a05"}, {"level": "3", "n": "", "type": "其他", "text": "概述", "head": "GA016n0015_p0200a05"}, {"level": "3", "n": "", "type": "其他", "text": "吳本泰：昭慶寺放生池碑記", "head": "GA016n0015_p0200a08"}, {"level": "3", "n": "", "type": "其他", "text": "馮洪業：放生池公案", "head": "GA016n0015_p0203a06"}, {"level": "3", "n": "", "type": "其他", "text": "黃鼎題", "head": "GA016n0015_p0205a02"}, {"level": "3", "n": "", "type": "其他", "text": "曹勲題", "head": "GA016n0015_p0205a09"}, {"level": "3", "n": "", "type": "其他", "text": "葛定遠題", "head": "GA016n0015_p0207a02"}, {"level": "3", "n": "", "type": "其他", "text": "施鳳來題", "head": "GA016n0015_p0208a02"}, {"level": "3", "n": "", "type": "其他", "text": "釋範圍：續法華社小引", "head": "GA016n0015_p0209a01"}, {"level": "2", "n": "", "type": "其他", "text": "諸願師圖贊", "head": "GA016n0015_p0209a09"}, {"level": "3", "n": "", "type": "其他", "text": "概述", "head": "GA016n0015_p0209a09"}, {"level": "3", "n": "", "type": "序", "text": "序", "head": "GA016n0015_p0209a10"}, {"level": "3", "n": "", "type": "其他", "text": "社主覺海大師", "head": "GA016n0015_p0210a07"}, {"level": "3", "n": "", "type": "其他", "text": "照圓觀師", "head": "GA016n0015_p0211a01"}, {"level": "3", "n": "", "type": "其他", "text": "慈陰琳師", "head": "GA016n0015_p0211a05"}, {"level": "3", "n": "", "type": "其他", "text": "修安行師", "head": "GA016n0015_p0211a09"}, {"level": "3", "n": "", "type": "其他", "text": "聖裔超師", "head": "GA016n0015_p0212a03"}, {"level": "3", "n": "", "type": "其他", "text": "如初行師", "head": "GA016n0015_p0212a07"}, {"level": "3", "n": "", "type": "其他", "text": "公朗鏡師", "head": "GA016n0015_p0213a01"}, {"level": "3", "n": "", "type": "其他", "text": "德含裕師", "head": "GA016n0015_p0213a05"}, {"level": "3", "n": "", "type": "其他", "text": "履素誰師", "head": "GA016n0015_p0213a09"}, {"level": "3", "n": "", "type": "其他", "text": "常惺恒師", "head": "GA016n0015_p0214a03"}, {"level": "3", "n": "", "type": "其他", "text": "唯一乘師", "head": "GA016n0015_p0214a07"}, {"level": "3", "n": "", "type": "其他", "text": "文則行師", "head": "GA016n0015_p0215a01"}, {"level": "3", "n": "", "type": "其他", "text": "存素乘師", "head": "GA016n0015_p0215a05"}, {"level": "3", "n": "", "type": "其他", "text": "三平恒師", "head": "GA016n0015_p0215a09"}, {"level": "3", "n": "", "type": "其他", "text": "省也漢師", "head": "GA016n0015_p0216a03"}, {"level": "3", "n": "", "type": "其他", "text": "飲光奕師", "head": "GA016n0015_p0216a07"}, {"level": "2", "n": "", "type": "其他", "text": "黃啟圻跋", "head": "GA016n0015_p0217a01"}, {"level": "2", "n": "", "type": "其他", "text": "吳本泰跋", "head": "GA016n0015_p0217a09"}, {"level": "1", "n": "", "type": "其他", "text": "戒律", "head": "GA016n0015_p0221a02"}, {"level": "2", "n": "", "type": "其他", "text": "概述", "head": "GA016n0015_p0221a03"}, {"level": "2", "n": "", "type": "其他", "text": "戒壇", "head": "GA016n0015_p0221a07"}, {"level": "3", "n": "", "type": "其他", "text": "概述", "head": "GA016n0015_p0221a07"}, {"level": "3", "n": "", "type": "其他", "text": "孫隆題壁", "head": "GA016n0015_p0225a08"}, {"level": "3", "n": "", "type": "序", "text": "馮洪業昭慶寺萬壽戒壇志略序", "head": "GA016n0015_p0227a05"}, {"level": "2", "n": "", "type": "其他", "text": "戒相", "head": "GA016n0015_p0230a01"}, {"level": "3", "n": "", "type": "其他", "text": "概述", "head": "GA016n0015_p0230a01"}, {"level": "3", "n": "", "type": "其他", "text": "三歸戒", "head": "GA016n0015_p0231a07"}, {"level": "3", "n": "", "type": "其他", "text": "五戒", "head": "GA016n0015_p0232a02"}, {"level": "3", "n": "", "type": "其他", "text": "八戒", "head": "GA016n0015_p0232a05"}, {"level": "3", "n": "", "type": "其他", "text": "十戒", "head": "GA016n0015_p0233a02"}, {"level": "3", "n": "", "type": "其他", "text": "三聚戒", "head": "GA016n0015_p0233a08"}, {"level": "3", "n": "", "type": "其他", "text": "具足戒", "head": "GA016n0015_p0234a05"}, {"level": "3", "n": "", "type": "其他", "text": "四十八輕垢罪戒", "head": "GA016n0015_p0235a05"}, {"level": "3", "n": "", "type": "其他", "text": "三衣", "head": "GA016n0015_p0237a04"}, {"level": "3", "n": "", "type": "其他", "text": "尼師壇", "head": "GA016n0015_p0237a07"}, {"level": "3", "n": "", "type": "其他", "text": "缽多羅", "head": "GA016n0015_p0237a08"}, {"level": "3", "n": "", "type": "其他", "text": "隙棄羅", "head": "GA016n0015_p0237a10"}, {"level": "3", "n": "", "type": "其他", "text": "漉水羅", "head": "GA016n0015_p0238a01"}, {"level": "2", "n": "", "type": "其他", "text": "傳律", "head": "GA016n0015_p0239a10"}, {"level": "3", "n": "", "type": "其他", "text": "優波離尊者", "head": "GA016n0015_p0239a10"}, {"level": "3", "n": "", "type": "其他", "text": "曇無德尊者　曇摩迦羅尊者", "head": "GA016n0015_p0240a02"}, {"level": "3", "n": "", "type": "其他", "text": "法聰律師　雲中道覆律師", "head": "GA016n0015_p0240a07"}, {"level": "3", "n": "", "type": "其他", "text": "大覺慧光律師　高齊道雲律師", "head": "GA016n0015_p0240a10"}, {"level": "3", "n": "", "type": "其他", "text": "智首律師", "head": "GA016n0015_p0241a02"}, {"level": "4", "n": "", "type": "其他", "text": "道宣律師", "head": "GA016n0015_p0241a05"}, {"level": "3", "n": "", "type": "其他", "text": "顏真卿撫州戒壇記", "head": "GA016n0015_p0242a08"}, {"level": "1", "n": "", "type": "其他", "text": "軌儀", "head": "GA016n0015_p0245a02"}, {"level": "2", "n": "", "type": "其他", "text": "概述", "head": "GA016n0015_p0245a03"}, {"level": "2", "n": "", "type": "其他", "text": "戒軌儀", "head": "GA016n0015_p0245a10"}, {"level": "3", "n": "", "type": "其他", "text": "概述", "head": "GA016n0015_p0245a10"}, {"level": "3", "n": "", "type": "其他", "text": "受戒", "head": "GA016n0015_p0246a06"}, {"level": "4", "n": "", "type": "其他", "text": "概述", "head": "GA016n0015_p0246a06"}, {"level": "4", "n": "", "type": "序", "text": "釋如蘭送昇上人游浙受戒昭慶序", "head": "GA016n0015_p0247a03"}, {"level": "4", "n": "", "type": "其他", "text": "釋方澤送南詢之昭慶受具詩", "head": "GA016n0015_p0249a01"}, {"level": "4", "n": "", "type": "其他", "text": "送施居士受戒昭慶詩", "head": "GA016n0015_p0249a03"}, {"level": "3", "n": "", "type": "其他", "text": "行童", "head": "GA016n0015_p0249a06"}, {"level": "4", "n": "", "type": "其他", "text": "概述", "head": "GA016n0015_p0249a06"}, {"level": "4", "n": "", "type": "序", "text": "釋成覺行童籍序", "head": "GA016n0015_p0249a07"}, {"level": "3", "n": "", "type": "其他", "text": "羯磨師　教授師　引禮師", "head": "GA016n0015_p0251a03"}, {"level": "3", "n": "", "type": "其他", "text": "十師", "head": "GA016n0015_p0252a04"}, {"level": "3", "n": "", "type": "其他", "text": "菩薩戒", "head": "GA016n0015_p0253a03"}, {"level": "3", "n": "", "type": "其他", "text": "同戒錄", "head": "GA016n0015_p0254a03"}, {"level": "4", "n": "", "type": "其他", "text": "概述", "head": "GA016n0015_p0254a03"}, {"level": "4", "n": "", "type": "序", "text": "宜潔宗師同戒錄序", "head": "GA016n0015_p0254a04"}, {"level": "4", "n": "", "type": "其他", "text": "尤侗戒錄題辭", "head": "GA016n0015_p0256a05"}, {"level": "3", "n": "", "type": "其他", "text": "戒牒", "head": "GA016n0015_p0257a05"}, {"level": "4", "n": "", "type": "其他", "text": "概述", "head": "GA016n0015_p0257a05"}, {"level": "4", "n": "", "type": "其他", "text": "護戒牒文", "head": "GA016n0015_p0257a06"}, {"level": "3", "n": "", "type": "其他", "text": "明戒牒", "head": "GA016n0015_p0261a02"}, {"level": "2", "n": "", "type": "其他", "text": "持律軌儀", "head": "GA016n0015_p0267a08"}, {"level": "1", "n": "", "type": "其他", "text": "僧伽上", "head": "GA016n0015_p0271a02"}, {"level": "2", "n": "", "type": "其他", "text": "概述", "head": "GA016n0015_p0271a03"}, {"level": "2", "n": "", "type": "其他", "text": "宗師", "head": "GA016n0015_p0272a03"}, {"level": "3", "n": "", "type": "其他", "text": "永智宗師", "head": "GA016n0015_p0272a03"}, {"level": "3", "n": "", "type": "其他", "text": "允堪宗師", "head": "GA016n0015_p0274a01"}, {"level": "4", "n": "", "type": "其他", "text": "概述", "head": "GA016n0015_p0274a01"}, {"level": "4", "n": "", "type": "其他", "text": "陳舜俞行業記", "head": "GA016n0015_p0274a03"}, {"level": "4", "n": "", "type": "其他", "text": "釋元復真悟律師贊", "head": "GA016n0015_p0275a04"}, {"level": "3", "n": "", "type": "其他", "text": "元照宗師", "head": "GA016n0015_p0275a07"}, {"level": "4", "n": "", "type": "其他", "text": "概述", "head": "GA016n0015_p0275a07"}, {"level": "4", "n": "", "type": "其他", "text": "楊傑贊", "head": "GA016n0015_p0277a07"}, {"level": "4", "n": "", "type": "其他", "text": "釋元復贊", "head": "GA016n0015_p0277a09"}, {"level": "4", "n": "", "type": "其他", "text": "釋元照白雲菴詩", "head": "GA016n0015_p0278a02"}, {"level": "3", "n": "", "type": "其他", "text": "惠宗師", "head": "GA016n0015_p0278a07"}, {"level": "3", "n": "", "type": "其他", "text": "果宗師", "head": "GA016n0015_p0279a04"}, {"level": "3", "n": "", "type": "其他", "text": "濡宗師", "head": "GA016n0015_p0279a06"}, {"level": "3", "n": "", "type": "其他", "text": "大惠宗師", "head": "GA016n0015_p0279a09"}, {"level": "3", "n": "", "type": "其他", "text": "慧皎宗師", "head": "GA016n0015_p0280a10"}, {"level": "3", "n": "", "type": "其他", "text": "慶雲宗師", "head": "GA016n0015_p0281a07"}, {"level": "3", "n": "", "type": "其他", "text": "智淳宗師", "head": "GA016n0015_p0282a02"}, {"level": "3", "n": "", "type": "其他", "text": "廣霌宗師", "head": "GA016n0015_p0283a04"}, {"level": "4", "n": "", "type": "其他", "text": "概述", "head": "GA016n0015_p0283a04"}, {"level": "4", "n": "", "type": "其他", "text": "田藝蘅昭慶寺訪翁子宿霌公蘭若詩", "head": "GA016n0015_p0283a08"}, {"level": "3", "n": "", "type": "其他", "text": "智瓚宗師", "head": "GA016n0015_p0284a04"}, {"level": "3", "n": "", "type": "其他", "text": "福雷宗師", "head": "GA016n0015_p0284a07"}, {"level": "3", "n": "", "type": "其他", "text": "成玉宗師", "head": "GA016n0015_p0284a10"}, {"level": "3", "n": "", "type": "其他", "text": "古心宗師", "head": "GA016n0015_p0285a05"}, {"level": "4", "n": "", "type": "其他", "text": "概述", "head": "GA016n0015_p0285a05"}, {"level": "4", "n": "", "type": "其他", "text": "宋神宗御贊", "head": "GA016n0015_p0287a04"}, {"level": "3", "n": "", "type": "其他", "text": "三昧宗師", "head": "GA016n0015_p0287a06"}, {"level": "3", "n": "", "type": "其他", "text": "定菴宗師", "head": "GA016n0015_p0288a09"}, {"level": "4", "n": "", "type": "其他", "text": "概述", "head": "GA016n0015_p0288a09"}, {"level": "4", "n": "", "type": "其他", "text": "釋理順請啟", "head": "GA016n0015_p0289a03"}, {"level": "3", "n": "", "type": "其他", "text": "宜潔宗師", "head": "GA016n0015_p0290a05"}, {"level": "4", "n": "", "type": "其他", "text": "概述", "head": "GA016n0015_p0290a05"}, {"level": "4", "n": "", "type": "其他", "text": "請宜潔宗師開壇書", "head": "GA016n0015_p0290a07"}, {"level": "4", "n": "", "type": "序", "text": "查慎行宜潔宗師臨壇序", "head": "GA016n0015_p0291a09"}, {"level": "4", "n": "", "type": "其他", "text": "釋隆樹宜潔宗傳", "head": "GA016n0015_p0293a06"}, {"level": "3", "n": "", "type": "其他", "text": "德先宗師　大聞宗師　澄如宗師", "head": "GA016n0015_p0295a02"}, {"level": "3", "n": "", "type": "其他", "text": "懷德宗師", "head": "GA016n0015_p0297a01"}, {"level": "2", "n": "", "type": "其他", "text": "闡法諸師", "head": "GA016n0015_p0299a03"}, {"level": "3", "n": "", "type": "其他", "text": "慈雲大師", "head": "GA016n0015_p0299a03"}, {"level": "4", "n": "", "type": "其他", "text": "概述", "head": "GA016n0015_p0299a03"}, {"level": "4", "n": "", "type": "其他", "text": "慈雲大師行業記", "head": "GA016n0015_p0299a08"}, {"level": "4", "n": "", "type": "其他", "text": "釋元復慈雲大贊", "head": "GA016n0015_p0301a05"}, {"level": "4", "n": "", "type": "其他", "text": "釋慈雲酬伉上人詩", "head": "GA016n0015_p0301a07"}, {"level": "4", "n": "", "type": "其他", "text": "釋慈雲贈智倫弟", "head": "GA016n0015_p0301a09"}, {"level": "4", "n": "", "type": "其他", "text": "寄劉處士", "head": "GA016n0015_p0302a02"}, {"level": "4", "n": "", "type": "其他", "text": "酬蘇屯田西湖韻", "head": "GA016n0015_p0302a04"}, {"level": "4", "n": "", "type": "其他", "text": "寄悟和尚", "head": "GA016n0015_p0302a06"}, {"level": "4", "n": "", "type": "其他", "text": "林逋和天竺慈雲大師", "head": "GA016n0015_p0302a10"}, {"level": "4", "n": "", "type": "其他", "text": "林逋送慈師北游", "head": "GA016n0015_p0303a02"}, {"level": "3", "n": "", "type": "其他", "text": "淨覺大師", "head": "GA016n0015_p0304a04"}, {"level": "3", "n": "", "type": "其他", "text": "承芳法師", "head": "GA016n0015_p0307a08"}, {"level": "3", "n": "", "type": "其他", "text": "介山法師", "head": "GA016n0015_p0309a03"}, {"level": "4", "n": "", "type": "其他", "text": "宋人中介山法師傳", "head": "GA016n0015_p0309a04"}, {"level": "4", "n": "", "type": "其他", "text": "釋介山贈塘棲大善寺賓嶽詩", "head": "GA016n0015_p0312a04"}, {"level": "4", "n": "", "type": "其他", "text": "曹學佺月朔聖果寺訪介山上人詩", "head": "GA016n0015_p0312a07"}, {"level": "4", "n": "", "type": "其他", "text": "釋真可圜中寄昭慶介公", "head": "GA016n0015_p0312a09"}, {"level": "4", "n": "", "type": "其他", "text": "釋廣印上介法師書", "head": "GA016n0015_p0313a06"}, {"level": "3", "n": "", "type": "其他", "text": "靈源法師", "head": "GA016n0015_p0315a02"}, {"level": "4", "n": "", "type": "其他", "text": "概述", "head": "GA016n0015_p0315a02"}, {"level": "4", "n": "", "type": "其他", "text": "吳本泰昭慶靈源禪師塔銘", "head": "GA016n0015_p0315a03"}, {"level": "3", "n": "", "type": "其他", "text": "覺海大師", "head": "GA016n0015_p0320a01"}, {"level": "4", "n": "", "type": "其他", "text": "概述", "head": "GA016n0015_p0320a01"}, {"level": "4", "n": "", "type": "其他", "text": "吳本泰覺海重構昭慶律寺戒壇記跋", "head": "GA016n0015_p0320a06"}, {"level": "3", "n": "", "type": "其他", "text": "千峯和尚", "head": "GA016n0015_p0321a06"}, {"level": "4", "n": "", "type": "其他", "text": "概述", "head": "GA016n0015_p0321a06"}, {"level": "4", "n": "", "type": "其他", "text": "盧元昌請千峰和尚啟", "head": "GA016n0015_p0321a09"}, {"level": "4", "n": "", "type": "其他", "text": "方禪師", "head": "GA016n0015_p0322a10"}, {"level": "2", "n": "", "type": "其他", "text": "行師", "head": "GA016n0015_p0323a07"}, {"level": "1", "n": "", "type": "其他", "text": "僧伽下", "head": "GA016n0015_p0325a02"}, {"level": "2", "n": "", "type": "其他", "text": "住持師", "head": "GA016n0015_p0325a03"}, {"level": "3", "n": "", "type": "其他", "text": "概述", "head": "GA016n0015_p0325a03"}, {"level": "3", "n": "", "type": "其他", "text": "普周", "head": "GA016n0015_p0326a04"}, {"level": "3", "n": "", "type": "其他", "text": "善寧　法訊", "head": "GA016n0015_p0326a09"}, {"level": "3", "n": "", "type": "其他", "text": "恩嵩　福蘭", "head": "GA016n0015_p0327a04"}, {"level": "3", "n": "", "type": "其他", "text": "普慎", "head": "GA016n0015_p0328a01"}, {"level": "3", "n": "", "type": "其他", "text": "若瞿", "head": "GA016n0015_p0328a08"}, {"level": "3", "n": "", "type": "其他", "text": "吉祥房", "head": "GA016n0015_p0329a01"}, {"level": "3", "n": "", "type": "其他", "text": "鹿苑山房", "head": "GA016n0015_p0329a04"}, {"level": "4", "n": "", "type": "其他", "text": "概述", "head": "GA016n0015_p0329a04"}, {"level": "4", "n": "", "type": "其他", "text": "釋理順偕文則師訪閒雲上人借昭慶紀事稿不遇留贈詩", "head": "GA016n0015_p0329a10"}, {"level": "3", "n": "", "type": "其他", "text": "功德林", "head": "GA016n0015_p0330a04"}, {"level": "3", "n": "", "type": "其他", "text": "長今房", "head": "GA016n0015_p0330a08"}, {"level": "3", "n": "", "type": "其他", "text": "見心樓", "head": "GA016n0015_p0330a10"}, {"level": "4", "n": "", "type": "其他", "text": "概述", "head": "GA016n0015_p0330a10"}, {"level": "4", "n": "", "type": "其他", "text": "程嘉燧五月一日雨中過東林軒惜別詩", "head": "GA016n0015_p0331a04"}, {"level": "3", "n": "", "type": "其他", "text": "宗律房", "head": "GA016n0015_p0331a08"}, {"level": "3", "n": "", "type": "其他", "text": "枝翠林", "head": "GA016n0015_p0332a01"}, {"level": "3", "n": "", "type": "其他", "text": "鹿野禪林", "head": "GA016n0015_p0332a04"}, {"level": "4", "n": "", "type": "其他", "text": "概述", "head": "GA016n0015_p0332a04"}, {"level": "4", "n": "", "type": "其他", "text": "申時行游西湖憩昭慶寺泛舟遇雨詩", "head": "GA016n0015_p0332a08"}, {"level": "4", "n": "", "type": "其他", "text": "朱隗西湖偶作", "head": "GA016n0015_p0333a09"}, {"level": "3", "n": "", "type": "其他", "text": "德勝禪林", "head": "GA016n0015_p0334a02"}, {"level": "4", "n": "", "type": "其他", "text": "概述", "head": "GA016n0015_p0334a02"}, {"level": "4", "n": "", "type": "序", "text": "釋方澤贈岳中山住持昭慶序", "head": "GA016n0015_p0334a05"}, {"level": "4", "n": "", "type": "其他", "text": "程嘉燧久留湖上昭慶慈受僧舍得牧翁歲暮見懷詩次韻", "head": "GA016n0015_p0338a02"}, {"level": "4", "n": "", "type": "其他", "text": "黃與堅雨夜宿西湖慈受院", "head": "GA016n0015_p0338a06"}, {"level": "4", "n": "", "type": "其他", "text": "張丹昭慶寺訪心涵上人", "head": "GA016n0015_p0338a09"}, {"level": "4", "n": "", "type": "其他", "text": "莫若愚竹閣雅集圖石刻", "head": "GA016n0015_p0339a03"}, {"level": "3", "n": "", "type": "其他", "text": "慈蔭房", "head": "GA016n0015_p0341a04"}, {"level": "4", "n": "", "type": "其他", "text": "概述", "head": "GA016n0015_p0341a04"}, {"level": "4", "n": "", "type": "序", "text": "釋宏道送徹自明上人住持昭慶詩序", "head": "GA016n0015_p0341a06"}, {"level": "3", "n": "", "type": "其他", "text": "慈濟房", "head": "GA016n0015_p0342a05"}, {"level": "3", "n": "", "type": "其他", "text": "古樸山房", "head": "GA016n0015_p0342a10"}, {"level": "4", "n": "", "type": "其他", "text": "概述", "head": "GA016n0015_p0342a10"}, {"level": "4", "n": "", "type": "其他", "text": "釋成覺寺樓晚坐詩", "head": "GA016n0015_p0343a10"}, {"level": "4", "n": "", "type": "其他", "text": "釋成覺山房病起", "head": "GA016n0015_p0344a03"}, {"level": "4", "n": "", "type": "其他", "text": "錢謙益西湖雜感詩", "head": "GA016n0015_p0344a07"}, {"level": "4", "n": "", "type": "其他", "text": "陳繼儒雨後寓昭慶寺懷陸伯承倚醉樓寫畫見意", "head": "GA016n0015_p0344a10"}, {"level": "4", "n": "", "type": "其他", "text": "徐倬題湖寓", "head": "GA016n0015_p0345a03"}, {"level": "4", "n": "", "type": "其他", "text": "示元正寓湖", "head": "GA016n0015_p0345a06"}, {"level": "4", "n": "", "type": "其他", "text": "徐元正題寓壁", "head": "GA016n0015_p0345a08"}, {"level": "4", "n": "", "type": "其他", "text": "錢千秋募淨持閣塑佛像疏", "head": "GA016n0015_p0346a03"}, {"level": "4", "n": "", "type": "其他", "text": "方孝標為幼律沙彌募衣缽引", "head": "GA016n0015_p0347a02"}, {"level": "4", "n": "", "type": "其他", "text": "望立道人成木贈漚住上人詩", "head": "GA016n0015_p0348a03"}, {"level": "4", "n": "", "type": "其他", "text": "釋嶇潭題漚住存師書畫帙後", "head": "GA016n0015_p0349a05"}, {"level": "4", "n": "", "type": "其他", "text": "李丹衷題漚住畫冊", "head": "GA016n0015_p0350a02"}, {"level": "4", "n": "", "type": "其他", "text": "徐倬勸修古樸山房記", "head": "GA016n0015_p0351a03"}, {"level": "3", "n": "", "type": "其他", "text": "天香精舍", "head": "GA016n0015_p0353a04"}, {"level": "3", "n": "", "type": "其他", "text": "永福院", "head": "GA016n0015_p0354a08"}, {"level": "3", "n": "", "type": "其他", "text": "東竹院", "head": "GA016n0015_p0354a10"}, {"level": "4", "n": "", "type": "其他", "text": "概述", "head": "GA016n0015_p0354a10"}, {"level": "4", "n": "", "type": "其他", "text": "金學曾閱藏安期疏", "head": "GA016n0015_p0355a08"}, {"level": "4", "n": "", "type": "其他", "text": "釋德清寄嵩雲藏主詩", "head": "GA016n0015_p0357a02"}, {"level": "3", "n": "", "type": "其他", "text": "鯨音房", "head": "GA016n0015_p0357a04"}, {"level": "3", "n": "", "type": "其他", "text": "慈照山房", "head": "GA016n0015_p0357a07"}, {"level": "3", "n": "", "type": "其他", "text": "三生房", "head": "GA016n0015_p0357a09"}, {"level": "4", "n": "", "type": "其他", "text": "概述", "head": "GA016n0015_p0357a09"}, {"level": "4", "n": "", "type": "其他", "text": "範行秋日登寶石山詩", "head": "GA016n0015_p0358a09"}, {"level": "4", "n": "", "type": "其他", "text": "李仲華三生來書壁", "head": "GA016n0015_p0359a06"}, {"level": "4", "n": "", "type": "其他", "text": "戴灝宿僧院", "head": "GA016n0015_p0359a09"}, {"level": "4", "n": "", "type": "其他", "text": "李肇亨西泠寓室", "head": "GA016n0015_p0360a01"}, {"level": "4", "n": "", "type": "序", "text": "朱國禎請宇菴筠長老住持家山疏并序", "head": "GA016n0015_p0360a04"}, {"level": "4", "n": "", "type": "序", "text": "黃承乾贈湛如蔭上人補昭慶住持序", "head": "GA016n0015_p0362a02"}, {"level": "4", "n": "", "type": "序", "text": "駱駸曾贈仁宇上人住持本山序", "head": "GA016n0015_p0364a03"}, {"level": "3", "n": "", "type": "其他", "text": "本瑞山房", "head": "GA016n0015_p0367a09"}, {"level": "3", "n": "", "type": "其他", "text": "雨華閣", "head": "GA016n0015_p0368a02"}, {"level": "3", "n": "", "type": "其他", "text": "益善齋", "head": "GA016n0015_p0368a05"}, {"level": "3", "n": "", "type": "其他", "text": "東震房", "head": "GA016n0015_p0368a07"}, {"level": "3", "n": "", "type": "其他", "text": "西來房", "head": "GA016n0015_p0368a10"}, {"level": "3", "n": "", "type": "其他", "text": "東京房", "head": "GA016n0015_p0369a02"}, {"level": "4", "n": "", "type": "其他", "text": "概述", "head": "GA016n0015_p0369a02"}, {"level": "4", "n": "", "type": "序", "text": "馮夢禎送昭慶寺楚林葦舟二上人住持入院序", "head": "GA016n0015_p0369a09"}, {"level": "3", "n": "", "type": "其他", "text": "最勝林", "head": "GA016n0015_p0371a09"}, {"level": "3", "n": "", "type": "其他", "text": "覺勝林", "head": "GA016n0015_p0372a02"}, {"level": "3", "n": "", "type": "其他", "text": "永勝林", "head": "GA016n0015_p0372a06"}, {"level": "3", "n": "", "type": "其他", "text": "慈忍堂", "head": "GA016n0015_p0372a08"}, {"level": "4", "n": "", "type": "其他", "text": "概述", "head": "GA016n0015_p0372a08"}, {"level": "4", "n": "", "type": "其他", "text": "何璧西湖尋曹能始詩", "head": "GA016n0015_p0373a04"}, {"level": "3", "n": "", "type": "其他", "text": "紫竹林", "head": "GA016n0015_p0373a08"}, {"level": "3", "n": "", "type": "其他", "text": "祇樹林", "head": "GA016n0015_p0373a10"}, {"level": "3", "n": "", "type": "其他", "text": "法雲樓", "head": "GA016n0015_p0374a04"}, {"level": "3", "n": "", "type": "其他", "text": "勝蓮堂", "head": "GA016n0015_p0374a09"}, {"level": "3", "n": "", "type": "其他", "text": "西隱房", "head": "GA016n0015_p0375a03"}, {"level": "3", "n": "", "type": "其他", "text": "冠西房", "head": "GA016n0015_p0375a05"}, {"level": "4", "n": "", "type": "其他", "text": "概述", "head": "GA016n0015_p0375a05"}, {"level": "4", "n": "", "type": "其他", "text": "荊茂贈吉菴迪上人詩", "head": "GA016n0015_p0376a03"}, {"level": "4", "n": "", "type": "其他", "text": "錢卓菴贈南渠上人", "head": "GA016n0015_p0377a02"}, {"level": "4", "n": "", "type": "其他", "text": "溫體仁贈楚溟上人", "head": "GA016n0015_p0377a05"}, {"level": "4", "n": "", "type": "其他", "text": "董斯張養痾昭慶寺答忞公見懷", "head": "GA016n0015_p0377a07"}, {"level": "4", "n": "", "type": "其他", "text": "沈自然寄居湖上僧樓", "head": "GA016n0015_p0378a02"}, {"level": "4", "n": "", "type": "其他", "text": "陸奎勳寓昭慶止觀堂", "head": "GA016n0015_p0378a04"}, {"level": "4", "n": "", "type": "其他", "text": "查慎行昭慶寺僧樓同年佟淵若學士見訪", "head": "GA016n0015_p0378a07"}, {"level": "4", "n": "", "type": "其他", "text": "厲鶚贈茅湘客七十時寓湖上昭慶寺", "head": "GA016n0015_p0378a09"}, {"level": "4", "n": "", "type": "其他", "text": "厲鶚同紆齋龍威登寶石山麓望湖復集昭慶寺僧房分賦", "head": "GA016n0015_p0379a03"}, {"level": "4", "n": "", "type": "序", "text": "董穀贈福恩別號雲谷序", "head": "GA016n0015_p0379a10"}, {"level": "3", "n": "", "type": "其他", "text": "三宿堂", "head": "GA016n0015_p0381a06"}, {"level": "3", "n": "", "type": "其他", "text": "慶雲房", "head": "GA016n0015_p0381a08"}, {"level": "4", "n": "", "type": "其他", "text": "概述", "head": "GA016n0015_p0381a08"}, {"level": "4", "n": "", "type": "其他", "text": "吳穎芳西湖慶雲僧舍訪胡太史石田詩", "head": "GA016n0015_p0381a10"}, {"level": "3", "n": "", "type": "其他", "text": "福成房", "head": "GA016n0015_p0382a04"}, {"level": "4", "n": "", "type": "其他", "text": "概述", "head": "GA016n0015_p0382a04"}, {"level": "4", "n": "", "type": "其他", "text": "陳熙昌場事竣同湯齊賢吳全甫蔣韶賓樊亢宗集香雨軒詩", "head": "GA016n0015_p0382a10"}, {"level": "1", "n": "", "type": "其他", "text": "游集", "head": "GA016n0015_p0387a02"}, {"level": "2", "n": "", "type": "序", "text": "序", "head": "GA016n0015_p0387a03"}, {"level": "2", "n": "", "type": "其他", "text": "陳堯佐：游湖上昭慶寺詩", "head": "GA016n0015_p0388a01"}, {"level": "2", "n": "", "type": "其他", "text": "裴極：昭慶寺", "head": "GA016n0015_p0388a05"}, {"level": "2", "n": "", "type": "其他", "text": "張時澈：昭慶寺", "head": "GA016n0015_p0388a08"}, {"level": "2", "n": "", "type": "其他", "text": "王渙：昭慶寺看芍藥", "head": "GA016n0015_p0389a02"}, {"level": "2", "n": "", "type": "其他", "text": "田蓻蘅：曉晴過昭慶寺登寶石山眺天然圖畫閣", "head": "GA016n0015_p0389a06"}, {"level": "2", "n": "", "type": "其他", "text": "又：孟夏望日運同楊彥初招飲昭慶寺月下即席", "head": "GA016n0015_p0389a10"}, {"level": "2", "n": "", "type": "其他", "text": "須之彥：宿昭慶寺", "head": "GA016n0015_p0390a04"}, {"level": "2", "n": "", "type": "其他", "text": "陳永年：客昭慶寺", "head": "GA016n0015_p0390a08"}, {"level": "2", "n": "", "type": "其他", "text": "魯史：昭慶寺月夜聞鐘", "head": "GA016n0015_p0391a01"}, {"level": "2", "n": "", "type": "其他", "text": "沈謐：秋日昭慶寺次韻", "head": "GA016n0015_p0391a05"}, {"level": "2", "n": "", "type": "其他", "text": "章詔：昭慶寺", "head": "GA016n0015_p0391a10"}, {"level": "2", "n": "", "type": "其他", "text": "又：兩廊僧鋪", "head": "GA016n0015_p0392a03"}, {"level": "2", "n": "", "type": "其他", "text": "潘之恆：昭慶寺", "head": "GA016n0015_p0392a06"}, {"level": "2", "n": "", "type": "其他", "text": "彭紹賢：宿昭慶寺", "head": "GA016n0015_p0393a02"}, {"level": "2", "n": "", "type": "其他", "text": "畢懋良：宿昭慶方丈題壁", "head": "GA016n0015_p0393a06"}, {"level": "2", "n": "", "type": "其他", "text": "錢寬：昭慶寺講會示諸生", "head": "GA016n0015_p0393a09"}, {"level": "2", "n": "", "type": "其他", "text": "譚元春：泊隄夜至昭慶寺", "head": "GA016n0015_p0394a03"}, {"level": "2", "n": "", "type": "其他", "text": "釋法聚：西湖昭慶寺答金太史璐見寄", "head": "GA016n0015_p0394a07"}, {"level": "2", "n": "", "type": "其他", "text": "釋真可：過昭慶寺", "head": "GA016n0015_p0395a01"}, {"level": "2", "n": "", "type": "其他", "text": "張丹：十九日黃大宗擬登初陽臺，修展重陽故事。因雨阻，集昭慶寺", "head": "GA016n0015_p0395a04"}, {"level": "2", "n": "", "type": "其他", "text": "又：喜毛穉黃同門人朱南岡送余泛舟昭慶寺", "head": "GA016n0015_p0395a09"}, {"level": "2", "n": "", "type": "其他", "text": "朱廷璋：昭慶寺集唐人句", "head": "GA016n0015_p0396a03"}, {"level": "2", "n": "", "type": "其他", "text": "毛奇齡：西湖．竹枝詞", "head": "GA016n0015_p0396a07"}, {"level": "2", "n": "", "type": "其他", "text": "魏之琇：西湖大昭慶寺", "head": "GA016n0015_p0396a10"}, {"level": "2", "n": "", "type": "其他", "text": "西湖詩社游集", "head": "GA016n0015_p0397a04"}, {"level": "2", "n": "", "type": "其他", "text": "詩客游寓", "head": "GA016n0015_p0397a09"}, {"level": "2", "n": "", "type": "其他", "text": "香市會集", "head": "GA016n0015_p0398a03"}]