[{"n": "1", "fun": "open", "head": "GA031n0032_p0063a01"}, {"n": "1", "fun": "close", "head": "GA031n0032_p0140a09"}, {"n": "2", "fun": "open", "head": "GA031n0032_p0145a01"}, {"n": "2", "fun": "close", "head": "GA031n0032_p0206a09"}, {"n": "3", "fun": "open", "head": "GA031n0032_p0219a01"}, {"n": "3", "fun": "close", "head": "GA031n0032_p0344a09"}, {"n": "4", "fun": "open", "head": "GA031n0032_p0349a01"}, {"n": "4", "fun": "close", "head": "GA031n0032_p0420a09"}, {"n": "5", "fun": "open", "head": "GA031n0032_p0425a01"}, {"n": "5", "fun": "close", "head": "GA031n0032_p0523a09"}]