[{"n": "1", "fun": "open", "head": "GA031n0032_p0063a01", "title": "徑山志卷之一"}, {"n": "1", "fun": "close", "head": "GA031n0032_p0140a09", "title": "徑山志卷之一終"}, {"n": "2", "fun": "open", "head": "GA031n0032_p0145a01", "title": "徑山志卷之二"}, {"n": "2", "fun": "close", "head": "GA031n0032_p0206a09", "title": "徑山志卷之二終"}, {"n": "3", "fun": "open", "head": "GA031n0032_p0219a01", "title": "徑山志卷之三"}, {"n": "3", "fun": "close", "head": "GA031n0032_p0344a09", "title": "卷三終"}, {"n": "4", "fun": "open", "head": "GA031n0032_p0349a01", "title": "徑山志卷之四"}, {"n": "4", "fun": "close", "head": "GA031n0032_p0420a09", "title": "徑山志卷之四"}, {"n": "5", "fun": "open", "head": "GA031n0032_p0425a01", "title": "徑山志卷之五"}, {"n": "5", "fun": "close", "head": "GA031n0032_p0523a09", "title": "徑山志卷之五終"}]