[{"level": "1", "n": "", "type": "其他", "text": "第三十七章　六王章", "head": "N66n0034_p0001a01"}, {"level": "1", "n": "", "type": "其他", "text": "第三十八章　十王章", "head": "N66n0034_p0015a04"}, {"level": "1", "n": "", "type": "其他", "text": "第三十九章　二王章", "head": "N66n0034_p0023a11"}, {"level": "1", "n": "", "type": "其他", "text": "第四十章　〔缺〕", "head": "N66n0034_p0028a10"}, {"level": "1", "n": "", "type": "其他", "text": "第四十一章　八王章", "head": "N66n0034_p0028a12"}, {"level": "1", "n": "", "type": "其他", "text": "第四十二章　二王章", "head": "N66n0034_p0037a01"}, {"level": "1", "n": "", "type": "其他", "text": "第四十三章　〔缺〕", "head": "N66n0034_p0042a08"}, {"level": "1", "n": "", "type": "其他", "text": "第四十四章　六王章", "head": "N66n0034_p0042a10"}, {"level": "1", "n": "", "type": "其他", "text": "第四十五章　四王章", "head": "N66n0034_p0053a06"}, {"level": "1", "n": "", "type": "其他", "text": "第四十六章　三王章", "head": "N66n0034_p0059a10"}, {"level": "1", "n": "", "type": "其他", "text": "第四十七章　〔失題〕", "head": "N66n0034_p0063a06"}, {"level": "1", "n": "", "type": "其他", "text": "第四十八章　六王章", "head": "N66n0034_p0068a03"}, {"level": "1", "n": "", "type": "其他", "text": "第四十九章　五王章", "head": "N66n0034_p0080a06"}, {"level": "1", "n": "", "type": "其他", "text": "第五十章　一王章", "head": "N66n0034_p0087a09"}, {"level": "1", "n": "", "type": "其他", "text": "第五十一章　二王章", "head": "N66n0034_p0094a01"}, {"level": "1", "n": "", "type": "其他", "text": "第五十二章　二王章", "head": "N66n0034_p0104a03"}, {"level": "1", "n": "", "type": "其他", "text": "第五十三章　五王章", "head": "N66n0034_p0110a10"}, {"level": "1", "n": "", "type": "其他", "text": "第五十四章　三王章", "head": "N66n0034_p0114a10"}, {"level": "1", "n": "", "type": "其他", "text": "第五十五章　劫掠楞伽島", "head": "N66n0034_p0120a03"}, {"level": "1", "n": "", "type": "其他", "text": "第五十六章　六王章", "head": "N66n0034_p0122a12"}, {"level": "1", "n": "", "type": "其他", "text": "第五十七章　征服魯哈那之敵", "head": "N66n0034_p0124a10"}, {"level": "1", "n": "", "type": "其他", "text": "第五十八章　向阿努羅達普羅進軍", "head": "N66n0034_p0130a07"}, {"level": "1", "n": "", "type": "其他", "text": "第五十九章　愛護之行政", "head": "N66n0034_p0134a07"}, {"level": "1", "n": "", "type": "其他", "text": "第六十章　世間與教之愛護行政", "head": "N66n0034_p0138a10"}, {"level": "1", "n": "", "type": "其他", "text": "第六十一章　四王行狀次第", "head": "N66n0034_p0145a08"}, {"level": "1", "n": "", "type": "其他", "text": "第六十二章　王子誕生", "head": "N66n0034_p0151a01"}, {"level": "1", "n": "", "type": "其他", "text": "第六十三章　桑伽多利上京", "head": "N66n0034_p0156a07"}, {"level": "1", "n": "", "type": "其他", "text": "第六十四章　向他州出遊", "head": "N66n0034_p0160a06"}, {"level": "1", "n": "", "type": "其他", "text": "第六十五章　將軍殺戮", "head": "N66n0034_p0165a09"}, {"level": "1", "n": "", "type": "其他", "text": "第六十六章　他州事情觀察", "head": "N66n0034_p0169a01"}, {"level": "1", "n": "", "type": "其他", "text": "第六十七章　大阿提普達〔官〕之祝祭", "head": "N66n0034_p0179a10"}, {"level": "1", "n": "", "type": "其他", "text": "第六十八章　自國繁榮之行政", "head": "N66n0034_p0186a09"}, {"level": "1", "n": "", "type": "其他", "text": "第六十九章　軍備資財之蓄積", "head": "N66n0034_p0191a01"}, {"level": "1", "n": "", "type": "其他", "text": "第七十章　王權附還", "head": "N66n0034_p0193a11"}, {"level": "1", "n": "", "type": "其他", "text": "第七十一章　〔失題〕", "head": "N66n0034_p0216a08"}, {"level": "1", "n": "", "type": "其他", "text": "第七十二章　灌頂祭次第", "head": "N66n0034_p0218a12"}, {"level": "1", "n": "", "type": "其他", "text": "第七十三章　普羅提普羅修理之次第", "head": "N66n0034_p0241a02"}, {"level": "1", "n": "", "type": "其他", "text": "第七十四章　齒舍利祭次第", "head": "N66n0034_p0253a08"}, {"level": "1", "n": "", "type": "其他", "text": "第七五章　魯哈那州之征服", "head": "N66n0034_p0272a01"}, {"level": "1", "n": "", "type": "其他", "text": "第七十六章　羅至那普羅之攻略次第", "head": "N66n0034_p0285a10"}, {"level": "1", "n": "", "type": "其他", "text": "第七十七章　於般睹國之勝利", "head": "N66n0034_p0311a01"}, {"level": "1", "n": "", "type": "其他", "text": "第七十八章　令建立精舍", "head": "N66n0034_p0320a01"}, {"level": "1", "n": "", "type": "其他", "text": "第七十九章　築造其他之林園", "head": "N66n0034_p0328a11"}, {"level": "1", "n": "", "type": "其他", "text": "第八十章　十六王章", "head": "N66n0034_p0335a09"}, {"level": "1", "n": "", "type": "其他", "text": "第八十一章　一王章", "head": "N66n0034_p0342a06"}, {"level": "1", "n": "", "type": "其他", "text": "第八十二章　齒舍利尊神變示現", "head": "N66n0034_p0348a02"}, {"level": "1", "n": "", "type": "其他", "text": "第八十三章　敵王克服次第", "head": "N66n0034_p0352a04"}, {"level": "1", "n": "", "type": "其他", "text": "第八十四章　於教行奉事", "head": "N66n0034_p0356a04"}, {"level": "1", "n": "", "type": "其他", "text": "第八十五章　行種種之善事", "head": "N66n0034_p0359a09"}, {"level": "1", "n": "", "type": "其他", "text": "第八十六章　行起種種之善事", "head": "N66n0034_p0367a10"}, {"level": "1", "n": "", "type": "其他", "text": "第八十七章　讓王事之荷負", "head": "N66n0034_p0371a12"}, {"level": "1", "n": "", "type": "其他", "text": "第八十八章　建設普羅茲提城", "head": "N66n0034_p0377a01"}, {"level": "1", "n": "", "type": "其他", "text": "第八十九章　灌頂祝典說明", "head": "N66n0034_p0385a07"}, {"level": "1", "n": "", "type": "其他", "text": "第九十章　奇奢那耶婆夫人以下八王", "head": "N66n0034_p0390a07"}, {"level": "1", "n": "", "type": "其他", "text": "第九十一章　婆羅茲加瑪普奢等四王", "head": "N66n0034_p0399a01"}, {"level": "1", "n": "", "type": "其他", "text": "第九十二章　奢耶婆夫等七王", "head": "N66n0034_p0402a10"}, {"level": "1", "n": "", "type": "其他", "text": "第九十三章　瑪耶達奴等二王", "head": "N66n0034_p0405a07"}, {"level": "1", "n": "", "type": "其他", "text": "第九十四章　單瑪羅奢王", "head": "N66n0034_p0407a01"}, {"level": "1", "n": "", "type": "其他", "text": "第九十五章　勢那羅達那王", "head": "N66n0034_p0409a04"}, {"level": "1", "n": "", "type": "其他", "text": "第九十六章　羅普奢西哈王", "head": "N66n0034_p0411a08"}, {"level": "1", "n": "", "type": "其他", "text": "第九十七章　奇瑪羅單瑪等二王", "head": "N66n0034_p0415a02"}, {"level": "1", "n": "", "type": "其他", "text": "第九十八章　西利奇奢耶羅奢西哈王", "head": "N66n0034_p0421a03"}, {"level": "1", "n": "", "type": "其他", "text": "第九十九章　即位祝事等", "head": "N66n0034_p0428a01"}, {"level": "1", "n": "", "type": "其他", "text": "第一百章　奇提西利羅奢西哈王", "head": "N66n0034_p0442a01"}, {"level": "1", "n": "", "type": "其他", "text": "第一百零一章　未完", "head": "N66n0034_p0461a02"}]