[{"level": "1", "n": "", "type": "其他", "text": "論三", "head": "N56n0029_p0001a01"}, {"level": "2", "n": "", "type": "其他", "text": "順發趣三", "head": "N56n0029_p0001a01"}, {"level": "3", "n": "", "type": "其他", "text": "順三法發趣三", "head": "N56n0029_p0001a01"}, {"level": "4", "n": "", "type": "其他", "text": "第九　見所斷因三法", "head": "N56n0029_p0001a01"}, {"level": "5", "n": "", "type": "其他", "text": "第一章　相緣分", "head": "N56n0029_p0001a03"}, {"level": "6", "n": "", "type": "其他", "text": "第一節　順", "head": "N56n0029_p0001a05"}, {"level": "6", "n": "", "type": "其他", "text": "第二節　逆", "head": "N56n0029_p0008a02"}, {"level": "6", "n": "", "type": "其他", "text": "第三節　順逆", "head": "N56n0029_p0014a08"}, {"level": "6", "n": "", "type": "其他", "text": "第四節　逆順", "head": "N56n0029_p0014a12"}, {"level": "5", "n": "", "type": "其他", "text": "第二章　俱生分", "head": "N56n0029_p0015a03"}, {"level": "5", "n": "", "type": "其他", "text": "第三章　緣依分", "head": "N56n0029_p0015a06"}, {"level": "6", "n": "", "type": "其他", "text": "第一節　順", "head": "N56n0029_p0015a08"}, {"level": "6", "n": "", "type": "其他", "text": "第二節　逆", "head": "N56n0029_p0025a08"}, {"level": "6", "n": "", "type": "其他", "text": "第三節　順逆", "head": "N56n0029_p0029a13"}, {"level": "6", "n": "", "type": "其他", "text": "第四節　逆順", "head": "N56n0029_p0030a04"}, {"level": "5", "n": "", "type": "其他", "text": "第四章　依止分", "head": "N56n0029_p0030a09"}, {"level": "5", "n": "", "type": "其他", "text": "第五章　相雜分", "head": "N56n0029_p0030a12"}, {"level": "6", "n": "", "type": "其他", "text": "第一節　順", "head": "N56n0029_p0030a14"}, {"level": "6", "n": "", "type": "其他", "text": "第二節　逆", "head": "N56n0029_p0033a13"}, {"level": "6", "n": "", "type": "其他", "text": "第三節　順逆", "head": "N56n0029_p0034a10"}, {"level": "6", "n": "", "type": "其他", "text": "第四節　逆順", "head": "N56n0029_p0034a13"}, {"level": "5", "n": "", "type": "其他", "text": "第六章　相應分", "head": "N56n0029_p0035a04"}, {"level": "5", "n": "", "type": "其他", "text": "第七章　問分", "head": "N56n0029_p0035a07"}, {"level": "6", "n": "", "type": "其他", "text": "第一節　順", "head": "N56n0029_p0035a09"}, {"level": "6", "n": "", "type": "其他", "text": "第二節　逆", "head": "N56n0029_p0057a11"}, {"level": "6", "n": "", "type": "其他", "text": "第三節　順逆", "head": "N56n0029_p0061a04"}, {"level": "6", "n": "", "type": "其他", "text": "第四節　逆順", "head": "N56n0029_p0061a09"}, {"level": "4", "n": "", "type": "其他", "text": "第十　積集趣三法", "head": "N56n0029_p0062a01"}, {"level": "5", "n": "", "type": "其他", "text": "第一章　相緣分", "head": "N56n0029_p0062a04"}, {"level": "6", "n": "", "type": "其他", "text": "第一節　順", "head": "N56n0029_p0062a06"}, {"level": "6", "n": "", "type": "其他", "text": "第二節　逆", "head": "N56n0029_p0065a09"}, {"level": "6", "n": "", "type": "其他", "text": "第三節　順逆", "head": "N56n0029_p0068a13"}, {"level": "6", "n": "", "type": "其他", "text": "第四節　逆順", "head": "N56n0029_p0069a04"}, {"level": "5", "n": "", "type": "其他", "text": "第二章　俱生分", "head": "N56n0029_p0069a12"}, {"level": "5", "n": "", "type": "其他", "text": "第三章　緣依分", "head": "N56n0029_p0070a01"}, {"level": "6", "n": "", "type": "其他", "text": "第一節　順", "head": "N56n0029_p0070a03"}, {"level": "6", "n": "", "type": "其他", "text": "第二節　逆", "head": "N56n0029_p0073a10"}, {"level": "6", "n": "", "type": "其他", "text": "第三節　順逆", "head": "N56n0029_p0078a14"}, {"level": "6", "n": "", "type": "其他", "text": "第四節　逆順", "head": "N56n0029_p0079a05"}, {"level": "5", "n": "", "type": "其他", "text": "第四章　依止分", "head": "N56n0029_p0079a11"}, {"level": "5", "n": "", "type": "其他", "text": "第五章　相雜分", "head": "N56n0029_p0080a01"}, {"level": "6", "n": "", "type": "其他", "text": "第一節　順", "head": "N56n0029_p0080a03"}, {"level": "6", "n": "", "type": "其他", "text": "第二節　逆", "head": "N56n0029_p0081a02"}, {"level": "6", "n": "", "type": "其他", "text": "第三節　順逆", "head": "N56n0029_p0082a01"}, {"level": "6", "n": "", "type": "其他", "text": "第四節　逆順", "head": "N56n0029_p0082a04"}, {"level": "5", "n": "", "type": "其他", "text": "第六章　相應分", "head": "N56n0029_p0082a10"}, {"level": "5", "n": "", "type": "其他", "text": "第七章　問分", "head": "N56n0029_p0083a01"}, {"level": "6", "n": "", "type": "其他", "text": "第一節　順", "head": "N56n0029_p0083a03"}, {"level": "6", "n": "", "type": "其他", "text": "第二節　逆", "head": "N56n0029_p0099a02"}, {"level": "6", "n": "", "type": "其他", "text": "第三節　順逆", "head": "N56n0029_p0101a01"}, {"level": "6", "n": "", "type": "其他", "text": "第四節　逆順", "head": "N56n0029_p0101a06"}, {"level": "4", "n": "", "type": "其他", "text": "第十一　有學三法", "head": "N56n0029_p0102a01"}, {"level": "5", "n": "", "type": "其他", "text": "第一章　相緣分", "head": "N56n0029_p0102a04"}, {"level": "6", "n": "", "type": "其他", "text": "第一節　順", "head": "N56n0029_p0102a06"}, {"level": "6", "n": "", "type": "其他", "text": "第二節　逆", "head": "N56n0029_p0104a13"}, {"level": "6", "n": "", "type": "其他", "text": "第三節　順逆", "head": "N56n0029_p0108a05"}, {"level": "6", "n": "", "type": "其他", "text": "第四節　逆順", "head": "N56n0029_p0108a10"}, {"level": "5", "n": "", "type": "其他", "text": "第二章　俱生分", "head": "N56n0029_p0109a01"}, {"level": "5", "n": "", "type": "其他", "text": "第三章　緣依分", "head": "N56n0029_p0109a05"}, {"level": "6", "n": "", "type": "其他", "text": "第一節　順", "head": "N56n0029_p0109a07"}, {"level": "6", "n": "", "type": "其他", "text": "第二節　逆", "head": "N56n0029_p0112a05"}, {"level": "6", "n": "", "type": "其他", "text": "第三節　順逆", "head": "N56n0029_p0114a10"}, {"level": "6", "n": "", "type": "其他", "text": "第四節　逆順", "head": "N56n0029_p0114a14"}, {"level": "5", "n": "", "type": "其他", "text": "第四章　依止分", "head": "N56n0029_p0115a04"}, {"level": "5", "n": "", "type": "其他", "text": "第五章　相雜分", "head": "N56n0029_p0115a08"}, {"level": "6", "n": "", "type": "其他", "text": "第一節　順", "head": "N56n0029_p0115a10"}, {"level": "6", "n": "", "type": "其他", "text": "第二節　逆", "head": "N56n0029_p0116a05"}, {"level": "6", "n": "", "type": "其他", "text": "第三節　順逆", "head": "N56n0029_p0117a03"}, {"level": "6", "n": "", "type": "其他", "text": "第四節　逆順", "head": "N56n0029_p0117a07"}, {"level": "5", "n": "", "type": "其他", "text": "第六章　相應分", "head": "N56n0029_p0117a12"}, {"level": "5", "n": "", "type": "其他", "text": "第七章　問分", "head": "N56n0029_p0118a01"}, {"level": "6", "n": "", "type": "其他", "text": "第一節　順", "head": "N56n0029_p0118a03"}, {"level": "6", "n": "", "type": "其他", "text": "第二節　逆", "head": "N56n0029_p0131a08"}, {"level": "6", "n": "", "type": "其他", "text": "第三節　順逆", "head": "N56n0029_p0133a04"}, {"level": "6", "n": "", "type": "其他", "text": "第四節　逆順", "head": "N56n0029_p0133a09"}, {"level": "4", "n": "", "type": "其他", "text": "第十二　小三法", "head": "N56n0029_p0134a01"}, {"level": "5", "n": "", "type": "其他", "text": "第一章　相緣分", "head": "N56n0029_p0134a04"}, {"level": "6", "n": "", "type": "其他", "text": "第一節　順", "head": "N56n0029_p0134a06"}, {"level": "6", "n": "", "type": "其他", "text": "第二節　逆", "head": "N56n0029_p0137a11"}, {"level": "6", "n": "", "type": "其他", "text": "第三節　順逆", "head": "N56n0029_p0144a12"}, {"level": "6", "n": "", "type": "其他", "text": "第四節　逆順", "head": "N56n0029_p0145a03"}, {"level": "5", "n": "", "type": "其他", "text": "第二章　俱生分", "head": "N56n0029_p0145a06"}, {"level": "5", "n": "", "type": "其他", "text": "第三章　緣依分", "head": "N56n0029_p0145a10"}, {"level": "6", "n": "", "type": "其他", "text": "第一節　順", "head": "N56n0029_p0145a11"}, {"level": "6", "n": "", "type": "其他", "text": "第二節　逆", "head": "N56n0029_p0147a09"}, {"level": "6", "n": "", "type": "其他", "text": "第三節　順逆", "head": "N56n0029_p0150a04"}, {"level": "6", "n": "", "type": "其他", "text": "第四節　逆順", "head": "N56n0029_p0150a09"}, {"level": "5", "n": "", "type": "其他", "text": "第四章　依止分", "head": "N56n0029_p0150a13"}, {"level": "5", "n": "", "type": "其他", "text": "第五章　相雜分", "head": "N56n0029_p0151a01"}, {"level": "6", "n": "", "type": "其他", "text": "第一節　順", "head": "N56n0029_p0151a03"}, {"level": "6", "n": "", "type": "其他", "text": "第二節　逆", "head": "N56n0029_p0152a01"}, {"level": "6", "n": "", "type": "其他", "text": "第三節　順逆", "head": "N56n0029_p0154a10"}, {"level": "6", "n": "", "type": "其他", "text": "第四節　逆順", "head": "N56n0029_p0154a13"}, {"level": "5", "n": "", "type": "其他", "text": "第六章　相應分", "head": "N56n0029_p0155a01"}, {"level": "5", "n": "", "type": "其他", "text": "第七章　問分", "head": "N56n0029_p0155a06"}, {"level": "6", "n": "", "type": "其他", "text": "第一節　順", "head": "N56n0029_p0155a08"}, {"level": "6", "n": "", "type": "其他", "text": "第二節　逆", "head": "N56n0029_p0173a10"}, {"level": "6", "n": "", "type": "其他", "text": "第三節　順逆", "head": "N56n0029_p0175a06"}, {"level": "6", "n": "", "type": "其他", "text": "第四節　逆順", "head": "N56n0029_p0175a10"}, {"level": "4", "n": "", "type": "其他", "text": "第十三　小所緣三法", "head": "N56n0029_p0176a01"}, {"level": "5", "n": "", "type": "其他", "text": "第一章　相緣分", "head": "N56n0029_p0176a04"}, {"level": "6", "n": "", "type": "其他", "text": "第一節　順", "head": "N56n0029_p0176a06"}, {"level": "6", "n": "", "type": "其他", "text": "第二節　逆", "head": "N56n0029_p0177a01"}, {"level": "6", "n": "", "type": "其他", "text": "第三節　順逆", "head": "N56n0029_p0180a01"}, {"level": "6", "n": "", "type": "其他", "text": "第四節　逆順", "head": "N56n0029_p0180a05"}, {"level": "5", "n": "", "type": "其他", "text": "第二章～第六章", "head": "N56n0029_p0180a11"}, {"level": "5", "n": "", "type": "其他", "text": "第七章　問分", "head": "N56n0029_p0181a01"}, {"level": "6", "n": "", "type": "其他", "text": "第一節　順", "head": "N56n0029_p0181a03"}, {"level": "6", "n": "", "type": "其他", "text": "第二節　逆", "head": "N56n0029_p0192a03"}, {"level": "6", "n": "", "type": "其他", "text": "第三節　順逆", "head": "N56n0029_p0193a04"}, {"level": "6", "n": "", "type": "其他", "text": "第四節　逆順", "head": "N56n0029_p0193a07"}, {"level": "4", "n": "", "type": "其他", "text": "第十四　劣三法", "head": "N56n0029_p0194a01"}, {"level": "5", "n": "", "type": "其他", "text": "第一章　相緣分", "head": "N56n0029_p0194a04"}, {"level": "6", "n": "", "type": "其他", "text": "第一節　順", "head": "N56n0029_p0194a06"}, {"level": "4", "n": "", "type": "其他", "text": "第十五　邪性〔決定〕三法", "head": "N56n0029_p0195a07"}, {"level": "5", "n": "", "type": "其他", "text": "第一章　相緣分", "head": "N56n0029_p0195a10"}, {"level": "6", "n": "", "type": "其他", "text": "第一節　順", "head": "N56n0029_p0195a11"}, {"level": "6", "n": "", "type": "其他", "text": "第二節　逆", "head": "N56n0029_p0197a07"}, {"level": "6", "n": "", "type": "其他", "text": "第三節　順逆", "head": "N56n0029_p0198a10"}, {"level": "6", "n": "", "type": "其他", "text": "第四節　逆順", "head": "N56n0029_p0198a14"}, {"level": "5", "n": "", "type": "其他", "text": "第二章　俱生分", "head": "N56n0029_p0199a04"}, {"level": "5", "n": "", "type": "其他", "text": "第三章　緣依分", "head": "N56n0029_p0199a08"}, {"level": "6", "n": "", "type": "其他", "text": "第一節　順", "head": "N56n0029_p0199a10"}, {"level": "6", "n": "", "type": "其他", "text": "第二節　逆", "head": "N56n0029_p0201a08"}, {"level": "6", "n": "", "type": "其他", "text": "第三節　順逆", "head": "N56n0029_p0203a05"}, {"level": "6", "n": "", "type": "其他", "text": "第四節　逆順", "head": "N56n0029_p0203a09"}, {"level": "5", "n": "", "type": "其他", "text": "第四章　依止分", "head": "N56n0029_p0203a12"}, {"level": "5", "n": "", "type": "其他", "text": "第五章　相雜分", "head": "N56n0029_p0204a02"}, {"level": "6", "n": "", "type": "其他", "text": "第一節　順", "head": "N56n0029_p0204a04"}, {"level": "6", "n": "", "type": "其他", "text": "第二節　逆", "head": "N56n0029_p0204a13"}, {"level": "6", "n": "", "type": "其他", "text": "第三節　順逆", "head": "N56n0029_p0206a10"}, {"level": "6", "n": "", "type": "其他", "text": "第四節　逆順", "head": "N56n0029_p0206a13"}, {"level": "5", "n": "", "type": "其他", "text": "第六章　相應分", "head": "N56n0029_p0207a01"}, {"level": "5", "n": "", "type": "其他", "text": "第七章　問分", "head": "N56n0029_p0207a06"}, {"level": "6", "n": "", "type": "其他", "text": "第一節　順", "head": "N56n0029_p0207a08"}, {"level": "6", "n": "", "type": "其他", "text": "第二節　逆", "head": "N56n0029_p0219a13"}, {"level": "6", "n": "", "type": "其他", "text": "第三節　順逆", "head": "N56n0029_p0221a06"}, {"level": "6", "n": "", "type": "其他", "text": "第四節　逆順", "head": "N56n0029_p0221a10"}, {"level": "4", "n": "", "type": "其他", "text": "第十六　道所緣三法", "head": "N56n0029_p0222a01"}, {"level": "5", "n": "", "type": "其他", "text": "第一章　相緣分", "head": "N56n0029_p0222a04"}, {"level": "6", "n": "", "type": "其他", "text": "第一節　順", "head": "N56n0029_p0222a07"}, {"level": "6", "n": "", "type": "其他", "text": "第二節　逆", "head": "N56n0029_p0224a09"}, {"level": "6", "n": "", "type": "其他", "text": "第三節　順逆", "head": "N56n0029_p0228a11"}, {"level": "6", "n": "", "type": "其他", "text": "第四節　逆順", "head": "N56n0029_p0228a14"}, {"level": "5", "n": "", "type": "其他", "text": "第二章～第六章", "head": "N56n0029_p0229a04"}, {"level": "5", "n": "", "type": "其他", "text": "第七章　問分", "head": "N56n0029_p0229a08"}, {"level": "6", "n": "", "type": "其他", "text": "第一節　順", "head": "N56n0029_p0229a10"}, {"level": "6", "n": "", "type": "其他", "text": "第二節　逆", "head": "N56n0029_p0240a04"}, {"level": "6", "n": "", "type": "其他", "text": "第三節　順逆", "head": "N56n0029_p0242a04"}, {"level": "6", "n": "", "type": "其他", "text": "第四節　逆順", "head": "N56n0029_p0242a09"}, {"level": "4", "n": "", "type": "其他", "text": "第十七　已生三法", "head": "N56n0029_p0243a01"}, {"level": "5", "n": "", "type": "其他", "text": "第一章～第六章　〔略〕", "head": "N56n0029_p0243a04"}, {"level": "5", "n": "", "type": "其他", "text": "第七章　問分", "head": "N56n0029_p0243a06"}, {"level": "6", "n": "", "type": "其他", "text": "第一節　順", "head": "N56n0029_p0243a08"}, {"level": "6", "n": "", "type": "其他", "text": "第二節　逆", "head": "N56n0029_p0249a10"}, {"level": "6", "n": "", "type": "其他", "text": "第三節　順逆", "head": "N56n0029_p0250a03"}, {"level": "6", "n": "", "type": "其他", "text": "第四節　逆順", "head": "N56n0029_p0250a05"}, {"level": "4", "n": "", "type": "其他", "text": "第十八　過去三法", "head": "N56n0029_p0251a01"}, {"level": "5", "n": "", "type": "其他", "text": "第一章～第六章　〔略〕", "head": "N56n0029_p0251a04"}, {"level": "5", "n": "", "type": "其他", "text": "第七章　問分", "head": "N56n0029_p0251a06"}, {"level": "6", "n": "", "type": "其他", "text": "第一節　順", "head": "N56n0029_p0251a08"}, {"level": "6", "n": "", "type": "其他", "text": "第二節　逆", "head": "N56n0029_p0256a10"}, {"level": "6", "n": "", "type": "其他", "text": "第三節　順逆", "head": "N56n0029_p0257a03"}, {"level": "6", "n": "", "type": "其他", "text": "第四節　逆順", "head": "N56n0029_p0257a06"}, {"level": "4", "n": "", "type": "其他", "text": "第十九　過去所緣三法", "head": "N56n0029_p0258a01"}, {"level": "5", "n": "", "type": "其他", "text": "第一章　相緣分", "head": "N56n0029_p0258a04"}, {"level": "6", "n": "", "type": "其他", "text": "第一節　順", "head": "N56n0029_p0258a06"}, {"level": "6", "n": "", "type": "其他", "text": "第二節　逆", "head": "N56n0029_p0259a05"}, {"level": "6", "n": "", "type": "其他", "text": "第三節　順逆", "head": "N56n0029_p0261a10"}, {"level": "6", "n": "", "type": "其他", "text": "第四節　逆順", "head": "N56n0029_p0261a13"}, {"level": "5", "n": "", "type": "其他", "text": "第二章～第六章", "head": "N56n0029_p0262a01"}, {"level": "5", "n": "", "type": "其他", "text": "第七章　問分", "head": "N56n0029_p0262a06"}, {"level": "6", "n": "", "type": "其他", "text": "第一節　順", "head": "N56n0029_p0262a08"}, {"level": "6", "n": "", "type": "其他", "text": "第二節　逆", "head": "N56n0029_p0272a12"}, {"level": "6", "n": "", "type": "其他", "text": "第三節　順逆", "head": "N56n0029_p0273a13"}, {"level": "6", "n": "", "type": "其他", "text": "第四節　逆順", "head": "N56n0029_p0274a03"}, {"level": "4", "n": "", "type": "其他", "text": "第二十　內三法", "head": "N56n0029_p0274a09"}, {"level": "5", "n": "", "type": "其他", "text": "第一章　相緣分", "head": "N56n0029_p0274a11"}, {"level": "6", "n": "", "type": "其他", "text": "第一節　順", "head": "N56n0029_p0274a13"}, {"level": "6", "n": "", "type": "其他", "text": "第二節　逆", "head": "N56n0029_p0277a02"}, {"level": "6", "n": "", "type": "其他", "text": "第三節　順逆", "head": "N56n0029_p0280a04"}, {"level": "6", "n": "", "type": "其他", "text": "第四節　逆順", "head": "N56n0029_p0280a07"}, {"level": "5", "n": "", "type": "其他", "text": "第二章　俱生分", "head": "N56n0029_p0280a10"}, {"level": "5", "n": "", "type": "其他", "text": "第三章　緣依分", "head": "N56n0029_p0281a01"}, {"level": "6", "n": "", "type": "其他", "text": "第一節　順", "head": "N56n0029_p0281a03"}, {"level": "6", "n": "", "type": "其他", "text": "第二節　逆", "head": "N56n0029_p0282a02"}, {"level": "6", "n": "", "type": "其他", "text": "第三節　順逆", "head": "N56n0029_p0282a14"}, {"level": "6", "n": "", "type": "其他", "text": "第四節　逆順", "head": "N56n0029_p0283a03"}, {"level": "5", "n": "", "type": "其他", "text": "第四章～第六章", "head": "N56n0029_p0283a06"}, {"level": "5", "n": "", "type": "其他", "text": "第七章　問分", "head": "N56n0029_p0283a10"}, {"level": "6", "n": "", "type": "其他", "text": "第一節　順", "head": "N56n0029_p0283a12"}, {"level": "6", "n": "", "type": "其他", "text": "第二節　逆", "head": "N56n0029_p0293a10"}, {"level": "6", "n": "", "type": "其他", "text": "第三節　順逆", "head": "N56n0029_p0294a09"}, {"level": "6", "n": "", "type": "其他", "text": "第四節　逆順", "head": "N56n0029_p0294a12"}, {"level": "4", "n": "", "type": "其他", "text": "第二十一　內所緣三法", "head": "N56n0029_p0295a01"}, {"level": "5", "n": "", "type": "其他", "text": "第一章　相緣分", "head": "N56n0029_p0295a04"}, {"level": "6", "n": "", "type": "其他", "text": "第一節　順", "head": "N56n0029_p0295a06"}, {"level": "6", "n": "", "type": "其他", "text": "第二節　逆", "head": "N56n0029_p0295a13"}, {"level": "6", "n": "", "type": "其他", "text": "第三節　順逆", "head": "N56n0029_p0297a07"}, {"level": "6", "n": "", "type": "其他", "text": "第四節　逆順", "head": "N56n0029_p0297a09"}, {"level": "5", "n": "", "type": "其他", "text": "第二章～第六章", "head": "N56n0029_p0298a01"}, {"level": "5", "n": "", "type": "其他", "text": "第七章　問分", "head": "N56n0029_p0298a05"}, {"level": "6", "n": "", "type": "其他", "text": "第一節　順", "head": "N56n0029_p0298a07"}, {"level": "6", "n": "", "type": "其他", "text": "第二節　逆", "head": "N56n0029_p0304a07"}, {"level": "6", "n": "", "type": "其他", "text": "第三節　順逆", "head": "N56n0029_p0305a02"}, {"level": "6", "n": "", "type": "其他", "text": "第四節　逆順", "head": "N56n0029_p0305a05"}, {"level": "4", "n": "", "type": "其他", "text": "第二十二　有見有對三法", "head": "N56n0029_p0306a01"}, {"level": "5", "n": "", "type": "其他", "text": "第一章　相緣分", "head": "N56n0029_p0306a04"}, {"level": "6", "n": "", "type": "其他", "text": "第一節　順", "head": "N56n0029_p0306a06"}, {"level": "6", "n": "", "type": "其他", "text": "第二節　逆", "head": "N56n0029_p0315a01"}, {"level": "6", "n": "", "type": "其他", "text": "第三節　順逆", "head": "N56n0029_p0318a13"}, {"level": "6", "n": "", "type": "其他", "text": "第四節　逆順", "head": "N56n0029_p0319a02"}, {"level": "5", "n": "", "type": "其他", "text": "第二章～第六章", "head": "N56n0029_p0319a07"}, {"level": "5", "n": "", "type": "其他", "text": "第七章　問分", "head": "N56n0029_p0319a11"}, {"level": "6", "n": "", "type": "其他", "text": "第一節　順", "head": "N56n0029_p0319a13"}, {"level": "6", "n": "", "type": "其他", "text": "第二節　逆", "head": "N56n0029_p0331a11"}, {"level": "6", "n": "", "type": "其他", "text": "第三節　順逆", "head": "N56n0029_p0334a08"}, {"level": "6", "n": "", "type": "其他", "text": "第四節　逆順", "head": "N56n0029_p0335a02"}, {"level": "1", "n": "", "type": "其他", "text": "註三", "head": "N56n0029_p0335a09"}, {"level": "2", "n": "", "type": "其他", "text": "〔第五　殘餘三法之釋〕", "head": "N56n0029_p0335a11"}]